-- MySQL dump 10.13  Distrib 5.5.53, for debian-linux-gnu (x86_64)
--
-- Host: 127.0.0.1    Database: contra_base
-- ------------------------------------------------------
-- Server version	5.5.30-log

/*!40101 SET @OLD_CHARACTER_SET_CLIENT=@@CHARACTER_SET_CLIENT */;
/*!40101 SET @OLD_CHARACTER_SET_RESULTS=@@CHARACTER_SET_RESULTS */;
/*!40101 SET @OLD_COLLATION_CONNECTION=@@COLLATION_CONNECTION */;
/*!40101 SET NAMES utf8 */;
/*!40103 SET @OLD_TIME_ZONE=@@TIME_ZONE */;
/*!40103 SET TIME_ZONE='+00:00' */;
/*!40014 SET @OLD_UNIQUE_CHECKS=@@UNIQUE_CHECKS, UNIQUE_CHECKS=0 */;
/*!40014 SET @OLD_FOREIGN_KEY_CHECKS=@@FOREIGN_KEY_CHECKS, FOREIGN_KEY_CHECKS=0 */;
/*!40101 SET @OLD_SQL_MODE=@@SQL_MODE, SQL_MODE='NO_AUTO_VALUE_ON_ZERO' */;
/*!40111 SET @OLD_SQL_NOTES=@@SQL_NOTES, SQL_NOTES=0 */;

--
-- Current Database: `contra_base`
--

CREATE DATABASE /*!32312 IF NOT EXISTS*/ `contra_base` /*!40100 DEFAULT CHARACTER SET utf8 */;

USE `contra_base`;

--
-- Table structure for table `ability_score`
--

DROP TABLE IF EXISTS `ability_score`;
/*!40101 SET @saved_cs_client     = @@character_set_client */;
/*!40101 SET character_set_client = utf8 */;
CREATE TABLE `ability_score` (
  `id` int(11) NOT NULL COMMENT '系统编号',
  `type` int(11) DEFAULT NULL COMMENT '战斗数据类型3=混战  1=对战',
  `ability_type` int(120) DEFAULT NULL COMMENT '能力类型：1=击杀能力, 2=生存能力, 3=输出能力, 4=承受能力, , 5=成长能力, 6=命中能力，7=参战能力, 8=助攻能力',
  `ability_name` varchar(50) DEFAULT NULL COMMENT '[Language]能力名称',
  `condition` int(11) DEFAULT NULL COMMENT '对应条件 , 1=平均每场击杀数, 2=平局每场死亡数,3=平均每分钟输出伤害,4=平均每分钟承受伤害,5=平均每分钟经验获取,6=命平均每场命中率,7=平局每场参战率,8=平局每场助攻数.',
  `condition_name` varchar(50) DEFAULT NULL COMMENT '[Language]条件名称',
  `start_value` int(11) DEFAULT NULL COMMENT '0分时所对应的条件condition值',
  `standard_value` int(11) unsigned DEFAULT NULL COMMENT '10分时对应条件值',
  `intro` varchar(255) DEFAULT NULL COMMENT '说明',
  PRIMARY KEY (`id`)
) ENGINE=InnoDB DEFAULT CHARSET=utf8;
/*!40101 SET character_set_client = @saved_cs_client */;

--
-- Dumping data for table `ability_score`
--

LOCK TABLES `ability_score` WRITE;
/*!40000 ALTER TABLE `ability_score` DISABLE KEYS */;
INSERT INTO `ability_score` VALUES (1,3,1,'Killing',1,'Kills / Match',0,25,''),(2,3,3,'DMG Dealt',3,'DMG Dealt / Min',0,1500,''),(3,3,2,'Survival',2,'Deaths / Match',23,3,''),(4,3,4,'DMG Taken',4,'DMG Taken / Min',0,1200,''),(5,3,5,'Growth',5,'EXP acquired / Min',0,1100,''),(6,3,6,'Hit Rating',6,'Hit Rating / Match',0,80,''),(7,1,1,'Killing',1,'Kills / Match',0,15,''),(8,1,3,'DMG Dealt',3,'DMG Dealt / Min',0,1300,''),(9,1,2,'Survival',2,'Death / Combat',20,2,''),(10,1,4,'DMG Taken',4,'DMG Taken / Min',0,1200,''),(11,1,7,'Participation',7,'Participation rate',0,80,''),(12,1,8,'Assist',8,'Assists / Match',0,15,'');
/*!40000 ALTER TABLE `ability_score` ENABLE KEYS */;
UNLOCK TABLES;

--
-- Table structure for table `acc_sign_in`
--

DROP TABLE IF EXISTS `acc_sign_in`;
/*!40101 SET @saved_cs_client     = @@character_set_client */;
/*!40101 SET character_set_client = utf8 */;
CREATE TABLE `acc_sign_in` (
  `id` int(11) NOT NULL DEFAULT '0' COMMENT '系统编号',
  `month` int(11) NOT NULL DEFAULT '0' COMMENT '月份',
  `acc_sign_days` int(11) NOT NULL DEFAULT '0' COMMENT '累计签到奖励所需的天数（暂定3、5、8、13、21天）',
  `box_id` int(11) NOT NULL DEFAULT '0' COMMENT '奖励宝箱的id',
  `box_amount` int(11) NOT NULL DEFAULT '0' COMMENT '奖励宝箱的数量',
  PRIMARY KEY (`month`,`acc_sign_days`)
) ENGINE=InnoDB DEFAULT CHARSET=utf8;
/*!40101 SET character_set_client = @saved_cs_client */;

--
-- Dumping data for table `acc_sign_in`
--

LOCK TABLES `acc_sign_in` WRITE;
/*!40000 ALTER TABLE `acc_sign_in` DISABLE KEYS */;
INSERT INTO `acc_sign_in` VALUES (1,1,3,480001,1),(2,1,7,480002,1),(3,1,14,480003,1),(4,1,21,480004,1),(6,2,3,480001,1),(7,2,7,480002,1),(8,2,14,480003,1),(9,2,21,480004,1),(11,3,3,480001,1),(12,3,7,480002,1),(13,3,14,480003,1),(14,3,21,480004,1),(16,4,3,480001,1),(17,4,7,480002,1),(18,4,14,480003,1),(19,4,21,480004,1),(21,5,3,480001,1),(22,5,7,480002,1),(23,5,14,480003,1),(24,5,21,480004,1),(26,6,3,480001,1),(27,6,7,480002,1),(28,6,14,480003,1),(29,6,21,480004,1),(31,7,3,480001,1),(32,7,7,480002,1),(33,7,14,480003,1),(34,7,21,480004,1),(36,8,3,480001,1),(37,8,7,480002,1),(38,8,14,480003,1),(39,8,21,480004,1),(41,9,3,480001,1),(42,9,7,480002,1),(43,9,14,480003,1),(44,9,21,480004,1),(46,10,3,480001,1),(47,10,7,480002,1),(48,10,14,480003,1),(49,10,21,480004,1),(51,11,3,480001,1),(52,11,7,480002,1),(53,11,14,480003,1),(54,11,21,480004,1),(56,12,3,480001,1),(57,12,7,480002,1),(58,12,14,480003,1),(59,12,21,480004,1);
/*!40000 ALTER TABLE `acc_sign_in` ENABLE KEYS */;
UNLOCK TABLES;

--
-- Table structure for table `achievement`
--

DROP TABLE IF EXISTS `achievement`;
/*!40101 SET @saved_cs_client     = @@character_set_client */;
/*!40101 SET character_set_client = utf8 */;
CREATE TABLE `achievement` (
  `id` int(11) NOT NULL COMMENT '成就id',
  `img_id` int(11) NOT NULL DEFAULT '0' COMMENT '成就图标',
  `achievement_type` int(11) NOT NULL DEFAULT '0' COMMENT '1=枪械数量、2=枪械种类、3=合成/兑换枪械数量、4=英雄数量、5=金币数量总值、6=战力值、7=战队等级、8=装备等级、9=装备等级2、10=枪械等级、11=赠送好友金币总次数、12=同好友战斗、13=分享次数、14=对战积分、15=排位胜场总次数、16=排位连胜次数、17=积分排名、18=排位军衔、19=战斗总场次、20=胜利场次、21=连胜场次、22=击杀人头数、23=三杀总次数、24=四杀总次数、25=五杀总次数、26=MVP数量、27=助攻次数、28=黄金ACE、29=白银ACE、30=近战大师、31=爆头次数、32=部件等级、33=部件等级2',
  `name` char(50) NOT NULL DEFAULT '""' COMMENT '[Language]成就名称',
  `intro` char(200) NOT NULL DEFAULT '""' COMMENT '[Language]成就介绍',
  `condition_1` int(11) NOT NULL DEFAULT '0' COMMENT '完成条件1',
  `condition_2` int(11) NOT NULL DEFAULT '0' COMMENT 'condition_2表示二进制战斗类型：1=对战匹配、2=开房间、4=排位、8=混战、16=团队混战、32=boss战，64=娱乐战。',
  `condition_3` int(11) NOT NULL DEFAULT '0' COMMENT '完成条件3',
  `stone` int(11) NOT NULL DEFAULT '0' COMMENT '成就奖励钻石数量',
  `gold` int(11) NOT NULL DEFAULT '0' COMMENT '成就奖励金币数量',
  `front_achi_id` int(11) NOT NULL DEFAULT '0' COMMENT '前置成就id',
  `box_id` int(11) NOT NULL COMMENT '宝箱id',
  `box_amount` int(11) NOT NULL COMMENT '宝箱数量',
  `ext_id` varchar(256) NOT NULL DEFAULT '',
  PRIMARY KEY (`id`)
) ENGINE=InnoDB DEFAULT CHARSET=utf8;
/*!40101 SET character_set_client = @saved_cs_client */;

--
-- Dumping data for table `achievement`
--

LOCK TABLES `achievement` WRITE;
/*!40000 ALTER TABLE `achievement` DISABLE KEYS */;
INSERT INTO `achievement` VALUES (950101,950101,1,'Component Collector 1','Own 1 Level 5 Component',1,0,0,10,0,0,0,0,'CgkI6P-BtpUVEAIQBg'),(950102,950101,1,'Component Collector 2','Own 5 Level 5 Components',5,0,0,10,0,950101,0,0,'CgkI6P-BtpUVEAIQBw'),(950103,950101,1,'Component Collector 3','Own 10 Level 5 Components',10,0,0,10,0,950102,0,0,'CgkI6P-BtpUVEAIQCA'),(950104,950101,1,'Component Collector 4','Own 15 Level 5 Components',15,0,0,10,0,950103,0,0,'CgkI6P-BtpUVEAIQCQ'),(950105,950101,1,'Component Collector 5','Own 20 Level 5 Components',20,0,0,10,0,950104,0,0,'CgkI6P-BtpUVEAIQCg'),(950106,950101,1,'Component Collector 6','Own 30 Level 5 Components',30,0,0,10,0,950105,0,0,'CgkI6P-BtpUVEAIQCw'),(950107,950101,1,'Component Collector 7','Own 40 Level 5 Components',40,0,0,10,0,950106,0,0,'CgkI6P-BtpUVEAIQDA'),(950108,950101,1,'Component Collector 8','Own 50 Level 5 Components',50,0,0,10,0,950107,0,0,'CgkI6P-BtpUVEAIQDQ'),(950201,950201,2,'Component Expert 1','Craft a component 1 time',1,0,0,10,0,0,0,0,''),(950202,950201,2,'Component Expert 2','Craft a component 5 times',5,0,0,10,0,950201,0,0,''),(950203,950201,2,'Component Expert 3','Craft a component 10 times',10,0,0,10,0,950202,0,0,''),(950204,950201,2,'Component Expert 4','Craft a component 20 times',20,0,0,10,0,950203,0,0,''),(950205,950201,2,'Component Expert 5','Craft a component 50 times',50,0,0,10,0,950204,0,0,''),(950206,950201,2,'Component Expert 6','Craft a component 100 times',100,0,0,10,0,950205,0,0,''),(950207,950201,2,'Component Expert 7','Craft a component 200 times',200,0,0,10,0,950206,0,0,''),(950208,950201,2,'Component Expert 8','Craft a component 500 times',500,0,0,10,0,950207,0,0,''),(950301,950301,3,'Skin Collector 1','Own 1 Skin',1,0,0,10,0,0,0,0,'CgkI6P-BtpUVEAIQDg'),(950302,950301,3,'Skin Collector 2','Own 2 Skins',2,0,0,10,0,950301,0,0,'CgkI6P-BtpUVEAIQDw'),(950303,950301,3,'Skin Collector 3','Own 3 Skins',3,0,0,10,0,950302,0,0,'CgkI6P-BtpUVEAIQEA'),(950304,950301,3,'Skin Collector 4','Own 4 Skins',4,0,0,10,0,950303,0,0,'CgkI7P-BtpUVEAIQEQ'),(950305,950301,3,'Skin Collector 5','Own 5 Skins',5,0,0,10,0,950304,0,0,'CgkI8P-BtpUVEAIQEg'),(950306,950301,3,'Skin Collector 6','Own 6 Skins',6,0,0,10,0,950305,0,0,'CgkI9P-BtpUVEAIQEW'),(950307,950301,3,'Skin Collector 7','Own 7 Skins',7,0,0,10,0,950306,0,0,'CgkI6P-BtpUVEAIQFA'),(950308,950301,3,'Skin Collector 8','Own 8 Skins',8,0,0,10,0,950307,0,0,'CgkI6P-BtpUVEAIQFQ'),(950309,950301,3,'Skin Collector 9','Own 9 Skins',9,0,0,10,0,950308,0,0,'CgkI6P-BtpUVEAIQFg'),(950310,950301,3,'Skin Collector 10','Own 10 Skins',10,0,0,10,0,950309,0,0,'CgkI6P-BtpUVEAIQFw'),(950311,950301,3,'Skin Collector 11','Own 11 Skins',11,0,0,10,0,950310,0,0,'CgkI6P-BtpUVEAIQGA'),(950312,950301,3,'Skin Collector 12','Own 12 Skins',12,0,0,10,0,950311,0,0,'CgkI6P-BtpUVEAIQGQ'),(950401,950401,4,'Recruiter 1','Own 5 Heroes',5,0,0,10,0,0,0,0,'CgkI6P-BtpUVEAIQGg'),(950402,950401,4,'Recruiter 2','Own 6 Heroes',6,0,0,10,0,950401,0,0,'CgkI6P-BtpUVEAIQGw'),(950403,950401,4,'Recruiter 3','Own 7 Heroes',7,0,0,10,0,950402,0,0,'CgkI6P-BtpUVEAIQHA'),(950404,950401,4,'Recruiter 4','Own 8 Heroes',8,0,0,10,0,950403,0,0,'CgkI6P-BtpUVEAIQHQ'),(950405,950401,4,'Recruiter 5','Own 9 Heroes',9,0,0,10,0,950404,0,0,'CgkI6P-BtpUVEAIQHg'),(950406,950401,4,'Recruiter 6','Own 10 Heroes',10,0,0,10,0,950405,0,0,'CgkI6P-BtpUVEAIQHw'),(950407,950401,4,'Recruiter 7','Own 11 Heroes',11,0,0,10,0,950406,0,0,'CgkI6P-BtpUVEAIQIA'),(950408,950401,4,'Recruiter 8','Own 12 Heroes',12,0,0,10,0,950407,0,0,'CgkI6P-BtpUVEAIQIQ'),(950501,950501,5,'Moneybag 1','Accumulate 10000 Gold',10000,0,0,10,0,0,0,0,'CgkI6P-BtpUVEAIQIg'),(950502,950501,5,'Moneybag 2','Accumulate 20000 Gold',20000,0,0,10,0,950501,0,0,'CgkI6P-BtpUVEAIQIw'),(950503,950501,5,'Moneybag 3','Accumulate 40000 Gold',40000,0,0,10,0,950502,0,0,'CgkI6P-BtpUVEAIQJA'),(950504,950501,5,'Moneybag 4','Accumulate 80000 Gold',80000,0,0,10,0,950503,0,0,'CgkI6P-BtpUVEAIQJQ'),(950505,950501,5,'Moneybag 5','Accumulate 120000 Gold',120000,0,0,10,0,950504,0,0,'CgkI6P-BtpUVEAIQJg'),(950506,950501,5,'Moneybag 6','Accumulate 160000 Gold',160000,0,0,10,0,950505,0,0,'CgkI6P-BtpUVEAIQJw'),(950507,950501,5,'Moneybag 7','Accumulate 200000 Gold',200000,0,0,10,0,950506,0,0,'CgkI6P-BtpUVEAIQKA'),(950508,950501,5,'Moneybag 8','Accumulate 400000 Gold',400000,0,0,10,0,950507,0,0,'CgkI6P-BtpUVEAIQKQ'),(950601,950601,6,'Blood, Sweat and Tears 1','Accumulate 50 minutes online',50,0,0,10,0,0,0,0,''),(950602,950601,6,'Blood, Sweat and Tears 2','Accumulate 100 minutes online',100,0,0,10,0,950601,0,0,''),(950603,950601,6,'Blood, Sweat and Tears 3','Accumulate 200 minutes online',200,0,0,10,0,950602,0,0,''),(950604,950601,6,'Blood, Sweat and Tears 4','Accumulate 400 minutes online',400,0,0,10,0,950603,0,0,''),(950605,950601,6,'Blood, Sweat and Tears 5','Accumulate 800 minutes online',800,0,0,10,0,950604,0,0,''),(950606,950601,6,'Blood, Sweat and Tears 6','Accumulate 1600 minutes online',1600,0,0,10,0,950605,0,0,''),(950607,950601,6,'Blood, Sweat and Tears 7','Accumulate 3200 minutes online',3200,0,0,10,0,950606,0,0,''),(950608,950601,6,'Blood, Sweat and Tears 8','Accumulate 6400 minutes online',6400,0,0,10,0,950607,0,0,''),(951001,951001,10,'Alliance Builder 1','Make 1 Friend',1,0,0,10,0,0,0,0,''),(951002,951001,10,'Alliance Builder 2','Make 5 Friends',5,0,0,10,0,951001,0,0,''),(951003,951001,10,'Alliance Builder 3','Make 10 Friends',10,0,0,10,0,951002,0,0,''),(951004,951001,10,'Alliance Builder 4','Make 20 Friends',20,0,0,10,0,951003,0,0,''),(951005,951001,10,'Alliance Builder 5','Make 40 Friends',40,0,0,10,0,951004,0,0,''),(951006,951001,10,'Alliance Builder 6','Make 60 Friends',60,0,0,10,0,951005,0,0,''),(951007,951001,10,'Alliance Builder 7','Make 80 Friends',80,0,0,10,0,951006,0,0,''),(951008,951001,10,'Alliance Builder 8','Make 100 Friends',100,0,0,10,0,951007,0,0,''),(951101,951101,11,'Benefactor 1','Send Gold to Friends 5 times',5,0,0,10,0,0,0,0,''),(951102,951101,11,'Benefactor 2','Send Gold to Friends 10 times',10,0,0,10,0,951101,0,0,''),(951103,951101,11,'Benefactor 3','Send Gold to Friends 20 times',20,0,0,10,0,951102,0,0,''),(951104,951101,11,'Benefactor 4','Send Gold to Friends 50 times',50,0,0,10,0,951103,0,0,''),(951105,951101,11,'Benefactor 5','Send Gold to Friends 100 times',100,0,0,10,0,951104,0,0,''),(951106,951101,11,'Benefactor 6','Send Gold to Friends 200 times',200,0,0,10,0,951105,0,0,''),(951107,951101,11,'Benefactor 7','Send Gold to Friends 500 times',500,0,0,10,0,951106,0,0,''),(951108,951101,11,'Benefactor 8','Send Gold to Friends 1000 times',1000,0,0,10,0,951107,0,0,''),(951201,951201,12,'Trusty Partners 1','Fight together with a Friend in 10 Battles',10,53,0,10,0,0,0,0,''),(951202,951201,12,'Trusty Partners 2','Fight together with a Friend in 20 Battles',20,53,0,10,0,951201,0,0,''),(951203,951201,12,'Trusty Partners 3','Fight together with a Friend in 50 Battles',50,53,0,10,0,951202,0,0,''),(951204,951201,12,'Trusty Partners 4','Fight together with a Friend in 100 Battles',100,53,0,10,0,951203,0,0,''),(951205,951201,12,'Trusty Partners 5','Fight together with a Friend in 200 Battles',200,53,0,10,0,951204,0,0,''),(951206,951201,12,'Trusty Partners 6','Fight together with a Friend in 500 Battles',500,53,0,10,0,951205,0,0,''),(951207,951201,12,'Trusty Partners 7','Fight together with a Friend in 1000 Battles',1000,53,0,10,0,951206,0,0,''),(951208,951201,12,'Trusty Partners 8','Fight together with a Friend in 2000 Battles',2000,53,0,10,0,951207,0,0,''),(951401,951401,14,'Legion Member','Join any Legion',1,0,0,10,0,0,0,0,''),(951501,951501,15,'United Force 1','Reach an Exploit Rank of 2 in a Legion',2,0,0,10,0,0,0,0,''),(951502,951501,15,'United Force 2','Reach an Exploit Rank of 3 in a Legion',3,0,0,10,0,951501,0,0,''),(951503,951501,15,'United Force 3','Reach an Exploit Rank of 4 in a Legion',4,0,0,10,0,951502,0,0,''),(951504,951501,15,'United Force 4','Reach an Exploit Rank of 5 in a Legion',5,0,0,10,0,951503,0,0,''),(951505,951501,15,'United Force 5','Reach an Exploit Rank of 6 in a Legion',6,0,0,10,0,951504,0,0,''),(951506,951501,15,'United Force 6','Reach an Exploit Rank of 7 in a Legion',7,0,0,10,0,951505,0,0,''),(951601,951601,16,'Legion Leader 1','Make 100 Legion Contributions',100,0,0,10,0,0,0,0,''),(951602,951601,16,'Legion Leader 2','Make 200 Legion Contributions',200,0,0,10,0,951601,0,0,''),(951603,951601,16,'Legion Leader 3','Make 500 Legion Contributions',500,0,0,10,0,951602,0,0,''),(951604,951601,16,'Legion Leader 4','Make 1000 Legion Contributions',1000,0,0,10,0,951603,0,0,''),(951605,951601,16,'Legion Leader 5','Make 2000 Legion Contributions',2000,0,0,10,0,951604,0,0,''),(951606,951601,16,'Legion Leader 6','Make 5000 Legion Contributions',5000,0,0,10,0,951605,0,0,''),(951607,951601,16,'Legion Leader 7','Make 10000 Legion Contributions',10000,0,0,10,0,951606,0,0,''),(951608,951601,16,'Legion Leader 8','Make 20000 Legion Contributions',20000,0,0,10,0,951607,0,0,''),(951901,951901,19,'Veteran Warrior 1','Complete 10 PVP Battles',10,95,0,10,0,0,0,0,''),(951902,951901,19,'Veteran Warrior 2','Complete 20 PVP Battles',20,95,0,10,0,951901,0,0,''),(951903,951901,19,'Veteran Warrior 3','Complete 50 PVP Battles',50,95,0,10,0,951902,0,0,''),(951904,951901,19,'Veteran Warrior 4','Complete 100 PVP Battles',100,95,0,10,0,951903,0,0,''),(951905,951901,19,'Veteran Warrior 5','Complete 200 PVP Battles',200,95,0,10,0,951904,0,0,''),(951906,951901,19,'Veteran Warrior 6','Complete 500 PVP Battles',500,95,0,10,0,951905,0,0,''),(951907,951901,19,'Veteran Warrior 7','Complete 1000 PVP Battles',1000,95,0,10,0,951906,0,0,''),(951908,951901,19,'Veteran Warrior 8','Complete 2000 PVP Battles',2000,95,0,10,0,951907,0,0,''),(952001,952001,20,'Earn Your Stripes 1','Earn 5 Victories in Quick Battles',5,5,0,10,0,0,0,0,'CgkI6P-BtpUVEAIQKg'),(952002,952001,20,'Earn Your Stripes 2','Earn 10 Victories in Quick Battles',10,5,0,10,0,952001,0,0,'CgkI6P-BtpUVEAIQKw'),(952003,952001,20,'Earn Your Stripes 3','Earn 50 Victories in Quick Battles',50,5,0,10,0,952002,0,0,'CgkI6P-BtpUVEAIQLA'),(952004,952001,20,'Earn Your Stripes 4','Earn 100 Victories in Quick Battles',100,5,0,10,0,952003,0,0,'CgkI6P-BtpUVEAIQLQ'),(952005,952001,20,'Earn Your Stripes 5','Earn 200 Victories in Quick Battles',200,5,0,10,0,952004,0,0,'CgkI6P-BtpUVEAIQLg'),(952006,952001,20,'Earn Your Stripes 6','Earn 400 Victories in Quick Battles',400,5,0,10,0,952005,0,0,'CgkI6P-BtpUVEAIQLw'),(952007,952001,20,'Earn Your Stripes 7','Earn 800 Victories in Quick Battles',800,5,0,10,0,952006,0,0,'CgkI6P-BtpUVEAIQMA'),(952008,952001,20,'Earn Your Stripes 8','Earn 1500 Victories in Quick Battles',1500,5,0,10,0,952007,0,0,'CgkI6P-BtpUVEAIQMQ'),(952101,952101,21,'Winning Streak 1','Earn 5 Consecutive Victories in Quick Battles',5,5,0,10,0,0,0,0,''),(952102,952101,21,'Winning Streak 2','Earn 8 Consecutive Victories in Quick Battles',8,5,0,10,0,952101,0,0,''),(952103,952101,21,'Winning Streak 3','Earn 10 Consecutive Victories in Quick Battles',10,5,0,10,0,952102,0,0,''),(952104,952101,21,'Winning Streak 4','Earn 12 Consecutive Victories in Quick Battles',12,5,0,10,0,952103,0,0,''),(952105,952101,21,'Winning Streak 5','Earn 14 Consecutive Victories in Quick Battles',14,5,0,10,0,952104,0,0,''),(952106,952101,21,'Winning Streak 6','Earn 16 Consecutive Victories in Quick Battles',16,5,0,10,0,952105,0,0,''),(952107,952101,21,'Winning Streak 7','Earn 18 Consecutive Victories in Quick Battles',18,5,0,10,0,952106,0,0,''),(952108,952101,21,'Winning Streak 8','Earn 20 Consecutive Victories in Quick Battles',20,5,0,10,0,952107,0,0,''),(952201,952201,22,'Skilled Killer 1','Kill 50 opponents in PVP Battles',50,93,0,10,0,0,0,0,'CgkI6P-BtpUVEAIQMg'),(952202,952201,22,'Skilled Killer 2','Kill 100 opponents in PVP Battles',100,93,0,10,0,952201,0,0,'CgkI6P-BtpUVEAIQMw'),(952203,952201,22,'Skilled Killer 3','Kill 200 opponents in PVP Battles',200,93,0,10,0,952202,0,0,'CgkI6P-BtpUVEAIQNA'),(952204,952201,22,'Skilled Killer 4','Kill 500 opponents in PVP Battles',500,93,0,10,0,952203,0,0,'CgkI6P-BtpUVEAIQNQ'),(952205,952201,22,'Skilled Killer 5','Kill 1000 opponents in PVP Battles',1000,93,0,10,0,952204,0,0,'CgkI6P-BtpUVEAIQNg'),(952206,952201,22,'Skilled Killer 6','Kill 2000 opponents in PVP Battles',2000,93,0,10,0,952205,0,0,'CgkI6P-BtpUVEAIQNw'),(952207,952201,22,'Skilled Killer 7','Kill 5000 opponents in PVP Battles',5000,93,0,10,0,952206,0,0,'CgkI6P-BtpUVEAIQOA'),(952208,952201,22,'Skilled Killer 8','Kill 10000 opponents in PVP Battles',10000,93,0,10,0,952207,0,0,'CgkI6P-BtpUVEAIQOQ'),(952301,952301,23,'Triple Threat 1','Make 5 triple kills',5,93,0,10,0,0,0,0,''),(952302,952301,23,'Triple Threat 2','Make 10 triple kills',10,93,0,10,0,952301,0,0,''),(952303,952301,23,'Triple Threat 3','Make 20 triple kills',20,93,0,10,0,952302,0,0,''),(952304,952301,23,'Triple Threat 4','Make 50 triple kills',50,93,0,10,0,952303,0,0,''),(952305,952301,23,'Triple Threat 5','Make 100 triple kills',100,93,0,10,0,952304,0,0,''),(952306,952301,23,'Triple Threat 6','Make 200 triple kills',200,93,0,10,0,952305,0,0,''),(952401,952401,24,'Ultra Soldier 1','Make 5 ultra kills',5,93,0,10,0,0,0,0,''),(952402,952401,24,'Ultra Soldier 2','Make 10 ultra kills',10,93,0,10,0,952401,0,0,''),(952403,952401,24,'Ultra Soldier 3','Make 20 ultra kills',20,93,0,10,0,952402,0,0,''),(952404,952401,24,'Ultra Soldier 4','Make 50 ultra kills',50,93,0,10,0,952403,0,0,''),(952405,952401,24,'Ultra Soldier 5','Make 100 ultra kills',100,93,0,10,0,952404,0,0,''),(952406,952401,24,'Ultra Soldier 6','Make 200 ultra kills',200,93,0,10,0,952405,0,0,''),(952501,952501,25,'Penta Killer 1','Make 1 Penta kill',1,93,0,10,0,0,0,0,''),(952502,952501,25,'Penta Killer 2','Make 5 penta kills',5,93,0,10,0,952501,0,0,''),(952503,952501,25,'Penta Killer 3','Make 10 penta kills',10,93,0,10,0,952502,0,0,''),(952504,952501,25,'Penta Killer 4','Make 20 penta kills',20,93,0,10,0,952503,0,0,''),(952505,952501,25,'Penta Killer 5','Make 50 penta kills',50,93,0,10,0,952504,0,0,''),(952506,952501,25,'Penta Killer 6','Make 100 penta kills',100,93,0,10,0,952505,0,0,''),(952601,952601,26,'Best Overall 1','Earn 1 MVP in Quick Battles',1,5,0,10,0,0,0,0,'CgkI6P-BtpUVEAIQOg'),(952602,952601,26,'Best Overall 2','Earn 5 MVPs in Quick Battles',5,5,0,10,0,952601,0,0,'CgkI6P-BtpUVEAIQOw'),(952603,952601,26,'Best Overall 3','Earn 10 MVPs in Quick Battles',10,5,0,10,0,952602,0,0,'CgkI6P-BtpUVEAIQPA'),(952604,952601,26,'Best Overall 4','Earn 50 MVPs in Quick Battles',50,5,0,10,0,952603,0,0,'CgkI6P-BtpUVEAIQPQ'),(952605,952601,26,'Best Overall 5','Earn 100 MVPs in Quick Battles',100,5,0,10,0,952604,0,0,'CgkI6P-BtpUVEAIQPg'),(952606,952601,26,'Best Overall 6','Earn 200 MVPs in Quick Battles',200,5,0,10,0,952605,0,0,'CgkI6P-BtpUVEAIQPw'),(952607,952601,26,'Best Overall 7','Earn 500 MVPs in Quick Battles',500,5,0,10,0,952606,0,0,'CgkI6P-BtpUVEAIQQA'),(952608,952601,26,'Best Overall 8','Earn 1000 MVPs in Quick Battles',1000,5,0,10,0,952607,0,0,'CgkI6P-BtpUVEAIQQQ'),(952701,952701,27,'Best Teammate 1','Earn 10 Assists',10,85,0,10,0,0,0,0,'CgkI6P-BtpUVEAIQQg'),(952702,952701,27,'Best Teammate 2','Earn 20 Assists',20,85,0,10,0,952701,0,0,'CgkI6P-BtpUVEAIQQw'),(952703,952701,27,'Best Teammate 3','Earn 50 Assists',50,85,0,10,0,952702,0,0,'CgkI6P-BtpUVEAIQRA'),(952704,952701,27,'Best Teammate 4','Earn 100 Assists',100,85,0,10,0,952703,0,0,'CgkI6P-BtpUVEAIQRQ'),(952705,952701,27,'Best Teammate 5','Earn 200 Assists',200,85,0,10,0,952704,0,0,'CgkI6P-BtpUVEAIQRg'),(952706,952701,27,'Best Teammate 6','Earn 500 Assists',500,85,0,10,0,952705,0,0,'CgkI6P-BtpUVEAIQRw'),(952707,952701,27,'Best Teammate 7','Earn 1000 Assists',1000,85,0,10,0,952706,0,0,'CgkI6P-BtpUVEAIQSA'),(952708,952701,27,'Best Teammate 8','Earn 2000 Assists',2000,85,0,10,0,952707,0,0,'CgkI6P-BtpUVEAIQSQ'),(953101,953101,31,'Immortal 1','Complete 1 battle with 10 kills and no deaths',1,93,10,10,0,0,0,0,''),(953102,953101,31,'Immortal 2','Complete 2 battles with 10 kills and no deaths',2,93,10,10,0,953101,0,0,''),(953103,953101,31,'Immortal 3','Complete 5 battle with 10 kills and no deaths',5,93,10,10,0,953102,0,0,''),(953104,953101,31,'Immortal 4','Complete 10 battle with 10 kills and no deaths',10,93,10,10,0,953103,0,0,''),(953105,953101,31,'Immortal 5','Complete 20 battle with 10 kills and no deaths',20,93,10,10,0,953104,0,0,''),(953106,953101,31,'Immortal 6','Complete 50 battle with 10 kills and no deaths',50,93,10,10,0,953105,0,0,''),(953301,953301,33,'Damage Dealer 1','Accumulate 10000 damage dealt in PVP battles',10000,93,0,10,0,0,0,0,''),(953302,953301,33,'Damage Dealer 2','Accumulate 50000 damage dealt in PVP battles',50000,93,0,10,0,953301,0,0,''),(953303,953301,33,'Damage Dealer 3','Accumulate 100000 damage dealt in PVP battles',100000,93,0,10,0,953302,0,0,''),(953304,953301,33,'Damage Dealer 4','Accumulate 200000 damage dealt in PVP battles',200000,93,0,10,0,953303,0,0,''),(953305,953301,33,'Damage Dealer 5','Accumulate 500000 damage dealt in PVP battles',500000,93,0,10,0,953304,0,0,''),(953306,953301,33,'Damage Dealer 6','Accumulate 1000000 damage dealt in PVP battles',1000000,93,0,10,0,953305,0,0,''),(953307,953301,33,'Damage Dealer 7','Accumulate 2000000 damage dealt in PVP battles',2000000,93,0,10,0,953306,0,0,''),(953308,953301,33,'Damage Dealer 8','Accumulate 5000000 damage dealt in PVP battles',5000000,93,0,10,0,953307,0,0,''),(953401,953401,34,'Meat Shield 1','Accumulate 5000 damage taken in PVP battles',5000,93,0,10,0,0,0,0,''),(953402,953401,34,'Meat Shield 2','Accumulate 10000 damage taken in PVP battles',10000,93,0,10,0,953401,0,0,''),(953403,953401,34,'Meat Shield 3','Accumulate 50000 damage taken in PVP battles',50000,93,0,10,0,953402,0,0,''),(953404,953401,34,'Meat Shield 4','Accumulate 100000 damage taken in PVP battles',100000,93,0,10,0,953403,0,0,''),(953405,953401,34,'Meat Shield 5','Accumulate 200000 damage taken in PVP battles',200000,93,0,10,0,953404,0,0,''),(953406,953401,34,'Meat Shield 6','Accumulate 500000 damage taken in PVP battles',500000,93,0,10,0,953405,0,0,''),(953407,953401,34,'Meat Shield 7','Accumulate 1000000 damage taken in PVP battles',1000000,93,0,10,0,953406,0,0,''),(953408,953401,34,'Meat Shield 8','Accumulate 2000000 damage taken in PVP battles',2000000,93,0,10,0,953407,0,0,'');
/*!40000 ALTER TABLE `achievement` ENABLE KEYS */;
UNLOCK TABLES;

--
-- Table structure for table `action_set`
--

DROP TABLE IF EXISTS `action_set`;
/*!40101 SET @saved_cs_client     = @@character_set_client */;
/*!40101 SET character_set_client = utf8 */;
CREATE TABLE `action_set` (
  `id` int(10) NOT NULL DEFAULT '0' COMMENT 'ID',
  `role` varchar(150) NOT NULL DEFAULT '0' COMMENT '角色名',
  `weapon` varchar(100) NOT NULL DEFAULT '0' COMMENT '武器名',
  `name` varchar(100) NOT NULL DEFAULT '0' COMMENT '状态机名称',
  `frames` varchar(100) NOT NULL DEFAULT '0' COMMENT '帧数',
  `loop` int(50) NOT NULL COMMENT '是否循环',
  PRIMARY KEY (`id`)
) ENGINE=InnoDB DEFAULT CHARSET=utf8 COMMENT='[logic server no use]';
/*!40101 SET character_set_client = @saved_cs_client */;

--
-- Dumping data for table `action_set`
--

LOCK TABLES `action_set` WRITE;
/*!40000 ALTER TABLE `action_set` DISABLE KEYS */;
INSERT INTO `action_set` VALUES (1,'Catherine','Rifles','Rifles_Move_Front','250-274',1),(2,'Catherine','Rifles','Rifles_Move_Back','290-314',1),(3,'Catherine','Rifles','Rifles_Move_Left','330-354',1),(4,'Catherine','Rifles','Rifles_Move_Right','370-394',1),(5,'Catherine','Rifles','Rifles_Move_Left_Front','410-434',1),(6,'Catherine','Rifles','Rifles_Move_Right_Back','450-474',1),(7,'Catherine','Rifles','Rifles_Sturn_Left_90','110-134',0),(8,'Catherine','Rifles','Rifles_Sturn_Left_180','200-230',0),(9,'Catherine','Rifles','Rifles_Sturn_Right_90','70-94',0),(10,'Catherine','Rifles','Rifles_Sturn_Right_180','150-180',0),(11,'Catherine','Rifles','Rifles_Idle','530-562',1),(12,'Catherine','Rifles','Rifles_Idle2','10-46',1),(13,'Catherine','Rifles','Rifles_Leisure','1560-1670',0),(14,'Catherine','Rifles','Rifles_Run','490-514',1),(15,'Catherine','Rifles','Rifles_Switch_Collect','650-666',0),(16,'Catherine','Rifles','Rifles_Switch_Out','700-730',0),(17,'Catherine','Rifles','Rifles_Reload','770-840',0),(18,'Catherine','Rifles','Rifles_Ready','580-600',0),(19,'Catherine','Rifles','Rifles_Attack_1','610-630',0),(20,'Catherine','Rifles','Rifles_Attack_2','640-644',0),(21,'Catherine','Rifles','Rifles_UI_Idle','900-948',1),(22,'Catherine','Rifles','Rifles_UI_Leisure','960-1032',0),(23,'Catherine','Rifles','Rifles_Melee','1100-1130',0),(24,'Catherine','Rifles','Rifles_Skill','1160-1210',0),(25,'Catherine','Rifles','Rifles_Roll_Front','860-880',0),(26,'Catherine','Rifles','Rifles_Hit_Slight','1230-1240',0),(27,'Catherine','Rifles','Rifles_Hit_Heavy','1260-1310',0),(28,'Catherine','Rifles','Rifles_Hit_Fly','1330-1440',0),(29,'Catherine','Rifles','Rifles_Die_1','1480-1525',0);
/*!40000 ALTER TABLE `action_set` ENABLE KEYS */;
UNLOCK TABLES;

--
-- Table structure for table `active`
--

DROP TABLE IF EXISTS `active`;
/*!40101 SET @saved_cs_client     = @@character_set_client */;
/*!40101 SET character_set_client = utf8 */;
CREATE TABLE `active` (
  `id` int(11) NOT NULL DEFAULT '0' COMMENT '系统编号',
  `type` int(10) NOT NULL COMMENT '活跃度类型：1=日活跃，2=周活跃',
  `require_activity` int(10) NOT NULL DEFAULT '0' COMMENT '领取奖励所需活跃度',
  `box_id` int(10) NOT NULL DEFAULT '0' COMMENT '奖励宝箱id',
  `box_amount` int(10) NOT NULL DEFAULT '1' COMMENT '奖励宝箱数量',
  PRIMARY KEY (`id`)
) ENGINE=InnoDB DEFAULT CHARSET=utf8;
/*!40101 SET character_set_client = @saved_cs_client */;

--
-- Dumping data for table `active`
--

LOCK TABLES `active` WRITE;
/*!40000 ALTER TABLE `active` DISABLE KEYS */;
INSERT INTO `active` VALUES (1001,1,30,490076,1),(1002,1,60,490077,1),(1003,1,90,490078,1),(1004,1,120,490079,1),(1005,1,150,490080,1),(2001,2,500,490082,1),(2002,2,1000,490083,1);
/*!40000 ALTER TABLE `active` ENABLE KEYS */;
UNLOCK TABLES;

--
-- Table structure for table `against_reward`
--

DROP TABLE IF EXISTS `against_reward`;
/*!40101 SET @saved_cs_client     = @@character_set_client */;
/*!40101 SET character_set_client = utf8 */;
CREATE TABLE `against_reward` (
  `player_lv` int(10) NOT NULL DEFAULT '1' COMMENT '玩家等级',
  `reward_coin` int(10) NOT NULL DEFAULT '1' COMMENT '奖励金币',
  `reward_exp` int(10) NOT NULL DEFAULT '1' COMMENT '奖励经验',
  `base_score` int(10) NOT NULL DEFAULT '1' COMMENT '基础对战积分奖励',
  `box_id` int(11) NOT NULL COMMENT '宝箱Id',
  `box_amount` int(11) NOT NULL COMMENT '宝箱数量',
  PRIMARY KEY (`player_lv`)
) ENGINE=InnoDB DEFAULT CHARSET=utf8;
/*!40101 SET character_set_client = @saved_cs_client */;

--
-- Dumping data for table `against_reward`
--

LOCK TABLES `against_reward` WRITE;
/*!40000 ALTER TABLE `against_reward` DISABLE KEYS */;
INSERT INTO `against_reward` VALUES (1,28,235,0,0,1),(2,28,235,0,0,1),(3,28,235,0,0,1),(4,28,235,0,0,1),(5,28,235,0,0,1),(6,28,235,0,0,1),(7,28,235,0,0,1),(8,28,235,0,0,1),(9,28,235,0,0,1),(10,28,235,0,0,1),(11,28,235,0,0,1),(12,28,235,0,0,1),(13,28,235,0,0,1),(14,28,235,0,0,1),(15,28,235,0,0,1),(16,28,235,0,0,1),(17,28,235,0,0,1),(18,28,235,0,0,1),(19,28,235,0,0,1),(20,28,235,0,0,1),(21,28,235,0,0,1),(22,28,235,0,0,1),(23,28,235,0,0,1),(24,28,235,0,0,1),(25,28,235,0,0,1),(26,28,235,0,0,1),(27,28,235,0,0,1),(28,28,235,0,0,1),(29,28,235,0,0,1),(30,28,235,0,0,1),(31,28,235,0,0,1),(32,28,235,0,0,1),(33,28,235,0,0,1),(34,28,235,0,0,1),(35,28,235,0,0,1),(36,28,235,0,0,1),(37,28,235,0,0,1),(38,28,235,0,0,1),(39,28,235,0,0,1),(40,28,235,0,0,1),(41,28,235,0,0,1),(42,28,235,0,0,1),(43,28,235,0,0,1),(44,28,235,0,0,1),(45,28,235,0,0,1),(46,28,235,0,0,1),(47,28,235,0,0,1),(48,28,235,0,0,1),(49,28,235,0,0,1),(50,28,235,0,0,1),(51,28,235,0,0,1),(52,28,235,0,0,1),(53,28,235,0,0,1),(54,28,235,0,0,1),(55,28,235,0,0,1),(56,28,235,0,0,1),(57,28,235,0,0,1),(58,28,235,0,0,1),(59,28,235,0,0,1),(60,28,235,0,0,1);
/*!40000 ALTER TABLE `against_reward` ENABLE KEYS */;
UNLOCK TABLES;

--
-- Table structure for table `boss_mode_reward`
--

DROP TABLE IF EXISTS `boss_mode_reward`;
/*!40101 SET @saved_cs_client     = @@character_set_client */;
/*!40101 SET character_set_client = utf8 */;
CREATE TABLE `boss_mode_reward` (
  `id` int(11) NOT NULL,
  `map_id` int(11) NOT NULL DEFAULT '0' COMMENT '关联的Boss地图Id',
  `fight_score_lv` int(11) NOT NULL DEFAULT '0' COMMENT '1=sss,2=ss,3=s,4=a,5=b,6=c',
  `coin` int(11) NOT NULL COMMENT '奖励金币数量',
  `exp` int(11) NOT NULL COMMENT '奖励经验',
  `stone` int(11) NOT NULL COMMENT '奖励的钻石数量',
  `box_id1` int(11) NOT NULL COMMENT '奖励宝箱1',
  `rate1` int(11) NOT NULL COMMENT '获得宝箱1的概率 （万分比）',
  `box_id2` int(11) NOT NULL COMMENT '奖励宝箱2',
  `rate2` int(11) NOT NULL COMMENT '获得宝箱2的几率',
  `box_id3` int(11) NOT NULL COMMENT '奖励宝箱3',
  `rate3` int(11) NOT NULL COMMENT '获得宝箱3的概率',
  `min_lv` int(11) NOT NULL COMMENT '最小等级',
  `max_lv` int(11) NOT NULL COMMENT '最大等级',
  PRIMARY KEY (`id`)
) ENGINE=InnoDB DEFAULT CHARSET=utf8;
/*!40101 SET character_set_client = @saved_cs_client */;

--
-- Dumping data for table `boss_mode_reward`
--

LOCK TABLES `boss_mode_reward` WRITE;
/*!40000 ALTER TABLE `boss_mode_reward` DISABLE KEYS */;
/*!40000 ALTER TABLE `boss_mode_reward` ENABLE KEYS */;
UNLOCK TABLES;

--
-- Table structure for table `bot_refresh`
--

DROP TABLE IF EXISTS `bot_refresh`;
/*!40101 SET @saved_cs_client     = @@character_set_client */;
/*!40101 SET character_set_client = utf8 */;
CREATE TABLE `bot_refresh` (
  `id` int(11) NOT NULL DEFAULT '0' COMMENT '系统编号',
  `online_num_min` int(11) NOT NULL DEFAULT '0' COMMENT '在线人数最小值',
  `online_num_max` int(11) NOT NULL DEFAULT '0' COMMENT '在线人数最大值',
  `fight_type` int(11) NOT NULL DEFAULT '0' COMMENT '战斗类型',
  `is_open_bot` int(11) NOT NULL DEFAULT '1' COMMENT '是否添加机器人（1=是，0=否）',
  `open_time` int(11) NOT NULL DEFAULT '0' COMMENT '添加机器人时间',
  `addbot_allowed_rank` int(11) NOT NULL DEFAULT '1' COMMENT '可匹配到机器人的玩家段位',
  `bot_rank` varchar(50) NOT NULL DEFAULT '0' COMMENT '机器人的段位索引',
  `mix_midway_bot` varchar(50) NOT NULL DEFAULT '1' COMMENT '混战中途加入机器人战斗服(含新手乐园、混战、团队混战)',
  `mix_bot_num` int(11) NOT NULL DEFAULT '0' COMMENT '混战开局机器人数量（含新手乐园、混战）',
  PRIMARY KEY (`id`)
) ENGINE=InnoDB DEFAULT CHARSET=utf8 COMMENT='[local no use]';
/*!40101 SET character_set_client = @saved_cs_client */;

--
-- Dumping data for table `bot_refresh`
--

LOCK TABLES `bot_refresh` WRITE;
/*!40000 ALTER TABLE `bot_refresh` DISABLE KEYS */;
INSERT INTO `bot_refresh` VALUES (1,0,20,1,1,30,0,'0','0',0),(2,0,20,2,1,10,6,'4,5,6','0',0),(3,0,20,3,1,10,0,'0','60000,10000,20000,1',5),(4,0,20,5,1,10,0,'0','60000,10000,20000,1',0),(5,0,20,9,1,10,0,'0','60000,10000,20000,1',5),(6,0,20,10,1,10,0,'0','0',0),(7,20,100,1,1,30,0,'0','0',0),(8,20,100,2,1,60,6,'4,5,6','0',0),(9,20,100,3,1,30,0,'0','90000,30000,60000,1',4),(10,20,100,5,1,30,0,'0','180000,30000,40000,1',0),(11,20,100,9,1,30,0,'0','90000,30000,60000,1',5),(12,20,100,10,1,30,0,'0','0',0),(13,100,250,1,1,120,0,'0','0',0),(14,100,250,2,1,90,6,'4,5,6','0',0),(15,100,250,3,1,30,0,'0','120000,30000,40000,2',3),(16,100,250,5,1,30,0,'0','180000,30000,40000,1',0),(17,100,250,9,1,30,0,'0','120000,30000,40000,1',5),(18,100,250,10,1,30,0,'0','0',0),(19,250,1000,1,1,90,0,'0','0',0),(20,250,1000,2,1,120,6,'4,5,6','0',0),(21,250,1000,3,1,90,0,'0','180000,30000,40000,2',2),(22,250,1000,5,1,60,0,'0','180000,30000,40000,1',0),(23,250,1000,9,1,90,0,'0','180000,30000,40000,1',5),(24,250,1000,10,1,15,0,'0','0',0),(25,1000,2147483647,1,0,60,0,'0','0',0),(26,1000,2147483647,2,1,120,3,'1,2,3','0',0),(27,1000,2147483647,3,1,90,0,'0','180000,30000,40000,2',1),(28,1000,2147483647,5,1,60,0,'0','180000,30000,40000,1',0),(29,1000,2147483647,9,1,90,0,'0','180000,30000,40000,1',5),(30,1000,2147483647,10,1,15,0,'0','0',0);
/*!40000 ALTER TABLE `bot_refresh` ENABLE KEYS */;
UNLOCK TABLES;

--
-- Table structure for table `box`
--

DROP TABLE IF EXISTS `box`;
/*!40101 SET @saved_cs_client     = @@character_set_client */;
/*!40101 SET character_set_client = utf8 */;
CREATE TABLE `box` (
  `box_id` int(11) NOT NULL DEFAULT '0' COMMENT '宝箱ID',
  `img_id` int(11) NOT NULL DEFAULT '0' COMMENT '宝箱图标',
  `name` varchar(50) NOT NULL DEFAULT '0' COMMENT '[Language]宝箱名称',
  `intro` varchar(500) NOT NULL DEFAULT '0' COMMENT '[Language]宝箱介绍（外部使用）',
  `note` varchar(100) NOT NULL DEFAULT '0' COMMENT '注释（内部使用）',
  `quality` int(11) NOT NULL DEFAULT '1' COMMENT '1=白色、2=绿色、3=蓝色、4=紫色、5=橙色',
  PRIMARY KEY (`box_id`)
) ENGINE=InnoDB DEFAULT CHARSET=utf8;
/*!40101 SET character_set_client = @saved_cs_client */;

--
-- Dumping data for table `box`
--

LOCK TABLES `box` WRITE;
/*!40000 ALTER TABLE `box` DISABLE KEYS */;
INSERT INTO `box` VALUES (400000,0,'首充奖励','单笔首充满60点券即可获得，打开后可获得里面全部奖品','首充奖励',5),(400001,400001,'Level 1 Component Chest','Open to get a random Level 1 Component','里面配置了所有的1级零件各1个',1),(400002,400002,'Level 2 Component Chest','Open to get a random Level 2 Component','里面配置了所有的2级零件各1个',2),(400003,400003,'Level 3 Component Chest','Open to get a random Level 3 Component','里面配置了所有的3级零件各1个',3),(400004,400004,'Level 4 Component Chest','Open to get a random Level 4 Component','里面配置了所有的4级零件各1个',4),(400005,400005,'Level 5 Component Chest','Open to get a random Level 5 Component','里面配置了所有的5级零件各1个',5),(400006,400002,'Level 2 Random Component Chest','Open to get a random component up to Level 2','里面配置了所有的1级、2级零件各1个',2),(400007,400003,'Level 3 Random Component Chest','Open to get a random component up to Level 3','里面配置了所有的1级、2级、3级零件各1个',3),(400008,400004,'Level 4 Random Component chest','Open to get a random component up to Level 4','里面配置了所有的1级、2级、3级、4级零件各1个',4),(400009,400005,'Level 5 Random Component Chest','Open to get a random component up to Level 5','里面配置了所有的1级、2级、3级、4级、5级零件各1个',5),(410001,0,'Level 1 Boss Reward Chest','Reward for getting an SSS rating in a Boss battle','boss战斗中评分为SSS所对应的奖励',5),(410002,0,'Level 2 Boss Reward Chest','Reward for getting an SS rating in a Boss battle','boss战斗中评分为SS所对应的奖励',5),(410003,0,'Level 3 Boss Reward Chest','Reward for getting an S rating in a Boss battle','boss战斗中评分为S所对应的奖励',4),(410004,0,'Level 4 Boss Reward Chest','Reward for getting an A rating in a Boss battle','boss战斗中评分为A所对应的奖励',3),(410005,0,'Level 5 Boss Reward Chest','Reward for getting an B rating in a Boss battle','boss战斗中评分为B所对应的奖励',2),(410006,0,'Level 6 Boss Reward Chest','Reward for getting an C rating in a Boss battle','boss战斗中评分为C所对应的奖励',1),(411001,0,'Bronze Tier Chest','The reward for the players whose best tier was Bronze for last season.','排位结算时，历史最高段位为青铜可以获得的奖励',5),(411002,0,'Silver Tier Chest','The reward for the players whose best tier was Silver for last season.','排位结算时，历史最高段位为白银可以获得的奖励',5),(411003,0,'Gold Tier Chest','The reward for the players whose best tier was Gold for last season.','排位结算时，历史最高段位为黄金可以获得的奖励',5),(411004,0,'Platinum Tier Chest','The reward for the players whose best tier was Platinum for last season.','排位结算时，历史最高段位为铂金可以获得的奖励',5),(411005,0,'Diamond Tier Chest','The reward for the players whose best tier was Diamond for last season.','排位结算时，历史最高段位为钻石可以获得的奖励',5),(411006,0,'Legend Tier Chest','The reward for the players whose best tier was Legend for last season.','排位结算时，历史最高段位为传说可以获得的奖励',5),(420001,420000,'Hero Trial Chest','Open to get a random Hero Trial Card','',4),(420002,420000,'Skin Trial Chest','Open to get a random Skin Trial Card','',4),(420003,420000,'Hero Trial Chest - Gaia','Open to get a trial card of Gaia for 1-3 days randomly.','',4),(420004,420000,'Hero Trial Chest - Theodor','Open to get a trial card of Theodor for 1-3 days randomly.','',4),(420005,420000,'Hero Trial Chest - Saisi','Open to get a trial card of Saisi for 1-3 days randomly.','',4),(420006,420000,'Hero Trial Chest - Joan','Open to get a trial card of Joan for 1-3 days randomly.','',4),(420007,420000,'Hero Trial Chest - Fox','Open to get a trial card of Fox for 1-3 days randomly.','',4),(420008,420000,'Hero Trial Chest - Li Long','Open to get a trial card of Li Long for 1-3 days randomly.',' ',4),(420009,420000,'Hero Trial Chest - Catherine','Open to get a trial card of Catherine for 1-3 days randomly.','',4),(420010,420000,'Hero Trial Chest - Logan','Open to get a trial card of Logan for 1-3 days randomly.','',4),(420011,420000,'Hero Trial Chest - Amir','Open to get a trial card of Amir for 1-3 days randomly.','',4),(420012,420000,'Hero Trial Chest - Goro','Open to get a trial card of Goro for 1-3 days randomly.','',4),(420013,420000,'Hero Trial Chest - FireKing','Open to get a trial card of FireKing for 1-3 days randomly.','',4),(420014,420000,'Hero Trial Chest - Nasha','Open to get a trial card of Nasha for 1-3 days randomly.','',4),(420015,420000,'Skin Trial Chest - Gaia','Open to get a skin trial card of Gaia for 1-3 days randomly.','',4),(420016,420000,'Skin Trial Chest - Theodor','Open to get a skin trial card of Theodor for 1-3 days randomly.','',4),(420017,420000,'Skin Trial Chest - Saisi','Open to get a skin trial card of Saisi for 1-3 days randomly.','',4),(420018,420000,'Skin Trial Chest - Joan','Open to get a skin trial card of Joan for 1-3 days randomly.','',4),(420019,420000,'Skin Trial Chest - Fox','Open to get a skin trial card of Fox for 1-3 days randomly.','',4),(420020,420000,'Skin Trial Chest - Li Long','Open to get a skin trial card of Li Long for 1-3 days randomly.','',4),(420021,420000,'Skin Trial Chest - Catherine','Open to get a skin trial card of Catherine for 1-3 days randomly.','',4),(420022,420000,'Skin Trial Chest - Logan','Open to get a skin trial card of Logan for 1-3 days randomly.','',4),(420023,420000,'Skin Trial Chest - Amir','Open to get a skin trial card of Amir for 1-3 days randomly.','',4),(420024,420000,'Skin Trial Chest - Goro','Open to get a skin trial card of Goro for 1-3 days randomly.','',4),(420025,420000,'Skin Trial Chest - FireKing','Open to get a skin trial card of FireKing for 1-3 days randomly.','',4),(420026,420000,'Skin Trial Chest - Nasha','Open to get a skin trial card of Nasha for 1-3 days randomly.','',4),(420031,400004,'Gold Chest','Open to get 1-50 gold randomly.','',4),(420032,400003,'Diamond Chest','Open to get 1-30 diamond randomly.','',4),(420701,420000,'Lv.3 Red Component Chest','Open to get a random lv.3 red component.','',3),(420702,420000,'Lv.3 Green Component Chest','Open to get a random lv.3 green component.','',3),(420703,420000,'Lv.3 Blue Component Chest','Open to get a random lv.3 blue component.','',3),(420704,420000,'Lv.4 Red Component Chest','Open to get a random lv.4 red component.','',4),(420705,420000,'Lv.4 Green Component Chest','Open to get a random lv.4 green component.','',4),(420706,420000,'Lv.4 Blue Component Chest','Open to get a random lv.4 blue component.','',4),(431001,400022,'Generous Newbie Pack I','Open to get 1 lv.3 red  component, 1 lv.3 green component and 1 lv.3 blue component.','',3),(431002,400022,'Generous Newbie Pack II','Open to get 1 lv.3 red  component, 1 lv.3 green component and 1 lv.3 blue component.','',3),(431003,0,'Hero Trial Chest','Open to get a random hero trial card.','兵团商店宝箱',4),(431004,0,'Hero Trial Chest','Open to get a random hero trial card.','兵团商店宝箱',4),(431005,0,'Hero Trial Chest','Open to get a random hero trial card.','兵团商店宝箱',4),(431006,0,'Hero Trial Chest','Open to get a random hero trial card.','兵团商店宝箱',4),(431007,0,'Skin Trial Chest','Open to get a random skin trial card.','兵团商店宝箱',4),(431008,0,'Skin Trial Chest','Open to get a random skin trial card.','兵团商店宝箱',4),(431009,0,'Skin Trial Chest','Open to get a random skin trial card.','兵团商店宝箱',4),(431010,0,'Skin Trial Chest','Open to get a random skin trial card.','兵团商店宝箱',4),(432001,400024,'Extra-value Hero Pack','Open to get permanent heroes Catherine and Amir.','',5),(433001,400021,'Pack of Saisi','Open to get 1 reward from the following items randomly','',5),(433002,400021,'Pack of Fox','Open to get 1 reward from the following items randomly','',5),(433003,400021,'Pack of Li Long','Open to get 1 reward from the following items randomly','',5),(433004,400021,'Pack of FireKing','Open to get 1 reward from the following items randomly','',5),(433005,400021,'Pack of Capone','Open to get 1 reward from the following items randomly','',5),(433006,400021,'Pack of Patty','Open to get 1 reward from the following items randomly','',5),(434001,400023,'Skin Pack of Saisi','Open to get 1 reward from the following items randomly','',5),(434002,400023,'Skin Pack of Fox','Open to get 1 reward from the following items randomly','',5),(434003,400023,'Skin Pack of Li Long','Open to get 1 reward from the following items randomly','',5),(434004,400023,'Skin Pack of FireKing','Open to get 1 reward from the following items randomly','',5),(451000,0,'Single draw by gold','Open to get a random lv. 1-2 component','爱买不买',1),(452000,0,'5th time of gold drawing','Open to get a random lv. 2-3 component','爱买不买',1),(453000,0,'Single draw by diamond','Open to get a random lv. 2-4 component','爱买不买',1),(454000,0,'5th time of diamond drawing','Open to get a random lv. 4-5 component','爱买不买',1),(470000,400003,'Market Test Reward Chest','0','商城测试宝箱',1),(480001,480001,'3 days sign-in reward','Sign-in Reward pack, open to get all items','累计签到的奖励礼包，打开后可获得全部物品',1),(480002,480002,'7 days sign-in reward','Sign-in Reward pack, open to get all items','累计签到的奖励礼包，打开后可获得全部物品',1),(480003,480003,'14 days sign-in reward','Sign-in Reward pack, open to get all items','累计签到的奖励礼包，打开后可获得全部物品',1),(480004,480004,'21 days sign-in reward','Sign-in Reward pack, open to get all items','累计签到的奖励礼包，打开后可获得全部物品',1),(482001,0,'Level 5 Pack','Reach Level 5 to claim, open to get all items','等级达到5级时可领取，打开后获得全部物品',1),(482002,0,'Level 10 Pack','Reach Level 10 to claim, open to get all items','等级达到10级时可领取，打开后获得全部物品',1),(482003,0,'Level 15 Pack','Reach Level 15 to claim, open to get all items','等级达到15级时可领取，打开后获得全部物品',1),(482004,0,'Level 20 Pack','Reach Level 20 to claim, open to get all items','等级达到20级时可领取，打开后获得全部物品',1),(482005,0,'Level 25 Pack','Reach Level 25 to claim, open to get all items','等级达到25级时可领取，打开后获得全部物品',1),(482006,0,'Level 30 Pack','Reach Level 30 to claim, open to get all items','等级达到30级时可领取，打开后获得全部物品',1),(482007,0,'Level 40 Pack','Reach Level 40 to claim, open to get all items','等级达到40级时可领取，打开后获得全部物品',1),(482008,0,'Level 50 Pack','Reach Level 50 to claim, open to get all items','等级达到50级时可领取，打开后获得全部物品',1),(482009,0,'Level 60 Pack','Reach Level 60 to claim, open to get all items','等级达到60级时可领取，打开后获得全部物品',1),(485001,0,'5 Minutes Online Pack','Earn by Spending 5 Min Online','在线5分钟即可领取',1),(485002,0,'10 Minutes Online Pack','Earn by Spending 10 Min Online','在线10分钟即可领取',1),(485003,0,'15 Minutes Online Pack','Earn by Spending 15 Min Online','在线15分钟即可领取',1),(485004,0,'30 Minutes Online Pack','Earn by Spending 30 Min Online','在线30分钟即可领取',1),(485005,0,'1 Hour Online Pack','Earn by Spending 1 Hour Online','在线1小时即可领取',1),(485006,0,'2 Hours Online Pack','Earn by Spending 2 Hours Online','在线2小时即可领取',1),(486001,0,'点券夺宝周累计宝箱1','','点券夺宝周次数达到5次即可领取',1),(486002,0,'点券夺宝周累计宝箱2','','点券夺宝周次数达到15次即可领取',1),(486003,0,'点券夺宝周累计宝箱3','','点券夺宝周次数达到35次即可领取',1),(486004,0,'点券夺宝周累计宝箱4','','点券夺宝周次数达到65次即可领取',1),(486005,0,'点券夺宝周累计宝箱5','','点券夺宝周次数达到125次即可领取',1),(486006,0,'钻石夺宝周累计宝箱1','','钻石夺宝周次数达到5次即可领取',1),(486007,0,'钻石夺宝周累计宝箱2','','钻石夺宝周次数达到12次即可领取',1),(486008,0,'钻石夺宝周累计宝箱3','','钻石夺宝周次数达到24次即可领取',1),(486009,0,'钻石夺宝周累计宝箱4','','钻石夺宝周次数达到42次即可领取',1),(486010,0,'钻石夺宝周累计宝箱5','','钻石夺宝周次数达到72次即可领取',1),(490076,490076,'30 Activity Points Pack','Earn 30 gold and 5 component fragments in this chest by reaching 30 Activity Points, and have a chance to get additional diamonds.','当活跃度达到30时，就可以领取该宝箱内的所有奖励',1),(490077,490077,'60 Activity Points Pack','Earn 45 gold and 5 component fragments in this chest by reaching 60 Activity Points, and have a chance to get additional diamonds.','当活跃度达到60时，就可以领取该宝箱内的所有奖励',1),(490078,490078,'90 Activity Points Pack','Earn 60 gold and 10 component fragments in this chest by reaching 90 Activity Points, and have a chance to get additional diamonds.','当活跃度达到90时，就可以领取该宝箱内的所有奖励',1),(490079,490079,'120 Activity Points Pack','Earn 90 gold and 10 component fragments in this chest by reaching 120 Activity Points, and have a chance to get additional diamonds.','当活跃度达到120时，就可以领取该宝箱内的所有奖励',1),(490080,490080,'150 Activity Points Pack','Earn 100 gold and 20 component fragments in this chest by reaching 150 Activity Points, and have a chance to get additional diamonds.','当活跃度达到150时，就可以领取该宝箱内的所有奖励',1),(490081,490081,'200 Activity Points Pack','Earn 100 gold and 20 component fragments in this chest by reaching 200 Activity Points, and have a chance to get additional diamonds.','当活跃度达到150时，就可以领取该宝箱内的所有奖励',1),(490082,490082,'500 Activity Points Pack','Earn 200 gold and 100 component fragments in this chest by reaching 500 Activity Points, and have a chance to get additional diamonds.','当活跃度达到500时，就可以领取该宝箱内的所有奖励',1),(490083,490083,'1000 Activity Points Pack','Earn 500 gold and 200 component fragments in this chest by reaching 1000 Activity Points, and have a chance to get additional diamonds.','当活跃度达到1000时，就可以领取该宝箱内的所有奖励',1);
/*!40000 ALTER TABLE `box` ENABLE KEYS */;
UNLOCK TABLES;

--
-- Table structure for table `box_drop`
--

DROP TABLE IF EXISTS `box_drop`;
/*!40101 SET @saved_cs_client     = @@character_set_client */;
/*!40101 SET character_set_client = utf8 */;
CREATE TABLE `box_drop` (
  `id` int(11) NOT NULL,
  `box_id` int(11) NOT NULL DEFAULT '0' COMMENT '宝箱id',
  `random_type` int(10) NOT NULL DEFAULT '0' COMMENT '打开宝箱方式类型：1=无参数（打开箱子后可获得箱子内的全部物品），2=使用随机概率，3=使用权重参数',
  `type` int(11) NOT NULL DEFAULT '0' COMMENT '物品类型：1=金币，2=钻石，3=点券，4=兵团荣誉点数，5=零件碎片，100=任务活跃、101=经验，102=道具，103=英雄、104=皮肤、105=战斗星星、106=头像框、201=宝箱',
  `item_id` int(10) unsigned NOT NULL DEFAULT '0' COMMENT '掉落道具ID（可包含枪械、英雄及所有的其他道具）',
  `item_param` int(11) NOT NULL DEFAULT '0' COMMENT '掉落物品属性参数，如果是枪械，则表示枪械等级',
  `parameter` int(10) unsigned NOT NULL DEFAULT '1' COMMENT '参数（该参数对应宝箱打开方式）',
  `min` int(10) unsigned NOT NULL DEFAULT '1' COMMENT '该物品掉落数量最小值',
  `max` int(10) NOT NULL DEFAULT '0' COMMENT '该物品掉落数量最大值',
  `day_limit` int(10) unsigned NOT NULL DEFAULT '0' COMMENT '每日掉落限制',
  PRIMARY KEY (`id`)
) ENGINE=InnoDB DEFAULT CHARSET=utf8;
/*!40101 SET character_set_client = @saved_cs_client */;

--
-- Dumping data for table `box_drop`
--

LOCK TABLES `box_drop` WRITE;
/*!40000 ALTER TABLE `box_drop` DISABLE KEYS */;
INSERT INTO `box_drop` VALUES (100001,400000,1,103,300009,0,1,1,1,0),(101001,400001,3,102,271101,0,1,1,1,0),(101002,400001,3,102,271102,0,1,1,1,0),(101003,400001,3,102,271103,0,1,1,1,0),(101004,400001,3,102,271104,0,1,1,1,0),(101005,400001,3,102,271201,0,1,1,1,0),(101006,400001,3,102,271202,0,1,1,1,0),(101007,400001,3,102,271203,0,1,1,1,0),(101008,400001,3,102,271204,0,1,1,1,0),(101009,400001,3,102,271301,0,1,1,1,0),(101010,400001,3,102,271302,0,1,1,1,0),(101011,400001,3,102,271303,0,1,1,1,0),(101012,400001,3,102,271304,0,1,1,1,0),(102001,400002,3,102,272101,0,1,1,1,0),(102002,400002,3,102,272102,0,1,1,1,0),(102003,400002,3,102,272103,0,1,1,1,0),(102004,400002,3,102,272104,0,1,1,1,0),(102005,400002,3,102,272105,0,1,1,1,0),(102006,400002,3,102,272201,0,1,1,1,0),(102007,400002,3,102,272202,0,1,1,1,0),(102008,400002,3,102,272203,0,1,1,1,0),(102009,400002,3,102,272204,0,1,1,1,0),(102010,400002,3,102,272205,0,1,1,1,0),(102011,400002,3,102,272301,0,1,1,1,0),(102012,400002,3,102,272302,0,1,1,1,0),(102013,400002,3,102,272303,0,1,1,1,0),(102014,400002,3,102,272304,0,1,1,1,0),(102015,400002,3,102,272305,0,1,1,1,0),(103001,400003,3,102,273101,0,1,1,1,0),(103003,400003,3,102,273103,0,1,1,1,0),(103004,400003,3,102,273104,0,1,1,1,0),(103005,400003,3,102,273105,0,1,1,1,0),(103006,400003,3,102,273106,0,1,1,1,0),(103007,400003,3,102,273201,0,1,1,1,0),(103009,400003,3,102,273203,0,1,1,1,0),(103010,400003,3,102,273204,0,1,1,1,0),(103011,400003,3,102,273205,0,1,1,1,0),(103012,400003,3,102,273206,0,1,1,1,0),(103013,400003,3,102,273301,0,1,1,1,0),(103014,400003,3,102,273302,0,1,1,1,0),(103015,400003,3,102,273303,0,1,1,1,0),(103016,400003,3,102,273304,0,1,1,1,0),(103018,400003,3,102,273306,0,1,1,1,0),(104001,400004,3,102,274101,0,1,1,1,0),(104002,400004,3,102,274102,0,1,1,1,0),(104003,400004,3,102,274103,0,1,1,1,0),(104005,400004,3,102,274105,0,1,1,1,0),(104006,400004,3,102,274106,0,1,1,1,0),(104007,400004,3,102,274107,0,1,1,1,0),(104008,400004,3,102,274201,0,1,1,1,0),(104009,400004,3,102,274202,0,1,1,1,0),(104010,400004,3,102,274203,0,1,1,1,0),(104011,400004,3,102,274204,0,1,1,1,0),(104012,400004,3,102,274205,0,1,1,1,0),(104014,400004,3,102,274207,0,1,1,1,0),(104015,400004,3,102,274301,0,1,1,1,0),(104016,400004,3,102,274302,0,1,1,1,0),(104017,400004,3,102,274303,0,1,1,1,0),(104018,400004,3,102,274304,0,1,1,1,0),(104019,400004,3,102,274305,0,1,1,1,0),(104021,400004,3,102,274307,0,1,1,1,0),(105001,400005,3,102,275101,0,1,1,1,0),(105002,400005,3,102,275102,0,1,1,1,0),(105003,400005,3,102,275103,0,1,1,1,0),(105004,400005,3,102,275104,0,1,1,1,0),(105006,400005,3,102,275106,0,1,1,1,0),(105007,400005,3,102,275107,0,1,1,1,0),(105008,400005,3,102,275108,0,1,1,1,0),(105009,400005,3,102,275201,0,1,1,1,0),(105011,400005,3,102,275203,0,1,1,1,0),(105012,400005,3,102,275204,0,1,1,1,0),(105013,400005,3,102,275205,0,1,1,1,0),(105014,400005,3,102,275206,0,1,1,1,0),(105015,400005,3,102,275207,0,1,1,1,0),(105016,400005,3,102,275208,0,1,1,1,0),(105017,400005,3,102,275301,0,1,1,1,0),(105018,400005,3,102,275302,0,1,1,1,0),(105019,400005,3,102,275303,0,1,1,1,0),(105020,400005,3,102,275304,0,1,1,1,0),(105021,400005,3,102,275305,0,1,1,1,0),(105022,400005,3,102,275306,0,1,1,1,0),(105023,400005,3,102,275307,0,1,1,1,0),(106001,400006,3,102,271101,0,1,1,1,0),(106002,400006,3,102,271102,0,1,1,1,0),(106003,400006,3,102,271103,0,1,1,1,0),(106004,400006,3,102,271104,0,1,1,1,0),(106005,400006,3,102,271201,0,1,1,1,0),(106006,400006,3,102,271202,0,1,1,1,0),(106007,400006,3,102,271203,0,1,1,1,0),(106008,400006,3,102,271204,0,1,1,1,0),(106009,400006,3,102,271301,0,1,1,1,0),(106010,400006,3,102,271302,0,1,1,1,0),(106011,400006,3,102,271303,0,1,1,1,0),(106012,400006,3,102,271304,0,1,1,1,0),(106013,400006,3,102,272101,0,1,1,1,0),(106014,400006,3,102,272102,0,1,1,1,0),(106015,400006,3,102,272103,0,1,1,1,0),(106016,400006,3,102,272104,0,1,1,1,0),(106017,400006,3,102,272105,0,1,1,1,0),(106018,400006,3,102,272201,0,1,1,1,0),(106019,400006,3,102,272202,0,1,1,1,0),(106020,400006,3,102,272203,0,1,1,1,0),(106021,400006,3,102,272204,0,1,1,1,0),(106022,400006,3,102,272205,0,1,1,1,0),(106023,400006,3,102,272301,0,1,1,1,0),(106024,400006,3,102,272302,0,1,1,1,0),(106025,400006,3,102,272303,0,1,1,1,0),(106026,400006,3,102,272304,0,1,1,1,0),(106027,400006,3,102,272305,0,1,1,1,0),(107001,400007,3,102,271101,0,1,1,1,0),(107002,400007,3,102,271102,0,1,1,1,0),(107003,400007,3,102,271103,0,1,1,1,0),(107004,400007,3,102,271104,0,1,1,1,0),(107005,400007,3,102,271201,0,1,1,1,0),(107006,400007,3,102,271202,0,1,1,1,0),(107007,400007,3,102,271203,0,1,1,1,0),(107008,400007,3,102,271204,0,1,1,1,0),(107009,400007,3,102,271301,0,1,1,1,0),(107010,400007,3,102,271302,0,1,1,1,0),(107011,400007,3,102,271303,0,1,1,1,0),(107012,400007,3,102,271304,0,1,1,1,0),(107013,400007,3,102,272101,0,1,1,1,0),(107014,400007,3,102,272102,0,1,1,1,0),(107015,400007,3,102,272103,0,1,1,1,0),(107016,400007,3,102,272104,0,1,1,1,0),(107017,400007,3,102,272105,0,1,1,1,0),(107018,400007,3,102,272201,0,1,1,1,0),(107019,400007,3,102,272202,0,1,1,1,0),(107020,400007,3,102,272203,0,1,1,1,0),(107021,400007,3,102,272204,0,1,1,1,0),(107022,400007,3,102,272205,0,1,1,1,0),(107023,400007,3,102,272301,0,1,1,1,0),(107024,400007,3,102,272302,0,1,1,1,0),(107025,400007,3,102,272303,0,1,1,1,0),(107026,400007,3,102,272304,0,1,1,1,0),(107027,400007,3,102,272305,0,1,1,1,0),(107028,400007,3,102,273101,0,1,1,1,0),(107030,400007,3,102,273103,0,1,1,1,0),(107031,400007,3,102,273104,0,1,1,1,0),(107032,400007,3,102,273105,0,1,1,1,0),(107033,400007,3,102,273106,0,1,1,1,0),(107034,400007,3,102,273201,0,1,1,1,0),(107036,400007,3,102,273203,0,1,1,1,0),(107037,400007,3,102,273204,0,1,1,1,0),(107038,400007,3,102,273205,0,1,1,1,0),(107039,400007,3,102,273206,0,1,1,1,0),(107040,400007,3,102,273301,0,1,1,1,0),(107041,400007,3,102,273302,0,1,1,1,0),(107042,400007,3,102,273303,0,1,1,1,0),(107043,400007,3,102,273304,0,1,1,1,0),(107045,400007,3,102,273306,0,1,1,1,0),(108001,400008,3,102,271101,0,1,1,1,0),(108002,400008,3,102,271102,0,1,1,1,0),(108003,400008,3,102,271103,0,1,1,1,0),(108004,400008,3,102,271104,0,1,1,1,0),(108005,400008,3,102,271201,0,1,1,1,0),(108006,400008,3,102,271202,0,1,1,1,0),(108007,400008,3,102,271203,0,1,1,1,0),(108008,400008,3,102,271204,0,1,1,1,0),(108009,400008,3,102,271301,0,1,1,1,0),(108010,400008,3,102,271302,0,1,1,1,0),(108011,400008,3,102,271303,0,1,1,1,0),(108012,400008,3,102,271304,0,1,1,1,0),(108013,400008,3,102,272101,0,1,1,1,0),(108014,400008,3,102,272102,0,1,1,1,0),(108015,400008,3,102,272103,0,1,1,1,0),(108016,400008,3,102,272104,0,1,1,1,0),(108017,400008,3,102,272105,0,1,1,1,0),(108018,400008,3,102,272201,0,1,1,1,0),(108019,400008,3,102,272202,0,1,1,1,0),(108020,400008,3,102,272203,0,1,1,1,0),(108021,400008,3,102,272204,0,1,1,1,0),(108022,400008,3,102,272205,0,1,1,1,0),(108023,400008,3,102,272301,0,1,1,1,0),(108024,400008,3,102,272302,0,1,1,1,0),(108025,400008,3,102,272303,0,1,1,1,0),(108026,400008,3,102,272304,0,1,1,1,0),(108027,400008,3,102,272305,0,1,1,1,0),(108028,400008,3,102,273101,0,1,1,1,0),(108030,400008,3,102,273103,0,1,1,1,0),(108031,400008,3,102,273104,0,1,1,1,0),(108032,400008,3,102,273105,0,1,1,1,0),(108033,400008,3,102,273106,0,1,1,1,0),(108034,400008,3,102,273201,0,1,1,1,0),(108036,400008,3,102,273203,0,1,1,1,0),(108037,400008,3,102,273204,0,1,1,1,0),(108038,400008,3,102,273205,0,1,1,1,0),(108039,400008,3,102,273206,0,1,1,1,0),(108040,400008,3,102,273301,0,1,1,1,0),(108041,400008,3,102,273302,0,1,1,1,0),(108042,400008,3,102,273303,0,1,1,1,0),(108043,400008,3,102,273304,0,1,1,1,0),(108045,400008,3,102,273306,0,1,1,1,0),(108046,400008,3,102,274101,0,1,1,1,0),(108047,400008,3,102,274102,0,1,1,1,0),(108048,400008,3,102,274103,0,1,1,1,0),(108050,400008,3,102,274105,0,1,1,1,0),(108051,400008,3,102,274106,0,1,1,1,0),(108052,400008,3,102,274107,0,1,1,1,0),(108053,400008,3,102,274201,0,1,1,1,0),(108054,400008,3,102,274202,0,1,1,1,0),(108055,400008,3,102,274203,0,1,1,1,0),(108056,400008,3,102,274204,0,1,1,1,0),(108057,400008,3,102,274205,0,1,1,1,0),(108059,400008,3,102,274207,0,1,1,1,0),(108060,400008,3,102,274301,0,1,1,1,0),(108061,400008,3,102,274302,0,1,1,1,0),(108062,400008,3,102,274303,0,1,1,1,0),(108063,400008,3,102,274304,0,1,1,1,0),(108064,400008,3,102,274305,0,1,1,1,0),(108066,400008,3,102,274307,0,1,1,1,0),(109001,400009,3,102,271101,0,1,1,1,0),(109002,400009,3,102,271102,0,1,1,1,0),(109003,400009,3,102,271103,0,1,1,1,0),(109004,400009,3,102,271104,0,1,1,1,0),(109005,400009,3,102,271201,0,1,1,1,0),(109006,400009,3,102,271202,0,1,1,1,0),(109007,400009,3,102,271203,0,1,1,1,0),(109008,400009,3,102,271204,0,1,1,1,0),(109009,400009,3,102,271301,0,1,1,1,0),(109010,400009,3,102,271302,0,1,1,1,0),(109011,400009,3,102,271303,0,1,1,1,0),(109012,400009,3,102,271304,0,1,1,1,0),(109013,400009,3,102,272101,0,1,1,1,0),(109014,400009,3,102,272102,0,1,1,1,0),(109015,400009,3,102,272103,0,1,1,1,0),(109016,400009,3,102,272104,0,1,1,1,0),(109017,400009,3,102,272105,0,1,1,1,0),(109018,400009,3,102,272201,0,1,1,1,0),(109019,400009,3,102,272202,0,1,1,1,0),(109020,400009,3,102,272203,0,1,1,1,0),(109021,400009,3,102,272204,0,1,1,1,0),(109022,400009,3,102,272205,0,1,1,1,0),(109023,400009,3,102,272301,0,1,1,1,0),(109024,400009,3,102,272302,0,1,1,1,0),(109025,400009,3,102,272303,0,1,1,1,0),(109026,400009,3,102,272304,0,1,1,1,0),(109027,400009,3,102,272305,0,1,1,1,0),(109028,400009,3,102,273101,0,1,1,1,0),(109030,400009,3,102,273103,0,1,1,1,0),(109031,400009,3,102,273104,0,1,1,1,0),(109032,400009,3,102,273105,0,1,1,1,0),(109033,400009,3,102,273106,0,1,1,1,0),(109034,400009,3,102,273201,0,1,1,1,0),(109036,400009,3,102,273203,0,1,1,1,0),(109037,400009,3,102,273204,0,1,1,1,0),(109038,400009,3,102,273205,0,1,1,1,0),(109039,400009,3,102,273206,0,1,1,1,0),(109040,400009,3,102,273301,0,1,1,1,0),(109041,400009,3,102,273302,0,1,1,1,0),(109042,400009,3,102,273303,0,1,1,1,0),(109043,400009,3,102,273304,0,1,1,1,0),(109045,400009,3,102,273306,0,1,1,1,0),(109046,400009,3,102,274101,0,1,1,1,0),(109047,400009,3,102,274102,0,1,1,1,0),(109048,400009,3,102,274103,0,1,1,1,0),(109050,400009,3,102,274105,0,1,1,1,0),(109051,400009,3,102,274106,0,1,1,1,0),(109052,400009,3,102,274107,0,1,1,1,0),(109053,400009,3,102,274201,0,1,1,1,0),(109054,400009,3,102,274202,0,1,1,1,0),(109055,400009,3,102,274203,0,1,1,1,0),(109056,400009,3,102,274204,0,1,1,1,0),(109057,400009,3,102,274205,0,1,1,1,0),(109059,400009,3,102,274207,0,1,1,1,0),(109060,400009,3,102,274301,0,1,1,1,0),(109061,400009,3,102,274302,0,1,1,1,0),(109062,400009,3,102,274303,0,1,1,1,0),(109063,400009,3,102,274304,0,1,1,1,0),(109064,400009,3,102,274305,0,1,1,1,0),(109066,400009,3,102,274307,0,1,1,1,0),(109067,400009,3,102,275101,0,1,1,1,0),(109068,400009,3,102,275102,0,1,1,1,0),(109069,400009,3,102,275103,0,1,1,1,0),(109070,400009,3,102,275104,0,1,1,1,0),(109072,400009,3,102,275106,0,1,1,1,0),(109073,400009,3,102,275107,0,1,1,1,0),(109074,400009,3,102,275108,0,1,1,1,0),(109075,400009,3,102,275201,0,1,1,1,0),(109077,400009,3,102,275203,0,1,1,1,0),(109078,400009,3,102,275204,0,1,1,1,0),(109079,400009,3,102,275205,0,1,1,1,0),(109080,400009,3,102,275206,0,1,1,1,0),(109081,400009,3,102,275207,0,1,1,1,0),(109082,400009,3,102,275208,0,1,1,1,0),(109083,400009,3,102,275301,0,1,1,1,0),(109084,400009,3,102,275302,0,1,1,1,0),(109085,400009,3,102,275303,0,1,1,1,0),(109086,400009,3,102,275304,0,1,1,1,0),(109087,400009,3,102,275305,0,1,1,1,0),(109088,400009,3,102,275306,0,1,1,1,0),(109089,400009,3,102,275307,0,1,1,1,0),(110101,411001,1,2,0,0,0,100,100,0),(110201,411002,1,2,0,0,0,200,200,0),(110301,411003,1,2,0,0,0,300,300,0),(110401,411004,1,2,0,0,0,500,500,0),(110501,411005,1,2,0,0,0,700,700,0),(110601,411006,1,2,0,0,0,1000,1000,0),(200101,420001,3,102,201001,0,1,1,1,0),(200102,420001,3,102,201011,0,1,1,1,0),(200103,420001,3,102,201021,0,1,1,1,0),(200104,420001,3,102,201031,0,1,1,1,0),(200105,420001,3,102,201041,0,1,1,1,0),(200106,420001,3,102,201051,0,1,1,1,0),(200107,420001,3,102,201061,0,1,1,1,0),(200108,420001,3,102,201071,0,1,1,1,0),(200109,420001,3,102,201081,0,1,1,1,0),(200110,420001,3,102,201091,0,1,1,1,0),(200111,420001,3,102,201101,0,1,1,1,0),(200112,420001,3,102,201111,0,1,1,1,0),(200201,420002,3,102,202001,0,1,1,1,0),(200202,420002,3,102,202011,0,1,1,1,0),(200203,420002,3,102,202021,0,1,1,1,0),(200204,420002,3,102,202031,0,1,1,1,0),(200205,420002,3,102,202041,0,1,1,1,0),(200206,420002,3,102,202051,0,1,1,1,0),(200207,420002,3,102,202061,0,1,1,1,0),(200208,420002,3,102,202071,0,1,1,1,0),(200209,420002,3,102,202081,0,1,1,1,0),(200210,420002,3,102,202091,0,1,1,1,0),(200211,420002,3,102,202101,0,1,1,1,0),(200212,420002,3,102,202111,0,1,1,1,0),(200301,420003,3,102,201001,0,1,1,1,0),(200302,420003,3,102,201002,0,1,1,1,0),(200401,420004,3,102,201011,0,1,1,1,0),(200402,420004,3,102,201012,0,1,1,1,0),(200501,420005,3,102,201021,0,1,1,1,0),(200502,420005,3,102,201022,0,1,1,1,0),(200601,420006,3,102,201031,0,1,1,1,0),(200602,420006,3,102,201032,0,1,1,1,0),(200701,420007,3,102,201041,0,1,1,1,0),(200702,420007,3,102,201042,0,1,1,1,0),(200801,420008,3,102,201051,0,1,1,1,0),(200802,420008,3,102,201052,0,1,1,1,0),(200901,420009,3,102,201061,0,1,1,1,0),(200902,420009,3,102,201062,0,1,1,1,0),(201001,420010,3,102,201071,0,1,1,1,0),(201002,420010,3,102,201072,0,1,1,1,0),(201101,420011,3,102,201081,0,1,1,1,0),(201102,420011,3,102,201082,0,1,1,1,0),(201201,420012,3,102,201091,0,1,1,1,0),(201202,420012,3,102,201092,0,1,1,1,0),(201301,420013,3,102,201101,0,1,1,1,0),(201302,420013,3,102,201102,0,1,1,1,0),(201401,420014,3,102,201111,0,1,1,1,0),(201402,420014,3,102,201112,0,1,1,1,0),(201501,420015,3,102,202001,0,1,1,1,0),(201502,420015,3,102,202002,0,1,1,1,0),(201601,420016,3,102,202011,0,1,1,1,0),(201602,420016,3,102,202012,0,1,1,1,0),(201701,420017,3,102,202021,0,1,1,1,0),(201702,420017,3,102,202022,0,1,1,1,0),(201801,420018,3,102,202031,0,1,1,1,0),(201802,420018,3,102,202032,0,1,1,1,0),(201901,420019,3,102,202041,0,1,1,1,0),(201902,420019,3,102,202042,0,1,1,1,0),(202001,420020,3,102,202051,0,1,1,1,0),(202002,420020,3,102,202052,0,1,1,1,0),(202101,420021,3,102,202061,0,1,1,1,0),(202102,420021,3,102,202062,0,1,1,1,0),(202201,420022,3,102,202071,0,1,1,1,0),(202202,420022,3,102,202072,0,1,1,1,0),(202301,420023,3,102,202081,0,1,1,1,0),(202302,420023,3,102,202082,0,1,1,1,0),(202401,420024,3,102,202091,0,1,1,1,0),(202402,420024,3,102,202092,0,1,1,1,0),(202501,420025,3,102,202101,0,1,1,1,0),(202502,420025,3,102,202102,0,1,1,1,0),(202601,420026,3,102,202111,0,1,1,1,0),(202602,420026,3,102,202112,0,1,1,1,0),(203101,420031,3,1,0,0,1,50,50,0),(203102,420031,3,1,0,0,50,45,49,0),(203103,420031,3,1,0,0,100,40,44,0),(203104,420031,3,1,0,0,100,37,39,0),(203105,420031,3,1,0,0,200,34,36,0),(203106,420031,3,1,0,0,200,30,33,0),(203107,420031,3,1,0,0,1000,25,29,0),(203108,420031,3,1,0,0,2000,20,24,0),(203109,420031,3,1,0,0,500,16,19,0),(203110,420031,3,1,0,0,500,11,15,0),(203111,420031,3,1,0,0,1,6,10,0),(203112,420031,3,1,0,0,1,1,5,0),(203201,420032,3,2,0,0,1,30,30,0),(203202,420032,3,2,0,0,1,25,29,0),(203203,420032,3,2,0,0,1,20,24,0),(203204,420032,3,2,0,0,10,15,19,0),(203205,420032,3,2,0,0,10,10,14,0),(203206,420032,3,2,0,0,10,5,9,0),(203207,420032,3,2,0,0,1,1,4,0),(270101,420701,3,102,273101,0,1,1,1,0),(270103,420701,3,102,273103,0,1,1,1,0),(270104,420701,3,102,273104,0,1,1,1,0),(270105,420701,3,102,273105,0,1,1,1,0),(270106,420701,3,102,273106,0,1,1,1,0),(270201,420702,3,102,273201,0,1,1,1,0),(270203,420702,3,102,273203,0,1,1,1,0),(270204,420702,3,102,273204,0,1,1,1,0),(270205,420702,3,102,273205,0,1,1,1,0),(270206,420702,3,102,273206,0,1,1,1,0),(270301,420703,3,102,273301,0,1,1,1,0),(270302,420703,3,102,273302,0,1,1,1,0),(270303,420703,3,102,273303,0,1,1,1,0),(270304,420703,3,102,273304,0,1,1,1,0),(270306,420703,3,102,273306,0,1,1,1,0),(270401,420704,3,102,274101,0,1,1,1,0),(270402,420704,3,102,274102,0,1,1,1,0),(270403,420704,3,102,274103,0,1,1,1,0),(270405,420704,3,102,274105,0,1,1,1,0),(270406,420704,3,102,274106,0,1,1,1,0),(270407,420704,3,102,274107,0,1,1,1,0),(270501,420705,3,102,274201,0,1,1,1,0),(270502,420705,3,102,274202,0,1,1,1,0),(270503,420705,3,102,274203,0,1,1,1,0),(270504,420705,3,102,274204,0,1,1,1,0),(270505,420705,3,102,274205,0,1,1,1,0),(270507,420705,3,102,274207,0,1,1,1,0),(270601,420706,3,102,274301,0,1,1,1,0),(270602,420706,3,102,274302,0,1,1,1,0),(270603,420706,3,102,274303,0,1,1,1,0),(270604,420706,3,102,274304,0,1,1,1,0),(270605,420706,3,102,274305,0,1,1,1,0),(270607,420706,3,102,274307,0,1,1,1,0),(310101,431001,1,102,273106,0,0,1,1,0),(310102,431001,1,102,273204,0,0,1,1,0),(310103,431001,1,102,273301,0,0,1,1,0),(310201,431002,1,102,273101,0,0,1,1,0),(310202,431002,1,102,273206,0,0,1,1,0),(310203,431002,1,102,273302,0,0,1,1,0),(310301,431003,3,102,201001,0,1,1,1,0),(310302,431003,3,102,201011,0,1,1,1,0),(310303,431003,3,102,201021,0,1,1,1,0),(310304,431003,3,102,201031,0,1,1,1,0),(310305,431003,3,102,201041,0,1,1,1,0),(310306,431003,3,102,201051,0,1,1,1,0),(310307,431003,3,102,201061,0,1,1,1,0),(310308,431003,3,102,201071,0,1,1,1,0),(310309,431003,3,102,201081,0,1,1,1,0),(310310,431003,3,102,201091,0,1,1,1,0),(310311,431003,3,102,201101,0,1,1,1,0),(310312,431003,3,102,201111,0,1,1,1,0),(310401,431004,3,102,201001,0,1,1,1,0),(310402,431004,3,102,201011,0,1,1,1,0),(310403,431004,3,102,201021,0,1,1,1,0),(310404,431004,3,102,201031,0,1,1,1,0),(310405,431004,3,102,201041,0,1,1,1,0),(310406,431004,3,102,201051,0,1,1,1,0),(310407,431004,3,102,201061,0,1,1,1,0),(310408,431004,3,102,201071,0,1,1,1,0),(310409,431004,3,102,201081,0,1,1,1,0),(310410,431004,3,102,201091,0,1,1,1,0),(310411,431004,3,102,201101,0,1,1,1,0),(310412,431004,3,102,201111,0,1,1,1,0),(310501,431005,3,102,201001,0,1,1,1,0),(310502,431005,3,102,201011,0,1,1,1,0),(310503,431005,3,102,201021,0,1,1,1,0),(310504,431005,3,102,201031,0,1,1,1,0),(310505,431005,3,102,201041,0,1,1,1,0),(310506,431005,3,102,201051,0,1,1,1,0),(310507,431005,3,102,201061,0,1,1,1,0),(310508,431005,3,102,201071,0,1,1,1,0),(310509,431005,3,102,201081,0,1,1,1,0),(310510,431005,3,102,201091,0,1,1,1,0),(310511,431005,3,102,201101,0,1,1,1,0),(310512,431005,3,102,201111,0,1,1,1,0),(310601,431006,3,102,201001,0,1,1,1,0),(310602,431006,3,102,201011,0,1,1,1,0),(310603,431006,3,102,201021,0,1,1,1,0),(310604,431006,3,102,201031,0,1,1,1,0),(310605,431006,3,102,201041,0,1,1,1,0),(310606,431006,3,102,201051,0,1,1,1,0),(310607,431006,3,102,201061,0,1,1,1,0),(310608,431006,3,102,201071,0,1,1,1,0),(310609,431006,3,102,201081,0,1,1,1,0),(310610,431006,3,102,201091,0,1,1,1,0),(310611,431006,3,102,201101,0,1,1,1,0),(310612,431006,3,102,201111,0,1,1,1,0),(310701,431007,3,102,202001,0,1,1,1,0),(310702,431007,3,102,202011,0,1,1,1,0),(310703,431007,3,102,202021,0,1,1,1,0),(310704,431007,3,102,202031,0,1,1,1,0),(310705,431007,3,102,202041,0,1,1,1,0),(310706,431007,3,102,202051,0,1,1,1,0),(310707,431007,3,102,202061,0,1,1,1,0),(310708,431007,3,102,202071,0,1,1,1,0),(310709,431007,3,102,202081,0,1,1,1,0),(310710,431007,3,102,202091,0,1,1,1,0),(310711,431007,3,102,202101,0,1,1,1,0),(310712,431007,3,102,202111,0,1,1,1,0),(310801,431008,3,102,202001,0,1,1,1,0),(310802,431008,3,102,202011,0,1,1,1,0),(310803,431008,3,102,202021,0,1,1,1,0),(310804,431008,3,102,202031,0,1,1,1,0),(310805,431008,3,102,202041,0,1,1,1,0),(310806,431008,3,102,202051,0,1,1,1,0),(310807,431008,3,102,202061,0,1,1,1,0),(310808,431008,3,102,202071,0,1,1,1,0),(310809,431008,3,102,202081,0,1,1,1,0),(310810,431008,3,102,202091,0,1,1,1,0),(310811,431008,3,102,202101,0,1,1,1,0),(310812,431008,3,102,202111,0,1,1,1,0),(310901,431009,3,102,202001,0,1,1,1,0),(310902,431009,3,102,202011,0,1,1,1,0),(310903,431009,3,102,202021,0,1,1,1,0),(310904,431009,3,102,202031,0,1,1,1,0),(310905,431009,3,102,202041,0,1,1,1,0),(310906,431009,3,102,202051,0,1,1,1,0),(310907,431009,3,102,202061,0,1,1,1,0),(310908,431009,3,102,202071,0,1,1,1,0),(310909,431009,3,102,202081,0,1,1,1,0),(310910,431009,3,102,202091,0,1,1,1,0),(310911,431009,3,102,202101,0,1,1,1,0),(310912,431009,3,102,202111,0,1,1,1,0),(311001,431010,3,102,202001,0,1,1,1,0),(311002,431010,3,102,202011,0,1,1,1,0),(311003,431010,3,102,202021,0,1,1,1,0),(311004,431010,3,102,202031,0,1,1,1,0),(311005,431010,3,102,202041,0,1,1,1,0),(311006,431010,3,102,202051,0,1,1,1,0),(311007,431010,3,102,202061,0,1,1,1,0),(311008,431010,3,102,202071,0,1,1,1,0),(311009,431010,3,102,202081,0,1,1,1,0),(311010,431010,3,102,202091,0,1,1,1,0),(311011,431010,3,102,202101,0,1,1,1,0),(311012,431010,3,102,202111,0,1,1,1,0),(320101,432001,1,103,300006,0,0,1,1,0),(320102,432001,1,103,300008,0,0,1,1,0),(330101,433001,3,103,300002,0,13,1,1,0),(330102,433001,3,102,201021,0,40,1,1,0),(330103,433001,3,102,201022,0,40,1,1,0),(330104,433001,3,102,203090,0,700,1,1,0),(330105,433001,3,102,203090,0,207,2,2,0),(330201,433002,3,103,300004,0,13,1,1,0),(330202,433002,3,102,201041,0,40,1,1,0),(330203,433002,3,102,201042,0,40,1,1,0),(330204,433002,3,102,203090,0,700,1,1,0),(330205,433002,3,102,203090,0,207,2,2,0),(330301,433003,3,103,300005,0,13,1,1,0),(330302,433003,3,102,201051,0,40,1,1,0),(330303,433003,3,102,201052,0,40,1,1,0),(330304,433003,3,102,203090,0,700,1,1,0),(330305,433003,3,102,203090,0,207,2,2,0),(330401,433004,3,103,300010,0,13,1,1,0),(330402,433004,3,102,201101,0,40,1,1,0),(330403,433004,3,102,201102,0,40,1,1,0),(330404,433004,3,102,203090,0,700,1,1,0),(330405,433004,3,102,203090,0,207,2,2,0),(330501,433005,3,103,300012,0,13,1,1,0),(330502,433005,3,102,201121,0,40,1,1,0),(330503,433005,3,102,201122,0,40,1,1,0),(330504,433005,3,102,203090,0,700,1,1,0),(330505,433005,3,102,203090,0,207,2,2,0),(330601,433006,3,103,300013,0,13,1,1,0),(330602,433006,3,102,201131,0,40,1,1,0),(330603,433006,3,102,201132,0,40,1,1,0),(330604,433006,3,102,203090,0,700,1,1,0),(330605,433006,3,102,203090,0,207,2,2,0),(340101,434001,3,104,310202,0,13,1,1,0),(340102,434001,3,102,202021,0,40,1,1,0),(340103,434001,3,102,202022,0,40,1,1,0),(340104,434001,3,102,204090,0,700,1,1,0),(340105,434001,3,102,204090,0,207,2,2,0),(340201,434002,3,104,310402,0,13,1,1,0),(340202,434002,3,102,202041,0,40,1,1,0),(340203,434002,3,102,202042,0,40,1,1,0),(340204,434002,3,102,204090,0,700,1,1,0),(340205,434002,3,102,204090,0,207,2,2,0),(340301,434003,3,104,310502,0,13,1,1,0),(340302,434003,3,102,202051,0,40,1,1,0),(340303,434003,3,102,202052,0,40,1,1,0),(340304,434003,3,102,204090,0,700,1,1,0),(340305,434003,3,102,204090,0,207,2,2,0),(340401,434004,3,104,311002,0,13,1,1,0),(340402,434004,3,102,202101,0,40,1,1,0),(340403,434004,3,102,202102,0,40,1,1,0),(340404,434004,3,102,204090,0,700,1,1,0),(340405,434004,3,102,204090,0,207,2,2,0),(510001,451000,3,201,400001,0,90,1,1,0),(510002,451000,3,201,400002,0,10,1,1,0),(520001,452000,3,201,400002,0,80,1,1,0),(520002,452000,3,201,400003,0,20,1,1,0),(530001,453000,3,201,400002,0,78,1,1,0),(530002,453000,3,201,400003,0,20,1,1,0),(530003,453000,3,201,400004,0,2,1,1,0),(540001,454000,3,201,400004,0,82,1,1,0),(540002,454000,3,201,400005,0,18,1,1,0),(700001,470000,3,1,0,0,1,100,100,0),(700002,470000,3,2,0,0,1,50,50,0),(700004,470000,3,5,0,0,1,200,200,0),(700005,470000,3,101,0,0,1,600,600,0),(700006,470000,3,102,202023,0,1,1,1,0),(700007,470000,3,103,300008,0,1,1,1,0),(700008,470000,3,104,310402,0,1,1,1,0),(700009,470000,3,201,400001,0,1,1,1,0),(801001,480001,1,1,0,0,0,500,500,0),(801002,480001,1,102,210002,0,0,1,1,0),(802001,480002,1,1,0,0,0,1000,1000,0),(802002,480002,1,102,210003,0,0,1,1,0),(803001,480003,1,1,0,0,0,1000,1000,0),(803002,480003,1,102,210003,0,0,1,1,0),(804001,480004,1,1,0,0,0,1000,1000,0),(804002,480004,1,102,210004,0,0,1,1,0),(820101,482001,1,102,271101,0,0,1,1,0),(820201,482002,1,102,271201,0,0,1,1,0),(820202,482002,1,102,271301,0,0,1,1,0),(820301,482003,1,102,272102,0,0,1,1,0),(820401,482004,1,102,272201,0,0,1,1,0),(820402,482004,1,102,272301,0,0,1,1,0),(820501,482005,1,102,273302,0,0,1,1,0),(820601,482006,1,102,273104,0,0,1,1,0),(820602,482006,1,102,273203,0,0,1,1,0),(820701,482007,1,102,274205,0,0,1,1,0),(820801,482008,1,102,274207,0,0,1,1,0),(820802,482008,1,102,274205,0,0,1,1,0),(820901,482009,1,102,275302,0,0,1,1,0),(821001,482010,1,102,275106,0,0,1,1,0),(821002,482010,1,102,275204,0,0,1,1,0),(850101,485001,1,2,0,0,0,5,5,0),(850201,485002,1,2,0,0,0,5,5,0),(850301,485003,1,2,0,0,0,5,5,0),(850401,485004,1,2,0,0,0,10,10,0),(850501,485005,1,2,0,0,0,10,10,0),(850601,485006,1,2,0,0,0,10,10,0),(860102,486001,1,102,203090,0,0,1,1,0),(860103,486001,1,102,202101,0,0,2,2,0),(860202,486002,1,5,0,0,0,100,100,0),(860302,486003,1,5,0,0,0,250,250,0),(860401,486004,1,5,0,0,0,500,500,0),(860501,486005,1,5,0,0,0,1000,1000,0),(860601,486006,1,2,0,0,0,88,88,0),(860701,486007,1,102,202101,0,0,1,1,0),(860702,486007,1,5,0,0,0,80,80,0),(860801,486008,1,2,0,0,0,50,50,0),(860802,486008,1,5,0,0,0,80,80,0),(860901,486009,1,5,0,0,0,200,200,0),(861001,486010,1,5,0,0,0,320,320,0),(907601,490076,2,1,0,0,10000,30,30,0),(907602,490076,2,5,0,0,10000,5,5,0),(907603,490076,2,2,0,0,2000,10,10,0),(907701,490077,2,1,0,0,10000,45,45,0),(907702,490077,2,5,0,0,10000,5,5,0),(907703,490077,2,2,0,0,2000,20,20,0),(907801,490078,2,1,0,0,10000,60,60,0),(907802,490078,2,5,0,0,10000,10,10,0),(907803,490078,2,2,0,0,2000,30,30,0),(907901,490079,2,1,0,0,10000,90,90,0),(907902,490079,2,5,0,0,10000,10,10,0),(907903,490079,2,2,0,0,2000,40,40,0),(908001,490080,2,1,0,0,10000,100,100,0),(908002,490080,2,5,0,0,10000,20,20,0),(908003,490080,2,2,0,0,2000,50,50,0),(908101,490081,2,1,0,0,10000,200,200,0),(908102,490081,2,5,0,0,10000,100,100,0),(908103,490081,2,2,0,0,5000,100,100,0),(908201,490082,2,1,0,0,10000,200,200,0),(908202,490082,2,5,0,0,10000,100,100,0),(908203,490082,2,2,0,0,5000,100,100,0),(908301,490083,2,1,0,0,10000,500,500,0),(908302,490083,2,5,0,0,10000,200,200,0),(908303,490083,2,2,0,0,5000,200,200,0);
/*!40000 ALTER TABLE `box_drop` ENABLE KEYS */;
UNLOCK TABLES;

--
-- Table structure for table `brawl_data`
--

DROP TABLE IF EXISTS `brawl_data`;
/*!40101 SET @saved_cs_client     = @@character_set_client */;
/*!40101 SET character_set_client = utf8 */;
CREATE TABLE `brawl_data` (
  `brawl_ids` varchar(500) NOT NULL DEFAULT '' COMMENT '用逗号分隔的字符串',
  `day` int(11) NOT NULL COMMENT '代表这个月的第几天，天数多出来的忽略',
  PRIMARY KEY (`day`)
) ENGINE=InnoDB DEFAULT CHARSET=utf8 COMMENT='[local no use]';
/*!40101 SET character_set_client = @saved_cs_client */;

--
-- Dumping data for table `brawl_data`
--

LOCK TABLES `brawl_data` WRITE;
/*!40000 ALTER TABLE `brawl_data` DISABLE KEYS */;
INSERT INTO `brawl_data` VALUES ('100003',1),('100003',2),('100003',3),('100004',4),('100004',5),('100004',6),('100004',7),('100004',8),('100004',9),('100004',10),('100005',11),('100005',12),('100005',13),('100005',14),('100005',15),('100005',16),('100005',17),('100002',18),('100002',19),('100001',20),('100001',21),('100001',22),('100001',23),('100001',24),('100001',25),('100001',26),('100003',27),('100003',28),('100003',29),('100003',30),('100003',31);
/*!40000 ALTER TABLE `brawl_data` ENABLE KEYS */;
UNLOCK TABLES;

--
-- Table structure for table `brawl_map`
--

DROP TABLE IF EXISTS `brawl_map`;
/*!40101 SET @saved_cs_client     = @@character_set_client */;
/*!40101 SET character_set_client = utf8 */;
CREATE TABLE `brawl_map` (
  `id` int(10) NOT NULL COMMENT '乱斗唯一识别符',
  `name` varchar(200) NOT NULL COMMENT '[Language]乱斗名称',
  `map_id` int(10) NOT NULL COMMENT '从map表中读取id字段获取地图对战数据信息',
  `img_id` int(11) NOT NULL DEFAULT '0' COMMENT '乱斗入口图片',
  `hero_choose` int(10) NOT NULL DEFAULT '0' COMMENT '是否从所有英雄中选择:0=只选择已有英雄;1=所有英雄可以选择',
  `skin_open` int(10) NOT NULL DEFAULT '0' COMMENT '是否开放所有皮肤:1=全部拥有皮肤;0=只用默认皮肤',
  `part_open` int(10) NOT NULL DEFAULT '0' COMMENT '是否可以使用强化零件:1=使用;0=不使用',
  `limit_sex` int(10) NOT NULL DEFAULT '0' COMMENT '性别筛选:0=不限制;1=男性;2=女性',
  `limit_hero_cnt` int(10) NOT NULL DEFAULT '0' COMMENT '限制英雄的选择次数(0=不限制 >0 表示限制选择的次数)',
  `limit_gun_type` varchar(200) NOT NULL DEFAULT '' COMMENT '枪械类型筛选:填写枪械类型,可以为数组',
  `reborn_time` int(11) NOT NULL DEFAULT '0' COMMENT '复活时间',
  `limit_hero_id` varchar(200) NOT NULL DEFAULT '' COMMENT '英雄id筛选:填写英雄id,可以为数组',
  `hero_reborn_type` int(10) NOT NULL DEFAULT '0' COMMENT '英雄复活类型:0=复活原来英雄;1=复活随机其他英雄;2=复活玩家选择英雄',
  `atk_dmg_coefficient` int(11) NOT NULL COMMENT '普通攻击伤害系数，原damage字段，为万分比',
  `skill_dmg_coefficient` int(11) NOT NULL COMMENT '技能伤害系数，同上',
  `skill_cd_coefficient` int(11) NOT NULL COMMENT '技能CD系数，同上',
  `recovery_coefficient` int(11) NOT NULL COMMENT '影响血量恢复效果 万分比',
  `life_coefficient` int(11) NOT NULL COMMENT '血量上限系数，同上',
  `bullet_limit` int(11) NOT NULL COMMENT '子弹无限开关，1=子弹无限，0=默认',
  `sp_limit_type` int(10) NOT NULL DEFAULT '0' COMMENT '表示乱斗的特殊限定:0=不限定;1=道具限定',
  `sp_limit_type_parameter` varchar(200) NOT NULL DEFAULT '0' COMMENT '特殊限定的详细设定:道具限定时为限定道具ID,0=无限定',
  `inte_coefficient` int(11) NOT NULL DEFAULT '0' COMMENT '道具强度增加',
  `intro1` varchar(200) NOT NULL COMMENT '对局信息1',
  `intro2` varchar(200) NOT NULL COMMENT '对局信息2',
  PRIMARY KEY (`id`)
) ENGINE=InnoDB DEFAULT CHARSET=utf8;
/*!40101 SET character_set_client = @saved_cs_client */;

--
-- Dumping data for table `brawl_map`
--

LOCK TABLES `brawl_map` WRITE;
/*!40000 ALTER TABLE `brawl_map` DISABLE KEYS */;
INSERT INTO `brawl_map` VALUES (100001,'Sniper Deathmatch (TEAM)',817001,100001,1,1,1,0,0,'0',10,'300003,300004,300011',0,10000,10000,10000,10000,10000,10000,0,'0',0,'0','0'),(100002,'Sniper Deathmatch (SOLO)',812000,100001,1,1,1,0,0,'0',10,'300003,300004,300011',0,10000,10000,10000,10000,10000,10000,0,'0',0,'0','0'),(100003,'Skill Master',813003,100008,1,1,1,0,0,'0',10,'300005,300009',0,5000,15000,5000,10000,10000,10000,0,'0',0,'0','0'),(100004,'Mystery Mercenaries',813002,100007,1,0,0,0,0,'0',10,'0',1,10000,10000,10000,10000,10000,10000,0,'0',0,'0','0'),(100005,'Melee of Tanks',810002,100006,1,1,1,0,0,'0',10,'300001,300007,300010',0,10000,10000,10000,10000,10000,10000,0,'0',0,'0','0'),(100006,'Li Long\'s Clone War',815002,100004,1,1,1,0,0,'0',10,'300005',0,5000,15000,5000,10000,10000,10000,0,'0',0,'0','0'),(100007,'Melee of Swift Fighters',812000,100002,1,1,1,0,0,'0',10,'300002,300005,300009',0,10000,10000,10000,10000,10000,10000,0,'0',0,'0','0'),(100008,'Strategy without Limits',815000,100009,1,0,0,0,0,'0',10,'0',2,10000,10000,10000,10000,10000,10000,0,'0',0,'0','0');
/*!40000 ALTER TABLE `brawl_map` ENABLE KEYS */;
UNLOCK TABLES;

--
-- Table structure for table `brush_monster`
--

DROP TABLE IF EXISTS `brush_monster`;
/*!40101 SET @saved_cs_client     = @@character_set_client */;
/*!40101 SET character_set_client = utf8 */;
CREATE TABLE `brush_monster` (
  `id` int(10) NOT NULL AUTO_INCREMENT COMMENT '出怪数据ID',
  `name` varchar(20) NOT NULL DEFAULT '0' COMMENT '出怪数据名称，一般填写地图和出怪点信息，方便策划维护。',
  `wave` int(11) NOT NULL COMMENT '出怪波数：当前关卡总的出怪波数。',
  `wave_number` int(11) NOT NULL COMMENT '每一波的刷怪总数：每一波刷完N只怪后，就不会再刷新，直到下一波怪的刷新时间到。这个每一波数量是固定的，配置一次即可。',
  `wave_time` int(11) NOT NULL COMMENT '波数间隔时间：当前波次刷出第一只怪，到距离下一波刷出第一只怪的时间长度。',
  `batch_number` int(11) NOT NULL COMMENT '单批刷怪的数量：每波怪不是一下全刷出来，它们还会分批次刷出，这个是每一批一次性出现的怪物数量。直到把当前波次怪物数量刷完位置。',
  `batch_time` int(11) NOT NULL COMMENT '单批出怪间隔：每波怪刷出时，分批刷出的间隔时间。这个间隔时间同时代表当前波的怪物第一次刷出时间。',
  `monster_id` int(11) NOT NULL COMMENT '怪物种类ID：从怪物表里获取怪物种类ID。',
  `delay` int(20) NOT NULL DEFAULT '0' COMMENT '第一波怪延迟多少时间刷出。',
  PRIMARY KEY (`id`)
) ENGINE=InnoDB AUTO_INCREMENT=1010 DEFAULT CHARSET=utf8 COMMENT='[logic server no use]';
/*!40101 SET character_set_client = @saved_cs_client */;

--
-- Dumping data for table `brush_monster`
--

LOCK TABLES `brush_monster` WRITE;
/*!40000 ALTER TABLE `brush_monster` DISABLE KEYS */;
INSERT INTO `brush_monster` VALUES (1001,'出怪点A-怪物A',30,30,150000,1,5000,350100,0),(1002,'出怪点A-怪物B',20,30,150000,1,5000,350101,700000),(1003,'出怪点A-怪物C',10,30,150000,1,5000,350102,1400000),(1004,'出怪点B-怪物A',30,30,210000,1,7000,350100,0),(1005,'出怪点B-怪物B',20,30,210000,1,7000,350101,700000),(1006,'出怪点B-怪物C',10,30,210000,1,7000,350102,1400000),(1007,'出怪点C-怪物A',30,30,270000,1,9000,350100,0),(1008,'出怪点C怪物B',20,30,270000,1,9000,350101,700000),(1009,'出怪点C-怪物C',10,30,270000,1,9000,350102,1400000);
/*!40000 ALTER TABLE `brush_monster` ENABLE KEYS */;
UNLOCK TABLES;

--
-- Table structure for table `config_version`
--

DROP TABLE IF EXISTS `config_version`;
/*!40101 SET @saved_cs_client     = @@character_set_client */;
/*!40101 SET character_set_client = utf8 */;
CREATE TABLE `config_version` (
  `ver` varchar(50) NOT NULL,
  PRIMARY KEY (`ver`)
) ENGINE=InnoDB DEFAULT CHARSET=utf8 COMMENT='[local no use]';
/*!40101 SET character_set_client = @saved_cs_client */;

--
-- Dumping data for table `config_version`
--

LOCK TABLES `config_version` WRITE;
/*!40000 ALTER TABLE `config_version` DISABLE KEYS */;
INSERT INTO `config_version` VALUES ('1.4.2.150805');
/*!40000 ALTER TABLE `config_version` ENABLE KEYS */;
UNLOCK TABLES;

--
-- Table structure for table `country`
--

DROP TABLE IF EXISTS `country`;
/*!40101 SET @saved_cs_client     = @@character_set_client */;
/*!40101 SET character_set_client = utf8 */;
CREATE TABLE `country` (
  `id` int(11) NOT NULL COMMENT '唯一识别符',
  `img_id` int(11) NOT NULL COMMENT '对应的图标名称',
  `country_name` varchar(100) NOT NULL DEFAULT '' COMMENT '[Language]国家中文名',
  PRIMARY KEY (`id`)
) ENGINE=InnoDB DEFAULT CHARSET=utf8;
/*!40101 SET character_set_client = @saved_cs_client */;

--
-- Dumping data for table `country`
--

LOCK TABLES `country` WRITE;
/*!40000 ALTER TABLE `country` DISABLE KEYS */;
INSERT INTO `country` VALUES (1,100018,'Other'),(2,100001,'Australia'),(3,100002,'Brunei'),(4,100003,'Burma'),(5,100004,'Cambodia'),(6,100005,'Canada'),(7,100006,'China'),(8,100007,'India'),(9,100008,'Indonesia'),(10,100009,'Ireland'),(11,100010,'Laos'),(12,100011,'Malaysia'),(13,100012,'Philippines'),(14,100013,'Singapore'),(15,100014,'Thailand'),(16,100015,'United Kingdom'),(17,100016,'United States'),(18,100017,'Vietnam');
/*!40000 ALTER TABLE `country` ENABLE KEYS */;
UNLOCK TABLES;

--
-- Table structure for table `elo_match`
--

DROP TABLE IF EXISTS `elo_match`;
/*!40101 SET @saved_cs_client     = @@character_set_client */;
/*!40101 SET character_set_client = utf8 */;
CREATE TABLE `elo_match` (
  `id` int(10) NOT NULL DEFAULT '0',
  `time` int(10) NOT NULL DEFAULT '0' COMMENT '时间',
  `little_section` float NOT NULL DEFAULT '0' COMMENT '小区间',
  `big_section` float NOT NULL DEFAULT '0' COMMENT '大区间',
  PRIMARY KEY (`id`)
) ENGINE=InnoDB DEFAULT CHARSET=utf8 COMMENT='[local no use]';
/*!40101 SET character_set_client = @saved_cs_client */;

--
-- Dumping data for table `elo_match`
--

LOCK TABLES `elo_match` WRITE;
/*!40000 ALTER TABLE `elo_match` DISABLE KEYS */;
INSERT INTO `elo_match` VALUES (1,0,0.01,0.05),(2,10,0.03,0.08),(3,20,0.05,0.1),(4,30,0.1,0.15),(5,40,0.15,0.2),(6,50,0.2,0.3),(7,60,0.3,0.35);
/*!40000 ALTER TABLE `elo_match` ENABLE KEYS */;
UNLOCK TABLES;

--
-- Table structure for table `fast_command`
--

DROP TABLE IF EXISTS `fast_command`;
/*!40101 SET @saved_cs_client     = @@character_set_client */;
/*!40101 SET character_set_client = utf8 */;
CREATE TABLE `fast_command` (
  `id` int(10) NOT NULL COMMENT '系统编号',
  `mode_type` int(10) NOT NULL COMMENT '模式类型：1=人头模式（团队战），2=歼灭战模式，3=人质解救模式，4=爆破模式，5=资源模式，6=占领模式，7=手雷战模式、8=狙击战模式，10=混战模式，11=新手模式，12=新手引导，99=测试模式',
  `fast_command` varchar(200) NOT NULL COMMENT '[Language]快捷指令',
  PRIMARY KEY (`id`)
) ENGINE=InnoDB DEFAULT CHARSET=utf8;
/*!40101 SET character_set_client = @saved_cs_client */;

--
-- Dumping data for table `fast_command`
--

LOCK TABLES `fast_command` WRITE;
/*!40000 ALTER TABLE `fast_command` DISABLE KEYS */;
INSERT INTO `fast_command` VALUES (1,1,'Frontal Attack!'),(2,1,'Flank!'),(3,1,'Cover Me!'),(4,1,'Fall Back!'),(5,1,'Spread Out!'),(6,1,'Follow Me!'),(7,4,'Attack!'),(8,4,'Defend!'),(9,4,'Cover Me!'),(10,4,'Fall Back!'),(11,4,'Rally in Zone A'),(12,4,'Rally in Zone B'),(13,5,'Attack!'),(14,5,'Defend!'),(15,5,'Cover Me!'),(16,5,'Fall Back!'),(17,5,'Control Point!'),(18,5,'Rally!');
/*!40000 ALTER TABLE `fast_command` ENABLE KEYS */;
UNLOCK TABLES;

--
-- Table structure for table `fight_hero_grow`
--

DROP TABLE IF EXISTS `fight_hero_grow`;
/*!40101 SET @saved_cs_client     = @@character_set_client */;
/*!40101 SET character_set_client = utf8 */;
CREATE TABLE `fight_hero_grow` (
  `id` int(10) NOT NULL COMMENT '系统编号',
  `level` int(10) NOT NULL COMMENT '等级',
  `hero_id` int(10) NOT NULL DEFAULT '0' COMMENT '英雄id，0为通用',
  `talent_parm` varchar(200) NOT NULL DEFAULT '0' COMMENT '效果参数【格式：talent_id1,lv: talent_id2,lv:……】',
  `talent_grow1` varchar(200) NOT NULL DEFAULT '0' COMMENT '可以选择的天赋，填写天赋ID和天赋等级，表示这个天赋的效果，0=无影响',
  `talent_grow2` varchar(200) NOT NULL DEFAULT '0' COMMENT '同上',
  PRIMARY KEY (`id`)
) ENGINE=InnoDB DEFAULT CHARSET=utf8;
/*!40101 SET character_set_client = @saved_cs_client */;

--
-- Dumping data for table `fight_hero_grow`
--

LOCK TABLES `fight_hero_grow` WRITE;
/*!40000 ALTER TABLE `fight_hero_grow` DISABLE KEYS */;
INSERT INTO `fight_hero_grow` VALUES (1,2,0,'540001:1,540002:1,540003:1,540007:1','0','0'),(2,3,0,'540001:2,540002:2,540003:2,540007:2','0','0'),(3,4,0,'540001:3,540002:3,540003:3,540007:3','0','0'),(4,5,0,'540001:4,540002:4,540003:4,540007:4','0','0'),(5,6,0,'540001:5,540002:5,540003:5,540004:1,540006:1,540007:5,540008:1','0','0'),(6,7,0,'540001:6,540002:6,540003:6,540004:2,540006:2,540007:6,540008:1','0','0'),(7,8,0,'540001:7,540002:7,540003:7,540004:3,540006:3,540007:7,540008:1','0','0'),(8,9,0,'540001:8,540002:8,540003:8,540004:4,540006:4,540007:8,540008:1','0','0'),(9,10,0,'540001:9,540002:9,540003:9,540004:5,540006:5,540007:9,540008:1','0','0'),(10,11,0,'540001:10,540002:10,540003:10,540004:6,540006:6,540007:10,540008:2','0','0'),(11,12,0,'540001:11,540002:11,540003:11,540004:7,540006:7,540007:11,540008:2','0','0'),(12,13,0,'540001:12,540002:12,540003:12,540004:8,540006:8,540007:12,540008:2','0','0'),(13,14,0,'540001:13,540002:13,540003:13,540004:9,540006:9,540007:13,540008:2','0','0'),(14,15,0,'540001:14,540002:14,540003:14,540004:10,540006:10,540007:14,540008:2','0','0'),(15,16,0,'540001:15,540002:15,540003:15,540004:11,540006:11,540007:15,540008:3','0','0'),(16,4,300000,'0','530001:1','530006:1'),(17,7,300000,'0','530003:1','530004:1'),(18,10,300000,'0','530007:1','530008:1'),(19,13,300000,'0','530005:1','530002:1'),(20,4,300001,'0','530101:1','530106:1'),(21,7,300001,'0','530105:1','530102:1'),(22,10,300001,'0','530107:1','530108:1'),(23,13,300001,'0','530103:1','530104:1'),(24,4,300002,'0','530201:1','530202:1'),(25,7,300002,'0','530203:1','530204:1'),(26,10,300002,'0','530207:1','530208:1'),(27,13,300002,'0','530205:1','530206:1'),(28,4,300003,'0','530301:1','530302:1'),(29,7,300003,'0','530303:1','530304:1'),(30,10,300003,'0','530307:1','530308:1'),(31,13,300003,'0','530305:1','530306:1'),(32,4,300004,'0','530401:1','530402:1'),(33,7,300004,'0','530403:1','530404:1'),(34,10,300004,'0','530407:1','530408:1'),(35,13,300004,'0','530405:1','530406:1'),(36,4,300005,'0','530501:1','530503:1'),(37,7,300005,'0','530502:1','530504:1'),(38,10,300005,'0','530507:1','530508:1'),(39,13,300005,'0','530505:1','530506:1'),(40,4,300006,'0','530601:1','530602:1'),(41,7,300006,'0','530603:1','530604:1'),(42,10,300006,'0','530607:1','530608:1'),(43,13,300006,'0','530605:1','530606:1'),(44,4,300007,'0','530701:1','530702:1'),(45,7,300007,'0','530703:1','530704:1'),(46,10,300007,'0','530707:1','530708:1'),(47,13,300007,'0','530705:1','530706:1'),(48,4,300008,'0','530801:1','530802:1'),(49,7,300008,'0','530803:1','530804:1'),(50,10,300008,'0','530807:1','530808:1'),(51,13,300008,'0','530805:1','530806:1'),(52,4,300009,'0','530901:1','530902:1'),(53,7,300009,'0','530903:1','530904:1'),(54,10,300009,'0','530907:1','530908:1'),(55,13,300009,'0','530905:1','530906:1'),(56,4,300010,'0','531001:1','531002:1'),(57,7,300010,'0','531003:1','531004:1'),(58,10,300010,'0','531007:1','531008:1'),(59,13,300010,'0','531005:1','531006:1'),(60,4,300011,'0','531101:1','531102:1'),(61,7,300011,'0','531103:1','531106:1'),(62,10,300011,'0','531107:1','531108:1'),(63,13,300011,'0','531105:1','531104:1'),(64,4,300012,'0','531201:1','531202:1'),(65,7,300012,'0','531203:1','531204:1'),(66,10,300012,'0','531207:1','531208:1'),(67,13,300012,'0','531205:1','531206:1'),(68,4,300013,'0','531301:1','531302:1'),(69,7,300013,'0','531303:1','531304:1'),(70,10,300013,'0','531307:1','531308:1'),(71,13,300013,'0','531305:1','531306:1');
/*!40000 ALTER TABLE `fight_hero_grow` ENABLE KEYS */;
UNLOCK TABLES;

--
-- Table structure for table `fight_lv`
--

DROP TABLE IF EXISTS `fight_lv`;
/*!40101 SET @saved_cs_client     = @@character_set_client */;
/*!40101 SET character_set_client = utf8 */;
CREATE TABLE `fight_lv` (
  `level` int(11) NOT NULL DEFAULT '0' COMMENT '等级',
  `exp` int(11) NOT NULL DEFAULT '0' COMMENT '经验',
  `kill_drop_trigger` int(11) NOT NULL DEFAULT '0' COMMENT '等级掉落对应触发器',
  `skull_effect` int(11) NOT NULL DEFAULT '0' COMMENT '等级特效',
  `kill_exp` int(11) NOT NULL DEFAULT '0' COMMENT '自己被击杀后，对方击杀者可获得的经验',
  `kill_drop_exp` int(11) NOT NULL DEFAULT '0' COMMENT '自己被击杀后，自己掉落经验',
  PRIMARY KEY (`level`)
) ENGINE=InnoDB DEFAULT CHARSET=utf8 COMMENT='[logic server no use]';
/*!40101 SET character_set_client = @saved_cs_client */;

--
-- Dumping data for table `fight_lv`
--

LOCK TABLES `fight_lv` WRITE;
/*!40000 ALTER TABLE `fight_lv` DISABLE KEYS */;
INSERT INTO `fight_lv` VALUES (1,0,850024,0,75,0),(2,100,850024,30002,90,0),(3,200,850024,30003,105,0),(4,400,850024,30004,120,45),(5,600,850024,30005,135,75),(6,900,850025,30006,150,135),(7,1200,850025,30007,180,150),(8,1600,850025,30008,240,180),(9,2000,850025,30009,300,240),(10,2500,850025,30010,375,330),(11,3000,850026,30011,450,450),(12,3600,850026,30012,540,630),(13,4200,850026,30013,630,810),(14,5000,850026,30014,750,990),(15,5800,850026,30015,870,1170),(16,7000,850026,30016,1050,1350);
/*!40000 ALTER TABLE `fight_lv` ENABLE KEYS */;
UNLOCK TABLES;

--
-- Table structure for table `fight_reward`
--

DROP TABLE IF EXISTS `fight_reward`;
/*!40101 SET @saved_cs_client     = @@character_set_client */;
/*!40101 SET character_set_client = utf8 */;
CREATE TABLE `fight_reward` (
  `reward_lv` int(10) NOT NULL DEFAULT '1' COMMENT '奖励阶段',
  `box_id` int(10) NOT NULL DEFAULT '1' COMMENT '奖励宝箱id',
  `box_amount` int(10) NOT NULL DEFAULT '1' COMMENT '奖励宝箱数量',
  `need_star` int(10) NOT NULL DEFAULT '1' COMMENT '该阶段奖励所需要星星数量',
  PRIMARY KEY (`reward_lv`)
) ENGINE=InnoDB DEFAULT CHARSET=utf8;
/*!40101 SET character_set_client = @saved_cs_client */;

--
-- Dumping data for table `fight_reward`
--

LOCK TABLES `fight_reward` WRITE;
/*!40000 ALTER TABLE `fight_reward` DISABLE KEYS */;
INSERT INTO `fight_reward` VALUES (1,401001,1,5),(2,401002,1,10),(3,401003,1,15),(4,401004,1,20),(5,401005,1,30);
/*!40000 ALTER TABLE `fight_reward` ENABLE KEYS */;
UNLOCK TABLES;

--
-- Table structure for table `game_helper`
--

DROP TABLE IF EXISTS `game_helper`;
/*!40101 SET @saved_cs_client     = @@character_set_client */;
/*!40101 SET character_set_client = utf8 */;
CREATE TABLE `game_helper` (
  `id` int(11) NOT NULL AUTO_INCREMENT COMMENT '编号',
  `helper_type` int(10) NOT NULL DEFAULT '0' COMMENT '小秘书类型1=获取金币，2=获取英雄，3=获取零件',
  `helper_name` varchar(50) NOT NULL DEFAULT '' COMMENT '[Language]类型名称',
  `case_type` int(10) NOT NULL DEFAULT '0' COMMENT '1=战斗，2=BOSS副本，3=每日任务，4=极品夺宝，5=兵团竞技，6=好友赠送，7=签到福利。8=商城购买，9=等级礼包，10=特惠礼包。11=零件抽取',
  `case_name` varchar(100) NOT NULL DEFAULT '' COMMENT '[Language]对应情况的名称',
  `case_word` text NOT NULL COMMENT '[Language]情况说明文字',
  `case_icon` int(10) NOT NULL DEFAULT '0' COMMENT '情况对应图标',
  PRIMARY KEY (`id`)
) ENGINE=InnoDB AUTO_INCREMENT=14 DEFAULT CHARSET=utf8 COMMENT='[logic server no use]';
/*!40101 SET character_set_client = @saved_cs_client */;

--
-- Dumping data for table `game_helper`
--

LOCK TABLES `game_helper` WRITE;
/*!40000 ALTER TABLE `game_helper` DISABLE KEYS */;
INSERT INTO `game_helper` VALUES (1,1,'Acquire\\nGold',1,'Combat','Earn gold by participating in: Qualifying Match, Deathmatch, Team Deathmatch, Team Battle, Newbie Area and Entertainment Mode.',940001),(2,1,'Acquire\\nGold',3,'Daily Task','Complete daily tasks to earn generous amount of gold.',940002),(3,1,'Acquire\\nGold',4,'Lottery','You get big chance to earn a bunch of gold from Lottery.',940003),(4,1,'Acquire\\nGold',6,'Friend\'s Gift','You will get some gold from friends\' gifts.',940005),(5,1,'Acquire\\nGold',7,'Sign-in','Sign-in to get your daily reward!',940006),(6,2,'Acquire\\nHeroes',8,'Store','Buy any of your favorite heroes in the store.',940007),(7,2,'Acquire\\nHeroes',4,'Lottery','Bring amazing heroes home if you\'re lucky enough!',940003),(8,2,'Acquire\\nHeroes',10,'Value-added Packs','Sometimes you will find value-added packs in the daily store.',940009),(9,3,'Acquire\\nComponents',11,'Craft & Combine','Best way to acquire components.',940010),(10,3,'Acquire\\nComponents',4,'Lottery','You get chance to gain components from Lottery.',940003),(11,3,'Acquire\\nComponents',7,'Rewards','You can get free components with rewards.',940006);
/*!40000 ALTER TABLE `game_helper` ENABLE KEYS */;
UNLOCK TABLES;

--
-- Table structure for table `game_helper_word`
--

DROP TABLE IF EXISTS `game_helper_word`;
/*!40101 SET @saved_cs_client     = @@character_set_client */;
/*!40101 SET character_set_client = utf8 */;
CREATE TABLE `game_helper_word` (
  `id` int(11) NOT NULL,
  `word` varchar(64) NOT NULL DEFAULT '0' COMMENT '[Language]',
  PRIMARY KEY (`id`)
) ENGINE=InnoDB DEFAULT CHARSET=utf8 COMMENT='[logic server no use]';
/*!40101 SET character_set_client = @saved_cs_client */;

--
-- Dumping data for table `game_helper_word`
--

LOCK TABLES `game_helper_word` WRITE;
/*!40000 ALTER TABLE `game_helper_word` DISABLE KEYS */;
INSERT INTO `game_helper_word` VALUES (1,'Hi, may I help you?'),(2,'Check what else you can do today!'),(3,'Do you want to get stronger? Check this out!'),(4,'Captain, I bet you need some guidance.');
/*!40000 ALTER TABLE `game_helper_word` ENABLE KEYS */;
UNLOCK TABLES;

--
-- Table structure for table `game_lang`
--

DROP TABLE IF EXISTS `game_lang`;
/*!40101 SET @saved_cs_client     = @@character_set_client */;
/*!40101 SET character_set_client = utf8 */;
CREATE TABLE `game_lang` (
  `id` varchar(90) NOT NULL DEFAULT '0' COMMENT 'key',
  `lang_0` varchar(500) NOT NULL DEFAULT '0',
  `lang_1` varchar(500) NOT NULL DEFAULT '0' COMMENT '[Language]',
  `lang_2` varchar(500) NOT NULL DEFAULT '0',
  `lang_3` varchar(500) NOT NULL DEFAULT '0',
  `lang_4` varchar(500) NOT NULL DEFAULT '0',
  `lang_5` varchar(500) NOT NULL DEFAULT '0',
  `lang_6` varchar(500) NOT NULL DEFAULT '0',
  `lang_7` varchar(500) NOT NULL DEFAULT '0',
  `lang_8` varchar(500) NOT NULL DEFAULT '0',
  `lang_9` varchar(500) NOT NULL DEFAULT '0',
  `lang_10` varchar(500) NOT NULL DEFAULT '0',
  PRIMARY KEY (`id`),
  UNIQUE KEY `Id_UNIQUE` (`id`)
) ENGINE=InnoDB DEFAULT CHARSET=utf8 COMMENT='[logic server no use]';
/*!40101 SET character_set_client = @saved_cs_client */;

--
-- Dumping data for table `game_lang`
--

LOCK TABLES `game_lang` WRITE;
/*!40000 ALTER TABLE `game_lang` DISABLE KEYS */;
INSERT INTO `game_lang` VALUES ('ActivityUI_01','活动','Event','','','','','','','','',''),('ActivityUI_02','精彩活动','Hot Event','','','','','','','','',''),('ActivityUI_03','公告','Notice','','','','','','','','',''),('ActivityUI_04','活动标题','Event Title','','','','','','','','',''),('ActivityUI_05','公告标题','Notice Title','','','','','','','','',''),('ActivityUI_06','活动时间    {0}-{1}-{2} {3}:{4}:{5}    到    {6}-{7}-{8} {9}:{10}:{11}','Duration:    {0}-{1}-{2} {3}:{4}:{5}    to    {6}-{7}-{8} {9}:{10}:{11}','','','','','','','','',''),('ActivityUI_07','活动内容','Event Content','','','','','','','','',''),('ActivityUI_08','击败','Kills','','','','','','','','',''),('ActivityUI_09','助攻','Assists','','','','','','','','',''),('ActivityUI_10','爆头','Headshots','','','','','','','','',''),('ActivityUI_11','任何','Any','','','','','','','','',''),('ActivityUI_12','单笔充值超过{0}元{1}次','Single purchase exceeded {0} RMB {1} times','','','','','','','','',''),('ActivityUI_13','累计充值{0}元','Total purchases exceed {0} RMB','','','','','','','','',''),('ActivityUI_14','单笔充值{0}元档{1}次','Single purchase charged {0} RMB {1} times','','','','','','','','',''),('ActivityUI_15','累计消耗 {0} x {1}个','Spent a total of {0} x {1}','','','','','','','','',''),('ActivityUI_16','累计收集 {0} x {1}个','Collect a total of {0} x {1}','','','','','','','','',''),('ActivityUI_17','购买 {0} x {1}个','Buy {0} x {1}','','','','','','','','',''),('ActivityUI_18','累计{0}{1}次','Accumulate {0}{1} times','','','','','','','','',''),('ActivityUI_19','累计登陆{0}天','Log in a total of {0} days','','','','','','','','',''),('ActivityUI_20','连续登陆{0}天','Log in {0} consecutive days','','','','','','','','',''),('ActivityUI_21','累计签到{0}天','Sign-in a total of {0} days','','','','','','','','',''),('ActivityUI_22','连续签到{0}天','Sign-in {0} consecutive days','','','','','','','','',''),('ActivityUI_23','累计{0}天，每天在线{1}分钟','Spend {0} minutes online on a total of {1} days','','','','','','','','',''),('ActivityUI_24','连续{0}天，每天在线{1}分钟','Spend {0} minutes online on {1} consecutive days','','','','','','','','',''),('ActivityUI_26','累计活跃值达到{0}','Accumulate {0} activity points','','','','','','','','',''),('ActivityUI_27','完成{0}{1}{2}{3}{4}{5}{6}次','Completed for {0}{1}{2}{3}{4}{5}{6} times','','','','','','','','',''),('ActivityUI_28','在{0}{1}{2}{3}{4}中使用{5}完成{6}次{7}','Used {0} in the {1}{2}{3}{4}{5}; completed {6} for {7} times','','','','','','','','',''),('ActivityUI_29','在{0}{1}{2}{3}{4}中战斗{5}秒','Battled for {0} sec in the {1}{2}{3}{4}{5}','','','','','','','','',''),('ActivityUI_30','物品','Item','','','','','','','','',''),('ActivityUI_31','武器','Weapon','','','','','','','','',''),('ActivityUI_32','金币单抽','Gold Draw x1','','','','','','','','',''),('ActivityUI_33','金币十连','Gold Draw x10','','','','','','','','',''),('ActivityUI_34','钻石单抽','Diamond Draw x1','','','','','','','','',''),('ActivityUI_35','钻石十连','Diamond Draw x10','','','','','','','','',''),('ActivityUI_36','极品夺宝','Treasure\nHunting','','','','','','','','',''),('ActivityUI_37','任何夺宝','Any Lottery','','','','','','','','',''),('ActivityUI_38','任意','Any','','','','','','','','',''),('ActivityUI_39','人数','Players','','','','','','','','',''),('ActivityUI_40','匹配类型','Matching Type','','','','','','','','',''),('ActivityUI_41','战斗类型','Battle Type','','','','','','','','',''),('ActivityUI_42','战斗模式','Battle Mode','','','','','','','','',''),('ActivityUI_43','地图','Map','','','','','','','','',''),('ActivityUI_44','人头模式','Kill Mode','','','','','','','','',''),('ActivityUI_45','团队模式','Team Match','','','','','','','','',''),('ActivityUI_46','人质解救模式','Rescue Mode','','','','','','','','',''),('ActivityUI_47','埋弹模式','Bomb Mode','','','','','','','','',''),('ActivityUI_48','互拆基地模式','Destroy Mode','','','','','','','','',''),('ActivityUI_49','抢占资源模式','Control Mode','','','','','','','','',''),('ActivityUI_50','solo模式','Solo Mode','','','','','','','','',''),('ActivityUI_51','多人混战模式','Melee Mode','','','','','','','','',''),('ActivityUI_52','不计胜利','Battles','','','','','','','','',''),('ActivityUI_53','胜利','Victory','','','','','','','','',''),('ActivityUI_54','宝箱详情','Chest Details','','','','','','','','',''),('ActivityUI_55','前往','Go','','','','','','','','',''),('ActivityUI_56','领取','Collect','','','','','','','','',''),('ActivityUI_57','已领取','Collected','','','','','','','','',''),('ActivityUI_58','兑换','Exchange','','','','','','','','',''),('ActivityUI_59','已兑换','Exchanged','','','','','','','','',''),('ActivityUI_60','不可兑换','Cannot exchange','','','','','','','','',''),('ActivityUI_61','品质','Quality','','','','','','','','',''),('ActivityUI_62','失败','Fail','','','','','','','','',''),('ActivityUI_63','是否兑换以下物品','Exchange for the following items?','','','','','','','','',''),('ActivityUI_64','活动已更新','Event Updated','','','','','','','','',''),('AndroidPermission_Accounts_ForbiddenError','需要获取用户信息用于登录, 请到应用权限设置界面中打开。','The Accounts permission required for account authorization usage in Counter Storm was denied. Please go to Settings - Apps - Counter Storm - Permissions and grant Account permission.','0','0','0','0','0','0','0','0','0'),('AndroidPermission_Accounts_NormalError','需要获取用户信息用于登录, 请点击打开。','Counter Storm requires account permissions for account authorization usage in order to run properly. Please tap confirm to grant the permissions.','0','0','0','0','0','0','0','0','0'),('AndroidPermission_Audio_ForbiddenError','语音权限已被禁用，请到应用权限设置里将其打开。','The Audio permission required for chatting with team members in battle was denied. This function makes team communication more prompt, you can go to Settings - Apps - Counter Storm - Permissions and grant Audio permission.','0','0','0','0','0','0','0','0','0'),('AndroidPermission_Audio_NormalError','开启语音权限，可与队友进行语音沟通，使交流更为便捷。','Counter Storm requests Audio permission to provide battleground chatting function which will make team communication more prompt. Please tap confirm to grant Audio permission.','0','0','0','0','0','0','0','0','0'),('AndroidPermission_ExplanationTitle','《反击风暴》权限被拒绝','Permission Denied','0','0','0','0','0','0','0','0','0'),('AndroidPermission_Storage_ForbiddenError','运行的必要存储权限被拒绝，请到应用权限设置界面打开“存储空间权限”。','The Storage permissions required to run Counter Storm were denied. Please go to Settings - Apps - Counter Storm - Permissions and grant Storage permissions.','0','0','0','0','0','0','0','0','0'),('AndroidPermission_Storage_NormalError','存储权限是我们游戏必要的权限，请点击打开。','Counter Storm requests to access files created by the game and stored on your device in order to run properly. Your personal media, photos, and files will NOT be accessed. Please tap confirm to grant the permissions.','0','0','0','0','0','0','0','0','0'),('APPPRUCHASE_NOTICE_01','应用内购买已关闭，请在手机设置内开启','In-App Purchases are turned off, please turn them on in your device\'s settings','','','','','','','','',''),('BattleChat_01','全体','All','','','','','','','','',''),('BattleChat_02','队伍','Team','','','','','','','','',''),('BattleChat_03','观战','Spectators','','','','','','','','',''),('BattleChat_04','{0}[{1}]{2}[-][{3}]: {4}[-]','{0}[{1}]{2}[-][{3}]: {4}[-]','','','','','','','','',''),('BattleEquipUpUI_01','装备升级','Equip. Upgrade','','','','','','','','',''),('BattleEquipUpUI_02','装备名 {0}','Equipment: {0}','','','','','','','','',''),('BattleEquipUpUI_03','Lv','Lv','','','','','','','','',''),('BattleEquipUpUI_04','战力 ','Power ','','','','','','','','',''),('BattleEquipUpUI_05','生命 ','HP ','','','','','','','','',''),('BattleEquipUpUI_06','护甲 ','Armor ','','','','','','','','',''),('BattleEquipUpUI_07','换弹 ','Reload ','','','','','','','','',''),('BattleEquipUpUI_08','暴击 ','Crit ','','','','','','','','',''),('BattleEquipUpUI_09','韧性 ','Tenacity ','','','','','','','','',''),('BattleEquipUpUI_10','机动 ','Speed','','','','','','','','',''),('BattleEquipUpUI_11','道具强度 ','Item STR','','','','','','','','',''),('BattleEquipUpUI_12','材料名 {0}','Material {0}','','','','','','','','',''),('BattleEquipUpUI_13','掉落详情','Drop Details','','','','','','','','',''),('BattleEquipUpUI_14','升级','Upgrade','','','','','','','','',''),('BattleEquipUpUI_15','一键升级','Quick Upgrade','','','','','','','','',''),('BattleEquipUpUI_16','枪械部件升级','Gun Parts Upgrade','','','','','','','','',''),('BattleEquipUpUI_17','伤害 ','DMG','','','','','','','','',''),('BattleEquipUpUI_18','穿透 ','Penetration ','','','','','','','','',''),('BattleEquipUpUI_19','射速 ','Fire Rate ','','','','','','','','',''),('BattleEquipUpUI_20','弹夹 ','Magazine ','','','','','','','','',''),('BattleEquipUpUI_21','填弹 ','Reload ','','','','','','','','',''),('BattleEquipUpUI_22','精准 ','Accuracy ','','','','','','','','',''),('BattleEquipUpUI_23','射程 ','Range ','','','','','','','','',''),('BattleEquipUpUI_24','稳定 ','Stability ','','','','','','','','',''),('BattleEquipUpUI_25','拥有数量 {0}','Owned: {0}','','','','','','','','',''),('BattleEquipUpUI_26','升级消耗','Upgrade Cost','','','','','','','','',''),('BattleEquipUpUI_27','已至最高','Fully upgraded','','','','','','','','',''),('BattleInviteUI_01','邀请','Invite','','','','','','','','',''),('BattleInviteUI_02','拒绝','Reject','','','','','','','','',''),('BattleInviteUI_03','接受','Accept','','','','','','','','',''),('BattleInviteUI_04','邀请您','Invites you','','','','','','','','',''),('BattleInviteUI_05','组队','Team','','','','','','','','',''),('BattleInviteUI_06','开房间','to join','','','','','','','','',''),('BattleInviteUI_07','(来自好友)','(From Friend)','','','','','','','','',''),('BattleInviteUI_08','(来自兵团)','(From Legion)','','','','','','','','',''),('BattleInviteUI_09','(来自陌生人)','(From Stranger)','','','','','','','','',''),('BattleLoadView_01','匹配成功','Matching Successful','','','','','','','','',''),('BattleLoadView_02','已准备 ','Ready','','','','','','','','',''),('BattleLoadView_03','准备倒计时 ','Ready in','','','','','','','','',''),('BattleRankingView_01','未参加排位赛','No Record','','','','','','','','',''),('BattleRankingView_02','单人','SOLO','','','','','','','','',''),('BattleRankingView_03','多人组队','Party','','','','','','','','',''),('BattleRankingView_04','最近比赛','Recent Battle','','','','','','','','',''),('BattleRankingView_05','本赛季成绩','Performance','','','','','','','','',''),('BattleRankingView_06','本赛季时间({0})','Season Duration ({0})','','','','','','','','',''),('BattleRankingView_07','胜场  ','Wins ','','','','','','','','',''),('BattleRankingView_08','场次  ','Matches','','','','','','','','',''),('BattleRankingView_09','最高连胜  ','Best Winning Streak ','','','','','','','','',''),('BattleRankingView_10','胜','Victory','','','','','','','','',''),('BattleRankingView_11','败','Failed','','','','','','','','',''),('BattleRankingView_12','{0}月{1}日 {2}:{3}','{0}/{1} {2}:{3}','','','','','','','','',''),('BattleRankingView_13','连胜场次','Winning Streak','','','','','','','','',''),('BattleRankingView_14','连胜{0}次可获得额外奖励一颗星','[22]Winning {0} times in a row and get extra 1 star','','','','','','','','',''),('BattleRankingView_15','{0}段位可领取','Available for Rank {0} ','','','','','','','','',''),('BattleRankingView_16','赛季结束可领取','Available when season ends','','','','','','','','',''),('BattleRankingView_17','暂时没有历史赛季成绩！','No record of season ranking','','','','','','','','',''),('BattleRankingView_18','赛季结算段位','Final ranking of the season','','','','','','','','',''),('BattleRankingView_19','赛季继承段位','Rank Inherited From Last Season','','','','','','','','',''),('BattleRankingView_20','比赛信息','Info','','','','','','','','',''),('BattleRankingView_21','必须拥有{0}名英雄  当前','Get at least 5 heroes. Current:','','','','','','','','',''),('BattleRankingView_22','联赛要求','Requirements','','','','','','','','',''),('BattleRankingView_23','至少需要{0}名英雄才能参加排位赛','','','','','','','','','',''),('BattleRankingView_24','本赛季未参加排位赛','Haven\'t participated in qualifying match for this season','','','','','','','','',''),('BattleRankingView_25','段位保护已开启','Rank protection activated','0','0','0','0','0','0','0','0','0'),('BattleRankingView_26','差{0}分开启段位保护','Need {0} more points to activate protection','0','0','0','0','0','0','0','0','0'),('BattleRankingView_27','勇者积分','Figter Points','0','0','0','0','0','0','0','0','0'),('BattleRankingView_28','积满{0}分=1颗星','{0} points get 1 star','0','0','0','0','0','0','0','0','0'),('BattleRankingView_29','赛季奖励','Season Rewards','0','0','0','0','0','0','0','0','0'),('BattleRankingView_30','我们正在打扫排位房间，敬请期待全新的赛季！','We are resetting the rankings, please wait till the new season starts!','0','0','0','0','0','0','0','0','0'),('BattleRoomUI_01','当前线路:','Current line:','','','','','','','','',''),('BattleRoomUI_02','房间总数:','Total rooms:','','','','','','','','',''),('BattleRoomUI_03','模式筛选','Mode Filter','','','','','','','','',''),('BattleRoomUI_04','房间名:','Room:','','','','','','','','',''),('BattleRoomUI_05','房主:','Host:','','','','','','','','',''),('BattleRoomUI_06','地图名称:','Map:','','','','','','','','',''),('BattleRoomUI_07','模式:','Mode:','','','','','','','','',''),('BattleRoomUI_08','快速加入','Quick Join','','','','','','','','',''),('BattleRoomUI_09','观战','Spectate','','','','','','','','',''),('BattleRoomUI_10','加入房间','Join room','','','','','','','','',''),('BattleRoomUI_11','创建房间','Create room','','','','','','','','',''),('BattleRoomUI_12','房间状态','Room status','','','','','','','','',''),('BattleRoomUI_13','模式选择','Modes','','','','','','','','',''),('BattleRoomUI_14','房间条件选择','Conditions','','','','','','','','',''),('BattleRoomUI_15','模式选择','Modes','','','','','','','','',''),('BattleRoomUI_16','地图选择','Maps','','','','','','','','',''),('BattleRoomUI_17','房间名称','Room','','','','','','','','',''),('BattleRoomUI_18','密码设置','Password','','','','','','','','',''),('BattleRoomUI_19','请选择局数上限','Select the upper limit of games.','','','','','','','','',''),('BattleRoomUI_20','请选择人头上限','Select the upper limit of kills.','','','','','','','','',''),('BattleRoomUI_21','确定','Confirm','','','','','','','','',''),('BattleRoomUI_22','热门模式','Hot Mode','','','','','','','','',''),('BattleRoomUI_23','普通模式','Normal Mode','','','','','','','','',''),('BattleRoomUI_24','特殊模式','Special Mode','','','','','','','','',''),('BattleRoomUI_25','向右滑动查看更多地图','Slide rightwards to view more maps.','','','','','','','','',''),('BattleRoomUI_26','房名:','Room:','','','','','','','','',''),('BattleRoomUI_27','战斗模式:','Battle Mode:','','','','','','','','',''),('BattleRoomUI_28','房间密码:','Room PW:','','','','','','','','',''),('BattleRoomUI_29','开始','Start','','','','','','','','',''),('BattleRoomUI_30','邀请','Invite','','','','','','','','',''),('BattleRoomUI_31','常用语','Expressions','','','','','','','','',''),('BattleRoomUI_32','预览','Preview','','','','','','','','',''),('BattleRoomUI_33','修改','Modify','','','','','','','','',''),('BattleRoomUI_34','为了避免破坏和谐的人际关系,请谨慎操作','To avoid damaging the harmonious interpersonal relationship, please think it over before proceeding.','','','','','','','','',''),('BattleRoomUI_35','加为好友','Add friend','','','','','','','','',''),('BattleRoomUI_36','查看信息','View info','','','','','','','','',''),('BattleRoomUI_37','升为房主','Promote to host','','','','','','','','',''),('BattleRoomUI_38','请出房间','Kick out','','','','','','','','',''),('BattleRoomUI_39','为有效克制敌人，您可以进行适当的武器配置调整','To counter your enemies effectively, you need to equip proper weapons.','','','','','','','','',''),('BattleRoomUI_40','根据您当前配置情况，还可以携带更多的道具，您可以进行适当的调整','You can carry more items, continue to make some adjustment.','','','','','','','','',''),('BattleRoomUI_41','配置','Configure','','','','','','','','',''),('BattleRoomUI_42','快速购买','Quick Buy','','','','','','','','',''),('BattleRoomUI_43','开始战斗','Start Battle','','','','','','','','',''),('BattleRoomUI_44','沙漠','Desert','','','','','','','','',''),('BattleRoomUI_45','请选择房间','Select room','','','','','','','','',''),('BattleRoomUI_46','准备','Prepare','','','','','','','','',''),('BattleRoomUI_47','取消准备','Cancel','','','','','','','','',''),('BattleRoomUI_48','房间名不能为空。','The room name cannot be empty.','','','','','','','','',''),('BattleRoomUI_49','准备中','Preparing','','','','','','','','',''),('BattleRoomUI_50','战斗中','In battle','','','','','','','','',''),('BattleRoomUI_51','快点吧!我等到花都谢了!!!','Be quick!','','','','','','','','',''),('BattleRoomUI_52','请大家准备，谢谢!','Get prepared!','','','','','','','','',''),('BattleRoomUI_53','稍等下，我有朋友要来!','Need backup!','','','','','','','','',''),('BattleRoomUI_54','改天再玩吧，我要下了!','I gotta go, see you next time.','','','','','','','','',''),('BattleRoomUI_55','麻烦互换下阵营，谢谢!','Can I follow you?','','','','','','','','',''),('BattleRoomUI_56','大神请轻虐，谢谢!','Are you a boy or a girl?','','','','','','','','',''),('BattleRoomUI_57','等我下，马上回来!!!','Be right back.','','','','','','','','',''),('BattleRoomUI_58','我回来了,开始吧!!!','I\'m back, let\'s do it!','','','','','','','','',''),('BattleRoomUI_59','级','Level','','','','','','','','',''),('BattleRoomUI_60','操作过于频繁，请稍后再试。','Sorry, operations are too frequent. Please try again later.','','','','','','','','',''),('BattleRoomUI_61','您已在房间内,是否进入？','You\'re already in the room, enter now?','','','','','','','','',''),('BattleRoomUI_62','有玩家未准备，无法开启战斗','Someone is not ready, unable to start the battle.','','','','','','','','',''),('BattleRoomUI_63','一方阵营没有玩家，无法进入战斗。','There are no players in the other team, unable to start the battle.','','','','','','','','',''),('BattleRoomUI_64','你已经处于准备状态。','You\'re already in preparation.','','','','','','','','',''),('BattleRoomUI_65','繁忙','Busy','','','','','','','','',''),('BattleRoomUI_66','空闲','Vacant','','','','','','','','',''),('BattleRoomUI_67','拥挤','Crowded','','','','','','','','',''),('BattleRoomUI_68','维护','Under Maintenance','','','','','','','','',''),('BattleRoomUI_69','区服列表','Server list','','','','','','','','',''),('BattleRoomUI_70','刷新','Refresh','','','','','','','','',''),('BattleRoomUI_71','切换阵营','Change faction','','','','','','','','',''),('BattleRoomUI_72','末日晨曦','Dawn of Judgment','','','','','','','','',''),('BattleRoomUI_73','上帝之手','Hand of God','','','','','','','','',''),('BattleRoomUI_74','一方阵营不能全部关闭','Cannot close all slots for the faction.','','','','','','','','',''),('BattleRoomUI_75','新手区要求最高军衔等级不能超过{0}','Highest rank for the Newbie Zone: {0}','','','','','','','','',''),('BattleRoomUI_76','高手区要求最低军衔等级达到{0}','Lowest rank for the Master Zone: {0}','','','','','','','','',''),('BattleRoomUI_77','对战','Battle','','','','','','','','',''),('BattleRoomUI_78','战斗配置物品不足','Insufficient items for battle configuration.','','','','','','','','',''),('BattleRoomUI_79','修改','Modify','','','','','','','','',''),('BattleRoomUI_80','请输入房间名','Please enter the room name.','','','','','','','','',''),('BattleRoomUI_81','升为队长','Promote to leader','','','','','','','','',''),('BattleRoomUI_82','请输入密码','Please enter the password','','','','','','','','',''),('BattleRoom_01','房间ID:','Room ID:','','','','','','','','',''),('BattleRoom_02','房间名称:','Room:','','','','','','','','',''),('BattleRoom_03','房间密码:','Room PW:','','','','','','','','',''),('BattleRoom_04','地图名称:','Map:','','','','','','','','',''),('BattleRoom_05','局数限制','Number of games','','','','','','','','',''),('BattleRoom_06','单局人头','Kills of each game','','','','','','','','',''),('BattleRoom_07','开始','Start','','','','','','','','',''),('BattleRoom_08','准备','Prepare','','','','','','','','',''),('BattleRoom_09','取消准备','Cancel','','','','','','','','',''),('BattleRoom_10','邀请','Invite','','','','','','','','',''),('BattleRoom_11','常用语','Expressions','','','','','','','','',''),('BattleRoom_12','昵称:','Nickname:','','','','','','','','',''),('BattleRoom_13','Lv:','Lv.','','','','','','','','',''),('BattleRoom_14','房主','Host','','','','','','','','',''),('BattleRoom_15','准备','Prepare','','','','','','','','',''),('BattleRoom_16','点击加入','Tap to join','','','','','','','','',''),('BattleRoom_17','禁止加入','No admittance','','','','','','','','',''),('BattleRoom_18','加为好友','Add friend','','','','','','','','',''),('BattleRoom_19','查看信息','View info','','','','','','','','',''),('BattleRoom_20','升为房主','Promote to owner','','','','','','','','',''),('BattleRoom_21','请出房间','Kick out','','','','','','','','',''),('BattleRoom_22','一方阵营不能全部关闭','Cannot close all slots for the faction.','','','','','','','','',''),('BattleRoom_23','确定','Confirm','','','','','','','','',''),('BattleRoom_24','末日晨曦','Dawn of Judgment','','','','','','','','',''),('BattleRoom_25','上帝之手','Hand of God','','','','','','','','',''),('BattleRoom_26','战前准备','Prepare','','','','','','','','',''),('BattleScoreUI_01','当前积分','Current Points','','','','','','','','',''),('BattleScoreUI_02','当对战积分可通过对战匹配获得，每日凌晨5:00清空，请大家及时领取PK点数!','Points can be obtained through Quick Matches, and they are reset at 5:00 every day. Please collect your PK Points in time!','','','','','','','','',''),('BattleScoreUI_03','积分奖励','Points Reward','','','','','','','','',''),('BattleScoreUI_04','领取','Collect','','','','','','','','',''),('BattleScoreUI_05','未达到','Not achieved','','','','','','','','',''),('BattleSelectCtr_01','混世之战','Deathmatch','','','','','','','','',''),('BattleSelectCtr_02','实力对决','Team Match','','','','','','','','',''),('BattleSelectCtr_03','新手乐园','Newbie Area','','','','','','','','',''),('BattleSelectCtr_04','开房间','Custom Mode','','','','','','','','',''),('BattleSelectCtr_05','爆破战','Burst Mode','','','','','','','','',''),('BattleSelectCtr_06','团队战','Team Match','','','','','','','','',''),('BattleSelectCtr_07','资源收集','Resource Struggle','','','','','','','','',''),('BattleSelectCtr_08','寸土必争','Conquest','','','','','','','','',''),('BattleSelectCtr_09','更多模式','More Modes','','','','','','','','',''),('BattleSelectCtr_10','战斗','Battle','','','','','','','','',''),('BattleSelectCtr_11','该模式无奖励','Provide no rewards','','','','','','','','',''),('BattleSelectCtr_12','需要等级达到{0}级','Requires level {0}','','','','','','','','',''),('BattleSelectCtr_13','具有自动瞄准','Auto-Aim available','','','','','','','','',''),('BattleSelectCtr_14','奖励减半','Rewards Halved','','','','','','','','',''),('BattleSelectCtr_15','BOSS战','Boss Battles','','','','','','','','',''),('BattleSelectCtr_16','娱乐模式','Entertainment Mode','','','','','','','','',''),('BattleSelectCtr_17','随机地图','Random Map','','','','','','','','',''),('BattleSelectCtr_18','未到开启时间！','Haven\'t started yet!','0','0','0','0','0','0','0','0','0'),('BestLotteryView_01','极品夺宝','Treasure\nHunting','','','','','','','','',''),('BestLotteryView_02','点券买','Ticket','','','','','','','','',''),('BestLotteryView_03','钻石买','Diamond','','','','','','','','',''),('BestLotteryView_04','规则','Rule','','','','','','','','',''),('BestLotteryView_05','后累计个数重置','The accumulated number will be reset after','','','','','','','','',''),('BestLotteryView_06','额外奖励','Extra Reward','','','','','','','','',''),('BestLotteryView_07','本周累计','Accum. Times: ','','','','','','','','',''),('BestLotteryView_08','当前幸运值','Current Lucky Point','','','','','','','','',''),('BestLotteryView_09','幸运值越高，获得稀有物品的机会就越大！','The higher your lucky point, the bigger chance for you to get rare items.','','','','','','','','',''),('BestLotteryView_10','个',' times','','','','','','','','',''),('BestLotteryView_11','买5个零件送夺宝5次','Buy 5 components and spin 5 times','','','','','','','','',''),('BestLotteryView_12','买1个零件送夺宝1次','Buy 1 component and spin once','','','','','','','','',''),('BestLotteryView_13','重置次数','Limit of extra reward refreshes on','','','','','','','','',''),('BestLotteryView_14','每周一 {0}','{0} of every Monday','','','','','','','','',''),('BestLotteryView_15','购买成功','Successfully Purchased','','','','','','','','',''),('BestLotteryView_16','累计{0}次即可领取','Available when {0} times accumulated','','','','','','','','',''),('BestLotteryView_17','稀有','Rare','','','','','','','','',''),('BestLotteryView_18','拥有','Owned','','','','','','','','',''),('BestLotteryView_19','点券夺宝','Ticket Lottery','0','0','0','0','0','0','0','0','0'),('BestLotteryView_20','钻石夺宝','Diamond Lottery','0','0','0','0','0','0','0','0','0'),('BossBattleResult_DamageRatio','战斗评分','Battle Score','','','','','','','','',''),('BossBattleResult_Death','死亡','Deaths','','','','','','','','',''),('BossBattleResult_DropItem','掉落物品：','Items Dropped','','','','','','','','',''),('BossBattleResult_Lose','挑战失败','Challenge Failed','','','','','','','','',''),('BossBattleResult_Player','玩家','Player','','','','','','','','',''),('BossBattleResult_Score','评分','Score','','','','','','','','',''),('BossBattleResult_Score1','SSS','SSS','','','','','','','','',''),('BossBattleResult_Score2','SS','SS','','','','','','','','',''),('BossBattleResult_Score3','S','S','','','','','','','','',''),('BossBattleResult_Score4','A','A','','','','','','','','',''),('BossBattleResult_Score5','B','B','','','','','','','','',''),('BossBattleResult_Score6','C','C','','','','','','','','',''),('BossBattleResult_Win','挑战成功','Challenge Successful','','','','','','','','',''),('BossName_01','阿尔戈斯','Argos','','','','','','','','',''),('BossNickName_01','末日毒皇','Doomsday Emperor','','','','','','','','',''),('BraveDiffRankScore','对手过强','Powerful Opponent','0','0','0','0','0','0','0','0','0'),('BraveExcellentLoserScore','虽败犹荣','Valiant Loss','0','0','0','0','0','0','0','0','0'),('BraveNohangScore','无挂机行为','Non-AFKer','0','0','0','0','0','0','0','0','0'),('BraveRankingScore','评分第{0}名','Score Rank #{0}','0','0','0','0','0','0','0','0','0'),('BraveScore','勇者积分','Fighter Points','0','0','0','0','0','0','0','0','0'),('BraveScoreClear','段位保护，积分清零','Protection triggered, Fighter Points reset','0','0','0','0','0','0','0','0','0'),('BraveScoreTips','积分{0}=1颗星','{0} points get 1 star','0','0','0','0','0','0','0','0','0'),('BraveWinCScore','连胜奖励','Winning streak reward','0','0','0','0','0','0','0','0','0'),('BrawlMapNotOpen','该模式今日暂未开启','This mode is not available today','','','','','','','','',''),('BrawlMapOpenTime','明日开启','Opens Tomorrow','','','','','','','','',''),('ChatUI_01','发送','Send','','','','','','','','',''),('ChatUI_02','世界','World','','','','','','','','',''),('ChatUI_03','兵团','Legion','','','','','','','','',''),('ChatUI_04','好友','Friends','','','','','','','','',''),('ChatUI_05','频道','','','','','','','','','',''),('ChatUI_06','公告','Notice','','','','','','','','',''),('ChatUI_07','请选择一个好友！','Please select a friend!','','','','','','','','',''),('ChatUI_08','大喇叭数量不足！','Lack of Large Speakers!','','','','','','','','',''),('ChatUI_09','小喇叭数量不足！','Lack of Small Speakers!','','','','','','','','',''),('ChatUI_10','秒后可继续发送','sec required before you can send messages again.','','','','','','','','',''),('ChatUI_11','密','Password','','','','','','','','',''),('ChatUI_12','查看信息','View info','','','','','','','','',''),('ChatUI_13','添加好友','Add friend','','','','','','','','',''),('ChatUI_14','观战','Spectate','','','','','','','','',''),('ChatUI_15','私聊','Whisper','','','','','','','','',''),('ChatUI_16','加入战斗','Join battle','','','','','','','','',''),('ChatUI_17','拉黑','Ignore','','','','','','','','',''),('ChatUI_18','内容不可为空！','The content cannot be empty!','','','','','','','','',''),('ChatUI_19','非好友无法私聊！','You can only whisper with your friends!','','','','','','','','',''),('ChatUI_20','您有{0}条新消息','You have {0} new messages.','','','','','','','','',''),('ChatUI_21','没有选择好友','Friends not selected','','','','','','','','',''),('ChatUI_22','LV.','Lv.','','','','','','','','',''),('ChatUI_23','聊天','Chat','','','','','','','','',''),('ChatUI_24','系统公告','System','','','','','','','','',''),('ChatUI_25','兵团频道暂未开放！','Legion channel is not yet available','','','','','','','','',''),('ChatUI_26','组队','Team','','','','','','','','',''),('ChatUI_27','房间','Room','','','','','','','','',''),('ChatUI_28','阵营','Camp','','','','','','','','',''),('ChooseGunMaterialUI_01','枪械','Gun','','','','','','','','',''),('ChooseGunMaterialUI_02','消耗品','Consumable','','','','','','','','',''),('ChooseGunMaterialUI_03','拥有:{0}','Owned: {0}','','','','','','','','',''),('ChooseGunMaterialUI_04','满级经验:  {0}{1}','Max level Exp:  {0}{1}','','','','','','','','',''),('ChooseGunMaterialUI_05','可得经验:  {0}{1}','Exp available:  {0}{1}','','','','','','','','',''),('ChooseGunMaterialUI_06','隐藏高级枪械','Hide superior guns','','','','','','','','',''),('ChooseGunMaterialUI_07','确定','Confirm','','','','','','','','',''),('ChooseGunMaterialUI_08','材料选择','Select Material','','','','','','','','',''),('COMMENT_FAVOURABLE','好评鼓励一下','Rate this game','','','','','','','','',''),('COMMENT_REFUSE','残忍拒绝','Not now','','','','','','','','',''),('COMMENT_REQUEST','我们十分在意您的游戏体验，请将体验反馈给我们，并给我们一点鼓励！让我们可以将游戏做的更好。','Your feedback helps make the game better! Please give us a rating now','','','','','','','','',''),('COMMENT_SUBMIT','提交游戏反馈','Leave Feedback','','','','','','','','',''),('CommonBuyItemUI_01','物品详情','Item Details','','','','','','','','',''),('CommonBuyItemUI_02','礼包详情','Gift Pack Details','','','','','','','','',''),('CommonHeroDataUI_01','武器属性','Weapon Stats ','','','','','','','','',''),('CommonHeroDataUI_02','角色属性','Hero Stats ','','','','','','','','',''),('CommonHeroDataUI_03','介绍：','Intro:','','','','','','','','',''),('CommonHeroIntroUI_01','角色故事：','Background Story','0','0','0','0','0','0','0','0','0'),('CommonHeroIntroUI_02','使用枪械：','Firearm: ','0','0','0','0','0','0','0','0','0'),('CommonPartInfoUI_01','零件详情','Component details','','','','','','','','',''),('CommonPartInfoUI_02','拥有','Own','','','','','','','','',''),('CommonPartInfoUI_03','出售','Sell','','','','','','','','',''),('CommonPartInfoUI_04','购买','Craft','','','','','','','','',''),('CommonPartInfoUI_05','非卖品','Not for sale','','','','','','','','',''),('CommonPartInfoUI_06','该零件已进行装配，无法出售','This component is currently equipped and cannot be sold','','','','','','','','',''),('CommonPlayerIconSelect_01','头像选择','Select Avatar','','','','','','','','',''),('CommonPlayerIconSelect_02','英雄选择','Select Character','','','','','','','','',''),('CommonPlayerIconSelect_03','确定','OK','','','','','','','','',''),('CommonPlayerIconSelect_04','兵团团徽','Legion Emblem','','','','','','','','',''),('CommonPlayerIconSelect_05','兵团没有解锁此团徽','Legion has not unlocked this Emblem','','','','','','','','',''),('CommonPlayerIconSelect_06','需要兵团功勋等级 {0} 级解锁','Unlocks when Exploit Rank reaches lv.{0}','0','0','0','0','0','0','0','0','0'),('CommonTitle_01','英雄商店','Hero','','','','','','','','',''),('CommonTitle_02','皮肤商店','Skin','','','','','','','','',''),('CommonTitle_03','零件研发','Components','','','','','','','','',''),('CommonTitle_05','日常商店','Daily Deals','','','','','','','','',''),('CoolPanelUI_01','确定','Confirm','','','','','','','','',''),('CoolPanelUI_02','炫耀一下','Display','','','','','','','','',''),('CoolPanelUI_03','恭喜获得新{0}！','Congratulations, you got the new{0}!','','','','','','','','',''),('CoolPanelUI_04','皮肤','Skin','','','','','','','','',''),('CoolPanelUI_05','英雄','Hero','','','','','','','','',''),('CoolPanelUI_06','开启体验{0}!','Try out {0}!','0','0','0','0','0','0','0','0','0'),('CoolPanelUI_07','体验时间','Trial time','0','0','0','0','0','0','0','0','0'),('CreateRole_01','角色名字不能为空','Character name cannot be left blank','','','','','','','','',''),('CUIBattleInfo_AlmostExplodeRoomBombStr','C4即将爆炸:','C4 Explosion Countdown: ','0','0','0','0','0','0','0','0','0'),('CUIBattleInfo_BattleEndTips','战斗即将结束:','Battle Countdown:','','','','','','','','',''),('CUIBattleInfo_ContinuesKill','已经','achieved ','','','','','','','','',''),('CUIBattleInfo_DigCamp','拆弹方','Defense Party','0','0','0','0','0','0','0','0','0'),('CUIBattleInfo_DiggedRoomBombStr','拆除成功','Disarmed','','','','','','','','',''),('CUIBattleInfo_DiggingRoomBombStr','正在拆除','Disarming...','','','','','','','','',''),('CUIBattleInfo_DigRoomBombStr','拆除炸弹中','Disarming the bomb...','','','','','','','','',''),('CUIBattleInfo_Dominating','主宰比赛','Dominating','','','','','','','','',''),('CUIBattleInfo_DoubleKill','双杀','Double Kill','','','','','','','','',''),('CUIBattleInfo_GodLike','接近神','God Like','','','','','','','','',''),('CUIBattleInfo_JoinStr','加入了房间','joined the room','','','','','','','','',''),('CUIBattleInfo_KilledStr','被','killed','','','','','','','','',''),('CUIBattleInfo_KillingSpree','大杀特杀','Killing Spree','','','','','','','','',''),('CUIBattleInfo_KillStr','击败了','killed','','','','','','','','',''),('CUIBattleInfo_Legendary','超神','Legendary','','','','','','','','',''),('CUIBattleInfo_LevelStr','离开了房间','left the room','','','','','','','','',''),('CUIBattleInfo_MultiKill','完成了一次',' achieved a ','','','','','','','','',''),('CUIBattleInfo_NowLevel','当前军衔等级','Current rank','','','','','','','','',''),('CUIBattleInfo_ObtainRoomBombStr','获得了C4','got C4','','','','','','','','',''),('CUIBattleInfo_PentalKill','五杀','Penta Kill','','','','','','','','',''),('CUIBattleInfo_PutCamp','埋弹方','Offense Party','0','0','0','0','0','0','0','0','0'),('CUIBattleInfo_PutRoomBombStr','安装炸弹中','Planting the bomb...','','','','','','','','',''),('CUIBattleInfo_PuttedRoomBombStr','安放成功','Planted','','','','','','','','',''),('CUIBattleInfo_PuttingRoomBombStr','正在安放','Planting...','','','','','','','','',''),('CUIBattleInfo_QuadraKill','四杀','Quadra Kill','','','','','','','','',''),('CUIBattleInfo_Ranpage','接近暴走','Rampage','','','','','','','','',''),('CUIBattleInfo_ResourceModeTips','占领中','Occupying','','','','','','','','',''),('CUIBattleInfo_ResourceModeTipsSymbol','....','…','','','','','','','','',''),('CUIBattleInfo_ResourcesWarn','警告！敌方再获得{0}个物资就将获得胜利','Attention! The opponents will win by collecting {0} more resources!','0','0','0','0','0','0','0','0','0'),('CUIBattleInfo_ShutDown','终结了','shut down ','','','','','','','','',''),('CUIBattleInfo_TeamWran','警告！敌方再击败{0}个就将获胜','Attention! The opponents will win by achieving {0} more kills!','0','0','0','0','0','0','0','0','0'),('CUIBattleInfo_ThrowRoomBombStr','丢掉了C4','dropped C4','','','','','','','','',''),('CUIBattleInfo_TriggerWarnTips','机甲即将出现:','The Mech is about to appear: ','','','','','','','','',''),('CUIBattleInfo_TripleKill','三杀','Triple Kill','','','','','','','','',''),('CUIBattleInfo_Unstoppable','无人可挡','Unstoppable','','','','','','','','',''),('CUIBattleInfo_YouDeathStr','YOU DIED','YOU DIED','','','','','','','','',''),('CUIBattleRank_Camp1','蓝队','Blue Team','','','','','','','','',''),('CUIBattleRank_Camp2','紫队','Purple Team','','','','','','','','',''),('CUIBattleRank_Camp3','绿队','Green Team','','','','','','','','',''),('CUIBattleRank_Camp4','红队','Red Team','','','','','','','','',''),('CUIBattleRank_Title','当前战斗人数','Participants','','','','','','','','',''),('CUIOperatePanel_ChatInputTips','输入文字','Input','','','','','','','','',''),('CUIPlayerDieInfo_AttackAmount','输出伤害:  {0}','Damage Dealt: {0}','','','','','','','','',''),('CUIPlayerDieInfo_DamageAmount','承受伤害:  {0}','Damage Taken: {0}','','','','','','','','',''),('CUIPlayerDieInfo_KillCount','本次击败:  {0}',' Kills: {0}','','','','','','','','',''),('CUIPlayerDieInfo_SurviveTime','本次存活:  {0} S',' Survive Time: {0}S','','','','','','','','',''),('Defs_01','护甲','Armor','','','','','','','','',''),('Defs_02','机动性','Speed','','','','','','','','',''),('Defs_03','射击速度','Fire Rate','','','','','','','','',''),('Defs_04','射击精度','Accuracy','','','','','','','','',''),('Defs_05','暴击','Crit','','','','','','','','',''),('Defs_06','生命','HP','','','','','','','','',''),('Defs_07','韧性','Tenacity','','','','','','','','',''),('Defs_08','换弹速度','Reload Rate','','','','','','','','',''),('Defs_09','道具强度','Item STR','','','','','','','','',''),('Defs_10','技能等级','Skill Level','','','','','','','','',''),('Defs_11','攻击力','Attack','','','','','','','','',''),('Defs_12','负载','Load','','','','','','','','',''),('Defs_13','耐力','Stamina','','','','','','','','',''),('Defs_14','步枪','Rifle','','','','','','','','',''),('Defs_15','机枪','Machine Gun','','','','','','','','',''),('Defs_16','霰弹枪','Shotgun','','','','','','','','',''),('Defs_17','狙击枪','Sniper Rifle','','','','','','','','',''),('Defs_18','金币','Gold','','','','','','','','',''),('Defs_19','钻石','Diamond','','','','','','','','',''),('Defs_20','PK点','PK Point','','','','','','','','',''),('Defs_21','挑战点','Challenge Point','','','','','','','','',''),('Defs_22','白色','White','','','','','','','','',''),('Defs_23','绿色','Green','','','','','','','','',''),('Defs_24','蓝色','Blue','','','','','','','','',''),('Defs_25','蓝色+1','Blue +1','','','','','','','','',''),('Defs_26','蓝色+2','Blue +2','','','','','','','','',''),('Defs_27','紫色','Purple','','','','','','','','',''),('Defs_28','紫色+1','Purple +1','','','','','','','','',''),('Defs_29','紫色+2','Purple +2','','','','','','','','',''),('Defs_30','伤害','DMG','','','','','','','','',''),('Defs_31','穿墙','Penetration','','','','','','','','',''),('Defs_33','射速','Fire Rate','','','','','','','','',''),('Defs_34','弹匣','Magazine','','','','','','','','',''),('Defs_35','精准','Accuracy','','','','','','','','',''),('Defs_36','稳定','Stability','','','','','','','','',''),('Defs_37','射程','Range','','','','','','','','',''),('Defs_38','填弹','Reload','','','','','','','','',''),('Defs_39','战力','Power','','','','','','','','',''),('Defs_40','机动','Speed','','','','','','','','',''),('Defs_41','道具强度','Item STR','','','','','','','','',''),('Defs_42','换弹','Reload','','','','','','','','',''),('Defs_43','治疗','Heal','','','','','','','','',''),('Defs_44','耐力消耗','Stamina Cost','','','','','','','','',''),('Defs_45','自动瞄准','Auto-aim','','','','','','','','',''),('Defs_46','侦查','Scout','','','','','','','','',''),('Defs_47','释放陷阱','Unleash the trap','','','','','','','','',''),('Defs_48','稳定性','Stability','','','','','','','','',''),('Defs_49','击退目标','Knock back the target','','','','','','','','',''),('Defs_50','弹匣容量','Magazine capacity','','','','','','','','',''),('Defs_51','补满弹夹','Fully reload','','','','','','','','',''),('Defs_52','增加物品','Add items','','','','','','','','',''),('Defs_53','持续伤害','Sustained damage','','','','','','','','',''),('Defs_54','持续恢复','Sustained restoration','','','','','','','','',''),('Defs_55','生成触发器','Generate trigger','','','','','','','','',''),('Defs_56','护盾值','Shield','','','','','','','','',''),('Defs_57','耐力值','Stamina','','','','','','','','',''),('Defs_58','无敌','Invincible','','','','','','','','',''),('Defs_59','耐力最大值','Max Stamina','','','','','','','','',''),('Defs_60','暴击率','Crit Rate','','','','','','','','',''),('Defs_61','穿透伤害','Pen. Damage','','','','','','','','',''),('Defs_62','1点代表提升{0}1','Each point improves the Talent by {0}1','','','','','','','','',''),('Defs_63','喷火枪','Flamethrower','','','','','','','','',''),('Defs_64','十字弩','Crossbow','','','','','','','','',''),('Defs_65','破甲','Pierce','','','','','','','','',''),('EquipPartsUpUI_01','当前等级{0}','Current Level: {0}','','','','','','','','',''),('EquipPartsUpUI_02','下一等级{0}','Next Level: {0}','','','','','','','','',''),('EquipPartsUpUI_03','掉落详情','Drop Details','','','','','','','','',''),('EquipPartsUpUI_04','属性详情','Attrib. Details','','','','','','','','',''),('EquipPartsUpUI_05','升级','Upgrade','','','','','','','','',''),('EquipPartsUpUI_06','一键升级','Quick Upgrade','','','','','','','','',''),('EquipPartsUpUI_07','已至最高','Fully upgraded.','','','','','','','','',''),('EquipPartsUpUI_08','装备升级','Equip. Upgrade','','','','','','','','',''),('EquipPartsUpUI_09','配件升级','ACC Upgrade','','','','','','','','',''),('EquipPartsUpUI_10','描述: ','ACC Upgrade','','','','','','','','',''),('EquipTips_01','伤害:{0}\n穿透:%0.1f\n暴击:%0.1f\n射速:%0.1f\n弹夹:{1}\n精准:{2}\n稳定:{3}\n射程:{4}\n填弹:%0.2f','','','','','','','','','',''),('EquipTips_02','生命:{0}\n防御:{1}\n换弹:%0.1f\n暴击:%0.1f\n防暴:%0.1f\n机动性:%0.1f\n强度:{2}','','','','','','','','','',''),('ErrorList_01','确定','Confirm','','','','','','','','',''),('ErrorList_05','已经有角色登录了','You’re already logged in','0','0','0','0','0','0','0','0','0'),('ErrorList_10','服务器连接失败','Net Request Failed.','','','','','','','','',''),('ErrorList_1001','用户名已存在','Username already in use','','','','','','','','',''),('ErrorList_1002','用户名或密码为空','Username or password is blank','','','','','','','','',''),('ErrorList_1003','用户名不存在或密码错误','Username does not exist or password is incorrect','','','','','','','','',''),('ErrorList_1004','授权Id为空','Authorization ID is blank','','','','','','','','',''),('ErrorList_1005','平台Id为空','Platform ID is blank','','','','','','','','',''),('ErrorList_1006','账号已经绑定，需要先解绑','Account is bound, need to unbind first','','','','','','','','',''),('ErrorList_1007','密码长度必须介于6-12个字符之间','Password must be 6-12 characters','','','','','','','','',''),('ErrorList_1008','用户名长度必须介于4-12个字符之间','Username must be 4-12 characters','','','','','','','','',''),('ErrorList_1009','用户名只能使用字母或数字','Username may only include letters and numbers','','','','','','','','',''),('ErrorList_1010','密码不允许使用特殊字符','Password may not contain special characters','','','','','','','','',''),('ErrorList_1011','莉莉丝SDK验证失败','SDK authentication failed','0','0','0','0','0','0','0','0','0'),('ErrorList_1012','查询用户数据失败','Failed to load user data','0','0','0','0','0','0','0','0','0'),('ErrorList_1013','服务器维护中','Servers under maintenance','0','0','0','0','0','0','0','0','0'),('ErrorList_1014','服务器内部错误','Server internal error occured','0','0','0','0','0','0','0','0','0'),('ErrorList_1015','api参数错误','API parameter error','0','0','0','0','0','0','0','0','0'),('ErrorList_1016','错误的请求方法','Generic error','0','0','0','0','0','0','0','0','0'),('ErrorList_1017','错误的请求参数','Generic error','0','0','0','0','0','0','0','0','0'),('ErrorList_1018','错误的bundleId','Generic error','0','0','0','0','0','0','0','0','0'),('ErrorList_1019','错误的userId','Generic error','0','0','0','0','0','0','0','0','0'),('ErrorList_1020','用户被禁用','Account banned','0','0','0','0','0','0','0','0','0'),('ErrorList_11000','验证失败请重新登录','Verification failed, please login again','','','','','','','','',''),('ErrorList_11001','用户状态异常11001','Abnormal Status: 11001','','','','','','','','',''),('ErrorList_11002','用户状态异常11002','Abnormal Status: 11002','','','','','','','','',''),('ErrorList_11003','请先创建角色','Please create character first','','','','','','','','',''),('ErrorList_11004','未知错误11006','Unknown Error: 11006','','','','','','','','',''),('ErrorList_11005','账号已在其他设备上登陆！','The account has been logged in on another device!','0','0','0','0','0','0','0','0','0'),('ErrorList_11006','用户状态异常11007','Abnormal Status: 11007','','','','','','','','',''),('ErrorList_11007','用户状态异常11007','Abnormal Status: 11007','','','','','','','','',''),('ErrorList_11008','非法操作','Illegal Operation','','','','','','','','',''),('ErrorList_12000','名字中不能含有非法字符或者特殊符号','The name cannot contain illegal characters or special symbols.','','','','','','','','',''),('ErrorList_12001','该角色名已存在','The character name is already taken.','','','','','','','','',''),('ErrorList_12002','金币不足','Insufficient Gold','','','','','','','','',''),('ErrorList_12003','钻石不足','Lack of diamonds','','','','','','','','',''),('ErrorList_12004','体力不足','Insufficient Stamina','','','','','','','','',''),('ErrorList_12005','用户状态异常11007','Abnormal Status: 11007','','','','','','','','',''),('ErrorList_12006','VIP不足','Insufficient VIP Level','','','','','','','','',''),('ErrorList_12007','PK点不足','Insufficient PK Points','','','','','','','','',''),('ErrorList_12008','挑战点不足','Insufficient Challenge Points','','','','','','','','',''),('ErrorList_12011','修改名字时间未到','You must wait before changing your name','','','','','','','','',''),('ErrorList_13000','英雄未解锁','Hero is locked','','','','','','','','',''),('ErrorList_13001','英雄已拥有','You already have this hero','','','','','','','','',''),('ErrorList_13002','玩家没有这个英雄','Player does not own this hero','','','','','','','','',''),('ErrorList_13003','乱斗禁用此英雄','Unable to use this hero for Deathmatch','0','0','0','0','0','0','0','0','0'),('ErrorList_13004','英雄数量不足','Insufficient heroes','0','0','0','0','0','0','0','0','0'),('ErrorList_14000','物品数量不足','Lack of items','','','','','','','','',''),('ErrorList_14001','兑换失败','Exchange Failed','','','','','','','','',''),('ErrorList_14002','服务器id不对应','Server ID does not match','','','','','','','','',''),('ErrorList_14003','玩家已经使用过这种类型礼包','Player has already used this type of Pack','','','','','','','','',''),('ErrorList_14004','激活码已经过期','Promo code has expired','','','','','','','','',''),('ErrorList_14005','激活码已经被使用过','Promo code has already been used','','','','','','','','',''),('ErrorList_14006','激活码输入错误','Promo code has been entered incorrectly','','','','','','','','',''),('ErrorList_14007','激活码不能在这个渠道使用','Promo code cannot be used on this channel','','','','','','','','',''),('ErrorList_14008','兑换失败','Exchange Failed','','','','','','','','',''),('ErrorList_14010','物品无法使用','Item cannot be used','','','','','','','','',''),('ErrorList_15004','商品信息异常','Abnormal Item Info','','','','','','','','',''),('ErrorList_15009','商品已售完','Item is sold out','','','','','','','','',''),('ErrorList_16001','体验枪械不允许出售','Sample Weapons cannot be sold','','','','','','','','',''),('ErrorList_16005','体验枪械无法升级','Sample Weapons cannot be upgraded','','','','','','','','',''),('ErrorList_16009','枪械消耗错误','Failed to consume the gun','','','','','','','','',''),('ErrorList_16014','至少保留一把非体验枪械','Keep at least one non-sample weapon','','','','','','','','',''),('ErrorList_17001','配置物品未找到','Configured Item not found','','','','','','','','',''),('ErrorList_17006','配置物品数量不足','Insufficient configured Battle Items','','','','','','','','',''),('ErrorList_17009','英雄未解锁','Hero is not unlocked','','','','','','','','',''),('ErrorList_17010','数据异常','Abnormal Data','','','','','','','','',''),('ErrorList_18000','商品信息异常','Abnormal Item Info','','','','','','','','',''),('ErrorList_19000','未找到房间大区ID','Room server ID was not found.','','','','','','','','',''),('ErrorList_19001','战斗房间服务器未找到','Room server was not found.','','','','','','','','',''),('ErrorList_19002','房间数量已满','The number of rooms has reached the upper limit.','','','','','','','','',''),('ErrorList_19003','该对战房间已经不存在','The room does not exist.','','','','','','','','',''),('ErrorList_19004','军衔等级不符合','The rank level does not match.','','','','','','','','',''),('ErrorList_19005','房间名不符合','The room name does not match.','','','','','','','','',''),('ErrorList_19006','错误战斗模式','Incorrect battle mode','','','','','','','','',''),('ErrorList_19007','房间地图号错误','Map ID of the room is incorrect.','','','','','','','','',''),('ErrorList_19008','人头数错误','Incorrect number of kills','','','','','','','','',''),('ErrorList_19009','局数错误','Incorrect number of games','','','','','','','','',''),('ErrorList_19010','非房主没有权限','Only the host can do that.','','','','','','','','',''),('ErrorList_19011','房间座位状态错误','Room seat status error','','','','','','','','',''),('ErrorList_19012','未在房间内','Not in the room','','','','','','','','',''),('ErrorList_19013','战斗中不能离开房间','Cannot exit the room during the battle.','','','','','','','','',''),('ErrorList_19014','房间玩家人数已满','The room is full.','','','','','','','','',''),('ErrorList_19015','您已被房主踢出房间','You have been kicked out of the room by the host.','','','','','','','','',''),('ErrorList_19016','房间密码错误','Incorrect room password','','','','','','','','',''),('ErrorList_19017','请输入密码','Please enter the password','','','','','','','','',''),('ErrorList_19018','有玩家未准备','Someone is not ready.','','','','','','','','',''),('ErrorList_19019','玩家未找到','The player was not found.','','','','','','','','',''),('ErrorList_19020','房间服务器繁忙','Room server is busy.','','','','','','','','',''),('ErrorList_19021','已在房间内',' is already in the room.','','','','','','','','',''),('ErrorList_19022','观战人数已满','The number of spectators has reached the upper limit.','','','','','','','','',''),('ErrorList_19023','战斗配置物品不够','Lack of battle items.','','','','','','','','',''),('ErrorList_19024','已在准备状态','Already in preparation.','','','','','','','','',''),('ErrorList_19025','在房间中不允许操作','You can\'t do that in the room.','','','','','','','','',''),('ErrorList_19026','不是队长','You are not the team leader.','','','','','','','','',''),('ErrorList_19027','未在队伍中','Not in a team.','','','','','','','','',''),('ErrorList_19028','队伍已满','The team is full.','','','','','','','','',''),('ErrorList_19029','已在队伍中','Already in the team.','','','','','','','','',''),('ErrorList_19030','对方在房间中','The player is in the room.','','','','','','','','',''),('ErrorList_19031','对方在队伍中','The player is in the team.','','','','','','','','',''),('ErrorList_19032','还有玩家尚未准备','Someone is not ready.','','','','','','','','',''),('ErrorList_19033','主动退出房间无法加入','You can\'t re-enter the room after exit.','','','','','','','','',''),('ErrorList_19034','房间开始战斗无法加入','The room has started the battle, unable to enter.','','','','','','','','',''),('ErrorList_19035','每个阵营至少有一个位置是打开的','Each faction has at least one slot open.','','','','','','','','',''),('ErrorList_19036','长时间未开始，房间被关闭','Battle was not started after a long time, the room has been closed.','','','','','','','','',''),('ErrorList_19037','在队伍中，无法加入房间','You are in a team, unable to enter the room.','','','','','','','','',''),('ErrorList_19038','该队伍已经解散','The team has been dismissed','','','','','','','','',''),('ErrorList_19039','已经开始匹配无法加入队伍','The matching has started, unable to join the team.','','','','','','','','',''),('ErrorList_19040','已经开始战斗无法加入队伍','The battle has started, unable to join the team.','','','','','','','','',''),('ErrorList_19041','至少需要一个敌人才能开战','There must be at least one enemy before the battle can begin','','','','','','','','',''),('ErrorList_19042','排位积分差距过大','Difference in Qualifying Points too large','','','','','','','','',''),('ErrorList_19043','房间已经关闭','Room has been closed','','','','','','','','',''),('ErrorList_19044','不在房间内','Not in this room','','','','','','','','',''),('ErrorList_19045','不在观战列表','Not in spectator list','','','','','','','','',''),('ErrorList_19046','无效的位置id或者位置已经关闭','Invalid Position ID or Position is already closed','','','','','','','','',''),('ErrorList_19047','房主不能换阵营','Host cannot change factions','','','','','','','','',''),('ErrorList_19048','不能对自己做操作','You cannot perform this action on yourself','','','','','','','','',''),('ErrorList_19049','战斗连接失败','Failed to connect to battle','','','','','','','','',''),('ErrorList_19050','战斗服参数错误','Battle Server Parameter Error','','','','','','','','',''),('ErrorList_19051','该队伍已开始战斗','This team has already started battle','','','','','','','','',''),('ErrorList_19052','没有这个聊天频道','This chat channel does not exist','','','','','','','','',''),('ErrorList_19053','当前不是选择英雄阶段','Heroes cannot be selected at this time','','','','','','','','',''),('ErrorList_19054','等级不足，请先提升等级！','Level not high enough, please Level-up first','','','','','','','','',''),('ErrorList_19055','禁止匹配','Matching Prohibited','','','','','','','','',''),('ErrorList_19056','已经匹配到队伍','Already matched with a team','','','','','','','','',''),('ErrorList_19057','当前没有乱斗开启','Melee is not currently available','','','','','','','','',''),('ErrorList_19058','不够资格参加排位','Unqualified to join qualifying match','','','','','','','','',''),('ErrorList_19059','玩家的段位和该队伍不匹配','The player\'s ranking can not match to the team','','','','','','','','',''),('ErrorList_19060','排位赛季不正确','Season info error','','','','','','','','',''),('ErrorList_19061','赛季奖励已经领取','You\'ve claimed the season reward','','','','','','','','',''),('ErrorList_19062','赛季奖励未找到','Season reward can not be found','','','','','','','','',''),('ErrorList_19063','赛季段位已经继承过了','The season ranking has been inherited','','','','','','','','',''),('ErrorList_19064','玩家没有段位需要继承','No ranking to inherit','','','','','','','','',''),('ErrorList_19065','玩家段位错误','Ranking info error','','','','','','','','',''),('ErrorList_19066','兵团战队伍人没满','Legion battle team is not full','','','','','','','','',''),('ErrorList_19067','兵团战未到开启时间','Legion battle is currently unavailable','','','','','','','','',''),('ErrorList_19068','玩家不是这个兵团的，不能参加兵团战','The player in not belong to this legion, unable to join legion battle','','','','','','','','',''),('ErrorList_19069','赛季结束前半个小时，关闭PVP入口','The battle entrance will be closed half an hour earlier before the season ends.','','','','','','','','',''),('ErrorList_19074','荣誉点不足！','Not enough Morality','0','0','0','0','0','0','0','0','0'),('ErrorList_20000','网络异常，加载失败','Network unstable, failed to load','','','','','','','','',''),('ErrorList_20003','装备升级材料不足','Insufficient materials to upgrade equipment','','','','','','','','',''),('ErrorList_21000','邮件未找到','The email was not found.','','','','','','','','',''),('ErrorList_21003','邮件拥有附件无法删除','Mail has attachment, unable to delete','','','','','','','','',''),('ErrorList_21005','今天接收金币次数达到上限','You can\'t receive any more gold today.','','','','','','','','',''),('ErrorList_22000','在对方黑名单内','You are in the player\'s Ignore List.','','','','','','','','',''),('ErrorList_22001','在自己黑名单内','The player is in your Ignore List.','','','','','','','','',''),('ErrorList_22002','在好友列表中','The player is in your Friend List.','','','','','','','','',''),('ErrorList_22003','在对方申请列表中','In the player\'s Request List.','','','','','','','','',''),('ErrorList_22004','在自己申请列表中','In your Request List.','','','','','','','','',''),('ErrorList_22005','不在申请列表中','Not in the Request List.','','','','','','','','',''),('ErrorList_22006','不在好友列表中','Not in the Friend List.','','','','','','','','',''),('ErrorList_22007','不在黑名单中','Not in the Ignore List.','','','','','','','','',''),('ErrorList_22008','已赠送过金币','The player has already received your gold coins.','','','','','','','','',''),('ErrorList_22009','好友数量已达到上限','Your friend list is full.','','','','','','','','',''),('ErrorList_22010','黑名单已达到上限','Your ignore list is full.','','','','','','','','',''),('ErrorList_22011','不在房间中无法邀请','The player is not in the room, unable to invite him/her.','','','','','','','','',''),('ErrorList_22012','对方已下线无法邀请','The player is offline, unable to invite him/her.','','','','','','','','',''),('ErrorList_22013','对方在房间中无法邀请','The player is in a room, unable to invite him/her.','','','','','','','','',''),('ErrorList_22014','对方在自身黑名单中无法邀请','The player is in your Ignore List, unable to invite him/her.','','','','','','','','',''),('ErrorList_22015','自身在对方黑名单中无法邀请','You are in the player\'s Ignore List, unable to invite him/her.','','','','','','','','',''),('ErrorList_22016','对方好友数量已达到上限','The player\'s Friend List is full.','','','','','','','','',''),('ErrorList_22018','赠送金币次数达到上限','You can\'t send any more gold today.','','','','','','','','',''),('ErrorList_22019','该玩家不存在','This player does not exist','','','','','','','','',''),('ErrorList_22021','服务器异常','Server Abnormal','','','','','','','','',''),('ErrorList_22100','申请该关系的类型错误','Relationship type error','','','','','','','','',''),('ErrorList_22101','亲密度值不足','Relationship grade too low','','','','','','','','',''),('ErrorList_22111','该关系位置已满','This Relationship slot is full','','','','','','','','',''),('ErrorList_22112','对方该关系位置已满','Partner\'s Realtionship slot is full','','','','','','','','',''),('ErrorList_22131','双方解除关系尚未满24小时','Relationship dissolved less than 24 hours ago','','','','','','','','',''),('ErrorList_23000','任务未完成','The mission was not completed.','','','','','','','','',''),('ErrorList_23001','任务未找到','The mission was not found.','','','','','','','','',''),('ErrorList_23002','任务奖励已领取','The mission reward has been collected.','','','','','','','','',''),('ErrorList_23003','活跃度不足','Lack of Activity','','','','','','','','',''),('ErrorList_23004','活跃度奖励未找到','Activity reward was not found.','','','','','','','','',''),('ErrorList_23005','任务刷新次数达到上限','Mission Refresh limit reached','','','','','','','','',''),('ErrorList_23006','竞技任务刷新失败','Failed to refresh the Arena Mission.','','','','','','','','',''),('ErrorList_24000','等级不足','Level not high enough','','','','','','','','',''),('ErrorList_25000','已签到','Already signed-in','','','','','','','','',''),('ErrorList_25001','签到数据有错','Sign-in data error','','','','','','','','',''),('ErrorList_25002','补签次数不足','Lack of attempts for adding Sign-ins.','','','','','','','','',''),('ErrorList_25003','签到天数不足','Lack of Sign-ins','','','','','','','','',''),('ErrorList_25004','已领取','Collected','','','','','','','','',''),('ErrorList_25005','当天未签到','You have not signed-in today.','','','','','','','','',''),('ErrorList_26000','在线时间不够','Not enough time online','','','','','','','','',''),('ErrorList_27000','未找到该奖励','The reward was not found.','','','','','','','','',''),('ErrorList_27001','已经领取过该奖励','The reward has been collected.','','','','','','','','',''),('ErrorList_27002','未完成该成就','The achievement is not completed.','','','','','','','','',''),('ErrorList_28001','英雄未解锁','Hero is not unlocked','','','','','','','','',''),('ErrorList_28002','天赋点不足','Insufficient Talent Points','','','','','','','','',''),('ErrorList_28003','前置天赋未满足','Previous Talents not sufficient','','','','','','','','',''),('ErrorList_28006','天赋重置卡不足','Insufficient Talent Reset Cards','','','','','','','','',''),('ErrorList_28008','重置时间没有达到','Haven\'t reached reset time','','','','','','','','',''),('ErrorList_29000','频道不存在','The channel does not exist.','','','','','','','','',''),('ErrorList_29001','聊天冷却中','Chatting is cooling down.','','','','','','','','',''),('ErrorList_29002','非好友无法聊天','You can\'t chat with a stranger.','','','','','','','','',''),('ErrorList_29003','对方已下线','The player has gone offline.','','','','','','','','',''),('ErrorList_30000','活动未找到','The event was not found.','','','','','','','','',''),('ErrorList_30002','活动未完成','The event was not completed.','','','','','','','','',''),('ErrorList_30003','活动次数达到上限','You have completed all the event missions.','','','','','','','','',''),('ErrorList_30004','活动已结束','The event has ended.','','','','','','','','',''),('ErrorList_30005','活动配置错误','Event configuration error.','','','','','','','','',''),('ErrorList_30006','活动兑换消耗不足','Lack of exchange materials','','','','','','','','',''),('ErrorList_30007','请稍后操作','Please try again later','','','','','','','','',''),('ErrorList_30008','等级不足','Level not high enough','','','','','','','','',''),('ErrorList_30009','活动数据异常','Event data abnormal','','','','','','','','',''),('ErrorList_31001','排位积分月奖励已领取','Already received Qualifying Points Monthly Reward','','','','','','','','',''),('ErrorList_34000','兵团其他错误','Other Legion Error','','','','','','','','',''),('ErrorList_34001','兵团不存在','Legion doesn\'t exist','','','','','','','','',''),('ErrorList_34002','兵团已存在','Legion already exists','','','','','','','','',''),('ErrorList_34003','会员不存在','Member doesn\'t exist','','','','','','','','',''),('ErrorList_34004','会员已存在','Member already exists','','','','','','','','',''),('ErrorList_34005','没有权限','Do not have permissions','','','','','','','','',''),('ErrorList_34006','兵团团长不能退出兵团','Legion Chief cannot leave legion','','','','','','','','',''),('ErrorList_34007','等级不足','Level not high enough','','','','','','','','',''),('ErrorList_34008','未加入兵团','have not entered Legion','','','','','','','','',''),('ErrorList_34009','已经在自己的兵团了','Already in your own Legion','','','','','','','','',''),('ErrorList_34010','未申请加入兵团','Have not applied for Legion','','','','','','','','',''),('ErrorList_34011','已申请加入兵团','Already applied for Legion','','','','','','','','',''),('ErrorList_34012','申请CD时间未满','Please wait for the Application timer','','','','','','','','',''),('ErrorList_34013','未被邀请加入兵团','Have not been invited to Legion','','','','','','','','',''),('ErrorList_34014','已被邀请加入兵团','Already been invited to Legion','','','','','','','','',''),('ErrorList_34015','兵团名称为空','Legion name is blank','','','','','','','','',''),('ErrorList_34016','兵团名称非法','Illegal Legion Name','','','','','','','','',''),('ErrorList_34017','兵团满员','Legion is full','','','','','','','','',''),('ErrorList_34018','已签过到','Already signed-in','','','','','','','','',''),('ErrorList_34019','兵团徽章非法','Illegal Legion Emblem','','','','','','','','',''),('ErrorList_34020','兵团宣言非法','Illegal Legion Declaration','','','','','','','','',''),('ErrorList_34021','职务已满','Position filled','','','','','','','','',''),('ErrorList_34022','该玩家已经加入其他兵团','This player is already in another Legion','','','','','','','','',''),('ErrorList_35000','物品不存在','Item does not exist','','','','','','','','',''),('ErrorList_35001','VIP等级低','VIP Level too low','','','','','','','','',''),('ErrorList_35002','订单生成失败','Failed to generate order','','','','','','','','',''),('ErrorList_35003','支付失败','Payment failed','','','','','','','','',''),('ErrorList_35004','系统错误，请联系客服','System error, please contact support','','','','','','','','',''),('ErrorList_35005','没有找到订单','Order not found','','','','','','','','',''),('ErrorList_35006','数据异常35006','Data abnormal 35006','','','','','','','','',''),('ErrorList_35007','订单未完成','Order incomplete','','','','','','','','',''),('ErrorList_35008','数据异常35008','Data abnormal 35008','','','','','','','','',''),('ErrorList_35009','数据异常35009','Data abnormal 35009','','','','','','','','',''),('ErrorList_37001','网络异常，请重新登录','Connection unstable, please login again','','','','','','','','',''),('ErrorList_38000','操作超时','Operation timed-out','','','','','','','','',''),('ErrorList_42000','找不到玩家','Player not found','','','','','','','','',''),('ErrorList_43001','玩家没有这个皮肤','Player does not own this skin','','','','','','','','',''),('ErrorList_43002','该皮肤已拥有','Already own this skin','','','','','','','','',''),('ErrorList_44000','该英雄已被选用','This hero has been chosen by others','0','0','0','0','0','0','0','0','0'),('ErrorList_44001','玩家已经确定了英雄，不能再改了','Already chose hero, cannot change','','','','','','','','',''),('ErrorList_44002','该性别的英雄被禁用','Heroes of this gender are banned for this mode','0','0','0','0','0','0','0','0','0'),('ErrorList_45000','最大页了','Largest Page','','','','','','','','',''),('ErrorList_45001','未找到的页的配置','Unable to find page settings','','','','','','','','',''),('ErrorList_45002','没找到改造页','Could not find Customization Tree','','','','','','','','',''),('ErrorList_45003','没找到格子的模板','Could not find Grid model','','','','','','','','',''),('ErrorList_45004','重复开启格子','Restart Grid','','','','','','','','',''),('ErrorList_45005','格子未解锁','Grid not locked','','','','','','','','',''),('ErrorList_45006','物品不足','Insufficient Items','','','','','','','','',''),('ErrorList_45007','没有安装部件','Component not installed','','','','','','','','',''),('ErrorList_45008','配置错误','Configuration Error','','','','','','','','',''),('ErrorList_45009','不是合法的数量','Illegal amount','','','','','','','','',''),('ErrorList_45010','不是相同等级','Not the same level','','','','','','','','',''),('ErrorList_45011','没有足够的合成物品','Not enough crafting materials','','','','','','','','',''),('ErrorList_45012','合成新物品失败','Crafting item failed','','','','','','','','',''),('ErrorList_45013','类型错误不匹配','Category Error - not matched','','','','','','','','',''),('ErrorList_45014','重复安装物品','Already equipped this item','','','','','','','','',''),('FlauntUI_01','继续','Continue','','','','','','','','',''),('FlauntUI_02','炫耀一下','Show Off','','','','','','','','',''),('FlauntUI_03','我的第','My ','','','','','','','','',''),('FlauntUI_04','次{0}','times {0}','','','','','','','','',''),('FlauntUI_05','恭喜你','Congratulations!','','','','','','','','',''),('FlauntUI_06','获得本场',' You are the  ','','','','','','','','',''),('FlauntUI_07','完成',' achieved ','','','','','','','','',''),('FlauntUI_08','MVP','MVP','','','','','','','','',''),('FlauntUI_09','冠军','Champion','','','','','','','','',''),('FlauntUI_10','超神','Legendary','','','','','','','','',''),('FlauntUI_11','连胜','Winning Streak','','','','','','','','',''),('FlauntUI_12','五杀','Penta Kill','','','','','','','','',''),('FlyTextTips_BloodEnuough','生命值已满，无需补充','HP is full, no need to replenish.','','','','','','','','',''),('FlyTextTips_CarryEnuough','已达携带上限，无法拾取','You\'ve reached the limit, unable to carry more item','','','','','','','','',''),('FlyTextTips_NoProp','您没有道具','Isufficient Items','0','0','0','0','0','0','0','0','0'),('FlyTextTips_Reload','装填弹药','Reload ammo','','','','','','','','',''),('FlyTextTips_ReloadLast','弹药即将耗尽','Ammo is running out','','','','','','','','',''),('FlyTextTips_SkillLoading','技能正在冷却中','Skill is on cooldown','','','','','','','','',''),('FlyTextTips_StaminaLast','耐力不足','Lack of Stamina','','','','','','','','',''),('Friday','周五','Fri.','','','','','','','','',''),('FriendUI_01','好友列表','Friend list','','','','','','','','',''),('FriendUI_02','黑名单','Ignore list','','','','','','','','',''),('FriendUI_03','好友申请','Friend\nRequests','','','','','','','','',''),('FriendUI_04','好友数量：','Friends: ','','','','','','','','',''),('FriendUI_05','请输入ID/角色名','Please enter ID/player name.','','','','','','','','',''),('FriendUI_06','添加好友','Add friend','','','','','','','','',''),('FriendUI_07','私聊','Whisper','','','','','','','','',''),('FriendUI_08','加入战斗','Join battle','','','','','','','','',''),('FriendUI_09','赠送金币','Send gold','','','','','','','','',''),('FriendUI_10','观战','Spectate','','','','','','','','',''),('FriendUI_11','查看信息','View info','','','','','','','','',''),('FriendUI_12','断交','Unfriend','','','','','','','','',''),('FriendUI_13','邀请切磋','Duel request','','','','','','','','',''),('FriendUI_14','拉黑','Ignore','','','','','','','','',''),('FriendUI_15','查看','View','','','','','','','','',''),('FriendUI_16','同意','Accept','','','','','','','','',''),('FriendUI_17','拒绝','Reject','','','','','','','','',''),('FriendUI_18','移除','Remove','','','','','','','','',''),('FriendUI_19','好友上线提醒','Prompt me when my friends get online.','','','','','','','','',''),('FriendUI_20','拒绝陌生人聊天','No messages from strangers.','','','','','','','','',''),('FriendUI_21','拒绝任何人私聊','No whispers from anyone.','','','','','','','','',''),('FriendUI_22','拒绝被加为好友','Reject friend requests.','','','','','','','','',''),('FriendUI_23','拒绝战斗邀请','Reject battle requests.','','','','','','','','',''),('FriendUI_24','拒绝切磋邀请','Reject duel requests.','','','','','','','','',''),('FriendUI_25','确定','Confirm','','','','','','','','',''),('FriendUI_26','拉黑人数：','Ignored: ','','','','','','','','',''),('FriendUI_27','申请人数：','Requests: ','','','','','','','','',''),('FriendUI_28','添加','Add','','','','','','','','',''),('FriendUI_29','{0}级','Level {0}','','','','','','','','',''),('FriendUI_30','{0}邀请您加入{1}战斗，是否同意？','{0} invites you to {1}, accept?','','','','','','','','',''),('FriendUI_31','您确定要将[FF9900][{0}][-]断交吗？','Unfriend [FF9900][{0}][-]?','','','','','','','','',''),('FriendUI_32','您确定要将[FF9900][{0}][-]拉黑吗？','Ignore [FF9900][{0}][-]?','','','','','','','','',''),('FriendUI_33','请到游戏中添加好友','Please add friends in the game.','','','','','','','','',''),('FriendUI_34','取消','Cancel','','','','','','','','',''),('FriendUI_35','[i]战力 {0}','[i]Power {0}','','','','','','','','',''),('FriendUI_36','已成功向对方发送申请','You have sent a request to the player.','','','','','','','','',''),('FriendUI_37','不能添加自己为好友','Cannot add yourself as a friend.','','','','','','','','',''),('FriendUI_38','已经在好友或者黑名单中了','The player is already in your Friend List or Ignore List.','','','','','','','','',''),('FriendUI_39','请输入ID/角色名','Please enter ID/character name.','','','','','','','','',''),('FriendUI_40','LV.{0}','Lv.{0}','','','','','','','','',''),('FriendUI_41','当日金币赠送次数已达到上限','You can\'t send any more gold today.','','','','','','','','',''),('FriendUI_42','在线','Online','','','','','','','','',''),('FriendUI_43','{0}前登陆','Logged in {0} ago','','','','','','','','',''),('FriendUI_44','天','Days','','','','','','','','',''),('FriendUI_45','小时','Hrs','','','','','','','','',''),('FriendUI_46','分钟','Min','','','','','','','','',''),('FriendUI_47','已发送兵团邀请','Invitation Sent','','','','','','','','',''),('FriendUI_48','未参加排位','Haven\'t participated in qualifying match','','','','','','','','',''),('FriendUI_49','您确定要将[FF9900][{0}][-]删除吗？','Delete [FF9900][{0}][-]?','0','0','0','0','0','0','0','0','0'),('FriendUI_50','亲密度关系','Special \nRelationship','0','0','0','0','0','0','0','0','0'),('FriendUI_51','建立亲密关系','Special Relationship','0','0','0','0','0','0','0','0','0'),('FriendUI_52','恋人','Lover','0','0','0','0','0','0','0','0','0'),('FriendUI_53','闺蜜','Female partner','0','0','0','0','0','0','0','0','0'),('FriendUI_54','死党','Best friend','0','0','0','0','0','0','0','0','0'),('FriendUI_55','基友','Buddy','0','0','0','0','0','0','0','0','0'),('FriendUI_56','亲密度达到 100 即可建立恋人、基友关系','100 Relationship required to become lovers or buddies','0','0','0','0','0','0','0','0','0'),('FriendUI_57','解除关系请求已发出，等待对方回应','Request to end Relationship sent, waiting for reply','0','0','0','0','0','0','0','0','0'),('FriendUI_58','选择一个关系','Choose relationship','0','0','0','0','0','0','0','0','0'),('FriendUI_59','想成为你的{0}','Wants to become your {0}','0','0','0','0','0','0','0','0','0'),('FriendUI_60','等待对方回应中','Waiting for reply','0','0','0','0','0','0','0','0','0'),('FriendUI_61','想与你解除{0}关系','Wants to stop being your {0}','0','0','0','0','0','0','0','0','0'),('FriendUI_62','确定','Accept','0','0','0','0','0','0','0','0','0'),('FriendUI_63','拒绝','Cancel','0','0','0','0','0','0','0','0','0'),('FriendUI_64','解除关系','[20]End Relationship','0','0','0','0','0','0','0','0','0'),('FriendUI_65','已成功向对方发出建立关系请求','Successfully sent Relationship request','0','0','0','0','0','0','0','0','0'),('FriendUI_66','已成功向对方发出解除关系请求','Successfully sent request to end Relationship','0','0','0','0','0','0','0','0','0'),('FriendUI_67','确定要解除关系吗？关系一旦解除，1天内不可和他重新建立任何关系','Dissolve Relationship? You won\'t be able to reestablish it for 1 day','0','0','0','0','0','0','0','0','0'),('FriendUI_68','同意','Accept','0','0','0','0','0','0','0','0','0'),('FriendUI_69','建立{0}关系请求已发出，等待对方回应','Sent Realtionship request ({0}). Waiting for reply','0','0','0','0','0','0','0','0','0'),('FriendUI_70','({0}/{1})','({0}/{1})','0','0','0','0','0','0','0','0','0'),('FriendUI_71','所选择的亲密度关系已达上限，请选择其他关系','Chosen Relationship slot is full. Choose another one','0','0','0','0','0','0','0','0','0'),('FriendUI_72','该亲密度关系人数已达上限','This Relationship slot is full','0','0','0','0','0','0','0','0','0'),('FriendUI_73','解除亲密关系','End Relationship','0','0','0','0','0','0','0','0','0'),('GameHelperView_01','游戏小秘书','Game Secretary','','','','','','','','',''),('GameHelperView_02','前往','GO','','','','','','','','',''),('GameHelperView_03','今日通过战斗获取金币数量：','Gold acquired from matches today:','','','','','','','','',''),('GameHelperView_04','重置时间：','Reset time:','','','','','','','','',''),('GameHelperView_05','5:00 AM','5:00 AM','','','','','','','','',''),('GroupShopUI_01','兵团商店','Legion Store','','','','','','','','',''),('GroupShopUI_02','头像框','Icon Frame','','','','','','','','',''),('GroupShopUI_03','道具','Item','','','','','','','','',''),('GroupShopUI_04','下次自动刷新时间：','Next Auto Refresh Time:','','','','','','','','',''),('GroupShopUI_05','当前剩余次数：','Current Remain Times:','','','','','','','','',''),('GroupShopUI_06','刷新','Refresh','','','','','','','','',''),('GroupUI_01','兵团需要{0}级解锁','Legion unlocks at Lv.{0}','','','','','','','','',''),('GroupUI_02','创建兵团','Create\nLegion','','','','','','','','',''),('GroupUI_03','兵团名称','Legion Name','','','','','','','','',''),('GroupUI_04','兵团宣言','Declaration','','','','','','','','',''),('GroupUI_05','兵团团徽','Emblem','','','','','','','','',''),('GroupUI_06','创建花费','Creation Fee','','','','','','','','',''),('GroupUI_07','或','or','','','','','','','','',''),('GroupUI_08','兵团名称不能为空','Your legion needs a name.','','','','','','','','',''),('GroupUI_09','兵团宣言不能为空','Your legion needs a declaration.','','','','','','','','',''),('GroupUI_10','功勋等级','Exploit Rank','','','','','','','','',''),('GroupUI_100','赛季','Season','','','','','','','','',''),('GroupUI_101','暂无排行榜数据','No ranking data atm','','','','','','','','',''),('GroupUI_102','个人赛季积分','Personal Season Points','','','','','','','','',''),('GroupUI_103','个人本周积分','Weekly Score','','','','','','','','',''),('GroupUI_104','剩余奖励次数','Chance left to get awarded:','','','','','','','','',''),('GroupUI_105','兵团战胜利','[20]Legion Battle Victories','','','','','','','','',''),('GroupUI_106','兵团战冠军','[20]Champion of\nLegion Battle','','','','','','','','',''),('GroupUI_107','团队混战战场','[24]BG of\nTeam Deathmatch','','','','','','','','',''),('GroupUI_108','快速邀请','Quick Invite','','','','','','','','',''),('GroupUI_109','开始匹配','Start matching','','','','','','','','',''),('GroupUI_11','人数','Members','','','','','','','','',''),('GroupUI_110','开放时间：','Open time:','','','','','','','','',''),('GroupUI_111','本周兵团战次数已满，请下周在来！','The attempts of Legion Battle for this week has been used up, come back next week!','','','','','','','','',''),('GroupUI_112','兵团积分','Score','','','','','','','','',''),('GroupUI_113','个人积分','Personal Score','','','','','','','','',''),('GroupUI_114','邀请','Invite','','','','','','','','',''),('GroupUI_115','赛季','Season','','','','','','','','',''),('GroupUI_116','本周','Week','','','','','','','','',''),('GroupUI_117','战斗记录','Record','','','','','','','','',''),('GroupUI_118','兵团战{0}V{1}战场，{2}缺{3}，速度来战！','Legion battle {0}V{1},{2} members are ready! {3} more mates required, join now!','','','','','','','','',''),('GroupUI_119','点击加入','Click to join','','','','','','','','',''),('GroupUI_12','加入等级','Required Level','','','','','','','','',''),('GroupUI_120','5V5战场','5V5','','','','','','','','',''),('GroupUI_121','积分','Score','','','','','','','','',''),('GroupUI_122','您已不在兵团！','You are not in the Legion any more!','','','','','','','','',''),('GroupUI_123','要队长才能匹配','Only the captain\'s able to start matching ','','','','','','','','',''),('GroupUI_124','队伍人数不够，还差{0}人','No enough Team members,{0} more people required ','','','','','','','','',''),('GroupUI_125','非在线玩家不能邀请！','Unable to invite offline players','','','','','','','','',''),('GroupUI_126','切换战场将解散当前队伍，确定切换吗？','To switch battle mode, the current team will be dismissed, continue?','','','','','','','','',''),('GroupUI_127','发送过于频繁，请与{0}秒后再重试！','Too Frequently, Please Retry after {0} seconds','','','','','','','','',''),('GroupUI_128','您已领取了该奖励！','You\'ve collected the reward.','','','','','','','','',''),('GroupUI_129','您未达到领取条件，请再接再厉！','You don\'t meet the requirement, go on fighting!','','','','','','','','',''),('GroupUI_13','兵团列表','Legions List','','','','','','','','',''),('GroupUI_130','已经在队伍中了','Already In Team','','','','','','','','',''),('GroupUI_131','{0} 完成了成就 【{1}】','{0} Achieved 【{1}】','','','','','','','','',''),('GroupUI_132','{0} 获得了英雄 【{1}】','{0} Acquired Hero:【{1}】','','','','','','','','',''),('GroupUI_133','{0} 获得了【{1}】英雄的{2}皮肤【{3}】','{0} acquired 【{1}】\'s {2} skin - {3}','','','','','','','','',''),('GroupUI_134','{0} 消耗了 {1} {2}，给兵团增加了{3}贡献','{0} consumed {1} {2}, and gain {3} contrubition points for the Legion','','','','','','','','',''),('GroupUI_135','商店','[20]Store','','','','','','','','',''),('GroupUI_14','邀请记录','Invitation\nRecord','','','','','','','','',''),('GroupUI_15','创建兵团需要{0}级','It requires Lv.{0} to create legion.','','','','','','','','',''),('GroupUI_16','创建','Create','','','','','','','','',''),('GroupUI_17','申请加入','Apply','','','','','','','','',''),('GroupUI_18','无需审核','No approval required','','','','','','','','',''),('GroupUI_19','兵团概况','Legion','','','','','','','','',''),('GroupUI_20','签到','[20]Sign-In','','','','','','','','',''),('GroupUI_21','兵团战场','[22]Legion Battleground','','','','','','','','',''),('GroupUI_22','兵团信息','Legion Info','','','','','','','','',''),('GroupUI_23','兵团成员','Members','','','','','','','','',''),('GroupUI_24','邀请加入','Invite','','','','','','','','',''),('GroupUI_25','解散兵团','Dismiss','','','','','','','','',''),('GroupUI_26','成员','Members','','','','','','','','',''),('GroupUI_27','等级','Level','','','','','','','','',''),('GroupUI_28','职务','Duty','','','','','','','','',''),('GroupUI_29','本周贡献','Contribution \nof this week','','','','','','','','',''),('GroupUI_30','赛季贡献','Contribution \nof this season','','','','','','','','',''),('GroupUI_31','在线状态','On/Off','','','','','','','','',''),('GroupUI_32','团长','Chief','','','','','','','','',''),('GroupUI_33','副团长','Vice Chief','','','','','','','','',''),('GroupUI_34','在线','On','','','','','','','','',''),('GroupUI_35','解散兵团将造成重大损失!确定要解散吗？','Dismissal will cause big loss, are you sure you want to dismiss your legion?','','','','','','','','',''),('GroupUI_36','解散','Dismiss','','','','','','','','',''),('GroupUI_37','取消','Cancel','','','','','','','','',''),('GroupUI_38','任命{0}','Appoint {0}','','','','','','','','',''),('GroupUI_39','撤销{0}','Dismiss {0}','','','','','','','','',''),('GroupUI_40','确定撤销{0}{1}职务吗？','Confirm to dismiss {0} from {1}?','','','','','','','','',''),('GroupUI_41','确定','Confirm','','','','','','','','',''),('GroupUI_42','踢出兵团','Kick out','','','','','','','','',''),('GroupUI_43','转让','Abdicate','','','','','','','','',''),('GroupUI_44','该操作将失去尊贵的兵团团长宝座，确认转让给【{0}】吗？','Are you sure you want to abdicate and promote {0} as the new Chief?','','','','','','','','',''),('GroupUI_45','兵团记录','Record','','','','','','','','',''),('GroupUI_46','兵团申请','Applications','','','','','','','','',''),('GroupUI_47','拒绝','Reject','','','','','','','','',''),('GroupUI_48','同意','Approve','','','','','','','','',''),('GroupUI_49','兵团设置','Settings','','','','','','','','',''),('GroupUI_50','加入审核','Approval','','','','','','','','',''),('GroupUI_51','加入等级','Required Level','','','','','','','','',''),('GroupUI_52','需要验证才可加入','Approval required','','','','','','','','',''),('GroupUI_53','无需验证即可加入','No approval required','','','','','','','','',''),('GroupUI_54','修改兵团名称需要消耗 {0} {1}，是否继续？','Change legion will cost {0} {1}, continue?','','','','','','','','',''),('GroupUI_55','兵团规则','Rules of Legion','','','','','','','','',''),('GroupUI_56','{0}前','{0} ago','','','','','','','','',''),('GroupUI_57','签到成功','Sign-in successfully','','','','','','','','',''),('GroupUI_58','请输入要查找的兵团ID或者名称','Please enter the legion\'s name or ID','','','','','','','','',''),('GroupUI_59','找不到此兵团信息','No results found','','','','','','','','',''),('GroupUI_60','最长8个中文字符','Maximum 16 symbols','','','','','','','','',''),('GroupUI_61','等级没达到兵团要求','You don\'t meet the level requirement for the target legion.','','','','','','','','',''),('GroupUI_62','增加 {0} 人口上限需要消耗 {1} {2}，是否继续？','Expand {0} more population slots will cost {1} {2}，Continue？','','','','','','','','',''),('GroupUI_63','离开兵团','Quit','','','','','','','','',''),('GroupUI_64','退出兵团将清除个人贡献，确定要退出吗？','You contribution will be erased by quitting the legion, are you sure to continue?','','','','','','','','',''),('GroupUI_65','签到成功，获得{0}点贡献','Sign in successful, obtain {0} contribution','','','','','','','','',''),('GroupUI_66','{0} 邀请您加入 {1} 兵团','{0} invites you to join {1} legion','','','','','','','','',''),('GroupUI_67','您无回复邀请的权限','You don\'t have permission to reply invitations.','','','','','','','','',''),('GroupUI_68','{0} 创建了 {1}','{0} created {1}','','','','','','','','',''),('GroupUI_69','{0} 解散了 {1}','{0} dismissed {1}','','','','','','','','',''),('GroupUI_70','{0} 将团长转让给了 {1}','{0} promoted {1} as the new chief.','','','','','','','','',''),('GroupUI_71','{0} 将 {1} 的兵团职位变更为 {2}','{0} promoted {1} as {2}','','','','','','','','',''),('GroupUI_72','{0} 更改了兵团设置','{0} edited the settings of legion.','','','','','','','','',''),('GroupUI_73','{0} 退出了兵团','{0} has quit the legion.','','','','','','','','',''),('GroupUI_74','{0} 加入了兵团','{0} has joined the legion.','','','','','','','','',''),('GroupUI_75','{0} 将 {1} 踢出了兵团，大家引以为戒！','{0} has kicked out {1} from the legion.','','','','','','','','',''),('GroupUI_76','{0} 邀请了 {1} 加入兵团','{0} invited {1} to legion.','','','','','','','','',''),('GroupUI_77','{0} 回复了 {1} 加入兵团的申请','{0} replied the application of {1}.','','','','','','','','',''),('GroupUI_78','{0} 将兵团扩容至 {1}','{0} expanded the member cap to {1}','','','','','','','','',''),('GroupUI_79','未知操作 {0}','unknown operation {0}','','','','','','','','',''),('GroupUI_80','点击获取更多','Tap for more info','','','','','','','','',''),('GroupUI_81','没有更多的兵团了','No more legions','','','','','','','','',''),('GroupUI_82','没有更多的日志了','No more logs','','','','','','','','',''),('GroupUI_83','申请成功','Successfully applied','','','','','','','','',''),('GroupUI_84','抱歉，兵团扩容失败','Sorry, operation failed.','','','','','','','','',''),('GroupUI_85','恭喜，兵团扩容成功','Congratulations! Member cap successfully expanded.','','','','','','','','',''),('GroupUI_86','您没做任何更改','No change has been made.','','','','','','','','',''),('GroupUI_87','兵团设置成功','Edited successfully.','','','','','','','','',''),('GroupUI_88','离线','Offline','','','','','','','','',''),('GroupUI_89','已签','Signed','','','','','','','','',''),('GroupUI_90','您已同意 {0} 的邀请！','You\'ve accepted the invitation from {0}.','','','','','','','','',''),('GroupUI_91','查看','Check','','','','','','','','',''),('GroupUI_92','{0} 职务已满','There are enough {0}','','','','','','','','',''),('GroupUI_93','踢出兵团将扣除相应的兵团贡献，确认将 {0} 踢出兵团吗？','Certain contribution will be deducted by kicking out {0} to legion, are you sure to continue?','','','','','','','','',''),('GroupUI_94','兵团排行榜','Rank of Legions','','','','','','','','',''),('GroupUI_95','排名','Rank','','','','','','','','',''),('GroupUI_96','贡献','Contribution','','','','','','','','',''),('GroupUI_97','每人奖励','Rewards for\neach members','','','','','','','','',''),('GroupUI_98','上周','Last Week','','','','','','','','',''),('GroupUI_99','本周','This Week','','','','','','','','',''),('GuideHandbook_01','引导语','Tips','','','','','','','','',''),('GuideHandbook_02','关闭手册','Close Guide','','','','','','','','',''),('GuideHandbook_03','教学手册','Guide','','','','','','','','',''),('GuideHandbook_AutoShoot','如何自动射击？','How do I shoot automatically?','','','','','','','','',''),('GuideHandbook_AutoShoot0','在新手乐园模式中，点击右摇杆即可自动瞄准开枪。','In the Newbie Area, tapping the right joystick will automatically aim for you','','','','','','','','',''),('GuideHandbook_AutoShoot1','按下右摇杆进行射击','Hold down the right joystick to shoot','','','','','','','','',''),('GuideHandbook_AutoShoot2','按住不动进行射击','Hold down the right joystick without moving it to aim','','','','','','','','',''),('GuideHandbook_Grenade','如何丢手雷？','How do I throw grenades?','','','','','','','','',''),('GuideHandbook_Grenade0','按住拖拉手雷按钮，可以投掷手雷。','You can throw a grenade by pressing and dragging the \"Grenade\" button','','','','','','','','',''),('GuideHandbook_Grenade1','按住手雷按钮，进入准备投掷状态','Press the \"Grenade\" button to pull the pin','','','','','','','','',''),('GuideHandbook_Grenade10','手雷键','Grenade Button','','','','','','','','',''),('GuideHandbook_Grenade2','拖动手雷按钮，选择投掷方向','Drag the \"Grenade\" button to choose the direction in which it will be thrown','','','','','','','','',''),('GuideHandbook_Grenade3','拖动手雷按钮，选择投掷方向','Drag the \"Grenade\" button to choose the direction in which it will be thrown','','','','','','','','',''),('GuideHandbook_Grenade4','松开手雷按钮，进行投掷','Release the \"Grenade\" button to throw it','','','','','','','','',''),('GuideHandbook_Move','如何移动？','How do I move?','','','','','','','','',''),('GuideHandbook_Move0','按住拖动左摇杆，可以进行移动。','Holding and moving the left joystick allows you to move','','','','','','','','',''),('GuideHandbook_Move1','按住左摇杆','Hold down the left joystick','','','','','','','','',''),('GuideHandbook_Move2','按住左摇杆进行移动','Hold down the left joystick to move','','','','','','','','',''),('GuideHandbook_Move3','按住左摇杆进行移动','Hold down the left joystick to move','','','','','','','','',''),('GuideHandbook_Reload','如何填弹？','How do I reload?','','','','','','','','',''),('GuideHandbook_Reload0','点击填弹按钮，可进行填弹。','Press the \"Reload\" button to reload','','','','','','','','',''),('GuideHandbook_Reload1','点击进行填弹','Press to reload','','','','','','','','',''),('GuideHandbook_Reload10','填弹键','Reload Button','','','','','','','','',''),('GuideHandbook_Reload2','点击进行填弹','Press to reload','','','','','','','','',''),('GuideHandbook_Roll','如何翻滚？','How do I roll?','','','','','','','','',''),('GuideHandbook_Roll0','点击翻滚按钮，可进行翻滚。','Press the \"Roll\" button to roll','','','','','','','','',''),('GuideHandbook_Roll1','点击进行翻滚','Press to roll','','','','','','','','',''),('GuideHandbook_Roll10','翻滚键','Roll Button','','','','','','','','',''),('GuideHandbook_Roll2','点击进行翻滚','Press to roll','','','','','','','','',''),('GuideHandbook_Shoot','如何手动射击？','How do I shoot manually?','','','','','','','','',''),('GuideHandbook_Shoot0','非新手模式下，点击右摇杆为瞄准，按住并拖动右摇杆可选择方向射击。','Except in the Newbie Area, the right joystick is for aiming. Hold and push the right joystick to determine the direction you want to shoot','','','','','','','','',''),('GuideHandbook_Shoot1','按下右摇杆进行瞄准','Hold down the right joystick to aim','','','','','','','','',''),('GuideHandbook_Shoot2','按住右摇杆不动进行瞄准','Hold down the right joystick without moving it to aim','','','','','','','','',''),('GuideHandbook_Shoot3','小范围拖动右摇杆，选择瞄准方向','Gently move the right joystick to change the direction you are aiming','','','','','','','','',''),('GuideHandbook_Shoot5','拖动右摇杆出摇杆范围，可进行射击','Pushing the joystick further in that direction will shoot','','','','','','','','',''),('GuideHandbook_Shoot6','拖动右摇杆旋转，可选择方向射击','Rotating the joystick also changes direction you are shooting','','','','','','','','',''),('GuideHandbook_Skill','如何释放技能？','How do I use\nskills?','','','','','','','','',''),('GuideHandbook_Skill0','按住拖拉技能按钮，可以释放技能，有些技能点击即可释放。','You can use a skill by pressing and dragging the \"Skill\" button. Some skills can be used by simply tapping the button.','','','','','','','','',''),('GuideHandbook_Skill1','按住技能按钮，进入准备释放状态','Press the \"Skill\" button to prepare the skill','','','','','','','','',''),('GuideHandbook_Skill10','技能键','Skill Button','','','','','','','','',''),('GuideHandbook_Skill2','拖动技能按钮，选择释放方向','Drag the \"Skill\" button to choose the direction in which it will be released','','','','','','','','',''),('GuideHandbook_Skill3','拖动技能按钮，选择释放方向','Drag the \"Skill\" button to choose the direction in which it will be released','','','','','','','','',''),('GuideHandbook_Skill4','松开按钮，释放技能','Let go of the button to release the skill','','','','','','','','',''),('GuideTalent_01','领取奖励','Get reward','','','','','','','','',''),('GuideTalent_03','点击继续','Click to continue','','','','','','','','',''),('GuideUI_06','跳过','Skip','','','','','','','','',''),('Guide_01','恭喜你完成训练营','Congratulations, you have completed the training!','','','','','','','','',''),('Guide_02','正式开始','Begin Game','','','','','','','','',''),('Guide_03','小机器坝基','Robohelper','','','','','','','','',''),('GunConfigPanelUI_01','升级','Upgrade','','','','','','','','',''),('GunConfigPanelUI_02','战力 {0}','Power {0}','','','','','','','','',''),('GunConfigPanelUI_03','伤害: {0}\n穿透: {1}\n暴击: {2}\n射速: {3}\n弹夹: {4}','','','','','','','','','',''),('GunConfigPanelUI_04','精准: {0}\n稳定: {1}\n射程: {2}\n填弹: {3}','Fierce: {0}\nStable: {1}\nRange: {2}\nReload: {3}','','','','','','','','',''),('GunConfigPanelUI_06','装备','Equip','','','','','','','','',''),('GunConfigPanelUI_07','替换','Switch','','','','','','','','',''),('GunConfigPanelUI_08','卸下','Unequip','','','','','','','','',''),('GunConfigPanelUI_09','主','Primary','','','','','','','','',''),('GunConfigPanelUI_10','副','Secondary','','','','','','','','',''),('GunConfigPanelUI_11','剩余时间:{0}{1}天{2}小时','Remaining time: {0}{1} d {2} h','','','','','','','','',''),('GunConfigUI_01','枪械配置','Gun Config','','','','','','','','',''),('GunConfigUI_02','属性对比','Attrib. Comparison','','','','','','','','',''),('GunConfigUI_03','替换','Switch','','','','','','','','',''),('GunConfigUI_04','已配置:','Configured:','','','','','','','','',''),('GunConfigUI_05','当前选择:','Current Selection:','','','','','','','','',''),('GunConfigUI_06','已选择','Selected','','','','','','','','',''),('GunConfigUI_07','{0}\n战力：{1}','','','','','','','','','',''),('GunConfigUI_08','已装备','Equipped','','','','','','','','',''),('GunConfigUI_09','显示最强枪械','Display the best gun','','','','','','','','',''),('GunContrastUI_01','枪械对比','Attrib. Comparison','','','','','','','','',''),('GunContrastUI_02','当前属性','Current Attrib.','','','','','','','','',''),('GunContrastUI_03','满级属性','Max level attrib.','','','','','','','','',''),('GunContrastUI_04','替换','Switch','','','','','','','','',''),('GunContrastUI_07','对比枪械:{0}','Compared Gun: {0}','','','','','','','','',''),('GunContrastUI_08','未装备','Unequipped','','','','','','','','',''),('GunContrastUI_09','装备枪械:{0}','Equipped Gun: {0}','','','','','','','','',''),('GunContrastUI_10','主','Primary','','','','','','','','',''),('GunContrastUI_11','副','Secondary','','','','','','','','',''),('GunExchangeUI_01','枪械兑换','Gun Exchange','','','','','','','','',''),('GunExchangeUI_02','突击步枪组件','AR CMPT','','','','','','','','',''),('GunExchangeUI_03','机关枪组件','MG CMPT','','','','','','','','',''),('GunExchangeUI_04','霰弹枪组件','SG CMPT','','','','','','','','',''),('GunExchangeUI_05','狙击枪组件','SR CMPT','','','','','','','','',''),('GunExchangeUI_06','满级战力：{0}','Max power: {0}','','','','','','','','',''),('GunExchangeUI_07','描述','Description','','','','','','','','',''),('GunExchangeUI_08','组件数','Components','','','','','','','','',''),('GunExchangeUI_09','兑换','Exchange','','','','','','','','',''),('GunExchangeUI_10','【{0}】{1} Lv.1','[{0}]{1} Lv.1','','','','','','','','',''),('GunInfoUI_01','对比','Compare','','','','','','','','',''),('GunInfoUI_02','伤害','DMG','','','','','','','','',''),('GunInfoUI_03','穿透','Penetration','','','','','','','','',''),('GunInfoUI_04','暴击','Crit','','','','','','','','',''),('GunInfoUI_05','射速','Fire Rate','','','','','','','','',''),('GunInfoUI_06','弹夹','Magazine','','','','','','','','',''),('GunInfoUI_07','精准','Accuracy','','','','','','','','',''),('GunInfoUI_08','稳定','Stability','','','','','','','','',''),('GunInfoUI_09','射程','Range','','','','','','','','',''),('GunInfoUI_10','填弹','Reload','','','','','','','','',''),('GunInfoUI_11','购买','Buy','','','','','','','','',''),('GunInfoUI_12','描述','Description','','','','','','','','',''),('GunInfoUI_13','属性','Attribute','','','','','','','','',''),('GunInfoUI_14','已售完','Sold','','','','','','','','',''),('GunMergeUI_01','枪械合成','Craft Guns','','','','','','','','',''),('GunMergeUI_02','满级战力：','Max power:','','','','','','','','',''),('GunMergeUI_03','描述','Description','','','','','','','','',''),('GunMergeUI_04','碎片数:','Shards:','','','','','','','','',''),('GunMergeUI_05','出售','Sell','','','','','','','','',''),('GunMergeUI_06','掉落','Drop','','','','','','','','',''),('GunMergeUI_07','合成','Craft','','','','','','','','',''),('GunMergeUI_08','【{0}】{1} Lv.1','[{0}]{1} Lv.1','','','','','','','','',''),('GunUpgradeUI_01','基础信息','Basic Info','','','','','','','','',''),('GunUpgradeUI_02','属性详情','Attrib. Details','','','','','','','','',''),('GunUpgradeUI_03','当前等级','Current Level','','','','','','','','',''),('GunUpgradeUI_04','当前战力','Current Power','','','','','','','','',''),('GunUpgradeUI_05','品质  {0}  →  [-]{1}','Quality {0} → [-]{1}','','','','','','','','',''),('GunUpgradeUI_06','等级上限{0}  →  [-]{1}','Level cap {0} → [-]{1}','','','','','','','','',''),('GunUpgradeUI_07','枪械进阶后可提升枪械等级上限','When upgraded, the gun\'s level cap will be increased.','','','','','','','','',''),('GunUpgradeUI_08','当前品质','Current quality:    ','','','','','','','','',''),('GunUpgradeUI_09','最高品质','Highest quality:    ','','','','','','','','',''),('GunUpgradeUI_11','已至最高','It\'s already the highest quality.','','','','','','','','',''),('GunUpgradeUI_12','进阶','Evolve','','','','','','','','',''),('GunUpgradeUI_13','升级','Upgrade','','','','','','','','',''),('GunUpgradeUI_14','伤害','DMG','','','','','','','','',''),('GunUpgradeUI_15','穿透','Penetration','','','','','','','','',''),('GunUpgradeUI_16','暴击','Crit','','','','','','','','',''),('GunUpgradeUI_17','射速','Fire Rate','','','','','','','','',''),('GunUpgradeUI_18','弹夹','Magazine','','','','','','','','',''),('GunUpgradeUI_19','精准','Accuracy','','','','','','','','',''),('GunUpgradeUI_20','稳定','Stability','','','','','','','','',''),('GunUpgradeUI_21','射程','Range','','','','','','','','',''),('GunUpgradeUI_22','填弹','Reload','','','','','','','','',''),('GunUpgradeUI_24','剩余时间: {0}{1}天{2}小时','Remaining time: {0}{1} d {2} h','','','','','','','','',''),('GunUpgradeUI_25','一键添加','Quick Add','','','','','','','','',''),('GunUpgradeUI_26','枪械升级','Gun Upgrade','','','','','','','','',''),('GunUpgradeUI_27','枪械进阶','Gun Evolution','','','','','','','','',''),('GunUpgradeUI_28','出售','Sell','','','','','','','','',''),('GunUpgradeUI_29','确定要以{0}金币的价格出售该枪械吗','Sell the gun for {0} gold?','','','','','','','','',''),('GunUpgradeUI_30','帮助','Help','','','','','','','','',''),('GunUpgradeUI_31','配置','Config','','','','','','','','',''),('GunUpLvUI_01','枪械升级','Gun Upgrade','','','','','','','','',''),('GunUpLvUI_02','枪械进阶','Gun Evolution','','','','','','','','',''),('GunUpLvUI_03','升级','Upgrade','','','','','','','','',''),('GunUpLvUI_04','进阶','Evolve','','','','','','','','',''),('HeroinfoUI_01','购买','Buy','','','','','','','','',''),('HeroinfoUI_02','已拥有','Owned','','','','','','','','',''),('HeroinfoUI_03','英雄详情','Hero Details','','','','','','','','',''),('HistoryRankUI_01','历史战绩','Combat Record','','','','','','','','',''),('HistoryRankUI_02','赛季','Season','','','','','','','','',''),('HistoryRankUI_03','段位','Rank','','','','','','','','',''),('HistoryRankUI_04','常用英雄','Frequently-used Hero','','','','','','','','',''),('HistoryRankUI_05','战斗场次','Matches','','','','','','','','',''),('HistoryRankUI_07','胜率','Winning Rate','','','','','','','','',''),('Hotfix_Error_01','下载失败！请检查你的网络状态','Failed to download resources, please check your internet status.','','','','','','','','',''),('Hotfix_Error_02','正在解压缩更新包...','Extracting package…','','','','','','','','',''),('Hotfix_Error_03','更新压缩包损坏，无法解压！','Package damaged, unable to extract.','','','','','','','','',''),('Hotfix_Error_04','找不到版本号：{0}相关的更新信息','Unable to find relevant update info of version: {0}','','','','','','','','',''),('Hotfix_Error_05','获取版本更新信息超时！','Request for update info timeout.','','','','','','','','',''),('InformUI_01','您正在举报','Report ','0','0','0','0','0','0','0','0','0'),('InformUI_02','算了','Cancel','0','0','0','0','0','0','0','0','0'),('InformUI_03','快速举报','Fast report','0','0','0','0','0','0','0','0','0'),('InformUI_04','请选择举报内容(最多可选{0}项)','Choose reasons (up to {0})','0','0','0','0','0','0','0','0','0'),('InformUI_05','举报成功！','Reported!','0','0','0','0','0','0','0','0','0'),('InformUI_06','请至少选择一项举报内容！','Choose at least one reason!','0','0','0','0','0','0','0','0','0'),('InformUI_07','您已经举报过该玩家了！','You reported this player before!','0','0','0','0','0','0','0','0','0'),('InformUI_08','请输入你想举报的内容','Please give us more details:','0','0','0','0','0','0','0','0','0'),('Joystick_Cancel','取消释放','Canceled','','','','','','','','',''),('KickOut_00','客户端失去与游戏服务器的连接','You have been disconnected from the server.','','','','','','','','',''),('KickOut_01','你被游戏服务器踢出','You have been kicked out from the server.','','','','','','','','',''),('KickOut_02','非法服务器协议','Illegal server protocol','','','','','','','','',''),('KickOut_03','登录验证失败','Login Authentication Failed','','','','','','','','',''),('KickOut_04','游戏服务器已关闭','Server Closed','','','','','','','','',''),('KickOut_05','账号已在其他设备上登陆，您被迫下线！','The account has been logged in on another device!','','','','','','','','',''),('KickOut_06','账号已在其他设备上登陆！','The account has been logged in on another device!','0','0','0','0','0','0','0','0','0'),('LanguageSetUI_01','语言设置','Language Settings','','','','','','','','',''),('lang_text','中文','English','','','','','','','','',''),('LeaveMatchReason_00','你已经成功离开队伍','You have left the team.','','','','','','','','',''),('LeaveMatchReason_01','你已经被队长踢出队伍','The leader has kicked you out of the team.','','','','','','','','',''),('LeaveMatchReason_02','玩家已经掉线','The player has been disconnected.','','','','','','','','',''),('LeaveRoomReason_00','您已经成功离开房间','You have left the room.','','','','','','','','',''),('LeaveRoomReason_01','您被房主踢出房间','The host kicked you out of the room.','','','','','','','','',''),('LeaveRoomReason_02','由于长时间没有开始战斗，已被系统踢出房间','As you didn\'t start fighting after a long time, you have been kicked out of the room.','','','','','','','','',''),('LeaveRoomReason_03','战斗中离线','went offline during the battle.','','','','','','','','',''),('LeaveRoomReason_04','长时间未开始战斗，已自动离开房间','As you didn\'t start fighting after a long time, you have been kicked out of the room.','','','','','','','','',''),('LeaveRoomReason_05','长时间未开始战斗，已自动离开房间','As you didn\'t start fighting after a long time, you have been kicked out of the room.','','','','','','','','',''),('LoadingError_01','磁盘空间不足，游戏资源解压失败。','Insufficient storage space, failed to extract resources.','0','0','0','0','0','0','0','0','0'),('LoadingPrompt_00','正在解压缩资源，此时不消耗流量','Extracting resources, no traffic cost','0','0','0','0','0','0','0','0','0'),('LoadingPrompt_01','正在展开废土世界……','Entering the wasteland…','0','0','0','0','0','0','0','0','0'),('LoadingPrompt_02','末世即将降临','The doom is coming…','0','0','0','0','0','0','0','0','0'),('LoadingPrompt_03','武器装备载入中……','Loading the armor data…','0','0','0','0','0','0','0','0','0'),('LoadingPrompt_04','生成异兽僵尸群……','Massing savage beasts and zombies…','0','0','0','0','0','0','0','0','0'),('LoadingPrompt_05','载入随机生存法则……','Reading the surviving rules…','0','0','0','0','0','0','0','0','0'),('LoadingPrompt_06','绘制战场废墟……','Drawing the ruins of battlefields…','0','0','0','0','0','0','0','0','0'),('LoadingPrompt_07','载入战斗数据','Loading the battle data…','0','0','0','0','0','0','0','0','0'),('LoadingPrompt_08','战斗准备完成，请等待进入战场。','Preparation completed, get ready to enter the battlefield!','0','0','0','0','0','0','0','0','0'),('LoadingUI_01','加载中','Loading...','','','','','','','','',''),('LoadingUI_02','小提示','Tips: ','','','','','','','','',''),('LOCALPUSH_DIAMOND','免费钻石夺宝已开启，试试您的手气吧~！','The Free Diamond Chest is available. Try your luck!','','','','','','','','',''),('LOCALPUSH_FIRSTWIN','首胜奖励已开启，快来战斗吧~！','The First Victory Prize is now available, time to battle!','','','','','','','','',''),('LOCALPUSH_RECALL','您在废土大陆的战友们需要你~！快回来看看吧！','Your brothers in arms are waiting for you in the wastelands! Come check it out!','','','','','','','','',''),('LogicServerConnectLose','客户端失去与游戏服务器的连接','You have been disconnected from the game server.','','','','','','','','',''),('LoginFailed_Error','sdk登录失败,error:{0}','Failed to login sdk, error:{0}','0','0','0','0','0','0','0','0','0'),('LoginUI_01','账号不能为空!','Account cannot be empty!','','','','','','','','',''),('LoginUI_02','密码只能由6-12位英文字符或数字组成','The password can only be combined with 6-12 letters and numbers.','','','','','','','','',''),('LoginUI_03','密码不能为空!','Password cannot be empty!','','','','','','','','',''),('LoginUI_04','密码不能使用中文!','Password cannot be Chinese characters!','','','','','','','','',''),('LoginUI_05','两次输入密码不一致，请重新输入','Passwords did not match, please enter again.','','','','','','','','',''),('LoginUI_06','账号：','Account:','','','','','','','','',''),('LoginUI_07','密码：','Password:','','','','','','','','',''),('LoginUI_08','注册','Register','','','','','','','','',''),('LoginUI_09','立即登录','Log in Now','','','','','','','','',''),('LoginUI_10','返回','Back','','','','','','','','',''),('LoginUI_11','确认密码：','Confirm Password:','','','','','','','','',''),('LoginUI_12','立即注册','Register Now','','','','','','','','',''),('LoginUI_13','版本号：','Version:','','','','','','','','',''),('LoginUI_14','登录','Log in','','','','','','','','',''),('LoginUI_15','一键登录','One-click Login','','','','','','','','',''),('LoginUI_16','FaceBook','FaceBook','','','','','','','','',''),('LoginUI_17','帐号只能由4-12位英文字符或数字组成','The ID can only be combined with 4-12 letters and numbers.','','','','','','','','',''),('LotteryUI_01','金币','Gold','','','','','','','','',''),('LotteryUI_02','钻石','Diamond','','','','','','','','',''),('LotteryUI_03','极品','Epic','','','','','','','','',''),('LotteryUI_04','购买','Buy','','','','','','','','',''),('LotteryUI_05','买一个','Buy 1','','','','','','','','',''),('LotteryUI_06','买十个','Buy 10','','','','','','','','',''),('LotteryUI_07','重置','Reset','','','','','','','','',''),('LotteryUI_08','后免费','free after','','','','','','','','',''),('LotteryUI_09','免费','Free','','','','','','','','',''),('LotteryUI_10','再买一个','Buy 1 more','','','','','','','','',''),('LotteryUI_11','再买十次','Buy 10 more','','','','','','','','',''),('LotteryUI_12','已获得','Obtained','','','','','','','','',''),('LotteryUI_13','重置将会消耗{0}钻石,是否重置','Resetting costs {0} diamonds, continue?','','','','','','','','',''),('LotteryUI_14','取消','Cancel','','','','','','','','',''),('LotteryUI_15','再买{0}个,必得{1}紫色枪械[-]','Buy {0} more and get at least one {1} purple gun.[-]','','','','','','','','',''),('LotteryUI_16','再买{0}个,必得{1}蓝色枪械[-]','Buy {0} more and get at least one {1} blue gun.[-]','','','','','','','','',''),('LotteryUI_17','夺宝{0}次,必得所有物品','Draw {0} times to get all the items.','','','','','','','','',''),('LotteryUI_18','未进行极品夺宝,无需重置!','You haven\'t drawn the Epic Lottery, resetting is not necessary.','','','','','','','','',''),('LotteryUI_19','幸运值:','Luck:','','','','','','','','',''),('LotteryUI_20','夺宝','Lottery','','','','','','','','',''),('MailBoxUI_01','系统邮件','System','','','','','','','','',''),('MailBoxUI_02','好友邮件','Friends','','','','','','','','',''),('MailBoxUI_03','温馨提示: 系统邮件30天后自动删除!!','Tip: Mails from system will be automatically deleted after 30 days.','','','','','','','','',''),('MailBoxUI_04','一键领取','Quick Collect','','','','','','','','',''),('MailBoxUI_05','领取','Collect','','','','','','','','',''),('MailBoxUI_06','取消','Cancel','','','','','','','','',''),('MailBoxUI_07','发件人:  ','Sender:  ','','','','','','','','',''),('MailBoxUI_08','内容:   {0}','Content: {0}','','','','','','','','',''),('MailBoxUI_09','邮件名:  ','Topic:  ','','','','','','','','',''),('MailBoxUI_10','附件:','Attachment:','','','','','','','','',''),('MailBoxUI_11','邮箱','Mailbox','','','','','','','','',''),('MailBoxUI_12','删除','Delete','','','','','','','','',''),('MailBoxUI_13','邮箱里什么都没有','You haven\'t received any emails.','','','','','','','','',''),('MailBoxUI_14','邮件总数','Emails','','','','','','','','',''),('MailBoxUI_15','删除邮件将销毁邮件内的物品，确定要删除吗？','Deleting the letter will destroy any attachments. Continue?','','','','','','','','',''),('MailBoxUI_16','yyyy年MM月dd日HH时mm分',' yyyy-MM-dd HH:mm ','','','','','','','','',''),('MailBoxUI_17','温馨提示: 好友邮件7天后自动删除!!','Reminder: Mails from friends will be automatically deleted after 7 days.','','','','','','','','',''),('MainUI_01','签到','Sign-in','','','','','','','','',''),('MainUI_02','等级礼包','Level Pack','','','','','','','','',''),('MainUI_03','活跃度奖励','Activity Reward','','','','','','','','',''),('MainUI_04','在线礼包','Online Pack','','','','','','','','',''),('MainUI_05','主界面','Main Screen','','','','','','','','',''),('MainUI_06','排行','Rank','','','','','','','','',''),('MainUI_07','邮件','Mail','','','','','','','','',''),('MainUI_08','福利','Rewards','','','','','','','','',''),('MainUI_09','录像','Video','','','','','','','','',''),('MainUI_10','设置','Settings','','','','','','','','',''),('MainUI_11','角色','Characters','','','','','','','','',''),('MainUI_12','夺宝','Lottery','','','','','','','','',''),('MainUI_13','商店','Store','','','','','','','','',''),('MainUI_14','仓库','Warehouse','','','','','','','','',''),('MainUI_15','好友','Friend','','','','','','','','',''),('MainUI_16','任务','Missions','','','','','','','','',''),('MainUI_17','VS','VS','','','','','','','','',''),('MainUI_18','入群有礼','Join Group for Gift','','','','','','','','',''),('MainUI_19','快速战斗','Quick Battle','','','','','','','','',''),('MainUI_20','其他模式','Other Modes','','','','','','','','',''),('MainUI_21','ms','ms','','','','','','','','',''),('MainUI_22','你好，需要帮助吗?','Hi, may I help you?','','','','','','','','',''),('MainUI_23','对战','Battle','','','','','','','','',''),('MainUI_24','BATTLE','','','','','','','','','',''),('MainUI_25','排位赛','Qualifying Match','','','','','','','','',''),('MainUI_26','RANKING','RANKING','','','','','','','','',''),('MainUI_27','混世之战','Deathmatch','','','','','','','','',''),('MainUI_28','MELEE','Deathmatch','','','','','','','','',''),('MainUI_29','Task','','','','','','','','','',''),('MainUI_30','兵团','Legion','','','','','','','','',''),('MainUI_31','成就','Achievements','','','','','','','','',''),('MainUI_32','','','0','0','0','0','0','0','0','0','0'),('Mecha_Bomb','自爆','Self-destruction','','','','','','','','',''),('Mecha_Ride','骑乘','Ride','','','','','','','','',''),('Monday','周一','Mon.','','','','','','','','',''),('NetRequestTimeOut','网络请求{0}超时','Internet request {0} time out','','','','','','','','',''),('NewShop_01','商城','Store','','','','','','','','',''),('NewShop_02','已拥有','Owned','','','','','','','','',''),('NewShop_03','购买','Buy','','','','','','','','',''),('NewShop_04','或','or','','','','','','','','',''),('NewShop_05','需要先获得英雄','Acquire the hero first','','','','','','','','',''),('NewShop_06','英雄说明','Hero Intro','','','','','','','','',''),('NewShop_07','皮肤说明','Skin Info','','','','','','','','',''),('NewShop_08','英雄购买','Buy Hero','','','','','','','','',''),('NewShop_09','皮肤购买','Purchase Skin','','','','','','','','',''),('NewShop_10','原价 ','Original Price','','','','','','','','',''),('NewShop_11','剩余\n{0}天','{0} days left','','','','','','','','',''),('NewShop_12','首充获得','First Recharge reward','','','','','','','','',''),('NewShop_13','活动获得','Acquired from events','','','','','','','','',''),('NewShop_14','VIP赠送','VIP Gift','','','','','','','','',''),('NewShop_15','限时出售','Time Limited Offer','','','','','','','','',''),('NewShop_16','您还差{0}钻石，将使用[FF9900FF]{1}[-]点券补足。','You lack {0} diamonds, [FF9900FF]{1}[-] tickets will be used as replacement.','','','','','','','','',''),('NewShop_17','您的钻石和可替代支付的点券不足，是否立即购买。','Insufficient Diamonds and Tickets, purchase now?','','','','','','','','',''),('NewShop_18','需先获得英雄','[20]Acquire the Hero First','','','','','','','','',''),('NewTeamRoomView_02','{0}V{1}组队','{0} V {1}','','','','','','','','',''),('NewTeamRoomView_03','Lv.','Lv.','','','','','','','','',''),('NewTeamRoomView_04','常用语','[30]Slogan','','','','','','','','',''),('NewTeamRoomView_05','邀请','[30]Invite','','','','','','','','',''),('NewTeamRoomView_06','开始','[30]Start','','','','','','','','',''),('NewTeamRoomView_07','取消','[30]Cancel','','','','','','','','',''),('NewTeamRoomView_08','准备','[30]Get Ready','','','','','','','','',''),('NewTeamRoomView_09','机器人','Bots','','','','','','','','',''),('NewTeamRoomView_10','创建队伍','Create Team','','','','','','','','',''),('NewTeamRoomView_11','创建房间','Create Room','','','','','','','','',''),('NewTeamRoomView_12','队长','Captain','','','','','','','','',''),('NewTeamRoomView_13','房主','Host','','','','','','','','',''),('NewTeamRoomView_14','队友','Allies','','','','','','','','',''),('NewTeamRoomView_15','队长','Captain','','','','','','','','',''),('NewTeamRoomView_16','(电脑)','(PC)','','','','','','','','',''),('NewTeamRoomView_17','不，我够强','I Don\'t care','','','','','','','','',''),('NewTeamRoomView_18','是，稳妥点','I\'ll Wait','','','','','','','','',''),('NewTeamRoomView_19','您当前人数不满，是否匹配其他队友','No enough teammates, wait for some supports?','','','','','','','','',''),('NewTeamRoomView_20','温馨提示：人数不满，将以少敌多','Warning: The fight is gonna be tough and unbalanced!','','','','','','','','',''),('NewTeamRoomView_21','{0}人组队PVE','Form a {0}-person team vs AI','','','','','','','','',''),('NewTeamRoomView_22','随机模式','Random mode','','','','','','','','',''),('NewTeamRoomView_23','{0}禁止进入战斗{1}！','{0} is forbidden from {1} battle!','0','0','0','0','0','0','0','0','0'),('NormalResult_AssistTitle','助攻','Assist','','','','','','','','',''),('NormalResult_DamageTitle','输出伤害','DMG Dealt','','','','','','','','',''),('NormalResult_DeathTitle','死亡','Deaths','','','','','','','','',''),('NormalResult_DefenceTitle','承受伤害','DMG Taken','','','','','','','','',''),('NormalResult_KillTitle','击败','Kills','','','','','','','','',''),('NormalResult_PlayerNameTitle','玩家','Player','','','','','','','','',''),('PartLotteryViewView_01','买1次','Buy Once','','','','','','','','',''),('PartLotteryViewView_02','买5次','Buy 5 times','','','','','','','','',''),('PartLotteryViewView_03','再买{0}次，必出{1}~{2}级零件','Buy {0} more times, and get at least one lv.{1}~{2} component','','','','','','','','',''),('PartLotteryViewView_04','免费','Free','','','','','','','','',''),('PlayAd_01','观看视频并下载应用可免费额外金币抽奖1次','Watch video and download app to get an additional Gold Prize','','','','','','','','',''),('PlayAd_02','观看视频并下载应用可免费额外钻石抽奖1次','Watch video and download app to get an additional Diamond Prize','','','','','','','','',''),('PlayAd_03','观看视频可免费获得弹药补给箱','Watch video to get a free Ammo Pack','','','','','','','','',''),('PlayAd_04','免费钻石','Free Diamonds','','','','','','','','',''),('PlayAd_05','每天可获取1次','Limit one per day','','','','','','','','',''),('PlayAd_06','明天还可继续获取免费钻石','Get free diamonds again tomorrow','','','','','','','','',''),('PlayAd_07','观看并下载应用可获得10钻石','Watch and download app to earn 10 diamonds','','','','','','','','',''),('PlayAd_08','视频免费','Free Video','','','','','','','','',''),('PlayerChooseUI_01','帮助','Help','','','','','','','','',''),('PlayerChooseUI_10','角色替换','Switch Char','','','','','','','','',''),('PlayerEquipInfoUI_01','头盔','Helm','','','','','','','','',''),('PlayerEquipInfoUI_02','作战服','Suit','','','','','','','','',''),('PlayerEquipInfoUI_03','防弹衣','Body Armor','','','','','','','','',''),('PlayerEquipInfoUI_04','手套','Gloves','','','','','','','','',''),('PlayerEquipInfoUI_05','裤子','Pants','','','','','','','','',''),('PlayerEquipInfoUI_06','军靴','Boots','','','','','','','','',''),('PlayerHeadFrameSelectUI_01','全部','All','','','','','','','','',''),('PlayerHeadFrameSelectUI_02','等级','Level','','','','','','','','',''),('PlayerHeadFrameSelectUI_03','排位','Rank','','','','','','','','',''),('PlayerHeadFrameSelectUI_04','使用','Equipped','','','','','','','','',''),('PlayerHeadFrameSelectUI_05','活动','Event','','','','','','','','',''),('PlayerHeadFrameSelectUI_06','兵团','Legion','','','','','','','','',''),('PlayerHeadFrameSelectUI_07','成就','Achievement','','','','','','','','',''),('PlayerHeadFrameSelectUI_08','使用中','[14]Equipped','','','','','','','','',''),('PlayerHeadFrameSelectUI_09','亲密度','Relationship','','','','','','','','',''),('PlayerInfoHonorIntegralUI_01','信誉积分','Morality','0','0','0','0','0','0','0','0','0'),('PlayerInfoHonorIntegralUI_02','信誉积分查询','Morality Inquiry','0','0','0','0','0','0','0','0','0'),('PlayerInfoHonorIntegralUI_03','评级奖励','Rank Reward','0','0','0','0','0','0','0','0','0'),('PlayerInfoHonorIntegralUI_04','明日金币上限','Tommorow\'s Gold Limit','0','0','0','0','0','0','0','0','0'),('PlayerInfoHonorIntegralUI_05','信誉积分累计扣分','Total Morality Loss','0','0','0','0','0','0','0','0','0'),('PlayerInfoHonorIntegralUI_06','信誉积分不足！','Not enough Morality!','0','0','0','0','0','0','0','0','0'),('PlayerInfoUI_01','个人详情','Personal Info','','','','','','','','',''),('PlayerInfoUI_02','基本信息','Basic Info','','','','','','','','',''),('PlayerInfoUI_03','属性详情','Attrib. Details','','','','','','','','',''),('PlayerInfoUI_04','个人信息','Personal Info','','','','','','','','',''),('PlayerInfoUI_05','枪械图鉴','Gun Atlas','','','','','','','','',''),('PlayerInfoUI_06','成就','Achievement','','','','','','','','',''),('PlayerInfoUI_07','添加好友','[24]Add Friends','','','','','','','','',''),('PlayerInfoUI_08','拉黑','Ignore','','','','','','','','',''),('PlayerInfoUI_09','开房间和娱乐模式不计入其内','Custom Mode and Entertainment Mode will not be counted','','','','','','','','',''),('PlayerInfoUI_10','ID:{0}\n战力:{1}','','','','','','','','','',''),('PlayerInfoUI_11','军衔:{0}\n排位积分:{1}','Rank: {0}\nRank Score:{1}','','','','','','','','',''),('PlayerInfoUI_12','生命:{0}\n机动:%0.1f\n暴击:{1}\n道具强度:%0.1f','HP:{0}\nSpeed:%0.1f\nCrit:{1}\nItem STR:%0.1f','','','','','','','','',''),('PlayerInfoUI_13','护甲:{0}\n耐力:{1}\n韧性:{2}\n换弹:{3}','Armor:{0}\nStamina:{1}\nTenacity:{2}\nReload:{3}','','','','','','','','',''),('PlayerInfoUI_14','完成条件:','','','','','','','','','',''),('PlayerInfoUI_15','混战','Deathmatch','','','','','','','','',''),('PlayerInfoUI_16','对战','Battle','','','','','','','','',''),('PlayerInfoUI_17','全部','All','','','','','','','','',''),('PlayerInfoUI_18','突击步枪','Assault Rifle','','','','','','','','',''),('PlayerInfoUI_19','机关枪','Machine Gun','','','','','','','','',''),('PlayerInfoUI_20','霰弹枪','Shotgun','','','','','','','','',''),('PlayerInfoUI_21','狙击枪','Sniper Rifle','','','','','','','','',''),('PlayerInfoUI_22','领取','Collect','','','','','','','','',''),('PlayerInfoUI_23','成就进度:','Achievement Progress:','','','','','','','','',''),('PlayerInfoUI_24','战斗数据','Combat\nStatistics','','','','','','','','',''),('PlayerInfoUI_25','娱乐','Entertainment','','','','','','','','',''),('PlayerInfoUI_26','实战数据','Battle Data','','','','','','','','',''),('PlayerInfoUI_27','基本资料','Basic Data','','','','','','','','',''),('PlayerInfoUI_28','战斗记录','Combat\nRecord','','','','','','','','',''),('PlayerInfoUI_29','英雄数据','Heroes\nStatistics','','','','','','','','',''),('PlayerInfoUI_30','第{0}名','Rank {0}','','','','','','','','',''),('PlayerInfoUI_31','只统计排位和3V3、5V5、8V8匹配对战数据','Only the Qualifying, 3V3, 5V5, and 8V8 Matches\' battle data is monitored.','','','','','','','','',''),('PlayerInfoUI_32','混世之战','Deathmatch','','','','','','','','',''),('PlayerInfoUI_33','团队混战','Team Deathmatch','','','','','','','','',''),('PlayerInfoUI_34','新手乐园','Newbie Area','','','','','','','','',''),('PlayerInfoUI_35','爆破模式','Burst Mode','','','','','','','','',''),('PlayerInfoUI_36','资源模式','Control Mode','','','','','','','','',''),('PlayerInfoUI_37','团队模式','Killing Mode','','','','','','','','',''),('PlayerInfoUI_38','能力图','Chart of ability','','','','','','','','',''),('PlayerInfoUI_39','详细数据','Detailed Data','','','','','','','','',''),('PlayerInfoUI_40','能力值','Ability','','','','','','','','',''),('PlayerInfoUI_41','KDA:\n输出:\n承受伤害:\n参战:\n命中:','KDA:\nDMG Dealt:\nDMG Taken:\nParticipated:\nPrecision:','','','','','','','','',''),('PlayerInfoUI_42','结果','Result','','','','','','','','',''),('PlayerInfoUI_43','击杀/死亡/助攻','Kills/Deaths/Assists','','','','','','','','',''),('PlayerInfoUI_44','战斗类型/模式','Match Type/Mode','','','','','','','','',''),('PlayerInfoUI_45','战斗时间','Battle Duration','','','','','','','','',''),('PlayerInfoUI_46','场次','Matches','','','','','','','','',''),('PlayerInfoUI_47','胜率','Winning Rate','','','','','','','','',''),('PlayerInfoUI_48','综合','In All','','','','','','','','',''),('PlayerInfoUI_49','全部比赛','All Matches','','','','','','','','',''),('PlayerInfoUI_50','排位','Qualifying','','','','','','','','',''),('PlayerInfoUI_51','3v3','3V3','','','','','','','','',''),('PlayerInfoUI_52','5v5','5V5','','','','','','','','',''),('PlayerInfoUI_53','8V8','8V8','','','','','','','','',''),('PlayerInfoUI_54','得分/击杀/死亡','Score/Kills/Deaths','','','','','','','','',''),('PlayerInfoUI_56','未达成','Incomplete','','','','','','','','',''),('PlayerInfoUI_57','已完成','Complete','','','','','','','','',''),('PlayerInfoUI_58','替换头像','Change Avatar','','','','','','','','',''),('PlayerInfoUI_59','替换头像框','Change Frame','','','','','','','','',''),('PlayerInfoUI_60','删除好友','[24]Delete Friend','','','','','','','','',''),('PlayerInfoUI_61','英雄数量','Heroes Owned','','','','','','','','',''),('PlayerInfoUI_62','对战场次','Battles','','','','','','','','',''),('PlayerInfoUI_63','皮肤数量','Skins Owned','','','','','','','','',''),('PlayerInfoUI_64','获胜场次','Victories','','','','','','','','',''),('PlayerInfoUI_65','冠军次数','Champion','','','','','','','','',''),('PlayerInfoUI_66','亚军次数','Second Place','','','','','','','','',''),('PlayerInfoUI_67','季军次数','Third Place','','','','','','','','',''),('PlayerInfoUI_68','全场MVP','MVP','','','','','','','','',''),('PlayerInfoUI_69','败方MVP','MVP of the failed party','','','','','','','','',''),('PlayerInfoUI_70','超神次数','Legendary','','','','','','','','',''),('PlayerInfoUI_71','三杀次数','Triple Kill','','','','','','','','',''),('PlayerInfoUI_72','四杀次数','Quadra Kill','','','','','','','','',''),('PlayerInfoUI_73','五杀次数','Penta Kill','','','','','','','','',''),('PlayerInfoUI_74','最高连杀','Killing Streak','','','','','','','','',''),('PlayerInfoUI_75','混战冠军','Champion','','','','','','','','',''),('PlayerInfoUI_76','对战次数','Battles','','','','','','','','',''),('PlayerInfoUI_77','对战胜率','Wining Rate','','','','','','','','',''),('PlayerInfoUI_78','没有更多的记录了','No more records','','','','','','','','',''),('PlayerInfoUI_79','没有战斗记录','No Record','','','','','','','','',''),('PlayerInfoUI_80','胜利','Victory','','','','','','','','',''),('PlayerInfoUI_81','失败','Failed','','','','','','','','',''),('PlayerInfoUI_82','今日','Today','','','','','','','','',''),('PlayerInfoUI_83','昨日','Yesterday','','','','','','','','',''),('PlayerInfoUI_84','BOSS模式','Boss Mode','','','','','','','','',''),('PlayerInfoUI_85','人头模式','Killing Mode','','','','','','','','',''),('PlayerInfoUI_86','人质解救','Rescue Hostage','','','','','','','','',''),('PlayerInfoUI_87','开房间','Custom Mode','','','','','','','','',''),('PlayerInfoUI_88','混战场次','Deathmatches','','','','','','','','',''),('PlayerInfoUI_89','获取战斗详情失败！','Failed to get battle details.','','','','','','','','',''),('PlayerInfoUI_90','当前','Current','','','','','','','','',''),('PlayerInfoUI_91','最高','Best Record','','','','','','','','',''),('PlayerInfoUI_92','兵团对战','Legion Battle','','','','','','','','',''),('PlayerInfoUI_93','兵团混战','Legion Deathmatch','','','','','','','','',''),('PlayerInfoUI_94','新手引导','Newbie Guide','','','','','','','','',''),('PlayerInfoUI_95','选择国家或地区','Select Country or Area','','','','','','','','',''),('PlayerInfoUI_96','亲密关系','Relationship','','','','','','','','',''),('PlayerInfoUI_97','暂时没有亲密好友，快去结交一个吧！','No friends at the moment. Go find some!','','','','','','','','',''),('PlayerInfoUI_98','亲密度值：','Relationship points:','','','','','','','','',''),('PlayerUpgradeUI_01','等级  ','Level ','','','','','','','','',''),('PlayerUpgradeUI_02','已解锁',' Unlocked','','','','','','','','',''),('PopupPanelUI_01','确定','Confirm','','','','','','','','',''),('PopupPanelUI_02','请选择配置数量：','Please select quantity:','','','','','','','','',''),('PopupPanelUI_03','购买','Buy','','','','','','','','',''),('PopupPanelUI_04','您的点券不足，是否前往充值？','No enough ticket, do you want to recharge?','','','','','','','','',''),('PopupPanelUI_05','您的钻石不足','Lack of diamonds','','','','','','','','',''),('PopupPanelUI_06','充值','Recharge','','','','','','','','',''),('PopupPanelUI_07','您的点券不足','Not enough tickets','','','','','','','','',''),('PopupPanelUI_08','您的荣誉点数不足','Insufficient honor points','','','','','','','','',''),('PopupPanelUI_09','恭喜您获得：{0}','Congratulations, you got {0}','','','','','','','','',''),('PopupPanelUI_10','再买一个','Buy 1 more','','','','','','','','',''),('PopupPanelUI_11','获得物品','Items Obtained','','','','','','','','',''),('PopupPanelUI_12','今日刷新次数已满','Insufficient refresh attempts','','','','','','','','',''),('PopupPanelUI_13','您的材料不足','Lack of materials','','','','','','','','',''),('PopupPanelUI_14','再买十个','Buy 10 more','','','','','','','','',''),('PopupPanelUI_15','拒绝','Reject','','','','','','','','',''),('PopupPanelUI_16','同意','Accept','','','','','','','','',''),('PopupPanelUI_17','替换成功','Switch success','','','','','','','','',''),('PopupPanelUI_18','该枪械品质较高，是否确定吞噬？','This is a high-quality gun, continue?','','','','','','','','',''),('PopupPanelUI_19','已售完','Sold','','','','','','','','',''),('PopupPanelUI_20','免费','Free','','','','','','','','',''),('PopupPanelUI_21','不需要','No thanks','','','','','','','','',''),('PopupPanelUI_22','好的','Yes','','','','','','','','',''),('PopupPanelUI_23','指挥官，距离下次免费钻石夺宝还需要48小时，需要及时提醒您吗？','Captain, the cooldown of free diamond Lottery chance is 48 hrs, do you need us to remind you on time?','','','','','','','','',''),('PopupPanelUI_24','您的金币不足!','Lack of gold','','','','','','','','',''),('PopupPanelUI_25','(体验)','(Trial)','','','','','','','','',''),('PopupPanelUI_26','您的钻石不足!','Lack of diamond','','','','','','','','',''),('PopupPanelUI_27','温馨提示','Attention','','','','','','','','',''),('PopupPanelUI_28','战斗邀请','Battle invitation','','','','','','','','',''),('PopupPanelUI_29','后退','Back','','','','','','','','',''),('PopupPanelUI_30','前进','Forward','','','','','','','','',''),('PopupPanelUI_31','刷新','Refresh','','','','','','','','',''),('PopupPanelUI_32','关闭','Close','','','','','','','','',''),('PopupPanelUI_33','零件碎片数量不足，可以通过合成获得碎片','Insufficient component fragments, try to combine for more fargments','','','','','','','','',''),('PopupPanelUI_34','额外赠送','Extra Gift','','','','','','','','',''),('Popup_01','确定','Confirm','','','','','','','','',''),('Popup_02','取消','Cancel','','','','','','','','',''),('Popup_03','关闭','Close','','','','','','','','',''),('Popup_04','未能连接上服务器，是否重新连接？','Unable to connect to the server, try again?','','','','','','','','',''),('Popup_05','正在重新连接服务器...','Reconnecting...','','','','','','','','',''),('Popup_06','无法连接服务器，请检查网络连接是否正常！','Unable to connect to the network, please check your network and try again!','','','','','','','','',''),('Popup_07','账号已在其他设备上登陆!','The account has been logged in on another device!','','','','','','','','',''),('Popup_08','您确定要退出游戏吗？','Are you sure you want to quit?','','','','','','','','',''),('Popup_09','确定要退出当前战斗房间吗？','Are you sure you want to leave the room?','','','','','','','','',''),('Popup_10','由于您的消极表现，当前禁止您参与{0}，禁赛时间{1}，到{2}解禁。','Because of negative demeanor you cannot participate in {0}, ban time: {1}, ban lift time: {2}.','0','0','0','0','0','0','0','0','0'),('PromptBoxUI_01','拥有：','Owned:','','','','','','','','',''),('PromptBoxUI_02','出售价格:','Price:','','','','','','','','',''),('PromptBoxUI_03','使用','Use','','','','','','','','',''),('PromptBoxUI_04','出售','Sell','','','','','','','','',''),('PromptBoxUI_05','您确定出售该物品吗?','Are you sure you want to sell the item?','','','','','','','','',''),('PromptBoxUI_06','请输入你想更改的名字','Please enter the name','','','','','','','','',''),('PromptBoxUI_07','改名','Rename','','','','','','','','',''),('PromptBoxUI_08','改名失败，请确认您有足够的改名贴','Lack of Rename Cards, renaming failed.','','','','','','','','',''),('PromptBoxUI_09','该昵称已经被使用，请重新输入','The nickname has been taken, please re-enter.','','','','','','','','',''),('PromptBoxUI_10','昵称修改成功','Nickname renamed','','','','','','','','',''),('PromptBoxUI_11','昵称中包含非法字符，请重新输入','The nickname contains illegal characters, please re-enter.','','','','','','','','',''),('PromptBoxUI_12','请选择出售碎片数量:','Please select the quantity:','','','','','','','','',''),('PromptBoxUI_13','恭喜您获得：{0}','Congratulations, you got {0}','','','','','','','','',''),('PromptBoxUI_14','确定','Confirm','','','','','','','','',''),('PromptBoxUI_15','组件数量不足，兑换失败','Lack of components, exchange failed.','','','','','','','','',''),('PromptBoxUI_16','您的碎片数量不足，无法合成','Lack of shards, crafting failed.','','','','','','','','',''),('PromptBoxUI_17','物品已售完','Sold out','','','','','','','','',''),('PromptBoxUI_18','超出携带数量','You are carrying too much','','','','','','','','',''),('PromptBoxUI_19','已到最高等级','It has reached the Max level.','','','','','','','','',''),('PromptBoxUI_20','枪械不能超过战队等级，请先提升战队等级','The gun level cannot exceed the squad level, please upgrade your squad first.','','','','','','','','',''),('PromptBoxUI_21','请选择材料','Please select materials','','','','','','','','',''),('PromptBoxUI_22','材料不足','Lack of materials','','','','','','','','',''),('PromptBoxUI_23','已经达到最大经验值','Unable to get any more Exp','','','','','','','','',''),('PromptBoxUI_24','已发送请求','Request sent','','','','','','','','',''),('PromptBoxUI_25','VIP等级不足','VIP level is too low.','','','','','','','','',''),('PromptBoxUI_26','您必须装备主武器','You must equip a primary weapon','','','','','','','','',''),('PromptBoxUI_27','负载值不足！','Load value is too low.','','','','','','','','',''),('PromptBoxUI_28','装备成功','Item equipped','','','','','','','','',''),('PromptBoxUI_29','请先获取其他枪械','Please acquire other guns first.','','','','','','','','',''),('PromptBoxUI_30','物品数量不足','Lack of items','','','','','','','','',''),('PromptBoxUI_31','请先获取战斗消耗品','Please acquire combat consumables first.','','','','','','','','',''),('PromptBoxUI_32','不能装备相同名字的枪械','Cannot equip another homonymic gun.','','','','','','','','',''),('PromptBoxUI_33','卸载成功','Uninstall success','','','','','','','','',''),('PromptBoxUI_34','替换成功','Switch success','','','','','','','','',''),('PromptBoxUI_35','请选需要替换的枪械','Please select the gun to switch.','','','','','','','','',''),('PromptBoxUI_36','请选需要对比的枪械','Please select the gun to compare.','','','','','','','','',''),('PromptBoxUI_37','描述','Description','','','','','','','','',''),('PromptBoxUI_38','请至少保留一把永久枪械','Please keep at least one permanent gun.','','','','','','','','',''),('PromptBoxUI_39','选择道具已满','Cannot select more items.','','','','','','','','',''),('PromptBoxUI_40','名字长度太短','The name is too short.','','','','','','','','',''),('PromptBoxUI_41','名字不能以数字开头','The name can\'t start with a number.','','','','','','','','',''),('PromptBoxUI_42','请选择道具数量','Please select the item quantity.','','','','','','','','',''),('PromptBoxUI_43','枪械不存在','The gun does not exist.','','','','','','','','',''),('PromptBoxUI_44','装备等级不能超过战队等级','The equipment level cannot exceed the squad level.','','','','','','','','',''),('PromptBoxUI_45','枪械部件等级不能超过该枪械的等级','The component level cannot exceed the gun level.','','','','','','','','',''),('PromptBoxUI_46','飞行速度：%0.1f','Airspeed: %0.1f','','','','','','','','',''),('PromptBoxUI_47','爆炸范围：%0.1f','Blast Radius: %0.1f','','','','','','','','',''),('PromptBoxUI_48','投掷范围：%0.1f','Throw Range: %0.1f','','','','','','','','',''),('PromptBoxUI_49','伤害：{0}','Damage: {0}','','','','','','','','',''),('PromptBoxUI_50','持续时间：{0}秒','Duration: {0} s','','','','','','','','',''),('PromptBoxUI_51','出售数量','Quantity','','','','','','','','',''),('PromptBoxUI_52','出售单价','Unit Price','','','','','','','','',''),('PromptBoxUI_53','无经验卡','You don\'t have any Exp Cards.','','','','','','','','',''),('PromptBoxUI_54','道具没有任何变化','The item is unchanged.','','','','','','','','',''),('PromptBoxUI_55','同意添加好友请求','Accept friend request.','','','','','','','','',''),('PromptBoxUI_56','没有多余的英雄了','You don\'t have other heroes.','','','','','','','','',''),('PromptBoxUI_57','取消','Cancel','','','','','','','','',''),('PromptBoxUI_58','赠送成功','Sent','','','','','','','','',''),('PromptBoxUI_59','签到数据更新','Sign-in data is updated.','','','','','','','','',''),('PromptBoxUI_60','道具数量不足,请先购买!','Lack of items, please buy the items first.','','','','','','','','',''),('PromptBoxUI_61','使用天赋重置卡后将重置当前角色的所有天赋,确定要使用吗?','When the Talent Reset Card is used, all your character\'s talents will be reset; continue?','','','','','','','','',''),('PromptBoxUI_62','天赋重置卡使用成功','Talent Reset Card used.','','','','','','','','',''),('PromptBoxUI_63','物品详情','Item details','','','','','','','','',''),('PromptBoxUI_64','数量：','Qty:','','','','','','','','',''),('PromptBoxUI_65','购买数量','Purchase Qty','','','','','','','','',''),('PromptBoxUI_66','购买价格','Purchase Price','','','','','','','','',''),('PromptBoxUI_67','购买','Buy','','','','','','','','',''),('PromptBoxUI_68','已售完','Sold','','','','','','','','',''),('PromptBoxUI_69','物品数量不足，请先往商城购买','Lack of items, please buy the items first.','','','','','','','','',''),('PromptBoxUI_70','能力有限，带不了更多了！','You can\'t carry more items!','','','','','','','','',''),('PromptBoxUI_71','出售成功','Item sold!','','','','','','','','',''),('PromptBoxUI_72','还需要{0}才可以再次修改用户名。','{0} until you may change your username','','','','','','','','',''),('PromptBoxUI_73','天',' days','','','','','','','','',''),('PromptBoxUI_74','小时',' hrs','','','','','','','','',''),('PromptBoxUI_75','分钟',' min','','','','','','','','',''),('PromptBoxUI_76','秒',' sec','','','','','','','','',''),('PromptBoxUI_77','敬请期待','Coming soon','','','','','','','','',''),('PromptBoxUI_78','任务数据更新','Mission Data updated','','','','','','','','',''),('PromptBoxUI_79','已在匹配队列中','In matching queue','','','','','','','','',''),('PromptBoxUI_80','还需{0}秒才能进行匹配','{0} sec until matching','','','','','','','','',''),('PromptBoxUI_81','在线礼包数据更新','Online Packs Updated','','','','','','','','',''),('PromptBoxUI_82','使用数量','Amount Used','','','','','','','','',''),('PromptBoxUI_83','获得资产','Get Asset','','','','','','','','',''),('PromptBoxUI_84','全部','All','','','','','','','','',''),('PromptBoxUI_85','碎片数量不足','Insufficient fragments','','','','','','','','',''),('PromptBoxUI_86','兑换成功','Exchange Successful','','','','','','','','',''),('PromptBoxUI_87','改造页名字修改成功','Customization Tree Change ','','','','','','','','',''),('PromptBoxUI_88','模式暂未开放，请选择其他模式！','This mode is not currently available, please choose another mode','','','','','','','','',''),('PromptBoxUI_89','数据已经更新','Data has been updated','','','','','','','','',''),('PromptBox_01','装备的限时枪械到期','The equipped time-limited gun has expired.','','','','','','','','',''),('PropertyIntro_01','每点提高生命值1点','Every point increases HP by 1','','','','','','','','',''),('PropertyIntro_02','每点提高护甲值1点，当前伤害减免','Every point increases Armor by 1, mitigates current damage ','','','','','','','','',''),('PropertyIntro_03','每点提高移动速度1，最大400','Every point increases movement speed by 1, the upper limit is 400','','','','','','','','',''),('PropertyIntro_04','每点提高暴击几率1%','Every point increases Crit rate by 1%','','','','','','','','',''),('PropertyIntro_05','每点提高防暴击几率1%','Every point increases Crit Defense rate by 1%','','','','','','','','',''),('PropertyIntro_06','每点提高耐力上限1点','Every point increases Stamina by 1','','','','','','','','',''),('PropertyIntro_07','每点提高道具效果1%','Every point increases item effectiveness by 1%','','','','','','','','',''),('PropertyIntro_08','每点提高换弹速度1%','Every point increases Reload Rate by 1%','','','','','','','','',''),('PropertyIntro_09','每点提高伤害1点','Every point increases damage dealt by 1','','','','','','','','',''),('PropertyIntro_10','每点提高穿透伤害1%','Every point increases Penetration Damage by 1%','','','','','','','','',''),('PropertyIntro_11','每点提高暴击几率1%','Every point increases Crit Rate by 1%','','','','','','','','',''),('PropertyIntro_12','每点提高射击速度1','Every point increases Fire Rate by 1','','','','','','','','',''),('PropertyIntro_13','每点提高枪械载弹量1','Every point increases Ammo Capacity by 1','','','','','','','','',''),('PropertyIntro_14','每点表示填弹时间1秒','Every point reduces Reload time by 1 second','','','','','','','','',''),('PropertyIntro_15','每点提高精准值1点，起始偏移角度','Every point increases Accuracy by 1, increases angle','','','','','','','','',''),('PropertyIntro_16','每点提高精准值1点，攻击范围角度','Every point increases accuracy by 1','','','','','','','','',''),('PropertyIntro_17','每点提高射程1','Every point increases Range by 1','','','','','','','','',''),('PropertyIntro_18','每点提高稳定值1点，每下攻击偏移角度','Every point increase stability by 1, reducing spray range','','','','','','','','',''),('PropertyIntro_19','破甲每点无视敌方1点护甲','Each point of Pierce will ignore corresponding value of opponent\'s armor','','','','','','','','',''),('QualityName_1','普通','Normal','','','','','','','','',''),('QualityName_2','稀有','Rare','','','','','','','','',''),('QualityName_3','稀有','Rare','','','','','','','','',''),('QualityName_4','史诗','Epic','','','','','','','','',''),('QualityName_5','传说','Legend','','','','','','','','',''),('RakNetManager_01','战斗服务器重复连接','Repeated connection','','','','','','','','',''),('RakNetManager_02','战斗服务器通讯版本不兼容','The version is not compatible.','','','','','','','','',''),('RakNetManager_03','战斗服务器不允许连接','Connection to the server is rejected.','','','','','','','','',''),('RakNetManager_04','连接到战斗服务器失败','Failed to connect to the server.','','','','','','','','',''),('RakNetManager_05','战斗服务器人数已经满了','The server is full.','','','','','','','','',''),('RakNetManager_06','客户端失去与战斗服务器的连接','You have been disconnected from the server.','','','','','','','','',''),('RakNetManager_07','该房间已关闭!','The room has been closed.','','','','','','','','',''),('RakNetManager_08','该账号在其它设备登录!','The account has been logged in on another device!','','','','','','','','',''),('RakNetManager_09','禁止重复登录账号!','Repeated login attempts are forbidden.','','','','','','','','',''),('RakNetManager_10','该次战斗已结束','The Battle has finished.','','','','','','','','',''),('RankChangeUI_01','段位提升','Ranking upgraded','','','','','','','','',''),('RankChangeUI_02','段位下降','Ranking degraded','','','','','','','','',''),('RankChangeUI_03','再连胜{0}可获得额外奖励','Winning {0} more combats in a row to get extra reward','','','','','','','','',''),('RankChangeUI_04','连胜场次','Winning Streak','','','','','','','','',''),('RankChangeUI_05','星级','Star Level','','','','','','','','',''),('RankChangeUI_06','获得额外奖励','Get extra reward','','','','','','','','',''),('RankItem_01','MVP数量:','MVP times:','','','','','','','','',''),('RankItem_02','冠军/局数:','Champions/Matches:','','','','','','','','',''),('RankItem_03','击败数:','Kills:','','','','','','','','',''),('RankItem_04','胜率:','Winning Rate:','','','','','','','','',''),('RankItem_05','胜场数:','Wins:','','','','','','','','',''),('RankItem_06','英雄胜率:','Hero\'s Winning Rate:','','','','','','','','',''),('RankItem_07','胜场:','Winning:','','','','','','','','',''),('RankItem_08','平均分:','Average Score:','','','','','','','','',''),('RankItem_09','本赛季尚未参加排位赛','Haven\'t participated in qualifying match for this season','','','','','','','','',''),('RankRoomUI_01','邀请您参加排位赛','invites you to the Qualifying Match.','','','','','','','','',''),('RankRoomUI_02','同意','Accept','','','','','','','','',''),('RankRoomUI_03','拒绝','Reject','','','','','','','','',''),('RankRoomUI_04','个人匹配','Solo','','','','','','','','',''),('RankRoomUI_05','组队匹配','Team','','','','','','','','',''),('RankRoomUI_06','开始匹配','Start matching','','','','','','','','',''),('RankRoomUI_07','准备','Prepare','','','','','','','','',''),('RankRoomUI_08','取消准备','Cancel prepare','','','','','','','','',''),('RankRoomUI_09','邀请玩家','Invite','','','','','','','','',''),('RankRoomUI_10','配置','Config','','','','','','','','',''),('RankRoomUI_11','常用语','Expressions','','','','','','','','',''),('RankRoomUI_12','赛会规则','Match Rules','','','','','','','','',''),('RankRoomUI_13','积分赛','Point Match','','','','','','','','',''),('RankRoomUI_14','我当前积分:','Current points:','','','','','','','','',''),('RankRoomUI_15','第','The','','','','','','','','',''),('RankRoomUI_16','名','place','','','','','','','','',''),('RankRoomUI_17','战力','Power','','','','','','','','',''),('RankRoomUI_18','3V3','3V3','','','','','','','','',''),('RankRoomUI_19','5V5','5V5','','','','','','','','',''),('RankRoomUI_20','正在为您匹配对手，请耐心等候......','Being matched, please wait...','','','','','','','','',''),('RankRoomUI_21','匹配开始','Start matching','','','','','','','','',''),('RankRoomUI_22','取消','Cancel','','','','','','','','',''),('RankRoomUI_23','排位赛','Qualifying Match','','','','','','','','',''),('RankRoomUI_24','取消排位','Cancel Qualifying','','','','','','','','',''),('RankTypeName_00','未参加排位','Unlisted','','','','','','','','',''),('RankTypeName_01','士兵级','Soldier Rank','','','','','','','','',''),('RankTypeName_02','士官级','Officer Rank','','','','','','','','',''),('RankTypeName_03','尉官级','Lieutenant Rank','','','','','','','','',''),('RankTypeName_04','校官级','Colonel Rank','','','','','','','','',''),('RankTypeName_05','将官级','General Rank','','','','','','','','',''),('RankTypeName_06','元帅','Marshal Rank','','','','','','','','',''),('RankUI_01','排行榜','Rankings','','','','','','','','',''),('RankUI_02','本区','[24]Current Server','','','','','','','','',''),('RankUI_03','好友','[24]Friends','','','','','','','','',''),('RankUI_04','刷新','Refresh','','','','','','','','',''),('RankUI_05','排行榜说明','Rankings Explanation','','','','','','','','',''),('RankUI_06','当前排名：','Current Rankings:','','','','','','','','',''),('RankUI_07','未上榜','Unranked','','','','','','','','',''),('RankUI_08','我的MVP：','My MVPs won:','','','','','','','','',''),('RankUI_09','我的等级：','My Level','','','','','','','','',''),('RankUI_10','我的冠军次数：','My Champion Times:','','','','','','','','',''),('RankUI_11','我的胜率：','My Winning Percentage:','','','','','','','','',''),('RankUI_12','我的胜场：','My Victories:','','','','','','','','',''),('RankUI_13','刷新过于频繁，请稍后再试','Please wait before refreshing again','','','','','','','','',''),('RankUI_14','刷新成功','Refreshed','','','','','','','','',''),('RankUI_15','更换','Select','','','','','','','','',''),('ReadyToFightUI_01','邀请','Confirm','','','','','','','','',''),('ReadyToFightUI_02','匹配战斗','Confirm','','','','','','','','',''),('ReadyToFightUI_03','准备','Confirm','','','','','','','','',''),('ReadyToFightUI_04','取消准备','Confirm','','','','','','','','',''),('ReadyToFightUI_05','{0}的队伍','{0} invites you to {1}, accept?','','','','','','','','',''),('ReadyToFightUI_06','匹配队伍将被取消，是否继续','Matching will be canceled, continue?','','','','','','','','',''),('ReadyToFightUI_07','取消','Cancel','','','','','','','','',''),('ReadyToFightUI_08','确定','Confirm','','','','','','','','',''),('ReadyToFightUI_09','取消匹配','Cancel matching','','','','','','','','',''),('ReadyToFightUI_10','未准备','Not Ready','','','','','','','','',''),('ReadyToFightUI_11','伙伴列表','Teammates','','','','','','','','',''),('ReadyToFightUI_12','暂无数据','No Data','','','','','','','','',''),('RealTimeHall_01','排位','Qualifying','','','','','','','','',''),('RealTimeHall_02','对战','Battle','','','','','','','','',''),('RealTimeHall_03','创建房间','Create room','','','','','','','','',''),('RealTimeHall_04','找房','Search','','','','','','','','',''),('RealTimeHall_05','战前准备','Prepare','','','','','','','','',''),('RealTimeHall_06','PK商店','PK Store','','','','','','','','',''),('RealTimeHall_07','模式','Mode','','','','','','','','',''),('RealTimeHall_08','地图','Map','','','','','','','','',''),('RealTimeHall_09','领取PK点','Collect PK Points','','','','','','','','',''),('RealTimeHall_10','房名:','Room:','','','','','','','','',''),('RealTimeHall_11','房主:','Host:','','','','','','','','',''),('RealTimeHall_12','战斗中...','In battle...','','','','','','','','',''),('RealTimeHall_13','准备中...','Preparing...','','','','','','','','',''),('RealTimeHall_14','地图名称:','Map:','','','','','','','','',''),('RealTimeHall_15','模式：','Mode:','','','','','','','','',''),('RealTimeHall_16','请输入房间ID','Please enter the room ID','','','','','','','','',''),('RealTimeHall_17','加入房间','Join room','','','','','','','','',''),('RealTimeHall_18','随机地图','Random map','','','','','','','','',''),('RealTimeHall_19','3V3','3V3','','','','','','','','',''),('RealTimeHall_20','5V5','5V5','','','','','','','','',''),('RealTimeHall_21','8V8','8V8','','','','','','','','',''),('RealTimeHall_22','请输入房间ID','Please enter the room ID','','','','','','','','',''),('RealTimeHall_23','请输入密码','Please enter the password','','','','','','','','',''),('RealTimeHall_24','徽记','Emblem','','','','','','','','',''),('ReBattleResultUI_01','结果','Result','','','','','','','','',''),('ReBattleResultUI_02','击杀/死亡/助攻','Kills/Deaths/Assists','','','','','','','','',''),('ReBattleResultUI_03','时间','Time','','','','','','','','',''),('RechargeUI_01','$ %f','$ %f','','','','','','','','',''),('RechargeUI_02','充值已取消','Purchase canceled','','','','','','','','',''),('RechargeUI_03','充值失败','Purchase failed','','','','','','','','',''),('RechargeUI_04','充值成功','Purchase successful','','','','','','','','',''),('RechargeUI_05','你已购买过','You have already bought this','','','','','','','','',''),('RechargeUI_06','充值','Recharge','','','','','','','','',''),('RegulationUI_01','角色配置规则','Char Config Rules','','','','','','','','',''),('RegulationUI_02','实战对抗规则','Actual Combat Rules','','','','','','','','',''),('RegulationUI_03','夺宝规则','Lottery Rules','','','','','','','','',''),('RegulationUI_04','枪械规则','Gun Rules','','','','','','','','',''),('RegulationUI_05','英雄配置规则','Hero','','','','','','','','',''),('RegulationUI_06','枪械配置规则','Gun','','','','','','','','',''),('RegulationUI_07','道具配置规则','Item','','','','','','','','',''),('RegulationUI_08','排位规则','Qualifying Rules','','','','','','','','',''),('RegulationUI_09','对战规则','Battle Rules','','','','','','','','',''),('RegulationUI_10','模式详解','Mode Details','','','','','','','','',''),('RegulationUI_11','战斗奖励','Battle Reward','','','','','','','','',''),('RegulationUI_12','金币夺宝规则','Gold Lottery Rules','','','','','','','','',''),('RegulationUI_13','钻石夺宝规则','Diamond Lottery Rules','','','','','','','','',''),('RegulationUI_14','极品夺宝规则','Epic Lottery Rules','','','','','','','','',''),('RegulationUI_15','枪械规则','Gun Rules','','','','','','','','',''),('RegulationUI_16','枪械部件','Gun Parts','','','','','','','','',''),('RegulationUI_17','碎片与组件','Others','','','','','','','','',''),('RegulationUI_18','{0}: {1} - {2} 分','{0}: {1} - {2} m','','','','','','','','',''),('RegulationUI_19','排位积分','Qualifying Points','','','','','','','','',''),('RegulationUI_20','需要 {0} {1}','Requires {0}{1}','','','','','','','','',''),('RegulationUI_21','其中包含了{0}','Including {0}','','','','','','','','',''),('RegulationUI_22','对战积分','Battle Points','','','','','','','','',''),('RegulationUI_23','碎片','Shard','','','','','','','','',''),('RemouldView_01','零件 ','Component','','','','','','','','',''),('RemouldView_02','一键拆卸 ','Quick\nDisassemble','','','','','','','','',''),('RemouldView_03','零件背包 ','[24]Inventory','','','','','','','','',''),('RemouldView_04','零件获取 ','Get\nComponent','','','','','','','','',''),('RemouldView_05','零件属性 ','Component Stats','','','','','','','','',''),('RemouldView_06','零件装配 ','Assembly','','','','','','','','',''),('RemouldView_07','是否花费{0}个{1}购买新的改造页？','Spend {0} {1} to purchase a new customization page?','','','','','','','','',''),('RemouldView_08','是否花费{0}个{1}解锁这个位置？','Spend {0} {1} to unlock this slot?','','','','','','','','',''),('RemouldView_09','尚未装备任何零件','You have not equipped any components','','','','','','','','',''),('RemouldView_10','{0}级开启','Unlocks at Lv.{0}','','','','','','','','',''),('RemouldView_11','请选择左侧空槽装配零件','Please select a slot on the left side to place the component','','','','','','','','',''),('RemouldView_12','不能购买更多的改造页了','Can not purchase new customization pages','','','','','','','','',''),('RemouldView_13','无可装备的零件','Cannot equip this component','','','','','','','','',''),('RemouldView_14','已全部装备零件，操作无效','All components are already equipped','','','','','','','','',''),('RemouldView_15','确定拆除当前改造全部零件么？','Remove all components being used in the current customization?','','','','','','','','',''),('RemouldView_16','没有可拆除的零件','No components that can be removed','','','','','','','','',''),('RemouldView_17','拆卸 ','[24]Disassemble','','','','','','','','',''),('RemouldView_18','合成','Combine','','','','','','','','',''),('RemouldView_19','零件合成','Combine','','','','','','','','',''),('RemouldView_20','REMOULD','REMOULD','','','','','','','','',''),('RemouldView_21','取下','Remove','','','','','','','','',''),('RemouldView_22','已经是最高级零件，无法再升级','This component is already at max level and cannot be upgraded','','','','','','','','',''),('RemouldView_23','零件制作','Craft','','','','','','','','',''),('RemouldView_24','请填充零件','Please add component','','','','','','','','',''),('RemouldView_25','可获得','Benefit','','','','','','','','',''),('RemouldView_26','合成成功','Successfully Combined','','','','','','','','',''),('ResourceMode_01','区域',' Sector ','','','','','','','','',''),('ResourceMode_02','资源物资','Resources ','','','','','','','','',''),('ResourceMode_03','占领',' Occupied ','','','','','','','','',''),('ResourceMode_04','脱离',' Leave ','','','','','','','','',''),('ResourceMode_05','获得',' Earned ','','','','','','','','',''),('ResourceMode_06','控制',' Control','','','','','','','','',''),('Resource_01','正在下载 {0}MB / {1}MB','Downloading {0}MB / {1}MB','','','','','','','','',''),('Resource_02','检查资源...','Checking resources...','','','','','','','','',''),('Resource_03','资源检查结束','Resource checking completed','','','','','','','','',''),('Resource_04','少量资源更新','A few resources for update','','','','','','','','',''),('Resource_05','正在更新资源','Updating resources','','','','','','','','',''),('Resource_06','版本验证失败！\n\n请检查网络或稍后再试！','Version verification failed!\nPlease check your network.','','','','','','','','',''),('Resource_07','请下载最新版本！','Please download the latest version!','','','','','','','','',''),('Resource_08','确定要再非wifi环境下下载更新？\n数量{0},总大小: {1}M','Confirm to download the update pack without Wifi?\nAmount {0},Total Size: {1}M','','','','','','','','',''),('Resource_09','正在下载 {0}%','Downloading {0}%','','','','','','','','',''),('Resource_10','资源下载失败！\n\n请稍后重试','Failed to download resources\nPlease try again later','','','','','','','','',''),('Resource_11','资源服务器正在维护中，请稍等...','The server is under maintenance…','','','','','','','','',''),('ResultUI_01','总览','Overall','','','','','','','','',''),('ResultUI_02','数据','Stats','','','','','','','','',''),('ResultUI_03','举报','Report','0','0','0','0','0','0','0','0','0'),('ResultUI_04','添加好友','Add friend','0','0','0','0','0','0','0','0','0'),('ResultUI_11','钻石:','Diamonds:','','','','','','','','',''),('ResultUI_4','金币:','Gold:','','','','','','','','',''),('ResultUI_9','EXP:','EXP:','','','','','','','','',''),('RoleChooseUI_01','已选中','Selected','','','','','','','','',''),('RoleChooseUI_02','选择角色','Select Char','','','','','','','','',''),('RoleChooseUI_03','角色说明','Introduction','','','','','','','','',''),('RoleChooseUI_04','角色定位','Hero’s position','','','','','','','','',''),('RoleChooseUI_05','角色特长','Specialty','','','','','','','','',''),('RoleChooseUI_06','武器专精','Weapon Mastery','','','','','','','','',''),('RoleChooseUI_07','角色选择','Select Char','','','','','','','','',''),('RoleChooseUI_08','主动技能','Active Skill','','','','','','','','',''),('RoleChooseUI_09','被动技能','Passive Skill','','','','','','','','',''),('RoleChooseUI_10','英雄','Hero','','','','','','','','',''),('RoleChooseUI_11','介绍','Introduction','','','','','','','','',''),('RoleChooseUI_12','武器','Weapon','','','','','','','','',''),('RoleChooseUI_13','技能','Skill','','','','','','','','',''),('RoleChooseUI_14','皮肤','Skin','','','','','','','','',''),('RoleChooseUI_15','此英雄已被选完，换一个试试','This char has been selected, please try another one.','','','','','','','','',''),('RoleChooseUI_16','故事站','Background','','','','','','','','',''),('RoleChooseUI_17','请选择一个英雄','Please select a character','','','','','','','','',''),('RoleChooseUI_18','已穿戴','Equipped','','','','','','','','',''),('RoleChooseUI_20','需要先获得英雄','Acquire the hero first','','','','','','','','',''),('RoleChooseUI_21','购买并穿戴','Buy & equip','','','','','','','','',''),('RoleChooseUI_22','穿戴','Equip','','','','','','','','',''),('RoleChooseUI_23','限时体验 ','Free trial','','','','','','','','',''),('RoleChooseUI_24','皮肤属性：','Skin stats:','','','','','','','','',''),('RoleChooseUI_25','是否花费 {0} {1} 购买 {2}','Are you sure to spend {0} {1} to purchase {2}?','','','','','','','','',''),('RoleChooseUI_26','英雄体验剩余','Free char trial left:','','','','','','','','',''),('RoleChooseUI_27','皮肤体验剩余','Free skin trial left:','','','','','','','','',''),('RoleChooseUI_28','使用体验卡','Use trial card','','','','','','','','',''),('RoleChooseUI_30','确定要使用 {0} 吗？','Are you sure to use {0}?','','','','','','','','',''),('RoleChooseUI_31','或','or','','','','','','','','',''),('RoleChooseUI_32','生存','Survival','','','','','','','','',''),('RoleChooseUI_33','攻击','Attack','','','','','','','','',''),('RoleChooseUI_34','技能','Skill','','','','','','','','',''),('RoleChooseUI_35','难度','Difficulty','','','','','','','','',''),('RoleChooseUI_36','定位','Position','','','','','','','','',''),('RoleChooseUI_37','特长','Specialty','','','','','','','','',''),('RoleChooseUI_38','限免','Time Limited','','','','','','','','',''),('RoleChooseUI_39','混战模式','Deathmatch Mode','0','0','0','0','0','0','0','0','0'),('RoleChooseUI_40','娱乐模式','Entertainment Mode','0','0','0','0','0','0','0','0','0'),('RoleConfigUI_01','角色配置','Char Config','','','','','','','','',''),('RoleConfigUI_02','主武器','Primary Weapon','','','','','','','','',''),('RoleConfigUI_03','副武器','Secondary Weapon','','','','','','','','',''),('RoleConfigUI_04','快速购买','Quick Buy','','','','','','','','',''),('RoleConfigUI_08','配置规则','Config Rules','','','','','','','','',''),('RoleConfigUI_09','1、不同的英雄有不同的负载能力\n2、配置的总重量不能超过英雄的总负载\n3、一把枪械占据一个位置，一个道具占据一个位置，枪械+道具的种类不能超过6种','','','','','','','','','',''),('RoleConfigUI_12','道具数量足够，无需再购买','You have enough items.','','','','','','','','',''),('RoleConfigUI_13','确定','Confirm','','','','','','','','',''),('RoleConfigUI_14','英雄替换','Switch Char','','','','','','','','',''),('RoleConfigUI_15','枪械配置','Gun Config','','','','','','','','',''),('RoleConfigUI_16','预览','Preview','','','','','','','','',''),('RoleConfigUI_17','您的负载能力不足，请提升您的负载能力','Please upgrade your Load capacity first','','','','','','','','',''),('RoleConfigUI_18','已装备','Selected','','','','','','','','',''),('RoleConfigUI_19','战力 ','Power ','','','','','','','','',''),('RoleConfigUI_22','生命: {0}\n护甲: {1}\n机动: {2}\n耐力: {3}\n负载: {4}','','','','','','','','','',''),('RoleConfigUI_23','暴击: {0}\n韧性: {1}\n换弹: {2}\n道具强度: {3}','Crit: {0}\nTenacity: {1}\nReload: {2}\nItem STR: {3}','','','','','','','','',''),('RoleConfigUI_24','未装备','Unequipped','','','','','','','','',''),('RoleConfigUI_26','您的配置列表已满','Your configuration list is full.','','','','','','','','',''),('RoleConfigUI_29','请选择物品','Please select the items.','','','','','','','','',''),('RoleConfigUI_32','超出携带数量','You are carrying too many items.','','','','','','','','',''),('RoleConfigUI_33','伤害:{0}\n穿透:%0.1f\n暴击:%0.1f\n射速:%0.1f\n弹夹:{1}\n精准:{2}\n稳定:{3}\n射程:{4}\n填弹:%0.2f','DMG:{0}\nPenetration:%0.1f\nCrit:%0.1f\nFire Rate:%0.1f\nMagazine:{1}\nPierce:{2}\nStable:{3}\nRange:{4}\nReload:%0.2f','','','','','','','','',''),('RoleConfigUI_34','生命:{0}\n护甲:{1}\n换弹:%0.1f\n暴击:%0.1f\n韧性:%0.1f\n机动:%0.1f\n道具强度:%0.1f','HP:{0}\nArmor:{1}\nReload:%0.1f\nCrit:%0.1f\nTenacity:%0.1f\nMobility:%0.1f\nItem STR:%0.1f','','','','','','','','',''),('RoleConfigUI_35','描述\n{0}','','','','','','','','','',''),('RoleConfigUI_36','{0}   Lv.{1}[-]','{0}   Lv.{1}[-]','','','','','','','','',''),('RoleConfigUI_39','飞行速度:%0.1f\n爆炸范围:%0.1f\n投掷范围:%0.1f\n伤害:{0}\n','','','','','','','','','',''),('RoleConfigUI_40','飞行速度 {0}%0.1f[-]','Airspeed {0}%0.1f[-]','','','','','','','','',''),('RoleConfigUI_41','爆炸范围 {0}%0.1f[-]','Blast Radius {0}%0.1f[-]','','','','','','','','',''),('RoleConfigUI_42','投掷范围 {0}%0.1f[-]','Throw Range {0}%0.1f[-]','','','','','','','','',''),('RoleConfigUI_43','伤害 {0}{1}[-]','DMG {0}{1}[-]','','','','','','','','',''),('RoleConfigUI_44','持续时间 {0}{1}秒[-]','Duration {0}{1} s[-]','','','','','','','','',''),('RoleConfigUI_45','快速购买：\n购买{0}需要：','','','','','','','','','',''),('RoleConfigUI_46','{0}个{1}、','{0} {1}(s).','','','','','','','','',''),('RoleConfigUI_47','购买','Buy','','','','','','','','',''),('RoleConfigUI_48','金币数量已经不足，还有未购买的物品！','Lack of gold coins for buying other items.','','','','','','','','',''),('RoleConfigUI_49','技能类型：[2C7EEDFF]{0}[-]','Skill Type: [2C7EEDFF]{0}[-]','','','','','','','','',''),('RoleConfigUI_50','持续时间:{0}','Duration: {0}','','','','','','','','',''),('RoleConfigUI_51','副手配置','Offhand Config','','','','','','','','',''),('RoleConfigUI_52','规则','Rules','','','','','','','','',''),('RoleConfigUI_53','天赋','Talent','','','','','','','','',''),('RoleConfigUI_54','替换','Switch','','','','','','','','',''),('RoleConfigUI_55','{0}级解锁','Unlocks at Lv.{0}','','','','','','','','',''),('RoleConfigUI_56','技能介绍：{0}','Skill description: {0}','','','','','','','','',''),('RoleConfigUI_57','技能CD：[DD9B0FFF]{0}[-] 秒','Skill CD: {0} s','','','','','','','','',''),('RoleConfigUI_58','技能效果：{0}{1}','Skill effect: {0}{1}','','','','','','','','',''),('RoleConfigUI_59','主动','Active','','','','','','','','',''),('RoleConfigUI_60','被动','Passive','','','','','','','','',''),('RoomCommonUI_01','好友列表','Friend list','','','','','','','','',''),('RoomCommonUI_02','兵团成员','Legion member','','','','','','','','',''),('RoomCommonUI_03','邀请','Invite','','','','','','','','',''),('RoomCommonUI_04','战力:','Power:','','','','','','','','',''),('RoomCommonUI_05','邀请您参加匹配赛','invites you to the Qualifying Match.','','','','','','','','',''),('RoomCommonUI_06','邀请您参加对战','invites you to a battle.','','','','','','','','',''),('RoomCommonUI_07','至少需要选择一个战友','At least one teammate required','','','','','','','','',''),('RoomCommonUI_08','已发送邀请','Invite sent','','','','','','','','',''),('RoomCommonUI_09','该好友军衔等级高于{0}不能进入新手区','This friend is higher than rank {0}, he/she can\'t enter the Newbie Zone.','','','','','','','','',''),('RoomCommonUI_10','该好友军衔等级低于{0}不能进入高手区','This friend is lower than rank {0}, he/she can\'t enter the Master Zone.','','','','','','','','',''),('RoomCommonUI_11','当前玩家在房间中无法进行邀请','The player is already in the room, unable to invite him.','','','','','','','','',''),('RoomCommonUI_12','邀请过于频繁，请{0}秒后再试','Sorry, operations are too frequent. Please try again in {0} seconds.','','','','','','','','',''),('RoomCommonUI_13','加入好友房间失败','Failed to join your friend\'s room.','','','','','','','','',''),('RoomCommonUI_14','拒绝你的邀请','rejected your invite.','','','','','','','','',''),('RoomCommonUI_15','邀请失败','rejected your invite.','','','','','','','','',''),('RoomLoad_01','正在为您匹配对手，请耐心等候......','Being matched, please wait...','','','','','','','','',''),('RoomLoad_02','匹配中','Matching','','','','','','','','',''),('RoomLoad_03','取消','Cancel','','','','','','','','',''),('RoomMatchUI_01','实时对抗','Actual Combat','','','','','','','','',''),('RoomMatchUI_02','排位','Qualifying','','','','','','','','',''),('RoomMatchUI_03','组队匹配','Team','','','','','','','','',''),('RoomMatchUI_04','你已经被队长踢出队伍','The leader has kicked you out of the team.','','','','','','','','',''),('RoomMatchUI_05','取消匹配','Cancel matching','','','','','','','','',''),('RoomMatchUI_06','匹配队伍将被取消，是否继续','Matching will be canceled, continue?','','','','','','','','',''),('RoomMatchUI_07','取消','Cancel','','','','','','','','',''),('RoomMatchUI_08','确定','Confirm','','','','','','','','',''),('RoomUI_01','实战对抗','Real Time Battle','','','','','','','','',''),('RoomUI_02','挑战','Challenge','','','','','','','','',''),('RoomUI_03','训练营','Training','','','','','','','','',''),('Saturday','周六','Sat.','','','','','','','','',''),('SelectServerUI_01','点击换区','Tap to switch server','','','','','','','','',''),('SelectServerUI_02','进入游戏','Enter','','','','','','','','',''),('ServerInfo_01','顺畅','Smooth','','','','','','','','',''),('ServerInfo_02','火爆','Hot','','','','','','','','',''),('ServerInfo_03','爆满','Full','','','','','','','','',''),('ServerInfo_04','关服','Closed','','','','','','','','',''),('ServerInfo_05','维护','[22]Maintenance','','','','','','','','',''),('ServerInfo_Closed','该服务器已关闭','Closed','','','','','','','','',''),('ServerInfo_Maintenance','该服务器正在维护中...','[22]Maintenance','','','','','','','','',''),('ServerlistUI_01','服务器列表','Server List','','','','','','','','',''),('ServerlistUI_02','上次登录:','Last Login:','','','','','','','','',''),('ServerlistUI_03','创建过角色的服务器','Servers with characters','','','','','','','','',''),('ShopUI_01','枪械','Gun','','','','','','','','',''),('ShopUI_02','道具','Item','','','','','','','','',''),('ShopUI_03','每日','Daily','','','','','','','','',''),('ShopUI_04','礼包','Pack','','','','','','','','',''),('ShopUI_05','PK商店','PK Store','','','','','','','','',''),('ShopUI_06','普通商店','General Store','','','','','','','','',''),('ShopUI_07','每日特惠','Daily Deal','','','','','','','','',''),('ShopUI_08','商城','Store','','','','','','','','',''),('ShopUI_09','介绍：','Intro:','','','','','','','','',''),('ShopUI_10','单价:','Unit Price:','','','','','','','','',''),('ShopUI_11','购买','Buy','','','','','','','','',''),('ShopUI_14','您确定需要花费{0}{1}刷新{2}吗？','Spend {0} {1} to refresh {2}?','','','','','','','','',''),('ShopUI_15','刷新','Refresh','','','','','','','','',''),('ShopUI_16','每日特惠商店','Daily Deal Store','','','','','','','','',''),('ShopUI_17','商城','Store','','','','','','','','',''),('ShopUI_18','购买一个','Buy x1','','','','','','','','',''),('ShopUI_19','购买十个','Buy x10','','','','','','','','',''),('ShopUI_22','恭喜您获得：{0}','Congratulations, you got {0}','','','','','','','','',''),('ShopUI_23','确定','Confirm','','','','','','','','',''),('ShopUI_24','再买一个','Buy 1 more','','','','','','','','',''),('ShopUI_25','再买十个','Buy 10 more','','','','','','','','',''),('ShopUI_26','英雄','Hero','','','','','','','','',''),('ShopUI_27','消耗品','Consumable','','','','','','','','',''),('ShopUI_28','每日自动刷新时间：5:00AM','Daily auto refreshing time: 5:00AM','','','','','','','','',''),('ShopUI_29','今日剩余刷新次数：{0}/{1}','Today\'s refresh attempts: {0}/{1}','','','','','','','','',''),('ShopUI_30','每日商店','Daily Store','','','','','','','','',''),('ShopUI_31','限购{0}/{1}','Purchases: {0}/{1}','','','','','','','','',''),('ShopUI_32','限时:{0}天','Expiration: {0} d','','','','','','','','',''),('ShopUI_33','购买','Buy','','','','','','','','',''),('ShopUI_34','满级战力','Max power','','','','','','','','',''),('ShopUI_35','伤害\n穿透\n暴击\n射速\n弹夹\n精准\n稳定\n射程\n填弹','DMG\nPenetration\nCrit\nFire Rate\nMagazine\nFierce\nStable\nRange\nReload','','','','','','','','',''),('ShopUI_36','{0}\n{1}\n{2}\n{3}\n{4}\n{5}\n{6}\n{7}\n{8}','','','','','','','','','',''),('ShopUI_37','礼包详情','Pack details','','','','','','','','',''),('ShopUI_44','枪械描述:{0}','Gun description: {0}','','','','','','','','',''),('ShopUI_45','武器详情','Weapon details','','','','','','','','',''),('ShopUI_46','道具详情','Item details','','','','','','','','',''),('ShopUI_47','购买数量：','Purchase Qty:','','','','','','','','',''),('ShopUI_48','成功购买枪械经验卡（小）X{0}，随机赠送：','You purchased Minor Gun Exp Cards X{0}, and got the following gifts:','','','','','','','','',''),('ShopUI_49','成功购买{0}','{0} purchased','','','','','','','','',''),('ShopUI_50','金币','Gold','','','','','','','','',''),('ShopUI_51','钻石','Diamond','','','','','','','','',''),('ShopUI_52','点券','Ticket','','','','','','','','',''),('ShopUI_53','荣誉点','Honor Point','','','','','','','','',''),('ShopUI_54','已售完','Sold out','','','','','','','','',''),('ShopUI_55','已拥有','Already Own','','','','','','','','',''),('ShopUI_56','限用{0}天','{0} days limited','','','','','','','','',''),('ShopUI_57','永久','Permanent','','','','','','','','',''),('SignInUI_01','{0}月签到','SighIns of {0} (Month)','','','','','','','','',''),('SignInUI_02','本月签到天数','Monthly Sign-in  Days','','','','','','','','',''),('SignInUI_03','补签','Add Sign-in','','','','','','','','',''),('SignInUI_04','签到','Sign-in','','','','','','','','',''),('SignInUI_05','天','Days','','','','','','','','',''),('SignInUI_06','累计{0}天奖励','Reward of {0} days in total','','','','','','','','',''),('SignInUI_07','已领取','Collected','','','','','','','','',''),('SignInUI_08','V{0} {1}倍','V{0} {1} times','','','','','','','','',''),('SignInUI_09','[94FF00]可签到','[94FF00]can sign-in','','','','','','','','',''),('SignInUI_10','补签','Add Sign-in','','','','','','','','',''),('SignInUI_11','[94FF00]可补领','[94FF00]Collectible','','','','','','','','',''),('SignInUI_12','补签\n{0}\n{1}','Add Sign-in\n{0}\n{1}','','','','','','','','',''),('SignInUI_13','取消','Cancel','','','','','','','','',''),('SignInUI_14','补签[FF9900] {0} [-]天将消耗[94FF00] {1} [-]钻石','Adding [FF9900] {0} [-] Sign-ins costs [94FF00] {1} [-] diamonds.','','','','','','','','',''),('SignInUI_15','领取','Collect','','','','','','','','',''),('SignInUI_16','累计{0}天奖励','Reward of {0} days in total','','','','','','','','',''),('SignInUI_17','当日奖励已经领取,VIP{0}可以获得{1}倍奖励','Reward of the day has been collected. VIP{0} can get {1} times the reward.','','','','','','','','',''),('SignInUI_18','当前VIP{0}再充值{1}元变为VIP{2}','You are now a VIP{0} member, recharge {1} RMB to become a VIP{2} member.','','','','','','','','',''),('SignInUI_19','查看特权','View Privilege','','','','','','','','',''),('SignInUI_20','前往充值','Recharge','','','','','','','','',''),('SpecialItemIntro_01','日常游戏货币。','Common currency in game','','','','','','','','',''),('SpecialItemIntro_02','珍贵的游戏货币。','Valuable currency','','','','','','','','',''),('SpecialItemIntro_03','极其稀有的游戏货币。','Extremely Rare Game Currency.','','','','','','','','',''),('SpecialItemIntro_04','在兵团商店购买物品所需货币。','Used to purchase items from Legion Store','','','','','','','','',''),('SpecialItemIntro_05','可以用来购买指定的零件。','Used to purchase specific components','','','','','','','','',''),('SpecialItemIntro_100','任务活跃度','Activity','','','','','','','','',''),('SpecialItemIntro_101','用来提升战队等级。','Use to level up the squad','','','','','','','','',''),('SpecialItemIntro_105','对战星星','Battle Stars','','','','','','','','',''),('SpecialItemName_01','金币','Gold','','','','','','','','',''),('SpecialItemName_02','钻石','Diamond','','','','','','','','',''),('SpecialItemName_03','点券','Tickets','','','','','','','','',''),('SpecialItemName_04','兵团荣誉点数','Legion Honor Points','','','','','','','','',''),('SpecialItemName_05','零件碎片','Component Fragment','','','','','','','','',''),('SpecialItemName_100','任务活跃度','Task Activity','','','','','','','','',''),('SpecialItemName_101','经验','EXP','','','','','','','','',''),('SpecialItemName_102','道具','Item','','','','','','','','',''),('SpecialItemName_103','英雄','Hero','','','','','','','','',''),('SpecialItemName_104','皮肤','Skin','','','','','','','','',''),('SpecialItemName_105','战斗星星','Battle Stars','','','','','','','','',''),('SpecialItemName_201','宝箱','Chest','','','','','','','','',''),('Sunday','周日','Sun.','','','','','','','','',''),('SystemSettingUI_01','返回','Back','','','','','','','','',''),('SystemSettingUI_02','当前区服：','Current Server: ','','','','','','','','',''),('SystemSettingUI_03','注销账号','Log out','','','','','','','','',''),('SystemSettingUI_04','基础设置','Basic','','','','','','','','',''),('SystemSettingUI_05','操作设置','Controls','','','','','','','','',''),('SystemSettingUI_06','语音设置','Voice','','','','','','','','',''),('SystemSettingUI_07','用户协议','User Agreement','','','','','','','','',''),('SystemSettingUI_08','论坛','Forum','','','','','','','','',''),('SystemSettingUI_09','客服','Customer Service','','','','','','','','',''),('SystemSettingUI_10','帮助','Help','','','','','','','','',''),('SystemSettingUI_11','CD-KEY','CD-KEY','','','','','','','','',''),('SystemSettingUI_12','开','On','','','','','','','','',''),('SystemSettingUI_13','关','Off','','','','','','','','',''),('SystemSettingUI_14','高','H','','','','','','','','',''),('SystemSettingUI_15','中','M','','','','','','','','',''),('SystemSettingUI_16','低','L','','','','','','','','',''),('SystemSettingUI_17','系统设置','System Settings','','','','','','','','',''),('SystemSettingUI_18','隐私设置','Privacy Settings','','','','','','','','',''),('SystemSettingUI_19','其他设置','Other Settings','','','','','','','','',''),('SystemSettingUI_20','画面质量','Image Quality','','','','','','','','',''),('SystemSettingUI_21','粒子效果','Particle Effects','','','','','','','','',''),('SystemSettingUI_22','特效','Effects','','','','','','','','',''),('SystemSettingUI_23','震动','Vibrate','','','','','','','','',''),('SystemSettingUI_24','战绩显示','Record Display','','','','','','','','',''),('SystemSettingUI_25','拒绝组队','Reject Team Invite','','','','','','','','',''),('SystemSettingUI_26','允许观战','Allow Spectators','','','','','','','','',''),('SystemSettingUI_27','相机高度','Camera Lens','','','','','','','','',''),('SystemSettingUI_28','局内打字','Typing in battle','','','','','','','','',''),('SystemSettingUI_29','推送消息','Push Message','','','','','','','','',''),('SystemSettingUI_30','不锁定移动和开火摇杆','Unlock the Move&Fire joysticks','','','','','','','','',''),('SystemSettingUI_31','移动摇杆固定','Movement Joystick Fixed','','','','','','','','',''),('SystemSettingUI_32','仅锁定开火摇杆','Lock the Fire joystick','','','','','','','','',''),('SystemSettingUI_33','自动填弹','Auto-reload','','','','','','','','',''),('SystemSettingUI_34','3D touch','3D Touch','','','','','','','','',''),('SystemSettingUI_35','鼠标灵敏度','Mouse Sensitivity','','','','','','','','',''),('SystemSettingUI_36','手柄灵敏度','Gamepad Sensitivity','','','','','','','','',''),('SystemSettingUI_37','手柄链接','Gamepad Connection','','','','','','','','',''),('SystemSettingUI_38','自定义设置','Custom Settings','','','','','','','','',''),('SystemSettingUI_39','音效','Sound','','','','','','','','',''),('SystemSettingUI_40','音乐','Music','','','','','','','','',''),('SystemSettingUI_41','麦克风','Microphone','','','','','','','','',''),('SystemSettingUI_42','扬声器','Speaker','','','','','','','','',''),('SystemSettingUI_43','CD-KEY兑换','Redeem CDKEY','','','','','','','','',''),('SystemSettingUI_44','请输入CDKEY','Enter CDKEY','','','','','','','','',''),('SystemSettingUI_45','兑换成功后到邮箱中查收礼包','Once redeemed, the pack will be sent to your in-game mailbox.','','','','','','','','',''),('SystemSettingUI_46','兑换','Redeem','','','','','','','','',''),('SystemSettingUI_47','注销帐号','Log out','','','','','','','','',''),('SystemSettingUI_48','中','中文','','','','','','','','',''),('SystemSettingUI_49','英','English','','','','','','','','',''),('SystemSettingUI_50','语言切换','Switch Language','','','','','','','','',''),('SystemSettingUI_51','绑定','Bind','','','','','','','','',''),('SystemSettingUI_52','解绑','Unbind','','','','','','','','',''),('SystemSettingUI_53','联系我们','Contact Us','','','','','','','','',''),('SystemSettingUI_54','问卷调查','Survey','','','','','','','','',''),('SystemSettingUI_55','亲爱的玩家，如果你有神马建议或者意见，可以联系我们哦！测试！ 待定！后期看运营需要翻译！','Dear Player, if you have any suggestions about the game, feel free to contact us!','','','','','','','','',''),('SystemSettingUI_56','发送邮件','Send letter','','','','','','','','',''),('SystemSettingUI_57','视频设置','Video Settings','','','','','','','','',''),('SystemSettingUI_58','悬浮窗口','Floating Window','','','','','','','','',''),('SystemSettingUI_59','视频录制','Record Video','','','','','','','','',''),('SystemSettingUI_60','视频直播','Video Livestream','','','','','','','','',''),('SystemSettingUI_61','确定要注销当前登录吗？','Are you sure you wish to log out of your account?','','','','','','','','',''),('SystemSettingUI_62','帧率','Frame Rate','','','','','','','','',''),('SystemSettingUI_63','投射阴影','Shadows','','','','','','','','',''),('SystemSettingUI_64','极好','XLNT','','','','','','','','',''),('SystemSettingUI_65','语音','Voice','','','','','','','','',''),('SystemSettingUI_66','射击摇杆固定','Shooting Joystick Locked','','','','','','','','',''),('SystemSettingUI_67','辅助瞄准','Aim Assist','','','','','','','','',''),('SystemSettingUI_68','(限新手区)','(Beginner\'s Area)','','','','','','','','',''),('SystemSettingUI_69','阴影质量','Shadow Quality','','','','','','','','',''),('SystemSettingUI_70','教学手册','Instructions','','','','','','','','',''),('SystemSettingUI_71','该模式不允许中途退出战斗','You are not allowed to leave during a battle in this mode','','','','','','','','',''),('SystemSettingUI_72','转身射击灵敏度','Sensitivity','','','','','','','','',''),('SystemSettingUI_73','慢','Low','','','','','','','','',''),('SystemSettingUI_74','快','High','','','','','','','','',''),('SystemSettingUI_75','切换帐号','Switch Account','','','','','','','','',''),('SystemSettingUI_76','账号已成功绑定!','Success to bind account!','','','','','','','','',''),('SystemSettingUI_77','账号绑定失败!','Failed to bind account!','','','','','','','','',''),('SystemSettingUI_78','绑定账号','Bind Account','','','','','','','','',''),('SystemSettingUI_79','帐号切换失败！','Failed to switch account','0','0','0','0','0','0','0','0','0'),('TalentUI_Sel','选择天赋','Select\nTalent','','','','','','','','',''),('TalentView_01','重置','Reset','','','','','','','','',''),('TalentView_02','重置天赋需要话费{0}钻石,您是否需要重置？','Resetting the talents costs {0} diamonds, continue?','','','','','','','','',''),('TalentView_03','当前等级','Current Level','','','','','','','','',''),('TalentView_04','下一等级','Next Level','','','','','','','','',''),('TalentView_05','所需同类前置：','All prerequisite talents','','','','','','','','',''),('TalentView_06','已满级','Fully upgraded.','','','','','','','','',''),('TalentView_07','剩余天赋点数不足,加点失败','Lack of talent points, operation failed.','','','','','','','','',''),('TalentView_08','天赋','Talent','','','','','','','','',''),('TalentView_09','剩余天赋点数: {0}','Remaining talent points:','','','','','','','','',''),('TalentView_10','当前没有连接天赋!','{0} talent level is too low, please fully upgrade {1} talent first.','','','','','','','','',''),('TalentView_11','加点','Add Points','','','','','','','','',''),('TalentView_14','同类天赋投入点数不足','Prior points requirement is not met.','','','','','','','','',''),('TalentView_15','没有需要重置的天赋','You don\'t have talents to be reset.','','','','','','','','',''),('TalentView_16','提升','Upgrade','','','','','','','','',''),('TalentView_17','请选择重置方式','Please select a reset method','','','','','','','','',''),('TalentView_18','重置\n{0}\n{1}','Reset\n{0}\n{1}','','','','','','','','',''),('TalentView_19','天赋重置卡','Talent Reset Card','','','','','','','','',''),('TalentView_20','后才能重置天赋','until you may reset talent','','','','','','','','',''),('TalentView_21','重置成功','Successfully Reset','','','','','','','','',''),('TalentView_22','消耗点数：','Points Spent:','','','','','','','','',''),('TalentView_23','未加点','Points not added','','','','','','','','',''),('TangledLoad_01','等待加入','Waiting in queue','','','','','','','','',''),('TangledResult_DeathTitle','死亡','Deaths','','','','','','','','',''),('TangledResult_Detail','详情','Details','','','','','','','','',''),('TangledResult_KillTitle','击败','Kills','','','','','','','','',''),('TangledResult_MaxTips','已达到今日上限','Reached Today\'s Limit','','','','','','','','',''),('TangledResult_OnceAgainTitle','再来一局','Battle Again','','','','','','','','',''),('TangledResult_PlayerNameTitle','玩家','Player','','','','','','','','',''),('TangledResult_QuitBattleTitle','返回大厅','Back to Lobby','','','','','','','','',''),('TangledResult_RankTitle','名次','Rank','','','','','','','','',''),('TangledResult_SelfInfoExpTitle','EXP','EXP','','','','','','','','',''),('TangledResult_SelfInfoRankTitle','我的排名:','My Rank:','','','','','','','','',''),('TangledResult_Title','战斗结算','Battle Results','','','','','','','','',''),('TaskUI_01','主线任务','Main Mission','','','','','','','','',''),('TaskUI_02','日常任务','Daily','','','','','','','','',''),('TaskUI_03','竞技任务','Arena','','','','','','','','',''),('TaskUI_04','今日活跃度：','Today\'s Activity:','','','','','','','','',''),('TaskUI_05','任务条件：','','','','','','','','','',''),('TaskUI_06','前往','Go','','','','','','','','',''),('TaskUI_07','领奖','Collect','','','','','','','','',''),('TaskUI_08','刷新','Refresh','','','','','','','','',''),('TaskUI_09','[{0}/{1}]','[{0}/{1}]','','','','','','','','',''),('TaskUI_10','进度{0}：{1}/{2}','Progress {0}: {1}/{2}','','','','','','','','',''),('TaskUI_11','已完成','Completed','','','','','','','','',''),('TaskUI_12','未领取','Expired','','','','','','','','',''),('TaskUI_13','金币','Gold','','','','','','','','',''),('TaskUI_14','钻石','Diamond','','','','','','','','',''),('TaskUI_15','PK点数','PK Points','','','','','','','','',''),('TaskUI_16','挑战点数','Challenge Points','','','','','','','','',''),('TaskUI_17','体力','Stamina','','','','','','','','',''),('TaskUI_18','经验','Exp','','','','','','','','',''),('TaskUI_19','排位积分','Qualifying Points','','','','','','','','',''),('TaskUI_20','宝箱奖励','Chest Reward','','','','','','','','',''),('TaskUI_21','周活跃度：','Weekly Activity:','','','','','','','','',''),('TaskUI_22','免费刷新次数：','Free refresh chances:','','','','','','','','',''),('TaskUI_23','挑战功能暂未开放！','The challenge function is still locked!','','','','','','','','',''),('TaskUI_24','对战积分','Rank Exp','','','','','','','','',''),('TaskUI_25','箱子','Chest','','','','','','','','',''),('TaskUI_26','你已完成所有主线任务','You have completed all the main missions.','','','','','','','','',''),('TaskUI_27','任务','Missions','','','','','','','','',''),('TaskUI_28','战斗星星','Battle Stars','','','','','','','','',''),('TaskUI_29','时间未到','Unavailable','','','','','','','','',''),('TaskUI_30','该任务','This Mission','','','','','','','','',''),('TaskUI_31','剩余刷新次数：','Refresh chances left:','','','','','','','','',''),('Thursday','周四','Thur.','','','','','','','','',''),('TIMEDPUSH_GOLD','废土大陆为战士们发放奖金了，快来领取~！','The warriors of the wasteland are receiving their rewards! Come get yours!','','','','','','','','',''),('TitleIntroUI_01','称号说明','Title description','','','','','','','','',''),('TitleIntroUI_02','MVP','MVP','','','','','','','','',''),('TitleIntroUI_03','胜方MVP','Winner MVP','','','','','','','','',''),('TitleIntroUI_04','GoldACE','Gold ACE','','','','','','','','',''),('TitleIntroUI_05','黄金ACE','Gold ACE','','','','','','','','',''),('TitleIntroUI_06','SilverACE','Silver ACE','','','','','','','','',''),('TitleIntroUI_07','白银ACE','Silver ACE','','','','','','','','',''),('TitleIntroUI_08','TripleKill','Triple Kill','','','','','','','','',''),('TitleIntroUI_09','三杀','Triple Kill','','','','','','','','',''),('TitleIntroUI_10','UltraKill','Ultra Kill','','','','','','','','',''),('TitleIntroUI_11','四杀','Ultra Kill','','','','','','','','',''),('TitleIntroUI_12','PentaKill','Penta Kill','','','','','','','','',''),('TitleIntroUI_13','五杀','Penta Kill','','','','','','','','',''),('TitleIntroUI_14','AssistMost','Assist Most','','','','','','','','',''),('TitleIntroUI_15','助攻最多','Best Assister','','','','','','','','',''),('TitleIntroUI_16','KillMost','Kill Most','','','','','','','','',''),('TitleIntroUI_17','杀人最多','Best Killer','','','','','','','','',''),('TitleIntroUI_18','MeleeMaster','Melee Master','','','','','','','','',''),('TitleIntroUI_19','近战大师','Melee Master','','','','','','','','',''),('TopbarUI_01','网络情况','Network Situation','','','','','','','','',''),('TopbarUI_02','是否花费[94FF00] {0} [-]钻石购买：[FF9900] {1}[-] {2}(购买需要 VIP{3} )？\n\n今日剩余购买次数： [94FF00]{4}[-] ','是否花费[94FF00] {0} [-]钻石购买：[FF9900] {1}[-] {2}(购买需要 VIP{3} )？\n\n今日剩余购买次数： [94FF00]{4}[-] ','','','','','','','','',''),('TopbarUI_02_1','是否花费[94FF00] {0} [-]钻石购买：[FF9900] {1}[-] {2}\n\n今日剩余购买次数： [94FF00]{3}[-] ','Consumed[94FF00] {0} [-]Diamonds to Purchase：[FF9900] {1}[-] {2} ?\n\nPurchase chance remaining today： [94FF00]{3}[-] ','','','','','','','','',''),('TopbarUI_03','购买{0}次\n{1}\n{2}','Buy {0} times\n{1}\n{2}','','','','','','','','',''),('TopbarUI_04','今日次数已用完，请明日再来！','No attempts left today, please retry tomorrow!','','','','','','','','',''),('TopbarUI_05','确定','Confirm','','','','','','','','',''),('TopbarUI_06','今日次数已用完!\n提升VIP等级可增加购买次数，是否去提升？','No more chances left today!\nDo you want to upgrade your VIP level for more chances?','','','','','','','','',''),('TopbarUI_07','提升','Upgrade','','','','','','','','',''),('TopbarUI_08','购买','Buy','','','','','','','','',''),('TopbarUI_09','该功能暂未开放！','The function is still locked!','','','','','','','','',''),('TopbarUI_10','取消','Cancel','','','','','','','','',''),('TopbarUI_11','体力','Stamina','','','','','','','','',''),('TopbarUI_12','金币','Gold','','','','','','','','',''),('TopbarUI_13','您获得了[FF9900] {0}[-] {1}','You got [FF9900] {0}[-] {1}','','','','','','','','',''),('TopbarUI_14','{0}毫秒','{0}ms','','','','','','','','',''),('TopbarUI_15','钻石不足，是否前去充值？','Lack of diamonds, recharge now?','','','','','','','','',''),('TopbarUI_16','充值','Recharge','','','','','','','','',''),('TopbarUI_17','提示','Tips','','','','','','','','',''),('TopbarUI_18','首胜:','1st Win:','','','','','','','','',''),('TopbarUI_19','首胜奖励可用','1st Win reward available','','','','','','','','',''),('TopbarUI_20','获取','Obtain','','','','','','','','',''),('Tuesday','周二','Tues.','','','','','','','','',''),('UpdateUI_01','废土世界又有新内容了，请更新游戏版本','New content detected, please update the version','0','0','0','0','0','0','0','0','0'),('VideoUI_01','录制','Record','','','','','','','','',''),('VideoUI_02','录制游戏视频保存在本地相册','The record will be saved in your local album.','','','','','','','','',''),('VideoUI_03','直播','Live Stream','','','','','','','','',''),('VideoUI_04','在直播平台中直播你的游戏','Stream your game on live streaming platforms.','','','','','','','','',''),('VideoUI_05','正在录制','Recording','','','','','','','','',''),('VideoUI_06','正在直播','Streaming','','','','','','','','',''),('VideoUI_07','直播已暂停','Streaming stopped','','','','','','','','',''),('VideoUI_08','暂停','Pause','','','','','','','','',''),('VideoUI_09','继续','Continue','','','','','','','','',''),('VideoUI_10','停止','Stop','','','','','','','','',''),('WarehouseUI_01','全部','All','','','','','','','','',''),('WarehouseUI_02','碎片','Fragments','','','','','','','','',''),('WarehouseUI_03','体验卡','Trial','','','','','','','','',''),('WarehouseUI_04','其他','Others','','','','','','','','',''),('WarehouseUI_05','零件','Components','','','','','','','','',''),('WarehouseUI_06','英雄碎片','Hero','','','','','','','','',''),('WarehouseUI_07','皮肤碎片','Skin','','','','','','','','',''),('WarehouseUI_08','英雄体验卡','Hero','','','','','','','','',''),('WarehouseUI_09','皮肤体验卡','Skin','','','','','','','','',''),('WarehouseUI_10','碎片','Fragments','','','','','','','','',''),('WarehouseUI_11','组件','CMPT','','','','','','','','',''),('WarehouseUI_12','拥有  ','Owned:','','','','','','','','',''),('WarehouseUI_13','战力:','Power:','','','','','','','','',''),('WarehouseUI_14','限用 {0}天{1}小时','Expires in {0} d {1} h','','','','','','','','',''),('WarehouseUI_15','仓库','Warehouse','','','','','','','','',''),('WarehouseUI_16','装备材料','Equip. Material','','','','','','','','',''),('WarehouseUI_17','主武器','Primary Weapon','','','','','','','','',''),('WarehouseUI_18','副武器','Secondary Weapon','','','','','','','','',''),('WarehouseUI_19','英雄','Hero','','','','','','','','',''),('WarehouseUI_20','皮肤','Skin','','','','','','','','',''),('WarehouseUI_21','兑换','Exchange','','','','','','','','',''),('WarehouseUI_22','已拥有','Owned','','','','','','','','',''),('WarehouseUI_23','碎片数量:[FFAA00] ',' Fragments: ','','','','','','','','',''),('WarehouseUI_24','碎片数量不足',' insufficient fragments','','','','','','','','',''),('WarehouseUI_25','该英雄已拥有','Already owned the hero','','','','','','','','',''),('WarehouseUI_26','该皮肤对应英雄还未获得','You haven\'t got the related hero of the skin','','','','','','','','',''),('WarehouseUI_27','该皮肤已拥有:','Already owned the skin','','','','','','','','',''),('WarehouseUI_28','该物品不可出售','Unable to sell the item','','','','','','','','',''),('WarehouseUI_29','您的背包空空如也','Your inventory is empty','','','','','','','','',''),('WarehouseUI_30','需要先获得英雄','You should get the hero first','','','','','','','','',''),('WarehouseUI_31','体验','Trial','','','','','','','','',''),('Wednesday','周三','Wed.','','','','','','','','',''),('WelfareUI_01','福利','Rewards','','','','','','','','',''),('WelfareUI_02','每日签到','Daily Sign-in','','','','','','','','',''),('WelfareUI_03','冲级送礼','Level Gifts','','','','','','','','',''),('WelfareUI_04','当前等级：','Current level:','','','','','','','','',''),('WelfareUI_05','等级达到{0}级就可领取','Available at Lv.{0}','','','','','','','','',''),('WelfareUI_06','领取','Collect','','','','','','','','',''),('WelfareUI_07','已领取','Collected','','','','','','','','',''),('WelfareUI_08','每日累计在线赢奖励','Participate in battles everyday and earn rewards','','','','','','','','',''),('WelfareUI_09','今日在线：','Battle time today:','','','','','','','','',''),('WelfareUI_10','未达到','Incomplete','','','','','','','','',''),('WelfareUI_11','战斗时长礼包','Battle Time \nPack','','','','','','','','',''),('WelfareUI_12','今日战斗时长','Battle time today:','','','','','','','','','');
/*!40000 ALTER TABLE `game_lang` ENABLE KEYS */;
UNLOCK TABLES;

--
-- Table structure for table `global_var`
--

DROP TABLE IF EXISTS `global_var`;
/*!40101 SET @saved_cs_client     = @@character_set_client */;
/*!40101 SET character_set_client = utf8 */;
CREATE TABLE `global_var` (
  `k` varchar(50) NOT NULL COMMENT '键',
  `v_string` varchar(800) NOT NULL COMMENT '值，如果多个值用,分隔(英文的逗号)',
  `remark` varchar(100) NOT NULL COMMENT '说明',
  PRIMARY KEY (`k`)
) ENGINE=InnoDB DEFAULT CHARSET=utf8;
/*!40101 SET character_set_client = @saved_cs_client */;

--
-- Dumping data for table `global_var`
--

LOCK TABLES `global_var` WRITE;
/*!40000 ALTER TABLE `global_var` DISABLE KEYS */;
INSERT INTO `global_var` VALUES ('ACCU_PARAM','-15/100*X+15','精准度参数。用以跟精准度公式进行计算'),('AFK_TIME','120000','挂机判定时间'),('AGAINST_MATCH_BOT_TIME','10','对战添加机器人匹配的时间，单位：秒'),('AGAINST_MATCH_ISBOT','1','对战是否添加机器人(0为不加机器人)'),('AGAINST_NEW_MATCH_BOT_TIME','15','新手对战添加机器人匹配的时间，单位：秒'),('AGAINST_OPEN_LV','3','对战开放等级'),('ARMOR_PARAM','200','护甲参数'),('ASSISTS_TIME','15000','助攻判定时间，单位（毫秒）'),('BATTLE_LOADING_TIME','5','加载战斗倒计时，单位：秒'),('BATTLE_LOSE_VAR','0.5','对战战斗失败系数'),('BATTLE_TRUSTEESHIP_BUFF','999999','托管后，触发该技能来降低攻击力（混战模式）'),('BATTLE_TRUSTEESHIP_TIME','120000','掉线时间达到该值，将由系统进行托管，单位：毫秒（匹配）'),('BATTLE_WIN_VAR','1','对战战斗胜利系数'),('BOMB_DAMPARM','1','手雷伤害系数'),('BOMB_THROW_DIS','2','丢弃距离'),('BOMB_TIME','45000','C4爆炸时间(单位：毫秒)'),('BOMB_TRIGGER','850020','C4炸弹'),('BOMB_TRIGGER_AREA','880001','C4炸弹区域'),('BOSS_EACH_HP','15000','同一颜色段所表示的BOSS血量'),('BOSS_GATHER_TIME','10000','BOSS模式，集合时间，单位毫秒'),('BOSS_HERO_SELECT_NUM','2','BOSS模式每个英雄选择次数上限'),('BOSS_REDUCE_GRADE','2','失败时所降低的档次'),('BOSS_SCORE_DIE','1,3,5,7,9,100','配置格式：SSS,SS,S,A,B,C（死亡次数）所对应的每个档位评分的死亡次数'),('BOSS_SCORE_DPS','1500,1000,1000,1000,1000,0','配置格式：SSS,SS,S,A,B,C（单位万分比）所对应的每个档位评分的输出比'),('BOSS_SCORE_HEALTH','300004,1000:300003,,500','BOSS模式分数补正。格式：英雄1,补足评分1:英雄2,补足评分2'),('BOSS_SCORE_TIME','240420','两个额外评分所对应的时间，配置格式TIME1,TIME2（单位秒）'),('BRAVE_EXCELLENT_LOSER_NUM','2','失败方表现优异者的数量（前几名）'),('BRAVE_EXCELLENT_LOSER_SCORE','2','失败方表现优秀者所获得勇者积分基本值，基本值+参数*（表现优异者评分-敌方团队平均评分）'),('BRAVE_EXCELLENT_LOSER_VAR','3','失败方表现优秀者勇者积分参数，参数*（表现优异者评分-敌方团队平均评分），向上取整，最低为0'),('BRAVE_NO_HANG_SCORE','3','无挂机行为所奖励的勇者积分'),('BRAVE_RANKING_SCORE','1:5,2:4,3:4,4:3,5:3','评分名次奖励的勇者积分（评分名次：所获得的勇者积分，评分名次：所获得的勇者积分，评分名次：所获得的勇者积分）'),('BRAVE_STRONGER_ENEMY_SCORE','3:1,4:2,5:3,6:4','对手过强奖励勇者积分（对手平均段位减去自己段位差：勇者积分），段位差大于6，也当成6'),('BRAVE_WINNING_TIMES_SCORE','2:5,3:10,4:15,5:20','连胜奖励勇者积分（连胜场次：勇者积分，连胜场次：勇者积分）（连胜大于5场也当成5场）'),('BRAWL_MODE_ISBOT','1','娱乐模式是否添加机器人'),('BRAWL_OPEN_LV','10','娱乐模式解锁等级'),('BURY_TIME','5000','C4安放时间(单位：毫秒)'),('C4_LEAVE_LAMSTER_TIME','10000','当逃兵身上有C4时，逃跑达到该时间，C4自动掉在地上（单位：毫秒）'),('CHAT_RESET_TIME','10','世界频道免费发言冷却时间（单位：秒）'),('COIN_BOX','451000','金币单抽宝箱'),('COIN_FIVE_COST','800','金币抽奖5次所需费用'),('COIN_LUCKY_BOX','452000','金币抽奖次数满保底次数COIN_LUCKY_FLOORS时对应的宝箱'),('COIN_LUCKY_FLOORS','5','金币保底抽奖次数'),('COIN_LUCKY_ITEM','260001','金币抽奖一次额外赠送的物品'),('COIN_ONE_COST','200','金币抽奖一次所需费用'),('COMMON_SKILL','601001','通用技能'),('CONTROL_SPD','1','1秒累积占领值'),('CORPSE_TIME','15000','死亡位置小地图显示时间（单位：毫秒）'),('COUPON_TO_STONE','1','点券：钻石转化比例 表示缺少1个钻石需要多少点券来补充'),('CUR_RANK_SEASON','1','当前是第几赛季'),('DAILY_PVP_EXP_LIMITED','7000','每天PVP战斗奖励经验上限'),('DAILY_PVP_GOLD_LIMITED','700','每天PVP战斗奖励金币上限'),('DAY1_CARD_STONE','5','1日英雄/皮肤体验卡转化为钻石的数量'),('DAY3_CARD_STONE','15','3日英雄/皮肤体验卡转化为钻石的数量'),('DAY7_CARD_STONE','30','7日英雄/皮肤体验卡转化为钻石的数量'),('DEAD_LOST_EXP','0','混战模式死亡惩罚。扣除一定的经验值'),('DEAD_LOST_LV','1','混战模式死亡惩罚。扣除一定的等级'),('DEAD_LOST_PERCENT','20','混战模式死亡惩罚。扣除一定的经验百分比'),('DEFAULT_FIGHT_ITEM','250001:1','进战斗后系统额外给玩家的副手道具：用item_id1:item_amount1,item_id2:item_amount2,item_id3:item_amount3....的形式表示'),('DEFAULT_HEAD_FRAME','213000','默认基础头像框'),('DEFUSE_TIME','8000','C4拆除时间(单位：毫秒)'),('ELO_DEFAULT_AI','1000','AI的ELO分数'),('ELO_TEAM_D_VALUE','20','ELO团战D值'),('ELO_TEAM_PARAM','2:1.1;3:1.2;4:1.25;5:1.3','ELO组队加成判定'),('EMAIL_FRIEND_NUM','50','好友邮件上限'),('EMAIL_HERO_REWARD','300003','连续登陆2天送英雄的奖励'),('EMAIL_JOIN_GROUP_REWARD','1500','加群奖励（金币数量）'),('EMAIL_SYSTEM_NUM','50','系统邮件上限'),('FIGHT_OPEN_TIME_ENTERTAINMENT','6:0,15:17','娱乐模式战开放时间（星期六:星期日,晚上八点:晚上10点）'),('FIGHT_OPEN_TIME_TEAMDEATHMATCH','0,19:21','团队混战开放时间（星期六:星期日,晚上八点:晚上10点）'),('FIGHT_TASK_ALL_NUM','10','每日竞技任务总数'),('FIGHT_TASK_FIXED_NUM','5','每日竞技任务单次接取数量'),('FIRE_LOW_SPEED','50','开枪减速百分比'),('FIRST_RECHARGE_REWARD','400000','首充奖励'),('FIRST_RECHARGE_REWARD_COUPON','60','领取首充奖励所需单次充值点券的数量'),('FIRST_WIN_EXP','100','战斗（包含对战和排位）首胜奖励经验值'),('FIRST_WIN_GOLD','100','战斗（包含对战和排位）首胜奖励金币值'),('FIRST_WIN_TIME','79200','战斗（包含对战和排位）首胜奖励冷却时间，单位（秒）'),('FORBID_MATCH_TIME','90','未确认匹配的玩家，在该时间内禁止再进行匹配（单位：秒）'),('FREE_COIN_RESET_TIME','600','免费金币抽奖冷却时间（单位:秒）'),('FREE_COIN_TIMES','5','金币抽奖每天免费次数'),('FREE_STONE_RESET_TIME','172800','免费钻石抽奖冷却时间（单位:秒）'),('GIVING_GOLD','10','好友赠送金币值'),('GOLD_COST_LV','2,3','金币抽符文的等级范围'),('GROUP_AGAINST_LIVENESS','30','对战胜利时获得的兵团贡献（一场战斗）'),('GROUP_BRAWL_LIVENESS','0.5','一场娱乐模式战斗可得的兵团贡献系数（在原模式奖励的贡献上乘以这个系数）'),('GROUP_CREATE_COST','3:50','创建兵团费用。用如下形式显示费用类型:费用数量,费用类型:费用数量。费用类型如果为1，则表示金币，为2则表示钻石。'),('GROUP_CREATE_LV','0','创建兵团时所需要达到的角色等级'),('GROUP_FIGHT_FIRST_REWARD','1:400003','兵团战所需冠军场次及对应奖励（冠军场次：奖励宝箱id）'),('GROUP_FIGHT_OPEN_TIME','5:6,20:22','兵团战开放时间（星期六:星期日,晚上八点:晚上10点）'),('GROUP_FIGHT_TIMES','5','每周兵团战战斗奖励次数'),('GROUP_FIGHT_WIN_REWARD','3:400003','兵团战所需胜利场次及对应奖励（胜利场次：奖励宝箱id）'),('GROUP_JOIN_CD_TIME','86400','再次加入兵团距离上次加入的所需时间。（单位：秒）'),('GROUP_LIMIT_LIVENESS','4000','单人每天通过战斗可以获得的兵团贡献值上限'),('GROUP_LIVENESS_COUPON','10','消耗这么多点券可以获得1点兵团贡献'),('GROUP_MATCH_ADD_TIME','3','兵团战匹配递增时间。（单位：秒）'),('GROUP_MATCH_DEFULT_TIME','10','兵团战匹配默认时间。（单位：秒）'),('GROUP_MEM_NUM','20','兵团初始人口上限。'),('GROUP_MIX_MODE_LIVENESS','3:50','混战（含新手乐园）前N名可获得X兵团贡献（一场战斗）'),('GROUP_NOTE_LIMITED','100','兵团公告字数上限（中文数量）'),('GROUP_OPEN_LV','0','兵团功能解锁所必须要达到的角色等级'),('GROUP_RANK_LIVENESS','100','排位胜利时获得的兵团贡献（一场战斗）'),('GROUP_RANK_LOST_LIVENESS','50','排位战斗失败可以获得的兵团贡献'),('GROUP_RENAME_COST','3:290','兵团改名花费(费用类型：费用)'),('GROUP_SCORE_LIVENESS','1:10','兵团战积分转化为兵团贡献的比例'),('GROUP_TEAM_MIX_LIVENESS','2:50','场团队混战前N名可以获得的贡献X（N:X）'),('GUIDE_BOSS_HP','10','新手引导2的BOSS模式，模式类型21，玩家血量调整为10倍。'),('GUIDE_BOSS_REWARD','300001','boss引导结束后给奖励（多个奖励用逗号隔开）'),('HEAD_VAR','300000,20','玩家头像起始id，头像数量'),('HEAVY_DAM_HIT_RECOVER','1700','重度受击硬直'),('HERO_CHANGE_ITEM','102,203090,5','已有英雄转换成对应的物品（drop_type,item_id,item_aount）物品类型：1=金币，2=钻石，3=点券，4=兵团荣誉点数，5=零件碎片，101=经验，102=道具，103=英雄、1'),('HERO_PASS_PARM','20','人物穿透参数'),('HERO_SCORE_PARAMETER','2000','大神职业榜评分所使用的参数'),('HERO_WIN_NUM','20','大神职业榜，优先对英雄胜场达到该值的玩家进行排名。'),('HONOR_ACCUMLATRPOINT','5','每周累积扣分惩罚附加上限'),('HONOR_COMMONPOINT','1','正常对战加分'),('HONOR_COMMONPOINT_WORD','Morality point for completing a match','加分扣分原因'),('HONOR_FULLPOINT','100','信誉积分满分'),('HONOR_HANGPOINT','2','系统判定挂机扣分'),('HONOR_HANGPOINT_WORD','Automatic Morality deduction for AFKing','加分扣分原因'),('HONOR_MINACCUMLATRPOINT','15','每周累积扣分惩罚上限'),('HONOR_POINTDOWN','2','周累积扣除信誉积分每日加分上限'),('HONOR_REPORT_NUM','3','同时可以举报选择最大数量'),('HONOR_REPORT_POINT','2','举报挂机扣分'),('HONOR_REPORT_POINT_WORD','Reported for AFKing, Morality deducted','加分扣分原因'),('HONOR_UMMATCH','1','匹配未点确定扣分'),('HONOR_UMMATCH_WORD','Morality deduction for not confirming the match','加分扣分原因'),('HONOR_WINPOINT','1','多人对战获胜加分'),('HONOR_WINPOINT_WORD','Morality point for winning MP match','加分扣分原因'),('INIT_GOLD','0','初始给的金币'),('INIT_HEROS','300000','初始人物'),('INIT_ITEMS','209001:1','创建角色给的道具'),('INIT_STONE','0','初始给的钻石'),('INTIMACY_COLOUR','0:99:1,100:599:2,600:1199:3,1200:1999:4,2000:9999:5','亲密度不同区间值对应的颜色'),('INTIMACY_DAY_NUMS','20','同一个好友每日亲密度上限'),('INTIMACY_LIFTED','86400','解除关系后需24小时后方可重新建立关系'),('INTIMACY_NUMS','9999','亲密度总上限'),('INTIMACY_NUM_LIMIT','1:1;2:5;3:5;4:5','恋人、闺蜜、死党、基友人数限制'),('INTIMACY_SET','100','建立亲密关系所需亲密值'),('IN_PROTECT_EFFECT','790002','中途加入保护buff'),('LEAVE_MSG_NUM','50','离线聊天记录'),('LIGHT_DAM_HIT_RECOVER','400','轻度受击硬直'),('LIMITED_BLACKLIST','10000','黑名单人数上限'),('LIMITED_FRIENDS','100','普通玩家最大好友数量上限'),('LOSE_GOLD_EXP_VAR','0.5','失败方金币和经验获取参数'),('L_BROADCAST_TIMES','5','大喇叭滚动次数'),('MAP_GENERATE_ NUMBER','125','表示地图中大批量刷新生成物的总量上限。'),('MAP_GENERATE_TIME','20000,30000','地图中大批量刷新生成物的刷新时间间隔，随机刷新时间区间单位MS。6000,10000表示时间为6000MS到10000MS。'),('MAX_CARRY_NUM','250001:1,250002:1,250003:1','进入战斗后可携带的最大数量：用item_id1:item_amount1,item_id2:item_amount2,item_id3:item_amount3....的形式表示'),('MAX_LEVEL','60','小队最大等级'),('MAX_LUCKY_VALUE_COUPON','301','点券夺宝必送稀有物品所需幸运值'),('MAX_LUCKY_VALUE_STONE','201','钻石夺宝幸运值到达该值必送稀有物品'),('MAX_MOVESPEED','400','最大限制移动速度'),('MAX_T_RE','5','每日竞技任务最大刷新次数（只含免费的）'),('MIX_GROUP_BAN_TIME','360','团队混战，开战时间达到该值的战斗，禁止加入。（单位：秒）'),('MIX_GROUP_BOT_SELECT_TIME','15,30','团队混战，机器人开始选择英雄时间区间'),('MIX_GROUP_ISBOT','1','团队混战是否添加机器人'),('MIX_GROUP_MATCH_BOT_TIME','30','团队混战匹配时间达到该值时，自动添加机器人(单位秒)'),('MIX_HERO_SELECT_TIME','30','混战模式战前选人时间上限（单位：秒）'),('MIX_MODE_BAN_TIME','360','禁止加入开战时间达到该值的混战房间（单位：秒）'),('MIX_MODE_BOT_PARM','180000,30000,40000,2','表示60秒开始加入机器人，然后每隔30~40秒加1个（混战模式加机器人）'),('MIX_MODE_GROUP_BOT_PARM','180000,30000,40000,1','表示180秒开始加入机器人，然后每隔30~40秒加1队（混战团队模式加机器人）'),('MIX_MODE_ISBOT','1','混战是否添加机器人'),('MIX_MODE_MATCH_BOT_TIME','30','混战模式下匹配时间达到该值时，自动添加机器人。'),('MIX_NEW_BOT_PARM','180000,30000,40000,2','新手模式表示60秒开始加入机器人，然后每隔30~40秒加1个（混战模式加机器人）'),('MIX_NEW_ISBOT','1','新手乐园是否添加机器人'),('MIX_NEW_MATCH_BOT_TIME','30','新手乐园下匹配时间达到该值时，自动添加机器人（单位秒）'),('MONOMER_LOCKING_ANGLE','60','单体技能的锁定角度值'),('MSG_GROUP_NUM','50','兵团战界面显示的战斗记录数量'),('MSG_PERSON_NUM','50','个人信息界面显示的战斗记录数量'),('MSG_RANK_NUM','10','排位界面显示的排位战斗记录数量'),('MUL_KILL_TIME','15000','多杀判定时间，（单位：毫秒）'),('NEWBIE_VAR','0.5','新手区的奖励系数'),('NEW_MODE_LIMIT','19','新手乐园引导步骤限制'),('NEW_MODE_LIMIT_HERO','300003,300004','新手模式限免过滤英雄'),('NEW_MODE_NPC_HERO','500000,500001,500002','新手模式NPC所使用的英雄集合'),('NEW_MODE_NPC_NUM','6','新手乐园限制机器人下限（开局加）'),('NORMAL_COIN_ID','440001','金币夺宝宝箱ID'),('NORMAL_STONE_ID','440002','钻石夺宝宝箱ID'),('NPC_HERO','300000,300001,300002,300003,300004,300005,300006,300007,300008,300009,300010,300011','NPC所使用的英雄集合'),('PART_COMPOUND_LVUP','5','合成后等级会提升所需零件材料个数'),('PART_COMPOUND_MAXLV','5','零件合成最大等级'),('PART_COMPOUND_REPLACE','2','合成后等级不会变所需零件材料个数'),('RANKING_CHAMPION_KILL_VAR','20','混战冠军榜的击杀数参数'),('RANKING_CHAMPION_RATE_VAR','2000','混战冠军榜的冠军率参数（冠军率*冠军率参数+击杀数/击杀参数）'),('RANKING_GOD_CHAMPION_NUM','20','混战大神榜上榜最低冠军数'),('RANKING_GOD_VAR','2000','团战大神榜参数'),('RANKING_GOD_WIN_NUM','20','团战大神榜，优先对英雄胜场达到该值的玩家进行排名。'),('RANKING_MIX_CHAMPION_NUM','50','混战冠军榜指定的上榜标准场次'),('RANKING_MIX_GOD_KILL_VAR','20','混战大神榜英雄击杀参数'),('RANKING_MIX_GOD_RATE_VAR','2000','混战大神榜英雄冠军率参数（冠军率*英雄冠军率参数+英雄击杀数/英雄击杀数参数）'),('RANKING_SCORE_BATTLE_NUM','50','团战评分榜上榜所需的最小战斗场次（含对战匹配和排位）'),('RANKING_SCORE_VAR','2000','团战评分榜参数，（平均分*参数+mvp次数）'),('RANK_CUR_SEASON','1','当前是第几赛季'),('RANK_KING_STAR_NUM','50','王者段位时，每隔该数量的星级时，当作一个大段位'),('RANK_MATCH_ADD_TIME','3','排位匹配递增时间。（单位：秒）'),('RANK_MATCH_BOT_PLAYER_RANK','6','玩家段位小于等于该值时，匹配到机器人（rank_info表中的index字段值），组队算的是段位最高的'),('RANK_MATCH_BOT_RANK','1,2,3,4,5','排位机器人的段位（rank_info表中的index字段值）'),('RANK_MATCH_BOT_TIME','10','排位添加机器人匹配的时间，单位：秒'),('RANK_MATCH_DEFULT_TIME','10','排位匹配默认时间。（单位：秒）'),('RANK_MATCH_ISBOT','1','排位是否添加机器人(0为不加机器人)'),('RANK_MATCH_SPLIT_TIME','10','排位匹配时，每隔一段时间会把匹配队列拆开重新组合（开黑的不会被拆开），单位:秒'),('RANK_MAX_DIFFERENCE','1','排位时，参战玩家间可以允许的最大排位大段差'),('RANK_NEED_HERO_NUM','5','参加排位，至少拥有的英雄数量'),('REBORN_PROTECT_EFFECT','790001','复活保护buff'),('RECEIVE_GOLD_TIMES','10','每日领取好友赠送金币邮件次数上限'),('RECOIL_MAX','30','稳定性导致最大的偏移量度数'),('RECOIL_PARAM','-1.5/100*X+1.5','稳定性参数。用以跟稳定性公式进行计算'),('RECONNECTION_TIME','120','判定真实断线时间，超出则无法断线重连，用以战斗外'),('REDUCE_TIME_1','8000','翻滚、攻击、手雷、技能操作减少时间。'),('REDUCE_TIME_2','5000','移动操作操作减少时间。'),('REFORM_PAGE','10','强化改造页面最大页数'),('REFRESH_LIMITED_TIMES','10','商城每日手动刷新次数上限'),('RESULT_WATING_TIME','5000','结算等待时间'),('ROLL_DISTANCE','7','翻滚距离'),('ROLL_TIME','650','翻滚时间，（单位：毫秒）'),('ROOM_CLOSE_TIME','600','在这个时间内没有开始战斗则关闭房间，单位（秒）'),('ROOM_DEL_TIME','600000','当所有玩家掉线达到该时间时，直接将该房间关闭（单位：毫秒），仅用于排位'),('ROOM_HERO_REMAIN_TIME','30000','玩家退出战斗后，在该时间内，该玩家的英雄仍停留在战斗场景中（单位：毫秒）'),('ROOM_INVITE_IGNORE_GUIDE','20','战斗邀请列表中未完成该引导类型的玩家自动屏蔽'),('ROOM_KICKBACK_TIME','600','被房主踢出后禁入该房间的时间（单位：秒）'),('ROOM_KICK_OWNER_TIME','30','在这个时间内房主没有开始战斗则踢出房主（单位:秒）'),('ROOM_LIMITED','50','一条线路下对战房间总数上限'),('ROOM_LIMITED_AGAINST_TIME','300','对战战斗奖励时间上限常量（单位：秒），在该时间内奖励达到上限，超出的部分不列入计算。'),('ROOM_PREPARE_TIME','30000','加载准备时间，单位：毫秒（进排位战斗时，倘若卡了，则最多加载30s，30s后服务端会把其直接拉入战斗中（卡住的玩家客户端则继续加载）。倘若所有人在30s前就加载完了，则加载完后就直接进战斗。对战的话，'),('ROOM_RECONNECTION_TIME','120000','断线重连时间（单位：毫秒）'),('ROOM_SETTLEMENT_TIME','30','结算时玩家掉线达到该时间时，以逃跑论处（否则按真实结果来结算），单位：秒'),('ROOM_START_FIGHT_TIME','10000','战斗开始倒计时，单位：毫秒（加载完毕后，开始游戏的时间，包含了原本开始战斗的5秒倒计时，即如果时间为15秒，则等待10秒后开始进行5秒倒计时）'),('ROOM_UNENTER_TIME','0','不允许加入刚开战的房间的时间（单位：秒）'),('SHOP_DAILY','3_0:6,5_5:12','每日商店的商品数量(用如下形式进行表示：商店类型:商品数量,商店类型:商品数量)'),('SHOTGUN_PARAM','2:0,1.2:0.5,1:0.8,0.5:1.1,0.3:1.5','霰弹参数'),('SKIN_CHANGE_ITEM','102,204090,5','已有皮肤转换成对应的物品（drop_type,item_id,item_aount）物品类型：1=金币，2=钻石，3=点券，4=兵团荣誉点数，5=零件碎片，101=经验，102=道具，103=英雄、1'),('START_SHOOT_TIME','100','抬枪射击时间'),('STONE_BOX','453000','钻石单抽宝箱'),('STONE_COST_LV','4,5','钻石抽符文的等级范围'),('STONE_FIVE_COST','568','钻石抽奖5次所需费用'),('STONE_FREE_TIME','172800','钻石免费单抽时间：秒'),('STONE_LUCKY_BOX','454000','钻石抽奖次数满保底次数STONE_LUCKY_FLOORS时对应的宝箱'),('STONE_LUCKY_FLOORS','5','钻石保底抽奖次数'),('STONE_LUCKY_ITEM','260002','钻石抽奖一次额外赠送的物品'),('STONE_ONE_COST','120','钻石抽奖一次所需费用'),('SYSTEM_NAME_SELECT','20','百分之二十的概率从system_name表中提取名字,剩下的从npc_name当中取名字'),('S_BROADCAST_TIMES','3','小喇叭滚动次数'),('TEAM_DEAD_TIME','3000','队友死亡达到该值时，小地图上的绿色箭头消失（单位：ms）'),('UNLOCK_LV','2','每多少级解锁一个强化位置，暂定每2级解锁，即为0,2,4级等'),('VEHICLE_DESTROY_DELAY_TIME','5000','骑上机甲后，延迟多少时间才能显示自爆按钮。单位毫秒'),('WARNING_CONTROLMODE','2000','资源模式警告，表示敌方剩余资源的时候警告'),('WARNING_KILLMODE','10','人头模式警告，表示敌方剩余人头的时候警告'),('WATCH_DELAY','3000','观战延迟'),('WATCH_NUMS','10','一场战斗中观战人数上限'),('WEAK_LOCK_ANGLE','0','新手模式下，其他枪械弱锁定角度'),('WEAK_LOCK_ANGLE_SNIPER','10','非新手模式下，狙击枪弱锁定角度'),('WEAK_LOCK_ANGLE_SNIPER_NEW','20','新手模式下，狙击枪弱锁定角度'),('WIN_GOLD_EXP_VAR','1.5','胜利方金币和经验获取参数');
/*!40000 ALTER TABLE `global_var` ENABLE KEYS */;
UNLOCK TABLES;

--
-- Table structure for table `goods2`
--

DROP TABLE IF EXISTS `goods2`;
/*!40101 SET @saved_cs_client     = @@character_set_client */;
/*!40101 SET character_set_client = utf8 */;
CREATE TABLE `goods2` (
  `id` int(11) NOT NULL DEFAULT '0',
  `name` varchar(50) NOT NULL DEFAULT '0' COMMENT '[Language]物品名称',
  `type` int(11) NOT NULL DEFAULT '1' COMMENT '1.竞技任务刷新次数 2.金币 3.每日特惠商店刷新次数 4.PK每日商店刷新次数 5.挑战每日商店刷新次数 6.补签消耗类 7.极品夺宝费用 8.改造页购买 11.工会增员费用',
  `value` int(11) NOT NULL DEFAULT '0' COMMENT '数值',
  `buy_count` int(11) NOT NULL DEFAULT '1' COMMENT '第几次购买',
  `price_type` int(11) NOT NULL DEFAULT '1' COMMENT '价格类型0=免费，1=金币，2=钻石，3=点券，4=兵团荣誉点数，5=零件碎片',
  `price` int(11) NOT NULL DEFAULT '1' COMMENT '价格',
  `need_vip_lv` int(11) DEFAULT '0' COMMENT '需要的最低vip等级',
  PRIMARY KEY (`id`)
) ENGINE=InnoDB DEFAULT CHARSET=utf8;
/*!40101 SET character_set_client = @saved_cs_client */;

--
-- Dumping data for table `goods2`
--

LOCK TABLES `goods2` WRITE;
/*!40000 ALTER TABLE `goods2` DISABLE KEYS */;
INSERT INTO `goods2` VALUES (1001,'Daily Arena Mission Refresh Amount',1,1,1,0,0,0),(1002,'Daily Arena Mission Refresh Amount',1,1,2,0,0,0),(1003,'Daily Arena Mission Refresh Amount',1,1,3,0,0,0),(1004,'Daily Arena Mission Refresh Amount',1,1,4,0,0,0),(1005,'Daily Arena Mission Refresh Amount',1,1,5,0,0,0),(1006,'Daily Arena Mission Refresh Amount',1,1,6,1,10,0),(1007,'Daily Arena Mission Refresh Amount',1,1,7,1,10,0),(1008,'Daily Arena Mission Refresh Amount',1,1,8,1,10,0),(1009,'Daily Arena Mission Refresh Amount',1,1,9,1,20,0),(1010,'Daily Arena Mission Refresh Amount',1,1,10,1,20,0),(1011,'Daily Arena Mission Refresh Amount',1,1,11,1,30,0),(1012,'Daily Arena Mission Refresh Amount',1,1,12,1,30,0),(1013,'Daily Arena Mission Refresh Amount',1,1,13,1,50,0),(1014,'Daily Arena Mission Refresh Amount',1,1,14,1,50,0),(1015,'Daily Arena Mission Refresh Amount',1,1,15,1,80,0),(2001,'Gold',2,200,1,2,2,0),(2002,'Gold',2,230,2,2,4,0),(2003,'Gold',2,260,3,2,4,0),(2004,'Gold',2,300,4,2,6,0),(2005,'Gold',2,340,5,2,6,0),(2006,'Gold',2,380,6,2,8,0),(2007,'Gold',2,420,7,2,8,0),(2008,'Gold',2,460,8,2,8,0),(2009,'Gold',2,500,9,2,10,0),(2010,'Gold',2,510,10,2,10,0),(2011,'Gold',2,535,11,2,10,1),(2012,'Gold',2,555,12,2,10,1),(2013,'Gold',2,573,13,2,12,1),(2014,'Gold',2,591,14,2,12,1),(2015,'Gold',2,607,15,2,12,1),(2016,'Gold',2,623,16,2,12,1),(2017,'Gold',2,637,17,2,14,1),(2018,'Gold',2,651,18,2,14,1),(2019,'Gold',2,663,19,2,14,1),(2020,'Gold',2,674,20,2,14,1),(2021,'Gold',2,684,21,2,16,2),(2022,'Gold',2,692,22,2,16,2),(2023,'Gold',2,699,23,2,16,2),(2024,'Gold',2,705,24,2,16,2),(2025,'Gold',2,710,25,2,18,2),(2026,'Gold',2,714,26,2,18,2),(2027,'Gold',2,717,27,2,18,2),(2028,'Gold',2,719,28,2,20,2),(2029,'Gold',2,720,29,2,20,2),(2030,'Gold',2,730,30,2,20,2),(2031,'Gold',2,740,31,2,25,3),(2032,'Gold',2,750,32,2,25,3),(2033,'Gold',2,760,33,2,25,3),(2034,'Gold',2,774,34,2,25,3),(2035,'Gold',2,788,35,2,30,3),(2036,'Gold',2,802,36,2,30,4),(2037,'Gold',2,816,37,2,30,4),(2038,'Gold',2,830,38,2,30,4),(2039,'Gold',2,844,39,2,35,4),(2040,'Gold',2,858,40,2,35,4),(2041,'Gold',2,872,41,2,35,5),(2042,'Gold',2,886,42,2,35,5),(2043,'Gold',2,900,43,2,40,5),(2044,'Gold',2,914,44,2,40,5),(2045,'Gold',2,928,45,2,40,5),(2046,'Gold',2,942,46,2,40,5),(2047,'Gold',2,956,47,2,45,5),(2048,'Gold',2,970,48,2,45,5),(2049,'Gold',2,984,49,2,45,5),(2050,'Gold',2,998,50,2,45,5),(2051,'Gold',2,1012,51,2,50,5),(2052,'Gold',2,1026,52,2,50,5),(2053,'Gold',2,1040,53,2,50,5),(2054,'Gold',2,1054,54,2,50,5),(2055,'Gold',2,1068,55,2,55,5),(2056,'Gold',2,1082,56,2,55,5),(2057,'Gold',2,1096,57,2,55,5),(2058,'Gold',2,1110,58,2,55,5),(2059,'Gold',2,1124,59,2,60,5),(2060,'Gold',2,1138,60,2,60,5),(2061,'Gold',2,1152,61,2,60,5),(2062,'Gold',2,1166,62,2,60,5),(2063,'Gold',2,1180,63,2,75,5),(2064,'Gold',2,1194,64,2,75,5),(2065,'Gold',2,1208,65,2,75,5),(2066,'Gold',2,1222,66,2,75,5),(2067,'Gold',2,1236,67,2,80,5),(2068,'Gold',2,1250,68,2,80,5),(2069,'Gold',2,1264,69,2,80,5),(2070,'Gold',2,1278,70,2,80,5),(2071,'Gold',2,1292,71,2,85,5),(2072,'Gold',2,1306,72,2,85,5),(2073,'Gold',2,1320,73,2,85,5),(2074,'Gold',2,1334,74,2,90,5),(2075,'Gold',2,1348,75,2,90,5),(2076,'Gold',2,1362,76,2,90,5),(2077,'Gold',2,1376,77,2,95,5),(2078,'Gold',2,1390,78,2,95,5),(2079,'Gold',2,1404,79,2,95,5),(2080,'Gold',2,1418,80,2,100,5),(2081,'Gold',2,1432,81,2,100,5),(2082,'Gold',2,1446,82,2,100,5),(2083,'Gold',2,1460,83,2,100,5),(2084,'Gold',2,1474,84,2,100,5),(2085,'Gold',2,1488,85,2,100,5),(2086,'Gold',2,1502,86,2,100,5),(2087,'Gold',2,1516,87,2,100,5),(2088,'Gold',2,1530,88,2,100,5),(2089,'Gold',2,1544,89,2,100,5),(2090,'Gold',2,1558,90,2,100,5),(2091,'Gold',2,1572,91,2,100,5),(2092,'Gold',2,1586,92,2,100,5),(2093,'Gold',2,1600,93,2,100,5),(2094,'Gold',2,1614,94,2,100,5),(2095,'Gold',2,1628,95,2,100,5),(2096,'Gold',2,1642,96,2,100,5),(2097,'Gold',2,1656,97,2,100,5),(2098,'Gold',2,1670,98,2,100,5),(2099,'Gold',2,1684,99,2,100,5),(2100,'Gold',2,1698,100,2,100,5),(3001,'Refresh Legion Store 1 time',3,1,1,4,10,0),(3002,'Refresh Legion Store 2 time',3,1,2,4,10,0),(3003,'Refresh Legion Store 3 time',3,1,3,4,100,0),(3004,'Refresh Legion Store 4 time',3,1,4,4,100,0),(3005,'Refresh Legion Store 5 time',3,1,5,4,200,0),(3006,'Refresh Legion Store 6 time',3,1,6,4,200,0),(3007,'Refresh Legion Store 7 time',3,1,7,4,400,0),(3008,'Refresh Legion Store 8 time',3,1,8,4,400,0),(3009,'Refresh Legion Store 9 time',3,1,9,4,800,0),(3010,'Refresh Legion Store 10 time',3,1,10,4,800,0),(6001,'Add Sign-in #1 Fee',6,1,1,2,10,0),(6002,'Add Sign-in #2 Fee',6,1,2,2,20,0),(6003,'Add Sign-in #3 Fee',6,1,3,2,30,0),(6004,'Add Sign-in #4 Fee',6,1,4,2,40,0),(6005,'Add Sign-in #5 Fee',6,1,5,2,50,0),(6006,'Add Sign-in #6 Fee',6,1,6,2,60,0),(6007,'Add Sign-in #7 Fee',6,1,7,2,70,0),(6008,'Add Sign-in #8 Fee',6,1,8,2,80,0),(6009,'Add Sign-in #9 Fee',6,1,9,2,90,0),(6010,'Add Sign-in #10 Fee',6,1,10,2,100,0),(6011,'Add Sign-in #11 Fee',6,1,11,2,110,0),(6012,'Add Sign-in #12 Fee',6,1,12,2,120,0),(6013,'Add Sign-in #13 Fee',6,1,13,2,130,0),(6014,'Add Sign-in #14 Fee',6,1,14,2,140,0),(6015,'Add Sign-in #15 Fee',6,1,15,2,150,0),(6016,'Add Sign-in #16 Fee',6,1,16,2,160,0),(6017,'Add Sign-in #17 Fee',6,1,17,2,170,0),(6018,'Add Sign-in #18 Fee',6,1,18,2,180,0),(6019,'Add Sign-in #19 Fee',6,1,19,2,190,0),(6020,'Add Sign-in #20 Fee',6,1,20,2,200,0),(6021,'Add Sign-in #21 Fee',6,1,21,2,210,0),(6022,'Add Sign-in #22 Fee',6,1,22,2,220,0),(6023,'Add Sign-in #23 Fee',6,1,23,2,230,0),(6024,'Add Sign-in #24 Fee',6,1,24,2,240,0),(6025,'Add Sign-in #25 Fee',6,1,25,2,250,0),(6026,'Add Sign-in #26 Fee',6,1,26,2,260,0),(6027,'Add Sign-in #27 Fee',6,1,27,2,270,0),(6028,'Add Sign-in #28 Fee',6,1,28,2,280,0),(6029,'Add Sign-in #29 Fee',6,1,29,2,290,0),(6030,'Add Sign-in #30 Fee',6,1,30,2,300,0),(7001,'Quality Lottery #1 Fee',7,1,1,2,200,0),(7002,'Quality Lottery #2 Fee',7,1,2,2,350,0),(7003,'Quality Lottery #3 Fee',7,1,3,2,500,0),(7004,'Quality Lottery #4 Fee',7,1,4,2,650,0),(7005,'Quality Lottery #5 Fee',7,1,5,2,800,0),(7006,'Quality Lottery #6 Fee',7,1,6,2,950,0),(7007,'Quality Lottery #7 Fee',7,1,7,2,1100,0),(7008,'Quality Lottery #8 Fee',7,1,8,2,1250,0),(7009,'Quality Lottery #9 Fee',7,1,9,2,1400,0),(7010,'Quality Lottery #10 Fee',7,1,10,2,1550,0),(7011,'Quality Lottery #11 Fee',7,1,11,2,1700,0),(7012,'Quality Lottery #12 Fee',7,1,12,2,1850,0),(7013,'Quality Lottery #13 Fee',7,1,13,2,2000,0),(7014,'Quality Lottery #14 Fee',7,1,14,2,2150,0),(8001,'Page 1',8,1,1,0,0,0),(8002,'Page 2',8,1,2,2,200,0),(8003,'Page 3',8,1,3,3,400,0),(8004,'Page 4',8,1,4,3,400,0),(8005,'Page 5',8,1,5,3,400,0),(8006,'Page 6',8,1,6,3,400,0),(8007,'Page 7',8,1,7,3,400,0),(8008,'Page 8',8,1,8,3,400,0),(8009,'Page 9',8,1,9,3,400,0),(8010,'Page 10',8,1,10,3,400,0),(11001,'Cost of #1 Legion expansion',11,5,1,3,500,0),(11002,'Cost of #2 Legion expansion',11,5,2,3,600,0),(11003,'Cost of #3 Legion expansion',11,5,3,3,700,0),(11004,'Cost of #4 Legion expansion',11,5,4,3,800,0),(11005,'Cost of #5 Legion expansion',11,5,5,3,900,0),(11006,'Cost of #6 Legion expansion',11,5,6,3,1000,0),(11007,'Cost of #7 Legion expansion',11,5,7,3,1100,0),(11008,'Cost of #8 Legion expansion',11,5,8,3,1200,0),(11009,'Cost of #9 Legion expansion',11,5,9,3,1300,0),(11010,'Cost of #10 Legion expansion',11,5,10,3,1400,0),(11011,'Cost of #11 Legion expansion',11,10,11,3,1600,0),(11012,'Cost of #12 Legion expansion',11,10,12,3,1700,0),(11013,'Cost of #13 Legion expansion',11,10,13,3,1800,0);
/*!40000 ALTER TABLE `goods2` ENABLE KEYS */;
UNLOCK TABLES;

--
-- Table structure for table `group_feats_lv`
--

DROP TABLE IF EXISTS `group_feats_lv`;
/*!40101 SET @saved_cs_client     = @@character_set_client */;
/*!40101 SET character_set_client = utf8 */;
CREATE TABLE `group_feats_lv` (
  `group_feats_lv` int(10) NOT NULL DEFAULT '0',
  `name` varchar(50) DEFAULT '0' COMMENT '[Language]兵团功勋等级名称',
  `img_id` varchar(20) NOT NULL DEFAULT '0' COMMENT '功勋等级对应的团徽ID',
  `next_feats_point` int(10) NOT NULL DEFAULT '1' COMMENT '升级到下一功勋等级需要的功勋点',
  PRIMARY KEY (`group_feats_lv`)
) ENGINE=InnoDB DEFAULT CHARSET=utf8;
/*!40101 SET character_set_client = @saved_cs_client */;

--
-- Dumping data for table `group_feats_lv`
--

LOCK TABLES `group_feats_lv` WRITE;
/*!40000 ALTER TABLE `group_feats_lv` DISABLE KEYS */;
INSERT INTO `group_feats_lv` VALUES (1,'Level 1 Exploit','101',2000000),(2,'Level 2 Exploit','201,202',3000000),(3,'Level 3 Exploit','301,302,303',4000000),(4,'Level 4 Exploit','401,402,403',5000000),(5,'Level 5 Exploit','501,502,503',10000000),(6,'Level 6 Exploit','601,602,603',15000000),(7,'Level 7 Exploit','701,702,703',20000000);
/*!40000 ALTER TABLE `group_feats_lv` ENABLE KEYS */;
UNLOCK TABLES;

--
-- Table structure for table `group_rank_reward`
--

DROP TABLE IF EXISTS `group_rank_reward`;
/*!40101 SET @saved_cs_client     = @@character_set_client */;
/*!40101 SET character_set_client = utf8 */;
CREATE TABLE `group_rank_reward` (
  `id` int(10) NOT NULL DEFAULT '0',
  `type` int(10) NOT NULL DEFAULT '0' COMMENT '结算周期:7 每周 8 赛季',
  `start_rank` int(10) NOT NULL DEFAULT '0' COMMENT '奖励其实排名',
  `end_rank` int(10) NOT NULL DEFAULT '0' COMMENT '奖励结束排名',
  `reward_coin` int(10) NOT NULL DEFAULT '0' COMMENT '金币奖励',
  `reward_stone` int(10) NOT NULL DEFAULT '0' COMMENT '钻石奖励',
  PRIMARY KEY (`id`)
) ENGINE=InnoDB DEFAULT CHARSET=utf8;
/*!40101 SET character_set_client = @saved_cs_client */;

--
-- Dumping data for table `group_rank_reward`
--

LOCK TABLES `group_rank_reward` WRITE;
/*!40000 ALTER TABLE `group_rank_reward` DISABLE KEYS */;
INSERT INTO `group_rank_reward` VALUES (1,12,1,1,1500,0),(2,12,2,2,1000,0),(3,12,3,3,700,0),(4,12,4,10,600,0),(5,12,11,50,500,0),(6,12,51,99999,150,0),(7,13,1,1,0,500),(8,13,2,2,0,350),(9,13,3,3,0,250),(10,13,4,10,0,200),(11,13,11,50,0,150),(12,13,51,999999,0,50);
/*!40000 ALTER TABLE `group_rank_reward` ENABLE KEYS */;
UNLOCK TABLES;

--
-- Table structure for table `group_reward`
--

DROP TABLE IF EXISTS `group_reward`;
/*!40101 SET @saved_cs_client     = @@character_set_client */;
/*!40101 SET character_set_client = utf8 */;
CREATE TABLE `group_reward` (
  `id` int(11) NOT NULL,
  `fight_type` int(11) NOT NULL DEFAULT '0' COMMENT '战斗类型 只有7和8',
  `result` int(11) NOT NULL DEFAULT '0' COMMENT '比赛结果：当fight_type=7时，result=0表示失败，result=1表示胜利；当fight_type=8时，result=1表示第一名，result=2表示第二名，3=第三名，4=第四名.....',
  `score` int(11) NOT NULL DEFAULT '0' COMMENT '一局结束可以获得的兵团战积分值',
  `honor_point` int(11) NOT NULL DEFAULT '0' COMMENT '一局结束可以获得的荣誉点数',
  PRIMARY KEY (`fight_type`,`result`)
) ENGINE=InnoDB DEFAULT CHARSET=utf8;
/*!40101 SET character_set_client = @saved_cs_client */;

--
-- Dumping data for table `group_reward`
--

LOCK TABLES `group_reward` WRITE;
/*!40000 ALTER TABLE `group_reward` DISABLE KEYS */;
INSERT INTO `group_reward` VALUES (1,7,0,20,300),(2,7,1,50,600),(3,8,1,50,600),(4,8,2,40,400),(5,8,3,30,300),(6,8,4,20,200);
/*!40000 ALTER TABLE `group_reward` ENABLE KEYS */;
UNLOCK TABLES;

--
-- Table structure for table `group_role`
--

DROP TABLE IF EXISTS `group_role`;
/*!40101 SET @saved_cs_client     = @@character_set_client */;
/*!40101 SET character_set_client = utf8 */;
CREATE TABLE `group_role` (
  `role_id` int(10) NOT NULL DEFAULT '0' COMMENT '角色ID,成员必须是0，团长必须是1',
  `role_name` varchar(50) NOT NULL DEFAULT '0' COMMENT '[Language]角色名称',
  `role_right` varchar(50) NOT NULL DEFAULT '0' COMMENT '权限 1.解散 2.转让 3.变更职务 4.设置 5.备用 6.备用 7.备用 8.备用 9.加入 10.踢人 11.邀请 12.回复申请 13.扩容',
  `role_level` int(11) NOT NULL DEFAULT '99' COMMENT '角色等级，1为团长',
  `check_in_live` int(11) NOT NULL DEFAULT '0' COMMENT '成员，副团长，团长签到获得的兵团贡献',
  `against_live` int(11) NOT NULL DEFAULT '0' COMMENT '对战胜利活跃度',
  `role_num` varchar(50) DEFAULT '',
  PRIMARY KEY (`role_id`)
) ENGINE=InnoDB DEFAULT CHARSET=utf8;
/*!40101 SET character_set_client = @saved_cs_client */;

--
-- Dumping data for table `group_role`
--

LOCK TABLES `group_role` WRITE;
/*!40000 ALTER TABLE `group_role` DISABLE KEYS */;
INSERT INTO `group_role` VALUES (1,'Member','13',4,10,100,''),(2,'Chief','1,2,3,4,10,11,12,13',1,10,100,''),(3,'Vice Chief','3,10,11,12,13',2,10,100,'20:2,50:3,100:4');
/*!40000 ALTER TABLE `group_role` ENABLE KEYS */;
UNLOCK TABLES;

--
-- Table structure for table `guide`
--

DROP TABLE IF EXISTS `guide`;
/*!40101 SET @saved_cs_client     = @@character_set_client */;
/*!40101 SET character_set_client = utf8 */;
CREATE TABLE `guide` (
  `id` int(11) unsigned NOT NULL COMMENT '系统编号',
  `guide_type` int(11) NOT NULL DEFAULT '0' COMMENT '功能引导的类型：1=改名，2=操作练习、3=邮箱、4=商城、5=角色配置、6=实战训练、7=任务、8=在线奖励、9=等级礼包、10=对战、11=排位、12=挑战、14=成就、15= 枪械升级、16=枪械部件升级、17=装备升级、18=枪械进阶',
  `step` int(11) NOT NULL DEFAULT '0' COMMENT '功能引导进行的步骤',
  `step_intro` varchar(200) NOT NULL DEFAULT '0' COMMENT '[Language]步骤描述',
  `condition1_type` int(11) NOT NULL DEFAULT '0' COMMENT '触发条件类型：0=上一步骤完成、1=上一个引导类型的所有步骤完成、2=角色等级、3=玩家自行点击对应按钮、4=命名完成后、5=战斗结束后',
  `condition1` int(11) NOT NULL DEFAULT '0' COMMENT 'condition1_type=1时该处表示上一个引导的type、condition1_type=2时该处表示角色的等级、condition1_type=3时该处表示按钮名称（1=枪械升级界面的枪械部件图标，2=角色配置界面的天赋按钮，3=角色配置界面的装备图标，4=角色升级提示界面的确定按钮）、condition1_type=4和5时该处默认0',
  `condition2_type` int(11) NOT NULL DEFAULT '0',
  `condition2` int(11) NOT NULL DEFAULT '0' COMMENT '触发条件2',
  `condition3_type` int(11) NOT NULL DEFAULT '0',
  `condition3` int(11) NOT NULL DEFAULT '0' COMMENT '触发条件3',
  `record` int(11) NOT NULL DEFAULT '0' COMMENT '服务端该步骤记录（如果填0表示不记录，填的值如果大于总步骤数，则表示到该步时引导就完结；如果填的值刚好为步骤顺序，则表示该步骤需要记录。）',
  `awards` varchar(200) NOT NULL DEFAULT '0' COMMENT '奖励，用如下形式进行表示：type,id,amount;type,id,amount;type,id,amount;',
  PRIMARY KEY (`id`)
) ENGINE=InnoDB DEFAULT CHARSET=utf8;
/*!40101 SET character_set_client = @saved_cs_client */;

--
-- Dumping data for table `guide`
--

LOCK TABLES `guide` WRITE;
/*!40000 ALTER TABLE `guide` DISABLE KEYS */;
INSERT INTO `guide` VALUES (201,2,1,'First, use the left joystick to move your hero. Go to the indicated area!',0,1,0,0,0,0,0,'0'),(202,2,2,'Next, take a look at the guide and learn how to fight!',0,1,0,0,0,0,0,'0'),(203,2,3,'Looks like you got down shooting, next you\'ll learn how to roll!',0,2,0,0,0,0,0,'0'),(204,2,4,'After mastering rolling skill, you need to learn how to reload your weapon.',0,3,0,0,0,0,0,'0'),(205,2,5,'Great, now you know the basics. Let\'s move to the next training area',0,4,0,0,0,0,0,'0'),(206,2,6,'Here you\'ll practice throwing grenades.',0,5,0,0,0,0,0,'0'),(207,2,7,'Congratulations on completing your training',0,6,0,0,0,0,0,'0'),(208,2,8,'First you need to know how to aim manually!',0,6,0,0,0,0,0,'0'),(209,2,9,'Excellent, looks like you\'ve mastered manual aiming. Let\'s continue...There is a challenge waiting for you just ahead.',0,6,0,0,0,0,0,'0'),(210,2,10,'Congratulations on completing your training',0,6,0,0,0,0,0,'0'),(211,2,11,'Tap the roll button and roll to the indicated area',0,6,0,0,0,0,0,'0'),(212,2,12,'You\'ve reloaded, now you can continue shooting.',0,6,0,0,0,0,0,'0'),(1901,19,1,'It seems you have a good grasp on the basics. Let\'s try a training battle!',1,2,0,0,0,0,0,'0'),(1902,19,2,'Click here to select a battle type',0,1,0,0,0,0,0,'0'),(1903,19,3,'In Beginner Mode, automatic aiming will be activated',0,2,0,0,0,0,0,'0'),(1904,19,4,'Choose \"Newbie Area\" and wait to be matched with teammates and opponents',0,3,0,0,0,0,0,'0'),(1905,19,5,'Choose a hero and confirm to use this hero in battle',0,4,0,0,0,0,99,'0'),(2001,20,1,'Team Battle Unlocked! In this mode, auto-aim will be disabled.',1,32,2,3,0,0,0,'0'),(2002,20,2,'Tap here to select a battle type',0,1,0,0,0,0,0,'0'),(2003,20,3,'Tap \"Team Match\"',0,2,0,0,0,0,0,'0'),(2004,20,4,'Tap \"Start\" and wait for matching',0,3,0,0,0,0,99,'0'),(2005,20,5,'Tap \"Confirm\" to get started',0,4,0,0,0,0,0,'0'),(2006,20,6,'Choose a hero and confirm to use this hero in battle',0,5,0,0,0,0,0,'0'),(3101,31,1,'Now that you\'ve passed the combat test, its time to move on to advanced training',1,19,2,3,0,0,0,'0'),(3201,32,1,'Congratulations on defeating the boss. You\'ve unlocked the following hero: Theodor',1,31,0,0,0,0,99,'103,300001,1'),(4001,40,1,'The oil drum will be exploded and cause AOE damage when attacked, be careful to avoid accident injuries.',0,0,0,0,0,0,0,'0'),(4002,40,2,'There\'s a flamethrower in front of you, it will fire at the passers automatically.',0,0,0,0,0,0,0,'0'),(4003,40,3,'There\'s a gas gun in front of you, it will poison the passers automatically.',0,0,0,0,0,0,0,'0'),(4004,40,4,'Careful with the landmine! It will explode if stepped on.',0,0,0,0,0,0,0,'0'),(4005,40,5,'Here\'s a medical chest, a healing pack will dropped when the chest been destroyed',0,0,0,0,0,0,0,'0'),(4006,40,6,'Here\'s a grenade chest, a random grenade will dropped when the chest been destroyed',0,0,0,0,0,0,0,'0'),(4007,40,7,'Here\'s a supply chest, a random supply kit will dropped when the chest been destroyed',0,0,0,0,0,0,0,'0'),(4008,40,8,'Hind in the camouflage tent, and the opponents outside will be unable to see you',0,0,0,0,0,0,0,'0'),(4009,40,9,'Hind in the grass, and the opponents outside will be unable to see you',0,0,0,0,0,0,0,'0'),(4010,40,10,'Look at the supply depot, useful supplies will often show up there',0,0,0,0,0,0,0,'0'),(4011,40,11,'You can choose a talent from the right side when you reach lv.4 while in the battlefield',0,0,0,0,0,0,0,'0'),(4012,40,12,'Gain EXP from killing enemies and picking up EXP badges to level up in the combat',0,0,0,0,0,0,0,'0');
/*!40000 ALTER TABLE `guide` ENABLE KEYS */;
UNLOCK TABLES;

--
-- Table structure for table `gun`
--

DROP TABLE IF EXISTS `gun`;
/*!40101 SET @saved_cs_client     = @@character_set_client */;
/*!40101 SET character_set_client = utf8 */;
CREATE TABLE `gun` (
  `id` int(10) NOT NULL DEFAULT '0' COMMENT '枪械/部件id',
  `name` varchar(50) NOT NULL DEFAULT '0' COMMENT '[Language]枪械名',
  `img_id` int(10) NOT NULL DEFAULT '0' COMMENT '图片id该ID同时作为是否同把枪械的判断条件。有特殊同图片枪械，需要新增id记录。',
  `gun_effect_id` int(10) NOT NULL DEFAULT '0' COMMENT '枪械3d模型ID',
  `intro` varchar(1000) NOT NULL DEFAULT '0' COMMENT '[Language]介绍',
  `intro2` varchar(200) NOT NULL DEFAULT '0' COMMENT '介绍2',
  `intro3` varchar(200) NOT NULL DEFAULT '0' COMMENT '介绍3',
  `type` int(10) NOT NULL DEFAULT '0' COMMENT '类型1:步枪,2:机枪,3:狙击,4:霰弹,5:喷火枪,6:十字弩,7电磁枪，8榴弹炮',
  `dam` float NOT NULL DEFAULT '0' COMMENT '伤害',
  `dam_inc` float NOT NULL DEFAULT '0' COMMENT '伤害成长',
  `pass_dam` float NOT NULL DEFAULT '0' COMMENT '穿透',
  `pass_dam_inc` float NOT NULL DEFAULT '0' COMMENT '穿透成长',
  `crit` float NOT NULL DEFAULT '0' COMMENT '暴击',
  `crit_inc` float NOT NULL DEFAULT '0' COMMENT '暴击成长',
  `fire_spd` float NOT NULL DEFAULT '0' COMMENT '射速',
  `fire_spd_inc` float NOT NULL DEFAULT '0' COMMENT '射速成长',
  `box_magazine` float NOT NULL DEFAULT '0' COMMENT '弹夹',
  `box_magazine_inc` float NOT NULL DEFAULT '0' COMMENT '弹夹成长',
  `accu` float NOT NULL DEFAULT '0' COMMENT '精准',
  `accu_inc` float NOT NULL DEFAULT '0' COMMENT '精准成长',
  `recoil` float NOT NULL DEFAULT '0' COMMENT '稳定性',
  `recoil_inc` float NOT NULL DEFAULT '0' COMMENT '稳定性成长',
  `range` float NOT NULL DEFAULT '0' COMMENT '射程',
  `range_inc` float NOT NULL DEFAULT '0' COMMENT '射程成长',
  `reload` float NOT NULL DEFAULT '0' COMMENT '填弹时间',
  `reload_inc` float NOT NULL DEFAULT '0' COMMENT '填弹成长',
  `armor_pass` float NOT NULL COMMENT '护甲穿透',
  `armor_pass_inc` float NOT NULL COMMENT '护甲穿透成长值',
  `blast_range` float NOT NULL DEFAULT '0' COMMENT '该枪械的爆炸范围，是指弹道打中或者结束时，是否会产生一个对周围爆炸的受击范围',
  `blast_param` float NOT NULL COMMENT '爆炸判定参数',
  PRIMARY KEY (`id`)
) ENGINE=InnoDB DEFAULT CHARSET=utf8;
/*!40101 SET character_set_client = @saved_cs_client */;

--
-- Dumping data for table `gun`
--

LOCK TABLES `gun` WRITE;
/*!40000 ALTER TABLE `gun` DISABLE KEYS */;
INSERT INTO `gun` VALUES (111011,'MP5',111010,10071,'The MP5 is a famous and effective weapon, with a reasonably fast fire rate, upon opening fire it can unload a great deal of suppressing fire. One MP5 is able to unload the killing effectiveness of a few guns put together, and often causes severe lacerations in its targets, making recovery difficult. The MP5\'s low recoil and high accuracy make it a reasonable comfortable experience when shooting. Add to this its reasonable price and easy operation making this a weapon that everyone in the wasteland can use, whether they\'re a man, woman, old or young. ','MP5是一款精度与射速俱佳的冲锋枪，装弹迅速，短时间内能打出恐怖的连射火力，不愧是反恐利器。','步枪',1,60,0,22,0,6,0,72,0,25,0,67,0,86,0,8.5,0,1.99,0,22,0,0,0),(112011,'TAR-21',112010,20001,'The TAR-21 is an unsupported rifle, it uses 5.56 diameter bullets, and packs a kick. TAR-21 is more reliable than the M4, it is reliable when firing and its recoil is lower than the M4. However, the gun\'s accuracy doesn\'t mean that you can just spray and hope to hit your target, but the probability of killing your target with an aimed shot is high. Traces of the TAR-21 can be found all over the wasteland, and is in the displays of many arms dealer\'s stores, there once was even two large arms dealers who ended up fighting over the TAR-21\'s naming rights.','TAR-21是一款无托结构步枪，有着狙击枪的精准度与高射速，且后座力很小，弹道稳定，适合中远距离作战。','步枪',1,83.1,0,14,0,5,0,70,0,32,0,77,0,61,0,8.4,0,2.09,0,14,0,0,0),(112021,'F2000',112020,20002,'The FN2000 was designed for battle in the wasteland, as sandstorms, acid rains and deep dark nights are regularly seen occurrences in the wasteland which make a lot of trouble for battling mercenaries. The FN2000 has a unique 1.6x optical scope which is designed to deal with these problems. Of course, the FN2000 is also fashionable, with a sleek design which gives it a futuristic look and feel. The Wanderer\'s describes the FN2000 as “A gun which has both power and aesthetic beauty in one, holding it while killing your enemies will make you look cool and will also increases your manliness by 5%!”','FN2000是一款紧凑型无托步枪，外形美观、太空感十足，精准度很高，且在酸雨、黄沙、暗夜等恶劣环境中威力不减。','步枪',1,79.3,0,8,0,4.6,0,76,0,30,0,81,0,58,0,8.6,0,2.06,0,8,0,0,0),(113011,'AK47',113010,10011,'The AK47 is one of the most popular guns in the world due to its reliability, cheap cost and reasonable power. It doesn\'t break, jam or overheat easily and is able to fire even in muddy or sandy environment. Most importantly, this gun is easy to use; even a child can use it, and they do!','AK47是一款既耐用又精准的气动式步枪，特点是快准狠，适合多种环境作战。','步枪',1,96,0,32,0,7,0,42,0,30,0,75,0,32,0,9.4,0,2,0,32,0,0,0),(113021,'M4A1',113020,20003,'The M4A1 is a gun which is very popular with mercenaries because of its long range and high fire rate. It has a short and exquisite appearance, with a compact structure, a mercenary can even hide it in their over coat without it being discovered by the enemy. But this gun is not to be underestimated, loads of mercenaries who didn\'t take note of this gun have had their head blown up in a quick second giving their life as testament to the chilling power of this weapon!','M4A1是一款导气式突击步枪，射击速度快，远射程射击杀伤力很大，且枪身紧凑轻便，深受佣兵喜爱。','步枪',1,83.1,0,10,0,5,0,72,0,30,0,80,0,55,0,9.6,0,2.01,0,10,0,0,0),(113031,'ACR',113030,20004,'The ACR was one of the best assault rifles once upon a time, it uses a gas operated system and a quick changing barrel and apparently has a modular desinged system, and completely blew away the audience when it was first revealed at a firearms exhibition. The famous \"Wanderer\'s Magazine\" once wrote: \"A fighter named Barnes once used an ACR to save a group of ten mercenaries, fighting off over one hundred beasts! After this event, the ACR\'s price rose drastically!','ACR曾是最好的突击步枪之一，采用快换式枪管和导气式系统，射程远、后座力小，适合远程作战。','步枪',1,88.6,0,18,0,4.6,0,68,0,30,0,79,0,44,0,9.4,0,1.8,0,18,0,0,0),(113041,'AUG',113040,20005,'In the old era, the AUG was an un supported assault rifle widely used by special forces and law enforcement organizations due to its great accuracy, reliability at firing and its unmodest lethality. In addition, the AUG is small at the front but big at the back and smooth and compact, giving it a great look, many warriors in the wasteland carry an AUG equipped with a bayonet, this model was famous in the City Of Doom for a time.','斯太尔AUG是一款5.56mm口径突击步枪，射击精准、发弹可靠，而且空枪只有3.61KG，轻便耐用，深受佣兵们喜爱。','步枪',1,88.8,0,10,0,4.6,0,66,0,32,0,78,0,64,0,9.4,0,2.31,0,10,0,0,0),(114011,'SCAR-S',114010,20006,'The SCAR is a vicious firearm, hence the name scar, but the SCAR-S is much more functional than the SCAR, its firing accuracy is very high along with being really reliable, even if the magazine gets mud or dirt in it, it\'s operation won\'t be affected at all. \"Wanderer\'s Magazine\" even describes the SCAR-S as the most pricless treasure left over from the old era, even kids nowadays know, that as long as you have a SCAR-S in your hand, the water source belongs to you!','SCAR-S是一款多口径突击步枪，精准射击能打出粉碎性伤害，且可根据作战距离调整打法，性价比非常高。','步枪',1,93,0,25,0,5,0,54,0,20,0,81,0,68,0,10.4,0,2.2,0,25,0,0,0),(121011,'M60',121010,10061,'This was a world famous, time honored gun brand since the apocalypse. Possessing a gas operated automatic mode, and with  the range of a heavy machine gun but with the flexibility of a light machine gun, soldiers can equip the machine gun with a tripod and put it on a car or an aircraft to mow down enemies or just carry it with their own hands. If you have a set of eight pack abs, then you really suit the M60, shouldering the M60 whilst wearing nothing but golden bullet belts on the upper half of your body, opening fire upon the beasts with a \"DAKA DAKA DAKA\", that\'d truly be an awesome sight.','M60通用机枪是一款勋章卓著的老牌机枪，射程较远，枪身紧凑、使用灵活，是威力强大的支援武器。','机枪',2,65,0,20,0,12,0,60,0,60,0,58,0,55,0,8.2,0,3.5,0,20,0,0,0),(122011,'RPD',122010,20007,'A gas operated machine gun known as \"The soviet type writer of death”with a simple yet crude structure. It fires 7.62mm bullets and packs a fierce punch, whilst also being pretty accurate making this a gun suitable for mid-range combat, if youy\'re sighted by it then it\'s the equivalent of being painted with the mark of death. The RPD is also really light and portable, mercenaries who are familiar with guns will notice that the RPD has a net weight of just 7.1km, and the whole gun only has 65 parts making this a very convenient gun to carry!','RPD是一款轻便的导气式轻机枪，弹量充沛且射击稳定，且携带方便，适合行进中的中远距离作战。','机枪',2,74.8,0,14,0,3.8,0,68,0,60,0,65,0,24,0,8.6,0,3.96,0,14,0,0,0),(123011,'M249',123010,10091,'The M249 is a pneumatic type machine gun which fires 5.56mm diameter bullets. It\'s a light gun which can easily be carried by one person and has a huge magazine capacity allowing prolonged firepower. In addition, the M249 can guarantee reliability even in extremely harsh conditions such as snow, salt water, high temperature and high humidity, making this gun extremely durable. A lone mercenary surrounded by a pack of beasts or zombies still has a hope of survival when wielding the M249!','一款5.56mm口径气动式轻机枪，它便于携带，且弹量充沛、火力持久，在恶劣环境下依然威力不减。','机枪',2,64,0,25,0,5,0,62,0,60,0,66,0,42,0,10.5,0,3.9,0,25,0,0,0),(124011,'Gatling',124010,10021,'A machine gun which can make even aliens tremble with fear. This gun has a really fast fire rate, whilst also being shockingly powerful, its 6 rotating barrels can fire off 6000 bullets within one minute unleashing a tempest of power capable of turning its target into a bee hive. But it\'s very rare to see mercenaries running around with a gatling gun on their back as it\'s too heavy, and it consumes ammo way too quickly making it necessary to carry long belts of ammo in order to keep the gun well-supplied.','一款手动型多管机枪，射速快、威力恐怖，6个枪管旋转发射，暴风骤雨的子弹足以把目标打成蜂窝。','机枪',2,42,0,28,0,5,0,82,0,75,0,50,0,24,0,9,0,4.24,0,28,0,0,0),(131011,'AWM',131010,20008,'The AWM is a manual firing sniper rifle used by military personel and civilians alike. Developed from a hunting rifle, it has been modified to be able to fire two different types of ammo: both 7.62mm and 8.6mm diameter bullets can be used. The rifle\'s power and range has also been massively improved, allowing this gun to be used for long range defense and support without any problems. In the wasteland, many mercenaries use the AWM to kill beasts, but will also occasionally use it to wipe out invading bands of soldiers.','AWM是一款多口径手动式狙击枪，射程远、精度高，在旧时代曾打出2745m的狙击距离，是最好的狙击枪之一。','狙击枪',3,267,0,20,0,20.6,0,10,0,10,0,100,0,0,0,22,0,3.2,0,20,0,0,0),(132011,'SVD',132010,20009,'Many young and new mercenaries looking to buy an SVD in the black market will accidentally purchase an AK47 and will only realize upon using the gun that these are in fact two very different guns. The SVD may look very similar to the AK47, they both even have really similar looking bolts and bayonet sockets, but the SVD uses a gas piston, making it much more accurate and giving it a much longer range than the AK47, remember, this is a sniper rifle!','SVD是一款远射程班组支援武器，子弹威力大，穿透力极强，且和AK47一样耐用、可靠。','狙击枪',3,186.9,0,18,0,21.1,0,25,0,10,0,100,0,0,0,20,0,3.08,0,18,0,0,0),(133011,'PSG-1',133010,10051,'The PSG-1 is an expensive semi-automatic sniper rifle. It has outstanding accuarcy, being able to fire 50 bullets through a hole 8cm in diameter from 300 meters away, making this a really accurate gun to use in the wasteland. Also, after equipping its built in silencer, it makes very little noise when firing. Therefore, in the wasteland this gun has been given the fear-inspiring name \"The yellow Cobra\", it can deliver a silent, deadly blow in an instant, but the price is also very costly, don\'t even think about buying it unless you have a few gold bars lying around!','PSG-1是一款7.62口径半自动狙击枪，射击精准度小于1角分，采用内置消声器使其噪音很小，能打出恐怖的无声伤害。','狙击枪',3,156,0,30,0,25,0,15,0,15,0,100,0,100,0,16,0,2.67,0,30,0,0,0),(134011,'Barret M82A1',134010,10041,'The M82A1 is one of the earliest anti-material guns, which uses 12.7mm diameter bullets. Its bullets can pack a great punch, and can punch through walls, destroy trucks and fighters. The military doesn\'t recommend using 12.7mm bullets to shoot people however, as the power of one shot is too much and will blast a person into pieces, which is simply just too cruel and will turn the battle ground into a gorefest. ','M82A1是世界级反器材枪械之一，采用12.7mm口径子弹，威力恐怖，且射程远、精度高，用来摧毁机车、墙壁效果显著。','狙击枪',3,202,0,40,0,30,0,10,0,10,0,100,0,100,0,16.4,0,3.64,0,40,0,0,0),(141011,'M1014',141010,20010,'M1014 is a gas-operated, semi-auto shotgun. It\'s extremely versatile and suitable for multiple battle environments due to its retractable buttstock, anti-corrosive matte parts, night vision goggle and laser designator. Lots of mercenary vanguards prefer carrying an M1014 for night walks and defense. What\'s more, M1014 can survive any harsh environments such as acid rains and snowstorms. Due to the above reasons, many mercenaries consider it their life partner.','一款导气式半自动散弹枪，采用哑光化铁制零件和可伸缩的枪托，携带方便、耐用可靠，且适合在夜间作战。','霰弹枪',4,160.9,0,62,0,23.8,0,33,0,7,0,4,0,0,0,7.5,0,2.1,0,62,0,0,0),(142011,'Striker',142010,20011,'The striker is a uniquely moulded semi-automatic shotgun, the body of the gun is short and finely made, and the bullet nest is round, making this gun an unforgettable sight. It\'s power is also not to be trifled at, each bullet has massive blast strength, and it is easy to quickly fire off rounds, continuously firing rounds \"DAKA　DAKA　DAKA\" turning a close range target into swiss cheese. However, experienced soldiers will notice that the Striker has a slow reload rate, meaning that unless you are in cover, it\'s probably best not to fire off all of your bullets in one go.','打击者是一款采用12发旋转弹巢式弹鼓供弹的半自动霰弹枪，速射方便，连续射击伤害恐怖，但换弹速度较慢。','霰弹枪',4,182.2,0,60.8,0,32.1,0,22,0,12,0,16,0,0,0,7.2,0,2.24,0,60.8,0,0,0),(143011,'Remington M870',143010,10031,'The M870 is a pump-action shotgun that is a household name. The power of its shots is great and it\'s reliable to operate, making it a lethal close-ranged weapon best used for self defense. The M870\'s price is also mid-ranged, even with beasts all over the world, and with hardware stores selling out of the M870, its price remains reasonable, thus is has become known across the wasteland as the \"Guard\'s Gun\".','M870是一款需手动填弹的泵动式散弹枪，威力恐怖，破坏力极大，是近战杀伤利器。','霰弹枪',4,142,0,35,0,20,0,16,0,7,0,10,0,100,0,6.2,0,2.64,0,35,0,0,0),(143021,'Jackhammer',143020,20012,'Jackhammer is an unsupported fully-automatic shotgun, which uses a unique revolving magazine, the body of the gun is short and finely made, making this gun an unforgettable sight. Jackhammer has a rapid fire function, making it able to fire off 240 shells in one minute. The fierce firepower of this weapon will stop close range targets from being able to dodge its fire, making this gun evidently effective when dealing with those larger beasts. Mercenaries wandering around the wasteland will sometime come across beast corpses riddled with holes and ripped to shreds, that is the fine work of Jackhammer!','汽锤是一款全自动独轮式散弹枪，射速极快，威力恐怖，近战能打出连续的粉碎性伤害。','霰弹枪',4,193.1,0,61.6,0,26.2,0,30,0,10,0,8,0,0,0,7.7,0,2.48,0,61.6,0,0,0),(144011,'AA12',144010,10081,'The Etcheson AA12 is a fully automatic shotgun with a high penetration degree. It has low recoil and has a great rapid fire function making this a very useful weapon. The AA12 is able to fire any number 12 sized diameter shells. Experienced soldiers will often use this gun to fire off smoke bombs, flares and other types of non-lethal bombs. If equipped with grenades, the power of this gun is even greater, with just one grenade this gun is able to blow up a sentry post, giving this gun the nickname \"The destroyer\"!','一款多用途全自动散弹枪，凡是12号口径子弹均可用它发射，且后座力小，精准度高，在近距离伏击战中表现霸道。','霰弹枪',4,71,0,36,0,14,0,32,0,20,0,25,0,100,0,6.5,0,2,0,36,0,0,0),(151011,'Silver Echo',151010,10101,'Silver Echo is Desert Eagle modified by Goro himself. It has fearsome power and very strong recoil. Few people other than Goro can use this special weapon.','MP5是一款精度与射速俱佳的冲锋枪，装弹迅速，短时间内能打出恐怖的连射火力，不愧是反恐利器。','手枪',1,35,0,28,0,25,0,90,0,24,0,80,0,80,0,7.5,0,1.76,0,28,0,0,0),(160001,'Mech\'s Weapon',124010,30001,'Mech\'s Weapon','一款手动型多管机枪，射速快、威力恐怖，6个枪管旋转发射，暴风骤雨的子弹足以把目标打成蜂窝。','',2,67,0,50,0,0,0,88,0,150,0,40,0,40,0,8,0,5,0,50,0,0,0),(160011,'Turret\'s Weapon',124010,30002,'Turret\'s Weapon','一款手动型多管机枪，射速快、威力恐怖，6个枪管旋转发射，暴风骤雨的子弹足以把目标打成蜂窝。','',2,40,0,50,0,0,0,50,0,9999,0,70,0,70,0,10,0,0,0,50,0,0,0),(161011,'Scorcher',161010,10111,'This weapon is created by FireKing from all kinds of scrapmetal that he could find in the wasteland, so it doesn\'t have a serial number, only the nickname: Scorcher. Nothing can withstand it\'s fiery power.','喷火器','喷火器',5,42,0,0,0,0,0,96,0,100,0,40,0,100,0,6.1,0,8,0,0,0,0,0),(171011,'Infinity Crossbow',171010,10121,'After years of wandering the wasteland Nasha created this powerful crossbow. Using ancient techniques she created a weapon that doesn\'t require projectile, it shoots energy itself.','电磁弩P-1','弩炮',6,102,0,28,0,23,0,25,0,18,0,90,0,90,0,17,0,2.3,0,28,0,0,0),(181011,'Electromagnetic (EM) Gun',181010,10131,'The EM gun is Capone\'s most skilled firearm. It was crafted by himself using the materials found in ruins and only he knows how to operate it. It requires plasma to provide the power needed for EM rounds, so Capone has to carry a giant plasma carrier along in combat. This weapon fits only him, a man of extraordinary fitness.','卡彭最擅长使用的电磁枪，这是他从遗迹中拼凑出来的特殊型号，只有卡彭才能使用。由于需要大量电浆来激发电磁射线，所以使用的时候需携带巨大的电浆桶。也只有卡彭这样体型巨大的人，才能随身携带这样笨重的武器。','电磁枪',7,39,0,23,0,13,0,100,0,10,0,1,0,100,0,5.5,0,1.5,0,0,0,0,0),(191011,'Grenade Launcher',191010,10141,'This is the MGL-140 Grenade Launcher. Patty is one of the few capable of using such highly destructive weapon well. She usually stays well behind the line of fire and lays waste to any opposing force.','这是MGL-140榴弹枪，很少有人能驾驭住这样威力巨大的武器，然而帕蒂却做到了。躲在后方尽情用榴弹枪对前线轰炸，是帕蒂最擅长的事情，这也成为许多人的噩梦。','榴弹炮',8,215,0,25,0,15,0,13,0,8,0,10,0,100,0,6,0,3,0,35,0,3,0.8);
/*!40000 ALTER TABLE `gun` ENABLE KEYS */;
UNLOCK TABLES;

--
-- Table structure for table `gun_effect`
--

DROP TABLE IF EXISTS `gun_effect`;
/*!40101 SET @saved_cs_client     = @@character_set_client */;
/*!40101 SET character_set_client = utf8 */;
CREATE TABLE `gun_effect` (
  `id` int(10) NOT NULL DEFAULT '0' COMMENT '枪械外观ID',
  `name` varchar(50) NOT NULL DEFAULT '0' COMMENT '[Language]枪械名称',
  `prefab_id` int(50) NOT NULL DEFAULT '0' COMMENT '模型名字',
  `action` int(10) NOT NULL DEFAULT '0' COMMENT '动作前缀（1:Rifles，2:Gun，3：Lens，4：Shotgun，5：Flat，6：Double，7：Fire，8：Crossbow，9：Electric，10：Shrapnel）',
  `panning_top_tolerance` int(50) NOT NULL DEFAULT '0' COMMENT '射击向上偏移量',
  `panning_down_tolerance` int(50) NOT NULL DEFAULT '0' COMMENT '射击向下偏移量',
  `panning_left_tolerance` int(50) NOT NULL DEFAULT '0' COMMENT '射击向左偏移量',
  `panning_right_tolerance` int(50) NOT NULL DEFAULT '0' COMMENT '射击向右偏移量',
  `panning_angle_tolerance` int(50) NOT NULL DEFAULT '0' COMMENT '射击偏移角度允许值',
  `panning_delay` int(50) NOT NULL DEFAULT '0' COMMENT '射击偏移延迟',
  `panning_tracing_speed` int(50) NOT NULL DEFAULT '0' COMMENT '射击偏移追随速度',
  `panning_return_speed` int(50) NOT NULL DEFAULT '0' COMMENT '射击偏移返回速度',
  `hit_shake_amplitude` float NOT NULL DEFAULT '0' COMMENT '射击震屏幅度',
  `hit_shake_duration` float NOT NULL DEFAULT '0' COMMENT '射击震屏时间',
  `rotation_forui` varchar(500) NOT NULL DEFAULT '0' COMMENT 'UI武器展示位置旋转',
  `barycentre_deviation` varchar(500) NOT NULL DEFAULT '0' COMMENT '重心偏移',
  `muzzle` int(10) NOT NULL DEFAULT '0' COMMENT '枪口特效',
  `ballistic` int(10) NOT NULL DEFAULT '0' COMMENT '弹道特效',
  `bullet` int(10) NOT NULL DEFAULT '0' COMMENT '子弹特效',
  `shellcase` int(10) NOT NULL DEFAULT '0' COMMENT '弹壳特效',
  `fire_angle` int(10) NOT NULL DEFAULT '0' COMMENT '射击夹角值（超过这个值不开枪）',
  `projectile` int(10) NOT NULL DEFAULT '0' COMMENT '枪械弹道',
  `dummy` int(10) NOT NULL DEFAULT '2' COMMENT '描述：武器要挂在哪个挂点上。挂点位置。1左手，2右手，3左脚，4右脚，5左肩，6右肩，7左胯部，8右胯部，9胸，10头，11枪身，12枪口，13原点',
  `reload_performance` int(10) NOT NULL DEFAULT '0' COMMENT '填弹表现，索引到performance',
  PRIMARY KEY (`id`)
) ENGINE=InnoDB DEFAULT CHARSET=utf8 COMMENT='[logic server no use]';
/*!40101 SET character_set_client = @saved_cs_client */;

--
-- Dumping data for table `gun_effect`
--

LOCK TABLES `gun_effect` WRITE;
/*!40000 ALTER TABLE `gun_effect` DISABLE KEYS */;
INSERT INTO `gun_effect` VALUES (10011,'AK47',21004,1,4,6,6,6,20,0,4,2,0.006,0.07,'[0.28,-0.07,0.17,-13.45,161.05,-178.87,114,-124,-362]','-0.107,0,0',74010,0,0,75010,50,1010,2,0),(10012,'AK47 - Interstellar Trim',21009,1,4,6,6,6,20,0,4,2,0.006,0.07,'[0.28,-0.07,0.17,-13.45,161.05,-178.87,114,-124,-362]','-0.107,0,0',74011,0,0,75011,50,1011,2,0),(10021,'Gatling',22004,2,4,6,6,6,20,0,4,2,0.007,0.06,'[0.49,0.24,0.06,-23.3,180,168.9,295,-97,-365]','-0.1,0,0',74020,0,0,75020,70,1020,2,0),(10022,'Gatling - Modern Trim',22005,2,4,6,6,6,20,0,4,2,0.007,0.06,'[0.49,0.24,0.06,-23.3,180,168.9,295,-97,-365]','-0.1,0,0',74021,0,0,75021,70,1021,2,0),(10031,'Remington M870',24003,4,2,3,3,3,20,0,2,1,0.008,0.08,'[0.379,-0.089,0.096,-33.4,171.4,168.6,163,-68,-362]','-0.11,0,0',74030,0,0,75030,25,1030,2,0),(10032,'M870 - Renegade Trim',24006,4,2,3,3,3,20,0,2,1,0.008,0.08,'[0.379,-0.089,0.096,-33.4,171.4,168.6,163,-68,-362]','-0.11,0,0',74031,0,0,75031,25,1031,2,0),(10041,'Barret M82A1',23004,3,6,9,9,9,20,0,6,3,0.009,0.05,'[0.29,-0.06,0.05,-12.2,180,-180,257,-42,-368]','-0.16,0,0',74040,0,0,75040,30,1040,2,0),(10042,'M82A1 - Interstellar Trim',23005,3,6,9,9,9,20,0,6,3,0.009,0.05,'[0.29,-0.06,0.05,-12.2,180,-180,257,-42,-368]','-0.16,0,0',74041,0,0,75041,30,1041,2,0),(10051,'PSG-1',23003,3,6,9,9,9,20,0,6,3,0.009,0.05,'[0.29,-0.06,0.05,-12.2,180,-180,257,-42,-368]','-0.257,0,0',74050,0,0,75050,30,1050,2,0),(10052,'PSG - Medic Trim',23006,3,6,9,9,9,20,0,6,3,0.009,0.05,'[0.29,-0.06,0.05,-12.2,180,-180,257,-42,-368]','-0.257,0,0',74051,0,0,75051,30,1051,2,0),(10061,'M60',22001,5,4,6,6,6,20,0,4,2,0.007,0.06,'[0.399,-0.078,0.012,-13.03,176.28,-172.01,152,-97,-365]','-0.12,0,0',74060,0,0,75060,70,1060,2,0),(10062,'M60 - Army Ban',22006,5,4,6,6,6,20,0,4,2,0.007,0.06,'[0.399,-0.078,0.012,-13.03,176.28,-172.01,152,-97,-365]','-0.12,0,0',74061,0,0,75061,70,1061,2,0),(10071,'MP5',21001,1,4,6,6,6,20,0,4,2,0.006,0.07,'[0.28,-0.07,0.17,-13.45,161.05,-178.87,114,-124,-362]','-0.13,0,0',74070,0,0,75070,50,1070,2,0),(10072,'MP5 - Repair',21010,1,4,6,6,6,20,0,4,2,0.006,0.07,'[0.28,-0.07,0.17,-13.45,161.05,-178.87,114,-124,-362]','-0.13,0,0',74071,0,0,75071,50,1071,2,0),(10081,'AA12',24005,5,2,3,3,3,20,0,2,1,0.008,0.08,'[0.379,-0.089,0.096,-33.4,171.4,168.6,163,-68,-362]','-0.2,0,0',74080,0,0,75080,25,1080,2,0),(10082,'AA12 - Assassin',24007,5,2,3,3,3,20,0,2,1,0.008,0.08,'[0.379,-0.089,0.096,-33.4,171.4,168.6,163,-68,-362]','-0.2,0,0',74081,0,0,75081,25,1081,2,0),(10091,'M249',22003,5,4,6,6,6,20,0,4,2,0.007,0.06,'[0.399,-0.078,0.012,-13.03,176.28,-172.01,152,-97,-365]','-0.169,0,0',74090,0,0,75090,70,1090,2,0),(10092,'M249 - Death Type',22007,5,4,6,6,6,20,0,4,2,0.007,0.06,'[0.399,-0.078,0.012,-13.03,176.28,-172.01,152,-97,-365]','-0.169,0,0',74091,0,0,75091,70,1091,2,0),(10101,'Silver Echo',26001,6,4,6,6,6,20,0,4,2,0.006,0.07,'[0.28,-0.07,0.17,-13.45,161.05,-178.87,114,-124,-362]','-0.13,0,0',74100,0,0,75100,50,1100,2,0),(10102,'Silver Echo - Cowboy',26002,6,4,6,6,6,20,0,4,2,0.006,0.07,'[0.28,-0.07,0.17,-13.45,161.05,-178.87,114,-124,-362]','-0.13,0,0',74101,0,0,75101,50,1101,2,0),(10111,'Scorcher',27001,7,4,6,6,5,20,0,4,2,0.006,0.07,'[0.28,-0.07,0.17,-13.45,161.05,-178.87,114,-124,-362]','-0.13,0,0',0,0,0,0,90,1110,2,79110),(10112,'Flames of Destruction - Heavy',27002,7,4,6,6,6,20,0,4,2,0.006,0.07,'[0.28,-0.07,0.17,-13.45,161.05,-178.87,114,-124,-362]','-0.13,0,0',0,0,0,0,90,1111,2,79111),(10113,'Flames of Destruction - Xmas',27003,7,4,6,6,6,20,0,4,2,0.006,0.07,'[0.28,-0.07,0.17,-13.45,161.05,-178.87,114,-124,-362]','-0.13,0,0',0,0,0,0,90,1112,2,79112),(10121,'Electric Crossbow P-0',28001,8,6,9,9,9,20,0,4,2,0.006,0.07,'[0.28,-0.07,0.17,-13.45,161.05,-178.87,114,-124,-362]','-0.13,0,0',74120,0,0,75120,30,1120,2,0),(10122,'P-1 Electrobow',28002,8,6,9,9,9,20,0,4,2,0.006,0.07,'[0.28,-0.07,0.17,-13.45,161.05,-178.87,114,-124,-362]','-0.13,0,0',74121,0,0,75121,30,1121,2,0),(10131,'Electromagnetic (EM) Gun',29011,9,6,9,9,9,20,0,4,2,0.006,0.07,'[0.28,-0.07,0.17,-13.45,161.05,-178.87,114,-124,-362]','-0.13,0,0',0,0,0,0,30,1130,2,79130),(10141,'Grenade Launcher',29021,10,6,9,9,9,20,0,4,2,0.006,0.07,'[0.28,-0.07,0.17,-13.45,161.05,-178.87,114,-124,-362]','-0.13,0,0',74140,0,0,0,15,1140,2,0),(20001,'TAR-21',21002,1,2,4,5,5,20,0,4,2,0.006,0.07,'[0.28,-0.07,0.17,-13.45,161.05,-178.87,114,-124,-362]','-0.15,0,0',71011,0,0,71012,50,1001,2,0),(20002,'F2000',21003,1,2,4,5,5,20,0,4,2,0.006,0.07,'[0.28,-0.07,0.17,-13.45,161.05,-178.87,114,-124,-362]','0,0,0',71011,0,0,71012,50,1001,2,0),(20003,'M4A1',21005,1,2,4,5,5,20,0,4,2,0.006,0.07,'[0.28,-0.07,0.17,-13.45,161.05,-178.87,114,-124,-362]','-0.12,0,0',71011,0,0,71012,50,1001,2,0),(20004,'ACR',21006,1,2,4,5,5,20,0,4,2,0.006,0.07,'[0.28,-0.07,0.17,-13.45,161.05,-178.87,114,-124,-362]','0,0,0',71011,0,0,71012,50,1001,2,0),(20005,'AUG',21007,1,2,4,5,5,20,0,4,2,0.006,0.07,'[0.28,-0.07,0.17,-13.45,161.05,-178.87,114,-124,-362]','-0.13,0,0',71011,0,0,71012,50,1001,2,0),(20006,'SCAR-S',21008,1,2,4,5,5,20,0,4,2,0.006,0.07,'[0.28,-0.07,0.17,-13.45,161.05,-178.87,114,-124,-362]','0,0,0',71011,0,0,71012,50,1001,2,0),(20007,'RPD',22002,5,2,4,5,5,20,0,4,2,0.007,0.06,'[0.399,-0.078,0.012,-13.03,176.28,-172.01,152,-97,-365]','-0.043,0,0',71021,0,0,71022,70,1002,2,0),(20008,'AWM',23001,3,3,6,9,9,20,0,6,3,0.009,0.05,'[0.29,-0.06,0.05,-12.2,180,-180,257,-42,-368]','-0.254,0,0',71041,0,0,71042,30,1004,2,0),(20009,'SVD',23002,3,3,6,9,9,20,0,6,3,0.009,0.05,'[0.29,-0.06,0.05,-12.2,180,-180,257,-42,-368]','-0.14,0,0',71041,0,0,71042,30,1004,2,0),(20010,'M1014',24001,4,2,2,3,3,20,0,2,1,0.008,0.08,'[0.379,-0.089,0.096,-33.4,171.4,168.6,163,-68,-362]','0,0,0',71031,0,0,71032,25,1003,2,0),(20011,'Striker',24002,5,2,2,3,3,20,0,2,1,0.008,0.08,'[0.379,-0.089,0.096,-33.4,171.4,168.6,163,-68,-362]','0,0,0',71031,0,0,71032,25,1003,2,0),(20012,'Gaiahammer',24004,1,2,2,3,3,20,0,2,1,0.008,0.08,'[0.379,-0.089,0.096,-33.4,171.4,168.6,163,-68,-362]','-0.1,0,0',71031,0,0,71032,25,1003,2,0),(30001,'Mech Air Weapon',22011,2,2,4,5,5,20,0,4,2,0.007,0.06,'[0.49,0.24,0.06,-23.3,180,168.9,295,-97,-365]','-0.1,0,0',40110,0,0,75021,90,6001,2,40109),(30002,'Turret Air Weapon',22021,0,2,4,5,5,20,0,4,2,0.007,0.06,'0','-0.1,0,0',107060,0,0,75021,70,5001,10,0),(30003,'炮塔空武器-维修专家',22021,0,2,4,5,5,20,0,4,2,0.007,0.06,'0','-0.1,0,0',107061,0,0,75021,70,5002,10,0);
/*!40000 ALTER TABLE `gun_effect` ENABLE KEYS */;
UNLOCK TABLES;

--
-- Table structure for table `head_frame`
--

DROP TABLE IF EXISTS `head_frame`;
/*!40101 SET @saved_cs_client     = @@character_set_client */;
/*!40101 SET character_set_client = utf8 */;
CREATE TABLE `head_frame` (
  `id` int(11) NOT NULL COMMENT '唯一识别符',
  `name` varchar(100) NOT NULL COMMENT '[Language]头像框名称',
  `img_id` int(11) NOT NULL COMMENT '对应的图标名称',
  `condition_word` varchar(100) NOT NULL COMMENT '[Language]头像框解锁条件描述',
  `classification` int(10) NOT NULL COMMENT '1=其它，2=等级，3=排位',
  `unlock_type` int(10) NOT NULL COMMENT '解锁类型 1=直接解锁，2=等级，3=排位段位',
  `unlock_type_parameter` varchar(64) NOT NULL DEFAULT '' COMMENT '解锁类型的条件参数，等级=玩家等级，排位=排位等级（1,2=青铜2级）',
  `quality` int(10) NOT NULL COMMENT '头像框的品质',
  PRIMARY KEY (`id`)
) ENGINE=InnoDB DEFAULT CHARSET=utf8;
/*!40101 SET character_set_client = @saved_cs_client */;

--
-- Dumping data for table `head_frame`
--

LOCK TABLES `head_frame` WRITE;
/*!40000 ALTER TABLE `head_frame` DISABLE KEYS */;
INSERT INTO `head_frame` VALUES (213000,'Basic',213000,'Basic Frame',1,1,'1',1),(213101,'Primary',213101,'Unlocks at lv.20',2,2,'20',1),(213102,'Intermediate',213102,'Unlocks at lv.40',2,2,'40',2),(213103,'Advanced',213103,'Unlocks at lv.60',2,2,'60',3),(213201,'Legendary',213201,'Rank up to Legend',3,3,'6,0',3),(213301,'Electric Queen',213301,'Get the skin of Electric Queen (permanent)',4,4,'311102',2),(213401,'First Recharge',213401,'Single top up at least 60 tickets',4,5,'60',1),(213501,'Legion Contribution',213501,'Available in Legion Store',5,6,'1000',2),(213601,'Primary Achievement',213601,'Complete 50 achievements',6,7,'50',1),(213602,'Advanced Achievement',213602,'Complete 100 achievements',6,7,'100',3),(213801,'Relationship Frame',213801,'Get 2000 Relationship points',7,8,'2000',1);
/*!40000 ALTER TABLE `head_frame` ENABLE KEYS */;
UNLOCK TABLES;

--
-- Table structure for table `hero`
--

DROP TABLE IF EXISTS `hero`;
/*!40101 SET @saved_cs_client     = @@character_set_client */;
/*!40101 SET character_set_client = utf8 */;
CREATE TABLE `hero` (
  `id` int(10) NOT NULL DEFAULT '0' COMMENT '英雄id',
  `name` varchar(50) NOT NULL DEFAULT '0' COMMENT '[Language]名字',
  `sex` int(10) NOT NULL COMMENT '性别:1=男性;2=女性',
  `body_radius` float unsigned NOT NULL DEFAULT '0.5' COMMENT '角色的命中范围判定半径。单位米',
  `fire_deceleration` float unsigned NOT NULL DEFAULT '0.5' COMMENT '配置数值多少，射击时的速度比例就是多少。比如填0.4就表示射击时的速度是正常的0.4速度。',
  `hero_type` int(10) unsigned NOT NULL COMMENT '英雄类型',
  `double_gun` int(10) unsigned NOT NULL COMMENT '是否双枪英雄:1或0',
  `quality` int(10) NOT NULL DEFAULT '6' COMMENT '品质1白色2、绿色3、蓝色4紫色,5橙色',
  `gun_id` int(10) NOT NULL COMMENT '英雄所使用的枪械',
  `default_skin` int(10) NOT NULL DEFAULT '0' COMMENT '英雄默认皮肤',
  `intro` varchar(1000) NOT NULL DEFAULT '0' COMMENT '[Language]介绍',
  `intro2` varchar(500) NOT NULL DEFAULT '0' COMMENT '[Language]短介绍',
  `intro3` varchar(100) NOT NULL DEFAULT '0' COMMENT '[Language]定位',
  `intro4` varchar(100) NOT NULL DEFAULT '0' COMMENT '[Language]特点',
  `icon` varchar(10) NOT NULL DEFAULT '0' COMMENT '图标',
  `shape_id` int(10) NOT NULL DEFAULT '0' COMMENT '3D人物模型ID',
  `skill` int(10) NOT NULL DEFAULT '0' COMMENT '英雄技能',
  `spd` float NOT NULL DEFAULT '0' COMMENT '机动性',
  `spd_up` float NOT NULL DEFAULT '0' COMMENT '机动性提升',
  `hp` float NOT NULL DEFAULT '0' COMMENT '生命值',
  `hp_up` float NOT NULL DEFAULT '0' COMMENT '生命值提升',
  `def` float NOT NULL DEFAULT '0' COMMENT '护甲值',
  `def_up` float NOT NULL DEFAULT '0' COMMENT '护甲值提升',
  `crit` float NOT NULL DEFAULT '0' COMMENT '暴击率',
  `crit_up` float NOT NULL DEFAULT '0' COMMENT '暴击率提升',
  `inte` float NOT NULL DEFAULT '0' COMMENT '道具强度',
  `inte_up` float NOT NULL DEFAULT '0' COMMENT '道具强度提升',
  `angle_velocity` int(10) NOT NULL DEFAULT '0' COMMENT '描述：填0，表示不需要走旋转逻辑。填角度则需要转身锁定敌人时，的旋转角速度。单位度/秒',
  `vehicle_time` int(10) NOT NULL DEFAULT '0' COMMENT '存在时间，单位秒。0表示永远存在',
  `viability` float NOT NULL DEFAULT '0' COMMENT '生存能力（用百分比，到时候策划只填一个值，比如50，下同）',
  `atk_ability` float NOT NULL DEFAULT '0' COMMENT '攻击伤害能力',
  `skill_ability` float NOT NULL DEFAULT '0' COMMENT '技能效果',
  `operate_difficulty` float NOT NULL DEFAULT '0' COMMENT '上手难度',
  PRIMARY KEY (`id`)
) ENGINE=InnoDB DEFAULT CHARSET=utf8;
/*!40101 SET character_set_client = @saved_cs_client */;

--
-- Dumping data for table `hero`
--

LOCK TABLES `hero` WRITE;
/*!40000 ALTER TABLE `hero` DISABLE KEYS */;
INSERT INTO `hero` VALUES (300000,'Gaia',1,0.5,0.5,1,0,5,113011,310001,'Gaia is skilled with his assault rifle, and is well-balanced overall. He is captain of the Specter Mercenaries, going by the nickname \"Specter Eagle\". He is a natural leader, and has earned the respect of the mercenaries.','Gaia is skilled with his assault rifle, and is well-balanced overall.','DPS','Balanced','300000',10101,500001,206,0,786,0,150,0,0,0,9,0,0,0,80,80,80,40),(300001,'Theodor',1,0.5,0.5,1,0,5,124011,310101,'Lieutenant in the Specter Mercenaries, he has enormous firepower, muscular physique and can carry a heavy load. His nickname is \"Butcher 1\". He excels in defending with his heavy machine gun, but his speed and agility are slightly below average. But with his massive damage dealing capability, these are no major problems.','Lieutenant in the Specter Mercenaries, he has enormous firepower, a muscular physique and can carry a heavy load.','Tank','Wall','300001',10201,500003,200,0,920,0,187,0,0,0,0,0,0,0,100,40,70,30),(300002,'Saisi',1,0.5,0.5,1,0,5,143011,310201,'Saisi\'s nickname is \"Whiz Kid\". His personality is eccentric and his wild behavior can be annoying to others. But he is surprisingly effective on the battlefield, and can often turn the tide of battle. He is one of the the most agile mercenaries. Those who underestimate him are in for a nasty surprise.','Saisi\'s nickname is \"Whiz Kid\". His personality is eccentric and his wild behavior can be annoying to others.','DPS','Agile','300002',10301,500004,240,0,779,0,159,0,0,0,15,0,0,0,70,90,50,50),(300003,'Joan',2,0.5,0.5,1,0,5,134011,310301,'Often considered the brains of the Specter Mercenaries, Joan is quiet and cool, going by the nickname \"Apocalypse Rose\". She is an excellent sniper, and with her scout ability, she can warn her teammates of approaching danger. Her greatest strength is keeping her cool at all times, and she has the will to survive in a post-apocalyptic world.','Often considered the brains of the Specter Mercenaries, Joan is quiet and cool, going by the nickname \"Apocalypse Rose\".','DPS','H-Sniper','300003',10401,500006,210,0,768,0,139,0,0,0,27,0,0,0,70,100,30,70),(300004,'Fox',2,0.5,0.5,1,0,5,133011,310401,'Fox\'s nickname is \"Medic Fox\", and her medical skills are rare in the post-apocalyptic world in which she lives. She excels in healling teammates, but she can also defend herself effectively, and her combat skills are above average. She wields poison that can weaken enemies until they are helpless.','Fox\'s nickname is \"Medic Fox\", and her medical skills are rare in the post-apocalyptic world in which she lives.','Support','Heal','300004',10501,500002,212,0,735,0,134,0,0,0,16,0,0,0,80,90,40,80),(300005,'Li Long',1,0.5,0.5,1,0,5,121011,310501,'Called \"Knight of the East\", Li Long is an nimble and skilled warrior. Of mysterious origins, Li Long is one of few people who have the ability to single-handedly kill the shadowbeast. While he can use firearms, what sets him apart is his ability to use ancient weapons effectively in modern times. ','Called \"Knight of the East\", Li Long is an nimble and skilled warrior. Of mysterious origins, Li Long has the ability to single-handedly kill the shadowbeast. ','DPS','Skillful','300005',10601,500009,226,0,772,0,164,0,0,0,9,0,0,0,50,50,100,70),(300006,'Catherine',2,0.5,0.5,1,0,5,111011,310601,'At the age of only 14, Catherine is already an important member of the Specter Mercenaries, and has earned the nickname \"Dynamite Girl\". After her entire family was devoured by the shadowbeast, she survived the apocalypse on her own. Due to her tragic past, she has a violent temper, but is also extremely resourceful. She can craft traps out of almost anything, and her skills are critical to the success of her team. ','At the age of only 14, Catherine is already an important member of the Specter Mercenaries, and has earned the nickname \"Dynamite Girl\". ','DPS','Summoner','300006',10701,500008,208,0,739,0,140,0,0,0,43,0,0,0,40,30,90,50),(300007,'Logan',1,0.5,0.5,1,0,5,144011,310701,'Logan is a cold-blooded assassin with the nickname \"Killing Machine\". He is often selected for special missions. He often uses a rocket launcher to deal damage to multiple targets and \"carpet bombs\" the enemy, and he enjoys watching the destruction. He is also one of the smarter members and often represents the mercenaries in negotiations with other groups.','Logan is a cold-blooded assassin with the nickname \"Killing Machine\". He is often selected for special missions. ','Tank','Melee','300007',10801,500007,204,0,845,0,184,0,0,0,17,0,0,0,90,70,70,70),(300008,'Amir',1,0.5,0.5,1,0,5,123011,310801,'Amir is a \"son of the sands\", a descendant of Arab royalty. He carries himself with pride and his warrior lineage gives him unparalleled strength, even in the postapocalyptic world. He is considered the secret weapon of the Specter Mercenaries.','Amir is a \"son of the sands\", a descendant of Arab royalty.','Support','Controller','300008',10901,500011,211,0,817,0,158,0,0,0,14,0,0,0,80,40,60,80),(300009,'Goro',1,0.5,0.5,1,1,5,151011,310901,'Goro is known as the \"Doomsday Ninja\". As the worlds last remaining Ninja, Goro can fuse modern technology with ancient Ninja techniques, and his ability to quickly disappear and reappear makes it difficult to defend against him. He double-wields large caliber pistols, and invented his own style of gun-based martial arts.','Goro is known as the \"Doomsday Ninja\". As the worlds last remaining Ninja, Goro can fuse modern technology with ancient Ninja techniques.','DPS','Skillful','300009',11001,500001,215,0,800,0,169,0,0,0,16,0,0,0,60,70,80,50),(300010,'FireKing',1,0.5,0.5,1,0,5,161011,311001,'FireKing is master of flames, carrying a large flamethrower which can be deadly to any enemy. He has an extremely violent personality. Any provocation can lead him to scorch whoever dared to insult him.','FireKing is master of flames, carrying a large flamethrower which can be deadly to any enemy. He has an extremely violent personality.','Tank','Flame','300010',11001,500001,205,0,902,0,179,0,0,0,6,0,0,0,90,30,60,30),(300011,'Nasha',1,0.5,0.5,1,0,5,171011,311101,'Nasha\'s is one of the era\'s most renowned hunters. She carries an electromagnetic crossbow, and has near-perfect aim. She is also skilled at laying traps. Her electrobow gives her strong damage-dealing potential, and her traps can keep her alive when being pursued by enemies. In this world, her survival skills make her a real asset.','Nasha\'s is one of the era\'s most renowned hunters. She carries an electromagnetic crossbow, and has near-perfect aim.','DPS','L-Sniper','300011',11001,500001,210,0,737,0,145,0,0,0,7,0,0,0,60,80,90,90),(300012,'Capone',1,0.5,0.5,1,0,5,181011,311201,'Capone is like a moving mountain of meat. It’s hard to find someone as meaty as him. He eats a lot, five servings in one meal to be specific. In the Wasteland, this trait makes survival especially difficult for him. However, it is absolutely worth it if you know how powerful he is. Capone wields an EM gun, an extremely heavy and difficult weapon. He can use it easily to devastate any target.','Capone loves dolls and can sometimes be funny when idling. Don’t make him mad when you try making fun of him unless you want a hot plasma bath.','DPS','Overload','300012',11001,500001,204,0,888,0,181,0,0,0,0,0,0,0,70,40,50,100),(300013,'Patty',1,0.5,0.5,1,0,5,191011,311301,'Patty is a tough woman. Sometimes it\'s hard to tell her from her male counterparts because she can be highly efficient in battle. With a will that is stronger than that of most men, Patty has never given in but fights on even in the most challenging situations.','An unyielding will and mentality allows Patty to complete difficult missions, even seemingly impossible ones.','DPS','Barrage','300013',11001,500001,218,0,828,0,174,0,0,0,17,0,0,0,80,100,80,50),(500101,'Mech',1,0.5,0.7,5,0,5,160001,500101,'Mech','Mech','Mech','Mech','300001',0,0,120,0,2500,0,198,0,0,0,0,0,0,90000,0,0,0,0);
/*!40000 ALTER TABLE `hero` ENABLE KEYS */;
UNLOCK TABLES;

--
-- Table structure for table `hero_free_limit`
--

DROP TABLE IF EXISTS `hero_free_limit`;
/*!40101 SET @saved_cs_client     = @@character_set_client */;
/*!40101 SET character_set_client = utf8 */;
CREATE TABLE `hero_free_limit` (
  `week` int(11) NOT NULL COMMENT '第几周',
  `roles` varchar(200) NOT NULL DEFAULT '' COMMENT '限免英雄ID列表（逗号分隔）',
  PRIMARY KEY (`week`)
) ENGINE=InnoDB DEFAULT CHARSET=utf8 COMMENT='[local no use]';
/*!40101 SET character_set_client = @saved_cs_client */;

--
-- Dumping data for table `hero_free_limit`
--

LOCK TABLES `hero_free_limit` WRITE;
/*!40000 ALTER TABLE `hero_free_limit` DISABLE KEYS */;
INSERT INTO `hero_free_limit` VALUES (1,'300001,300004,300006,300010'),(2,'300000,300002,300003,300008'),(3,'300001,300004,300005,300006'),(4,'300000,300002,300008,300010');
/*!40000 ALTER TABLE `hero_free_limit` ENABLE KEYS */;
UNLOCK TABLES;

--
-- Table structure for table `hero_skill`
--

DROP TABLE IF EXISTS `hero_skill`;
/*!40101 SET @saved_cs_client     = @@character_set_client */;
/*!40101 SET character_set_client = utf8 */;
CREATE TABLE `hero_skill` (
  `id` int(10) NOT NULL DEFAULT '0' COMMENT 'id',
  `hero_id` int(10) NOT NULL DEFAULT '0' COMMENT '英雄id',
  `skill_pos` int(10) NOT NULL DEFAULT '0' COMMENT '技能位置1技能1，2技能2，3技能3，4被动，10自爆，99狙击枪射击',
  `skill_id` int(10) NOT NULL DEFAULT '0' COMMENT '技能id',
  PRIMARY KEY (`id`)
) ENGINE=InnoDB DEFAULT CHARSET=utf8;
/*!40101 SET character_set_client = @saved_cs_client */;

--
-- Dumping data for table `hero_skill`
--

LOCK TABLES `hero_skill` WRITE;
/*!40000 ALTER TABLE `hero_skill` DISABLE KEYS */;
INSERT INTO `hero_skill` VALUES (1,300000,1,500001),(2,300000,2,500002),(3,300000,3,500004),(4,300000,4,500003),(5,300001,1,500101),(6,300001,2,500102),(7,300001,3,500104),(8,300001,4,500103),(9,300002,1,500201),(10,300002,2,500202),(11,300002,3,500204),(12,300002,4,500203),(13,300003,1,500301),(14,300003,2,500302),(15,300003,3,500304),(16,300003,4,500303),(17,300003,99,560101),(18,300004,1,500401),(19,300004,2,500402),(20,300004,3,500404),(21,300004,4,500403),(22,300004,99,560102),(23,300005,1,500501),(24,300005,2,500502),(25,300005,3,500504),(26,300005,4,500503),(27,300006,1,500601),(28,300006,2,500602),(29,300006,3,500604),(30,300006,4,500603),(31,300007,1,500701),(32,300007,2,500702),(33,300007,3,500704),(34,300007,4,500703),(35,300008,1,500801),(36,300008,2,500802),(37,300008,3,500804),(38,300008,4,500803),(39,300009,1,500901),(40,300009,2,500902),(41,300009,3,500904),(42,300009,4,500903),(43,300009,80,500905),(44,300010,1,501001),(45,300010,2,501002),(46,300010,3,501004),(47,300010,4,501003),(48,300010,80,501007),(49,300011,1,501101),(50,300011,2,501102),(51,300011,3,501104),(52,300011,4,501103),(53,300012,1,501201),(54,300012,2,501202),(55,300012,3,501204),(56,300012,4,501203),(57,300013,1,501301),(58,300013,2,501302),(59,300013,3,501304),(60,300013,4,501303),(61,500101,1,505001),(62,500101,2,505002),(63,500101,3,505003),(64,500101,10,505004),(65,401101,1,801001),(66,401101,2,801011),(67,401101,3,801021),(68,401101,3,801022),(69,401101,3,801023),(70,401101,3,801024),(71,401101,4,801031),(72,401101,5,801041),(73,401101,6,801051),(74,401102,1,801001),(75,401102,2,801011),(76,401102,3,801021),(77,401102,3,801022),(78,401102,3,801023),(79,401102,3,801024),(80,401102,4,801031),(81,401102,5,801041),(82,401102,6,801051);
/*!40000 ALTER TABLE `hero_skill` ENABLE KEYS */;
UNLOCK TABLES;

--
-- Table structure for table `hero_skin_exchange`
--

DROP TABLE IF EXISTS `hero_skin_exchange`;
/*!40101 SET @saved_cs_client     = @@character_set_client */;
/*!40101 SET character_set_client = utf8 */;
CREATE TABLE `hero_skin_exchange` (
  `id` int(10) NOT NULL COMMENT '系统编号',
  `item_id` int(11) NOT NULL COMMENT '物品id',
  `item_amount` int(10) NOT NULL COMMENT '物品数量',
  `hero_skin_id` int(11) NOT NULL COMMENT '英雄/皮肤Id',
  PRIMARY KEY (`id`)
) ENGINE=InnoDB DEFAULT CHARSET=utf8;
/*!40101 SET character_set_client = @saved_cs_client */;

--
-- Dumping data for table `hero_skin_exchange`
--

LOCK TABLES `hero_skin_exchange` WRITE;
/*!40000 ALTER TABLE `hero_skin_exchange` DISABLE KEYS */;
INSERT INTO `hero_skin_exchange` VALUES (3002,203002,50,300002),(3003,203003,50,300003),(3004,203004,50,300004),(3005,203005,50,300005),(3006,203006,50,300006),(3007,203007,50,300007),(3008,203008,50,300008),(3009,203009,50,300009),(3010,203010,50,300010),(3011,203011,50,300011),(3012,203012,50,300012),(3013,203013,50,300013),(3902,203090,58,300002),(3904,203090,58,300004),(3905,203090,68,300005),(3906,203090,58,300006),(3908,203090,58,300008),(3910,203090,68,300010),(3912,203090,68,300012),(3913,203090,68,300013),(4000,204000,50,310002),(4001,204001,50,310102),(4002,204002,50,310202),(4003,204003,50,310302),(4004,204004,50,310402),(4005,204005,50,310502),(4006,204006,50,310602),(4007,204007,50,310702),(4008,204008,50,310802),(4009,204009,50,310902),(4010,204010,50,311002),(4011,204011,50,311102),(4110,204110,50,311003),(4901,204000,58,310002),(4902,204090,58,310202),(4903,204090,58,310302),(4904,204090,58,310402),(4905,204090,58,310602),(4906,204090,58,310702),(4907,204090,58,310802),(4908,204090,58,310902),(4909,204090,58,311002);
/*!40000 ALTER TABLE `hero_skin_exchange` ENABLE KEYS */;
UNLOCK TABLES;

--
-- Table structure for table `honor_accumulate_reduce`
--

DROP TABLE IF EXISTS `honor_accumulate_reduce`;
/*!40101 SET @saved_cs_client     = @@character_set_client */;
/*!40101 SET character_set_client = utf8 */;
CREATE TABLE `honor_accumulate_reduce` (
  `id` int(11) NOT NULL DEFAULT '0' COMMENT '唯一识别符',
  `accumulatepointmin` int(11) NOT NULL DEFAULT '0' COMMENT '累积扣分最小额度',
  `accumulatepointmax` int(11) NOT NULL DEFAULT '0' COMMENT '累积扣分最大额度',
  `forbidtype` varchar(128) NOT NULL DEFAULT '0' COMMENT '禁赛类型：0=不禁止，1=排位赛 逗号分开',
  `forbidtime` int(11) NOT NULL DEFAULT '0' COMMENT '禁止比赛时间',
  `intro` varchar(256) NOT NULL DEFAULT '0' COMMENT '[Language]文字信息',
  `intro_icon` int(11) NOT NULL DEFAULT '0' COMMENT '文字说明的前缀图标',
  PRIMARY KEY (`id`)
) ENGINE=InnoDB DEFAULT CHARSET=utf8;
/*!40101 SET character_set_client = @saved_cs_client */;

--
-- Dumping data for table `honor_accumulate_reduce`
--

LOCK TABLES `honor_accumulate_reduce` WRITE;
/*!40000 ALTER TABLE `honor_accumulate_reduce` DISABLE KEYS */;
INSERT INTO `honor_accumulate_reduce` VALUES (1,0,20,'0',0,'Please interact with other players in civilized manner.',1),(2,21,30,'2',7200,'Warning: Because of bad behavior you were banned from participating in qualifying matches!',3),(3,31,40,'1,2',18000,'Warning: Because of bad behavior you were banned from participating in both battles and qualifying matches!',3),(4,41,50,'1,2',86400,'Warning: Because of bad behavior you were banned from participating in both battles and qualifying matches!',3),(5,51,60,'1,2',604800,'Warning: Because of bad behavior you were banned from participating in both battles and qualifying matches!',3),(6,61,100,'1,2',604800,'Warning: Because of bad behavior you were banned from participating in both battles and qualifying matches!',3);
/*!40000 ALTER TABLE `honor_accumulate_reduce` ENABLE KEYS */;
UNLOCK TABLES;

--
-- Table structure for table `honor_lv`
--

DROP TABLE IF EXISTS `honor_lv`;
/*!40101 SET @saved_cs_client     = @@character_set_client */;
/*!40101 SET character_set_client = utf8 */;
CREATE TABLE `honor_lv` (
  `honorlv` int(11) NOT NULL DEFAULT '0' COMMENT '信誉星级，也当做本表唯一识别符',
  `minscore` int(11) NOT NULL DEFAULT '0' COMMENT '范围最低分',
  `maxscore` int(11) NOT NULL DEFAULT '0' COMMENT '范围最高分',
  `goldlimit` int(11) NOT NULL DEFAULT '0' COMMENT '每日金币增加上限',
  `forbidtype` varchar(128) NOT NULL DEFAULT '0' COMMENT '禁止参加的比赛类型：0=不禁止，1=排位赛，2=实力对决',
  PRIMARY KEY (`honorlv`)
) ENGINE=InnoDB DEFAULT CHARSET=utf8;
/*!40101 SET character_set_client = @saved_cs_client */;

--
-- Dumping data for table `honor_lv`
--

LOCK TABLES `honor_lv` WRITE;
/*!40000 ALTER TABLE `honor_lv` DISABLE KEYS */;
INSERT INTO `honor_lv` VALUES (1,0,59,-200,'1;2'),(2,60,89,0,'2'),(3,90,99,0,'0'),(4,100,100,100,'0');
/*!40000 ALTER TABLE `honor_lv` ENABLE KEYS */;
UNLOCK TABLES;

--
-- Table structure for table `honorreport`
--

DROP TABLE IF EXISTS `honorreport`;
/*!40101 SET @saved_cs_client     = @@character_set_client */;
/*!40101 SET character_set_client = utf8 */;
CREATE TABLE `honorreport` (
  `id` int(11) NOT NULL,
  `report_word` varchar(128) NOT NULL DEFAULT '' COMMENT '[Language]显示举报的内容',
  PRIMARY KEY (`id`)
) ENGINE=InnoDB DEFAULT CHARSET=utf8;
/*!40101 SET character_set_client = @saved_cs_client */;

--
-- Dumping data for table `honorreport`
--

LOCK TABLES `honorreport` WRITE;
/*!40000 ALTER TABLE `honorreport` DISABLE KEYS */;
INSERT INTO `honorreport` VALUES (1,'Malicious AFK'),(2,'Feeding'),(3,'Trolling'),(4,'Verbal Abuse'),(5,'Sabotaging'),(6,'Cheating');
/*!40000 ALTER TABLE `honorreport` ENABLE KEYS */;
UNLOCK TABLES;

--
-- Table structure for table `item`
--

DROP TABLE IF EXISTS `item`;
/*!40101 SET @saved_cs_client     = @@character_set_client */;
/*!40101 SET character_set_client = utf8 */;
CREATE TABLE `item` (
  `id` int(10) NOT NULL COMMENT '道具ID',
  `img_id` varchar(50) NOT NULL DEFAULT '0' COMMENT '物品图片id',
  `name` varchar(50) NOT NULL DEFAULT '0' COMMENT '[Language]名称',
  `intro` varchar(500) NOT NULL DEFAULT '0' COMMENT '[Language]简介',
  `quality` int(10) NOT NULL DEFAULT '1' COMMENT '物品等级，1表示1级，2表示2级',
  `item_type` int(10) NOT NULL DEFAULT '0' COMMENT '1.角色体验卡2.皮肤体验卡3.角色碎片4.皮肤碎片5.手雷7.零件8.日常消耗品9.改名卡10.箱子11、重置道具12其他道具',
  `item_sub_type` int(10) NOT NULL DEFAULT '0' COMMENT '物品子类型:1=红色枪械改造零件，2=绿色装备改造零件，3=蓝色精神改造零件',
  `sell_price` int(10) NOT NULL DEFAULT '0' COMMENT '出售单价',
  `para` int(10) NOT NULL DEFAULT '0' COMMENT '如为箱子，则表示所关联的box表的id；如为体验卡，则表示该体验卡转化的钻石。',
  `is_used` int(10) NOT NULL DEFAULT '0' COMMENT '标识该道具是否可直接使用，0=不能使用，1=可使用',
  `drop_chapters` varchar(50) NOT NULL DEFAULT '0' COMMENT '掉落条件',
  `set_num` int(10) NOT NULL DEFAULT '0' COMMENT '（进入战斗）可配置的最大数量',
  `skill_related` int(10) NOT NULL DEFAULT '0' COMMENT '是否带技能,关联的技能',
  `expire_time` int(10) NOT NULL DEFAULT '0' COMMENT '有效期限（单位：秒）',
  `is_show` int(10) NOT NULL DEFAULT '0' COMMENT '是否在仓库中进行展示：0=不展示，1=展示',
  `effect_id` int(10) NOT NULL DEFAULT '0' COMMENT '用于零件对应的效果',
  PRIMARY KEY (`id`)
) ENGINE=InnoDB DEFAULT CHARSET=utf8;
/*!40101 SET character_set_client = @saved_cs_client */;

--
-- Dumping data for table `item`
--

LOCK TABLES `item` WRITE;
/*!40000 ALTER TABLE `item` DISABLE KEYS */;
INSERT INTO `item` VALUES (201001,'300000','Gaia','Use to get a 1 day free trial of Gaia or get 5 diamonds if you already have the hero.',4,1,0,1,300000,1,'0',0,0,86400,1,0),(201002,'300000','Gaia','Use to get a 3 days free trial of Gaia or get 15 diamonds if you already have the hero.',4,1,0,1,300000,1,'0',0,0,259200,1,0),(201003,'300000','Gaia','Use to get a 7 days free trial of Gaia or get 30 diamonds if you already have the hero.',4,1,0,1,300000,1,'0',0,0,604800,1,0),(201011,'300001','Theodor','Use to get a 1 day free trial of Theodor or get 5 diamonds if you already have the hero.',4,1,0,1,300001,1,'0',0,0,86400,1,0),(201012,'300001','Theodor','Use to get a 3 days free trial of Theodor or get 15 diamonds if you already have the hero.',4,1,0,1,300001,1,'0',0,0,259200,1,0),(201013,'300001','Theodor','Use to get a 7 days free trial of Theodor or get 30 diamonds if you already have the hero.',4,1,0,1,300001,1,'0',0,0,604800,1,0),(201021,'300002','Saisi','Use to get a 1 day free trial of Saisi or get 5 diamonds if you already have the hero.',4,1,0,1,300002,1,'0',0,0,86400,1,0),(201022,'300002','Saisi','Use to get a 3 days free trial of Saisi or get 15 diamonds if you already have the hero.',4,1,0,1,300002,1,'0',0,0,259200,1,0),(201023,'300002','Saisi','Use to get a 7 days free trial of Saisi or get 30 diamonds if you already have the hero.',4,1,0,1,300002,1,'0',0,0,604800,1,0),(201031,'300003','Joan','Use to get a 1 day free trial of Joan or get 5 diamonds if you already have the hero.',4,1,0,1,300003,1,'0',0,0,86400,1,0),(201032,'300003','Joan','Use to get a 3 days free trial of Joan or get 15 diamonds if you already have the hero.',4,1,0,1,300003,1,'0',0,0,259200,1,0),(201033,'300003','Joan','Use to get a 7 days free trial of Joan or get 30 diamonds if you already have the hero.',4,1,0,1,300003,1,'0',0,0,604800,1,0),(201041,'300004','Fox','Use to get a 1 day free trial of Fox or get 5 diamonds if you already have the hero.',4,1,0,1,300004,1,'0',0,0,86400,1,0),(201042,'300004','Fox','Use to get a 3 days free trial of Fox or get 15 diamonds if you already have the hero.',4,1,0,1,300004,1,'0',0,0,259200,1,0),(201043,'300004','Fox','Use to get a 7 days free trial of Fox or get 30 diamonds if you already have the hero.',4,1,0,1,300004,1,'0',0,0,604800,1,0),(201051,'300005','Li Long','Use to get a 1 day free trial of Li Long or get 5 diamonds if you already have the hero.',4,1,0,1,300005,1,'0',0,0,86400,1,0),(201052,'300005','Li Long','Use to get a 3 days free trial of Li Long or get 15 diamonds if you already have the hero.',4,1,0,1,300005,1,'0',0,0,259200,1,0),(201053,'300005','Li Long','Use to get a 7 days free trial of Li Long or get 30 diamonds if you already have the hero.',4,1,0,1,300005,1,'0',0,0,604800,1,0),(201061,'300006','Catherine','Use to get a 1 day free trial of Catherine or get 5 diamonds if you already have the hero.',4,1,0,1,300006,1,'0',0,0,86400,1,0),(201062,'300006','Catherine','Use to get a 3 days free trial of Catherine or get 15 diamonds if you already have the hero.',4,1,0,1,300006,1,'0',0,0,259200,1,0),(201063,'300006','Catherine','Use to get a 7 days free trial of Catherine or get 30 diamonds if you already have the hero.',4,1,0,1,300006,1,'0',0,0,604800,1,0),(201071,'300007','Logan','Use to get a 1 day free trial of Logan or get 5 diamonds if you already have the hero.',4,1,0,1,300007,1,'0',0,0,86400,1,0),(201072,'300007','Logan','Use to get a 3 days free trial of Logan or get 15 diamonds if you already have the hero.',4,1,0,1,300007,1,'0',0,0,259200,1,0),(201073,'300007','Logan','Use to get a 7 days free trial of Logan or get 30 diamonds if you already have the hero.',4,1,0,1,300007,1,'0',0,0,604800,1,0),(201081,'300008','Amir','Use to get a 1 day free trial of Amir or get 5 diamonds if you already have the hero.',4,1,0,1,300008,1,'0',0,0,86400,1,0),(201082,'300008','Amir','Use to get a 3 days free trial of Amir or get 15 diamonds if you already have the hero.',4,1,0,1,300008,1,'0',0,0,259200,1,0),(201083,'300008','Amir','Use to get a 7 days free trial of Amir or get 30 diamonds if you already have the hero.',4,1,0,1,300008,1,'0',0,0,604800,1,0),(201091,'300009','Goro','Use to get a 1 day free trial of Goro or get 5 diamonds if you already have the hero.',4,1,0,1,300009,1,'0',0,0,86400,1,0),(201092,'300009','Goro','Use to get a 3 days free trial of Goro or get 15 diamonds if you already have the hero.',4,1,0,1,300009,1,'0',0,0,259200,1,0),(201093,'300009','Goro','Use to get a 7 days free trial of Goro or get 30 diamonds if you already have the hero.',4,1,0,1,300009,1,'0',0,0,604800,1,0),(201101,'300010','FireKing','Use to get a 1 day free trial of FireKing or get 5 diamonds if you already have the hero.',4,1,0,1,300010,1,'0',0,0,86400,1,0),(201102,'300010','FireKing','Use to get a 3 days free trial of FireKing or get 15 diamonds if you already have the hero.',4,1,0,1,300010,1,'0',0,0,259200,1,0),(201103,'300010','FireKing','Use to get a 7 days free trial of FireKing or get 30 diamonds if you already have the hero.',4,1,0,1,300010,1,'0',0,0,604800,1,0),(201111,'300011','Nasha','Use to get a 1 day free trial of Nasha or get 5 diamonds if you already have the hero.',4,1,0,1,300011,1,'0',0,0,86400,1,0),(201112,'300011','Nasha','Use to get a 3 days free trial of Nasha or get 15 diamonds if you already have the hero.',4,1,0,1,300011,1,'0',0,0,259200,1,0),(201113,'300011','Nasha','Use to get a 7 days free trial of Nasha or get 30 diamonds if you already have the hero.',4,1,0,1,300011,1,'0',0,0,604800,1,0),(201121,'300012','Capone','Use to get a 1 day free trial of Capone or get 5 diamonds if you already have the hero.',4,1,0,1,300012,1,'0',0,0,86400,1,0),(201122,'300012','Capone','Use to get a 3 days free trial of Capone or get 15 diamonds if you already have the hero.',4,1,0,1,300012,1,'0',0,0,259200,1,0),(201123,'300012','Capone','Use to get a 7 days free trial of Capone or get 30 diamonds if you already have the hero.',4,1,0,1,300012,1,'0',0,0,604800,1,0),(201131,'300013','Patty','Use to get a 1 day free trial of Patty or get 5 diamonds if you already have the hero.',4,1,0,1,300013,1,'0',0,0,86400,1,0),(201132,'300013','Patty','Use to get a 3 days free trial of Patty or get 15 diamonds if you already have the hero.',4,1,0,1,300013,1,'0',0,0,259200,1,0),(201133,'300013','Patty','Use to get a 7 days free trial of Patty or get 30 diamonds if you already have the hero.',4,1,0,1,300013,1,'0',0,0,604800,1,0),(202001,'310002','Interstellar Knight','Use to get a 1 day free trial of Gaia\'s Interstellar Knight skin or get 5 diamonds if you already have the skin.',4,2,0,1,310002,1,'0',0,0,86400,1,0),(202002,'310002','Interstellar Knight','Use to get a 3 days free trial of Gaia\'s Interstellar Knight skin or get 15 diamonds if you already have the skin.',4,2,0,1,310002,1,'0',0,0,259200,1,0),(202003,'310002','Interstellar Knight','Use to get a 7 days free trial of Gaia\'s Interstellar Knight skin or get 30 diamonds if you already have the skin.',4,2,0,1,310002,1,'0',0,0,604800,1,0),(202011,'310102','Modern Armor','Use to get a 1 day free trial of Theodor\'s Modern Armor skin or get 5 diamonds if you already have the skin.',4,2,0,1,310102,1,'0',0,0,86400,1,0),(202012,'310102','Modern Armor','Use to get a 3 days free trial of Theodor\'s Modern Armor skin or get 15 diamonds if you already have the skin.',4,2,0,1,310102,1,'0',0,0,259200,1,0),(202013,'310102','Modern Armor','Use to get a 7 days free trial of Theodor\'s Modern Armor skin or get 30 diamonds if you already have the skin.',4,2,0,1,310102,1,'0',0,0,604800,1,0),(202021,'310202','Renegade','Use to get a 1 day free trial of Saisi\'s Renegade skin or get 5 diamonds if you already have the skin.',4,2,0,1,310202,1,'0',0,0,86400,1,0),(202022,'310202','Renegade','Use to get a 3 days free trial of Saisi\'s Renegade skin or get 15 diamonds if you already have the skin.',4,2,0,1,310202,1,'0',0,0,259200,1,0),(202023,'310202','Renegade','Use to get a 7 days free trial of Saisi\'s Renegade skin or get 30 diamonds if you already have the skin.',4,2,0,1,310202,1,'0',0,0,604800,1,0),(202031,'310302','Ghost','Use to get a 1 day free trial of Joan\'s Ghost skin or get 5 diamonds if you already have the skin.',4,2,0,1,310302,1,'0',0,0,86400,1,0),(202032,'310302','Ghost','Use to get a 3 days free trial of Joan\'s Ghost skin or get 15 diamonds if you already have the skin.',4,2,0,1,310302,1,'0',0,0,259200,1,0),(202033,'310302','Ghost','Use to get a 7 days free trial of Joan\'s Ghost skin or get 30 diamonds if you already have the skin.',4,2,0,1,310302,1,'0',0,0,604800,1,0),(202041,'310402','Nurse','Use to get a 1 day free trial of Fox\'s Nurse skin or get 5 diamonds if you already have the skin.',4,2,0,1,310402,1,'0',0,0,86400,1,0),(202042,'310402','Nurse','Use to get a 3 days free trial of Fox\'s Nurse skin or get 15 diamonds if you already have the skin.',4,2,0,1,310402,1,'0',0,0,259200,1,0),(202043,'310402','Nurse','Use to get a 7 days free trial of Fox\'s Nurse skin or get 30 diamonds if you already have the skin.',4,2,0,1,310402,1,'0',0,0,604800,1,0),(202051,'310502','Imperial Guard','Use to get a 1 day free trial of Li Long\'s Imperial Guard skin or get 5 diamonds if you already have the skin.',4,2,0,1,310502,1,'0',0,0,86400,1,0),(202052,'310502','Imperial Guard','Use to get a 3 days free trial of Li Long\'s Imperial Guard skin or get 15 diamonds if you already have the skin.',4,2,0,1,310502,1,'0',0,0,259200,1,0),(202053,'310502','Imperial Guard','Use to get a 7 days free trial of Li Long\'s Imperial Guard skin or get 30 diamonds if you already have the skin.',4,2,0,1,310502,1,'0',0,0,604800,1,0),(202061,'310602','Maintaining Expert','Use to get a 1 day free trial of Catherine\'s Maintaining Expert skin or get 5 diamonds if you already have the skin.',4,2,0,1,310602,1,'0',0,0,86400,1,0),(202062,'310602','Maintaining Expert','Use to get a 3 days free trial of Catherine\'s Maintaining Expert skin or get 15 diamonds if you already have the skin.',4,2,0,1,310602,1,'0',0,0,259200,1,0),(202063,'310602','Maintaining Expert','Use to get a 7 days free trial of Catherine\'s Maintaining Expert skin or get 30 diamonds if you already have the skin.',4,2,0,1,310602,1,'0',0,0,604800,1,0),(202071,'310702','Assassin','Use to get a 1 day free trial of Logan\'s Assassint skin or get 5 diamonds if you already have the skin.',4,2,0,1,310702,1,'0',0,0,86400,1,0),(202072,'310702','Assassin','Use to get a 3 days free trial of Logan\'s Assassint skin or get 15 diamonds if you already have the skin.',4,2,0,1,310702,1,'0',0,0,259200,1,0),(202073,'310702','Assassin','Use to get a 7 days free trial of Logan\'s Assassint skin or get 30 diamonds if you already have the skin.',4,2,0,1,310702,1,'0',0,0,604800,1,0),(202081,'310802','Death Bringer','Use to get a 1 day free trial of Amir\'s Death Bringer skin or get 5 diamonds if you already have the skin.',4,2,0,1,310802,1,'0',0,0,86400,1,0),(202082,'310802','Death Bringer','Use to get a 3 days free trial of Amir\'s Death Bringer skin or get 15 diamonds if you already have the skin.',4,2,0,1,310802,1,'0',0,0,259200,1,0),(202083,'310802','Death Bringer','Use to get a 7 days free trial of Amir\'s Death Bringer skin or get 30 diamonds if you already have the skin.',4,2,0,1,310802,1,'0',0,0,604800,1,0),(202091,'310902','Cowboy of the Doom','Use to get a 1 day free trial of Goro\'s Cowboy of the Doom skin or get 5 diamonds if you already have the skin.',4,2,0,1,310902,1,'0',0,0,86400,1,0),(202092,'310902','Cowboy of the Doom','Use to get a 3 days free trial of Goro\'s Cowboy of the Doom skin or get 15 diamonds if you already have the skin.',4,2,0,1,310902,1,'0',0,0,259200,1,0),(202093,'310902','Cowboy of the Doom','Use to get a 7 days free trial of Goro\'s Cowboy of the Doom skin or get 30 diamonds if you already have the skin.',4,2,0,1,310902,1,'0',0,0,604800,1,0),(202101,'311002','Flame Controller','Use to get a 1 day free trial of FireKing\'s Flame Controller skin or get 5 diamonds if you already have the skin.',4,2,0,1,311002,1,'0',0,0,86400,1,0),(202102,'311002','Flame Controller','Use to get a 3 days free trial of FireKing\'s Flame Controller skin or get 15 diamonds if you already have the skin.',4,2,0,1,311002,1,'0',0,0,259200,1,0),(202103,'311002','Flame Controller','Use to get a 7 days free trial of FireKing\'s Flame Controller skin or get 30 diamonds if you already have the skin.',4,2,0,1,311002,1,'0',0,0,604800,1,0),(202104,'311003','Santa Claus','Use to get a 1 day free trial of FireKing\'s Santa Claus skin or get 5 diamonds if you already have the skin.',4,2,0,1,311003,1,'0',0,0,86400,1,0),(202105,'311003','Santa Claus','Use to get a 3 days free trial of FireKing\'s Santa Claus skin or get 15 diamonds if you already have the skin.',4,2,0,1,311003,1,'0',0,0,259200,1,0),(202106,'311003','Santa Claus','Use to get a 7 days free trial of FireKing\'s Santa Claus skin or get 30 diamonds if you already have the skin.',4,2,0,1,311003,1,'0',0,0,604800,1,0),(202111,'311102','Electrical Queen','Use to get a 1 day free trial of Nasha\'s Electrical Queen skin or get 5 diamonds if you already have the skin.',4,2,0,1,311102,1,'0',0,0,86400,1,0),(202112,'311102','Electrical Queen','Use to get a 3 days free trial of Nasha\'s Electrical Queen skin or get 15 diamonds if you already have the skin.',4,2,0,1,311102,1,'0',0,0,259200,1,0),(202113,'311102','Electrical Queen','Use to get a 7 days free trial of Nasha\'s Electrical Queen skin or get 30 diamonds if you already have the skin.',4,2,0,1,311102,1,'0',0,0,604800,1,0),(203002,'203002','【Saisi】Fragment','Collect 50 pcs to exchange for Saisi (permanent).',3,3,0,1,0,1,'0',0,0,0,1,0),(203003,'203003','【Joan】Fragment','Collect 50 pcs to exchange for Joan (permanent).',3,3,0,1,0,1,'0',0,0,0,1,0),(203004,'203004','【Fox】Fragment','Collect 50 pcs to exchange for Fox (permanent).',3,3,0,1,0,1,'0',0,0,0,1,0),(203005,'203005','【Li Long】Fragment','Collect 50 pcs to exchange for Li Long (permanent).',3,3,0,1,0,1,'0',0,0,0,1,0),(203006,'203006','【Catherine】Fragment','Collect 50 pcs to exchange for Catherine (permanent).',3,3,0,1,0,1,'0',0,0,0,1,0),(203007,'203007','【Logan】Fragment','Collect 50 pcs to exchange for Logan (permanent).',3,3,0,1,0,1,'0',0,0,0,1,0),(203008,'203008','【Amir】Fragment','Collect 50 pcs to exchange for Amir (permanent).',3,3,0,1,0,1,'0',0,0,0,1,0),(203009,'203009',' 【Goro】 Fragment','Collect 50 pcs to exchange for Goro (permanent).',3,3,0,1,0,1,'0',0,0,0,1,0),(203010,'203010','【FireKing】Fragment','Collect 50 pcs to exchange for FireKing (permanent).',3,3,0,1,0,1,'0',0,0,0,1,0),(203011,'203011','【Nasha】Fragment','Collect 50 pcs to exchange for Nasha (permanent).',3,3,0,1,0,1,'0',0,0,0,1,0),(203012,'203012','【Capone】Fragment','Collect 50 pcs to exchange for Capone (permanent).',3,3,0,1,0,1,'0',0,0,0,1,0),(203013,'203013','【Patty】Fragment','Collect 50 pcs to exchange for Patty (permanent).',3,3,0,1,0,1,'0',0,0,0,1,0),(203090,'203090','Hero Fragment','Collect various amounts of this fragment to exchange for specific heroes.',3,3,0,1,0,1,'0',0,0,0,1,0),(204000,'204000','【Interstellar Knight】Fragment','Collect 50 pcs to exchange for Gaia\'s Interstellar Knight skin (permanent).',3,4,0,1,0,1,'0',0,0,0,1,0),(204001,'204001','【Modern Armor】Fragment','Collect 50 pcs to exchange for Theodor\'s Modern Armor skin (permanent).',3,4,0,1,0,1,'0',0,0,0,1,0),(204002,'204002','【Renegade】Fragment','Collect 50 pcs to exchange for Saisi\'s Renegade skin (permanent).',3,4,0,1,0,1,'0',0,0,0,1,0),(204003,'204003','【Ghost】Fragment','Collect 50 pcs to exchange for Joan\'s Ghost skin (permanent).',3,4,0,1,0,1,'0',0,0,0,1,0),(204004,'204004','【Nurse】Fragment','Collect 50 pcs to exchange for Fox\'s Nurse skin (permanent).',3,4,0,1,0,1,'0',0,0,0,1,0),(204005,'204005','【Imperial Guard】Fragment','Collect 50 pcs to exchange for Li Long\'s Imperial Guard skin (permanent).',3,4,0,1,0,1,'0',0,0,0,1,0),(204006,'204006','【Maintaining Expert】Fragment','Collect 50 pcs to exchange for Catherine\'s Maintaining Expert skin (permanent).',3,4,0,1,0,1,'0',0,0,0,1,0),(204007,'204007','【Assassin】Fragment','Collect 50 pcs to exchange for Logan\'s Assassin skin (permanent).',3,4,0,1,0,1,'0',0,0,0,1,0),(204008,'204008','【Death Bringer】Fragment','Collect 50 pcs to exchange for Amir\'s Death Bringer skin (permanent).',3,4,0,1,0,1,'0',0,0,0,1,0),(204009,'204009','【Cowboy of the Doom】Fragment','Collect 50 pcs to exchange for Goro\'s Cowboy of the Doom skin (permanent).',3,4,0,1,0,1,'0',0,0,0,1,0),(204010,'204010','【Flame Controller】Fragment','Collect 50 pcs to exchange for FireKing\'s Flame Controller skin (permanent).',3,4,0,1,0,1,'0',0,0,0,1,0),(204011,'204011','【Electrical Queen】Fragment','Collect 50 pcs to exchange for Nasha\'s Electrical Queen skin (permanent).',3,4,0,1,0,1,'0',0,0,0,1,0),(204090,'204090','Skin Fragment','Collect various amounts of this fragment to unlock specific skins.',3,4,0,1,0,1,'0',0,0,0,1,0),(204110,'204110','【Santa Claus】Fragment','Collect 50 pcs to exchange for FireKing\'s Santa Claus skin (permanent).',3,4,0,1,0,1,'0',0,0,0,1,0),(209001,'209001','Rename Card','Use to change your player name',4,9,0,1,0,1,'0',0,0,0,1,0),(210001,'400003','Lv.1 Component Chest','Open to get a random Lv.1 component.',3,10,0,0,400001,1,'0',0,0,0,1,0),(210002,'400003','Lv.2 Component Chest','Open to get a random Lv.2 component.',3,10,0,0,400002,1,'0',0,0,0,1,0),(210003,'400003','Lv.3 Component Chest','Open to get a random Lv.3 component.',3,10,0,0,400003,1,'0',0,0,0,1,0),(210004,'400003','Lv.4 Component Chest','Open to get a random Lv.4 component.',3,10,0,0,400004,1,'0',0,0,0,1,0),(210005,'400003','Lv.5 Component Chest','Open to get a random Lv.5 component.',3,10,0,0,400005,1,'0',0,0,0,1,0),(210051,'400003','Hero Trial Chest','Open to get a random hero trial card.',3,10,0,1,420001,1,'0',0,0,0,1,0),(210052,'400003','Skin Trial Chest','Open to get a random skin trial card.',3,10,0,1,420002,1,'0',0,0,0,1,0),(210053,'400003','Hero Trial Chest - Gaia','Open to get a trial card of Gaia for 1-3 days randomly.',3,10,0,1,420003,1,'0',0,0,0,1,0),(210054,'400003','Hero Trial Chest - Theodor','Open to get a trial card of Theodor for 1-3 days randomly.',3,10,0,1,420004,1,'0',0,0,0,1,0),(210055,'400003','Hero Trial Chest - Saisi','Open to get a trial card of Saisi for 1-3 days randomly.',3,10,0,1,420005,1,'0',0,0,0,1,0),(210056,'400003','Hero Trial Chest - Joan','Open to get a trial card of Joan for 1-3 days randomly.',3,10,0,1,420006,1,'0',0,0,0,1,0),(210057,'400003','Hero Trial Chest - Fox','Open to get a trial card of Fox for 1-3 days randomly.',3,10,0,1,420007,1,'0',0,0,0,1,0),(210058,'400003','Hero Trial Chest - Li Long','Open to get a trial card of Li Long for 1-3 days randomly.',3,10,0,1,420008,1,'0',0,0,0,1,0),(210059,'400003','Hero Trial Chest - Catherine','Open to get a trial card of Catherine for 1-3 days randomly.',3,10,0,1,420009,1,'0',0,0,0,1,0),(210060,'400003','Hero Trial Chest - Logan','Open to get a trial card of Logan for 1-3 days randomly.',3,10,0,1,420010,1,'0',0,0,0,1,0),(210061,'400003','Hero Trial Chest - Amir','Open to get a trial card of Amir for 1-3 days randomly.',3,10,0,1,420011,1,'0',0,0,0,1,0),(210062,'400003','Hero Trial Chest - Goro','Open to get a trial card of Goro for 1-3 days randomly.',3,10,0,1,420012,1,'0',0,0,0,1,0),(210063,'400003','Hero Trial Chest - FireKing','Open to get a trial card of FireKing for 1-3 days randomly.',3,10,0,1,420013,1,'0',0,0,0,1,0),(210064,'400003','Hero Trial Chest - Nasha','Open to get a trial card of Nasha for 1-3 days randomly.',3,10,0,1,420014,1,'0',0,0,0,1,0),(210065,'400003','Skin Trial Chest - Gaia','Open to get a skin trial card of Gaia for 1-3 days randomly.',3,10,0,1,420015,1,'0',0,0,0,1,0),(210066,'400003','Skin Trial Chest - Theodor','Open to get a skin trial card of Theodor for 1-3 days randomly.',3,10,0,1,420016,1,'0',0,0,0,1,0),(210067,'400003','Skin Trial Chest - Saisi','Open to get a skin trial card of Saisi for 1-3 days randomly.',3,10,0,1,420017,1,'0',0,0,0,1,0),(210068,'400003','Skin Trial Chest - Joan','Open to get a skin trial card of Joan for 1-3 days randomly.',3,10,0,1,420018,1,'0',0,0,0,1,0),(210069,'400003','Skin Trial Chest - Fox','Open to get a skin trial card of Fox for 1-3 days randomly.',3,10,0,1,420019,1,'0',0,0,0,1,0),(210070,'400003','Skin Trial Chest - Li Long','Open to get a skin trial card of Li Long for 1-3 days randomly.',3,10,0,1,420020,1,'0',0,0,0,1,0),(210071,'400003','Skin Trial Chest - Catherine','Open to get a skin trial card of Catherine for 1-3 days randomly.',3,10,0,1,420021,1,'0',0,0,0,1,0),(210072,'400003','Skin Trial Chest - Logan','Open to get a skin trial card of Logan for 1-3 days randomly.',3,10,0,1,420022,1,'0',0,0,0,1,0),(210073,'400003','Skin Trial Chest - Amir','Open to get a skin trial card of Amir for 1-3 days randomly.',3,10,0,1,420023,1,'0',0,0,0,1,0),(210074,'400003','Skin Trial Chest - Goro','Open to get a skin trial card of Goro for 1-3 days randomly.',3,10,0,1,420024,1,'0',0,0,0,1,0),(210075,'400003','Skin Trial Chest - FireKing','Open to get a skin trial card of FireKing for 1-3 days randomly.',3,10,0,1,420025,1,'0',0,0,0,1,0),(210076,'400003','Skin Trial Chest - Nasha','Open to get a skin trial card of Nasha for 1-3 days randomly.',3,10,0,1,420026,1,'0',0,0,0,1,0),(210101,'400003','Gold Chest','Open to get 1-50 gold randomly.',3,10,0,0,420031,1,'0',0,0,0,1,0),(210102,'400003','Diamond Chest','Open to get 1-30 diamond randomly.',3,10,0,0,420032,1,'0',0,0,0,1,0),(210201,'400003','Lv.3 Red Component Chest','Open to get a random lv.3 red component.',3,10,0,0,420701,1,'0',0,0,0,1,0),(210202,'400003','Lv.3 Green Component Chest','Open to get a random lv.3 green component.',3,10,0,0,420702,1,'0',0,0,0,1,0),(210203,'400003','Lv.3 Blue Component Chest','Open to get a random lv.3 blue component.',3,10,0,0,420703,1,'0',0,0,0,1,0),(210204,'400003','Lv.4 Red Component Chest','Open to get a random lv.4 red component.',3,10,0,0,420704,1,'0',0,0,0,1,0),(210205,'400003','Lv.4 Green Component Chest','Open to get a random lv.4 green component.',3,10,0,0,420705,1,'0',0,0,0,1,0),(210206,'400003','Lv.4 Blue Component Chest','Open to get a random lv.4 blue component.',3,10,0,0,420706,1,'0',0,0,0,1,0),(250001,'251001','Heavy-duty Grenade','A grenade with enormous power. Deals AoE damage.',3,5,0,0,0,0,'0',2,521000,0,0,0),(250002,'251002','Flash-Bang','Enemies within range who are facing the explosion ',3,5,0,0,0,0,'0',1,521001,0,0,0),(250003,'251003','Incendiary Grenade','Enemies within range will take damage multiple times.',3,5,0,0,0,0,'0',1,521002,0,0,0),(271101,'271101','Lv.1: Ammo','Damage +0.4%',1,7,1,1,0,1,'0',0,0,0,1,771101),(271102,'271102','Lv.1: Gas Action','Crit +0.4',1,7,1,1,0,1,'0',0,0,0,1,771102),(271103,'271103','Lv.1: Rifled Bore','Fire Rate +0.47%',1,7,1,1,0,1,'0',0,0,0,1,771103),(271104,'271103','Lv.1: Gunlock','Pierce  +1.0',1,7,1,1,0,1,'0',0,0,0,1,771104),(271201,'271201','Lv.1: Carbon','Armor +1.4',1,7,2,1,0,1,'0',0,0,0,1,771201),(271202,'271202','Lv.1: Activation','HP +3.1',1,7,2,1,0,1,'0',0,0,0,1,771202),(271203,'271203','Lv.1: Focus','Range +0.45%',1,7,2,1,0,1,'0',0,0,0,1,771203),(271204,'271204','Lv.1: Artful','Item STR +0.5',1,7,2,1,0,1,'0',0,0,0,1,771204),(271301,'271301','Lv.1: Advancement','Speed +0.4',1,7,3,1,0,1,'0',0,0,0,1,771301),(271302,'271301','Lv.1: Jet','Speed +0.2, HP +1.6',1,7,3,1,0,1,'0',0,0,0,1,771302),(271303,'271302','Lv.1: Magazine','Magazine +0.2, HP +1.8',1,7,3,1,0,1,'0',0,0,0,1,771303),(271304,'271303','Lv.1: Machine','Reload Time -0.01',1,7,3,1,0,1,'0',0,0,0,1,771304),(272101,'272101','Lv.1: Bullet','Damage +0.54%',2,7,1,1,0,1,'0',0,0,0,1,772101),(272102,'272102','Lv.2: Cartridge','Crit +0.6',2,7,1,1,0,1,'0',0,0,0,1,772102),(272103,'272102','Lv.2: Receiver','Crit +0.5, Fire Rate +0.12%',2,7,1,1,0,1,'0',0,0,0,1,772103),(272104,'272103','Lv.2: Trigger','Fire Rate +0.63%',2,7,1,1,0,1,'0',0,0,0,1,772104),(272105,'272103','Lv.2: Sights','Pierce +1.0, Damage +0.18%',2,7,1,1,0,1,'0',0,0,0,1,772105),(272201,'272201','Lv.2: Hardening','Armor +1.9',2,7,2,1,0,1,'0',0,0,0,1,772201),(272202,'272202','Lv.2: Vitality','HP +4.2',2,7,2,1,0,1,'0',0,0,0,1,772202),(272203,'272202','Lv.2: Excitement','HP +2.8, Damage +0.18%',2,7,2,1,0,1,'0',0,0,0,1,772203),(272204,'272203','Lv.2: Concentration','Range +0.6%',2,7,2,1,0,1,'0',0,0,0,1,772204),(272205,'272204','Lv.2: Specialization','Item STR +0.7',2,7,2,1,0,1,'0',0,0,0,1,772205),(272301,'272301','Lv.2: Power','Speed +0.6',2,7,3,1,0,1,'0',0,0,0,1,772301),(272302,'272301','Lv.2: Injection','Speed +0.4, Crit +0.2',2,7,3,1,0,1,'0',0,0,0,1,772302),(272303,'272302','Lv.2: Capacity','Magazine +0.3, Armor +0.8',2,7,3,1,0,1,'0',0,0,0,1,772303),(272304,'272302','Lv.2: Fold','Magazine +0.2, HP +3',2,7,3,1,0,1,'0',0,0,0,1,772304),(272305,'272303','Lv.2: Buckle','Reload Time -0.02',2,7,3,1,0,1,'0',0,0,0,1,772305),(273101,'273101','Lv.3: Firing Pin','Damage +0.78%',3,7,1,1,0,1,'0',0,0,0,1,773101),(273103,'273102','Lv.3: Coating','Crit +0.8',3,7,1,1,0,1,'0',0,0,0,1,773103),(273104,'273103','Lv.3: Stock','Fire Rate +0.9%',3,7,1,1,0,1,'0',0,0,0,1,773104),(273105,'273103','Lv.3: Grip','Fire Rate +0.6%, Damage +0.26%',3,7,1,1,0,1,'0',0,0,0,1,773105),(273106,'273103','Lv.3: Bolt','Pierce +2.2',3,7,1,1,0,1,'0',0,0,0,1,773106),(273201,'273204','Lv.3: Shuttle','Item STR +0.5, Armor +1.4',3,7,2,1,0,1,'0',0,0,0,1,773201),(273203,'273202','Lv.3: Sublimation','HP +6.1',3,7,2,1,0,1,'0',0,0,0,1,773203),(273204,'273201','Lv.3: Tactical','Armor +2.7',3,7,2,1,0,1,'0',0,0,0,1,773204),(273205,'273204','Lv.3: Blossom','Item STR +1',3,7,2,1,0,1,'0',0,0,0,1,773205),(273206,'273203','Lv.3: Extension','Range +0.88%',3,7,2,1,0,1,'0',0,0,0,1,773206),(273301,'273301','Lv.3: Fleet of Foot','Speed +0.9',3,7,3,1,0,1,'0',0,0,0,1,773301),(273302,'273301','Lv.3: Surge','Speed +0.5, Fire Rate +0.4%',3,7,3,1,0,1,'0',0,0,0,1,773302),(273303,'273301','Lv.3: Fashionable','Speed +0.4, Item STR +0.6',3,7,3,1,0,1,'0',0,0,0,1,773303),(273304,'273302','Lv.3: Compression','Magazine +0.4, Armor +1.6',3,7,3,1,0,1,'0',0,0,0,1,773304),(273306,'273303','Lv.3: Manual Speed','Reload Time -0.03',3,7,3,1,0,1,'0',0,0,0,1,773306),(274101,'274101','Lv.4: Firepower','Damage +1.2%',4,7,1,1,0,1,'0',0,0,0,1,774101),(274102,'274101','Lv.4: Storm','Damage +0.6%, Crit +0.3, Item STR +0.4',4,7,1,1,0,1,'0',0,0,0,1,774102),(274103,'274102','Lv.4: Trial','Crit +1.2',4,7,1,1,0,1,'0',0,0,0,1,774103),(274105,'274103','Lv.4: Torrent','Fire Rate +1.4%',4,7,1,1,0,1,'0',0,0,0,1,774105),(274106,'274103','Lv.4: Insanity','Fire Rate +0.8%, Damage +0.4%',4,7,1,1,0,1,'0',0,0,0,1,774106),(274107,'274103','Lv.4: Fearlessness','Pierce +3.3',4,7,1,1,0,1,'0',0,0,0,1,774107),(274201,'274201','Lv.4: Protection','Armor +4.2',4,7,2,1,0,1,'0',0,0,0,1,774201),(274202,'274201','Lv.4: Fearless','Armor +2.1, Item STR +0.8',4,7,2,1,0,1,'0',0,0,0,1,774202),(274203,'274202','Lv.4: Sturdiness','HP +9.4',4,7,2,1,0,1,'0',0,0,0,1,774203),(274204,'274203','Lv.4: Nourishment','HP +4.7, Range +0.07%',4,7,2,1,0,1,'0',0,0,0,1,774204),(274205,'274204','Lv.4: Item','Item STR +1.6',4,7,2,1,0,1,'0',0,0,0,1,774205),(274207,'274203','Lv.4: Expansion','Range +1.34%',4,7,2,1,0,1,'0',0,0,0,1,774207),(274301,'274301','Lv.4: Traceless','Speed +1.4',4,7,3,1,0,1,'0',0,0,0,1,774301),(274302,'274301','Lv.4: Shadowless','Speed +0.7, HP +4.7',4,7,3,1,0,1,'0',0,0,0,1,774302),(274303,'274301','Lv.4: Super Speed','Speed +0.7, Item STR +0.8',4,7,3,1,0,1,'0',0,0,0,1,774303),(274304,'274302','Lv.4: Release','Magazine +0.5, Pierce +2.2',4,7,3,1,0,1,'0',0,0,0,1,774304),(274305,'274302','Lv.4: Endurance','Magazine +0.5, Armor +2.9',4,7,3,1,0,1,'0',0,0,0,1,774305),(274307,'274303','Lv.4: Smooth','Reload Time -0.04, Armor +2.5',4,7,3,1,0,1,'0',0,0,0,1,774307),(275101,'275101','Lv.5: Powerhouse','Damage +2%',5,7,1,1,0,1,'0',0,0,0,1,775101),(275102,'275101','Lv.5: Sweep','Damage +1.5%, Speed +0.6',5,7,1,1,0,1,'0',0,0,0,1,775102),(275103,'275102','Lv.5: Elite Warrior','Crit +2',5,7,1,1,0,1,'0',0,0,0,1,775103),(275104,'275102','Lv.5: Runaway','Crit +1.5, Fire Rate +0.6%',5,7,1,1,0,1,'0',0,0,0,1,775104),(275106,'275103','Lv.5: Phantom','Fire Rate +2.3%',5,7,1,1,0,1,'0',0,0,0,1,775106),(275107,'275103','Lv.5: Flight','Fire Rate +1.2%, Damage +1%',5,7,1,1,0,1,'0',0,0,0,1,775107),(275108,'275103','Lv.5: Legend','Pierce +5.5',5,7,1,1,0,1,'0',0,0,0,1,775108),(275201,'275201','Lv.5: Behemoth','Armor +6.9',5,7,2,1,0,1,'0',0,0,0,1,775201),(275203,'275201','Lv.5: Tyrant','Armor +3.5, HP +7.7',5,7,2,1,0,1,'0',0,0,0,1,775203),(275204,'275202','Lv.5: Recovery','HP +15.4',5,7,2,1,0,1,'0',0,0,0,1,775204),(275205,'275202','Lv.5: Power','HP +7.7, Item STR +1.3',5,7,2,1,0,1,'0',0,0,0,1,775205),(275206,'275203','Lv.5: Boundless','Range +2.2%',5,7,2,1,0,1,'0',0,0,0,1,775206),(275207,'275204','Lv.5: Grandmaster','Item STR +2.6',5,7,2,1,0,1,'0',0,0,0,1,775207),(275208,'275204','Lv.5: Versatility','Item STR +1.3, Pierce +2.8',5,7,2,1,0,1,'0',0,0,0,1,775208),(275301,'275301','Lv.5: Divine Mobility','Speed +2.4',5,7,3,1,0,1,'0',0,0,0,1,775301),(275302,'275301','Lv.5: Thunder','Speed +1.8, Crit +0.5',5,7,3,1,0,1,'0',0,0,0,1,775302),(275303,'275301','Lv.5: Divine Speed','Speed +1.8, Armor +1.7',5,7,3,1,0,1,'0',0,0,0,1,775303),(275304,'275302','Lv.5: Sea','Magazine +0.6, HP +11.8',5,7,3,1,0,1,'0',0,0,0,1,775304),(275305,'275301','Lv.5: Limitless','Magazine +0.6, Speed +1.8',5,7,3,1,0,1,'0',0,0,0,1,775305),(275306,'275302','Lv.5: Confluence','Magazine +0.4, Armor +5.8',5,7,3,1,0,1,'0',0,0,0,1,775306),(275307,'275303','Lv.5: Flash','Reload Time -0.08, HP +6.1, Armor +2.3',5,7,3,1,0,1,'0',0,0,0,1,775307);
/*!40000 ALTER TABLE `item` ENABLE KEYS */;
UNLOCK TABLES;

--
-- Table structure for table `kill_drop`
--

DROP TABLE IF EXISTS `kill_drop`;
/*!40101 SET @saved_cs_client     = @@character_set_client */;
/*!40101 SET character_set_client = utf8 */;
CREATE TABLE `kill_drop` (
  `id` int(11) NOT NULL DEFAULT '0' COMMENT 'ID',
  `trigger_id` int(11) NOT NULL DEFAULT '0' COMMENT '触发器ID',
  `weight` int(11) NOT NULL DEFAULT '0' COMMENT '权重',
  PRIMARY KEY (`id`)
) ENGINE=InnoDB DEFAULT CHARSET=utf8 COMMENT='[logic server no use]';
/*!40101 SET character_set_client = @saved_cs_client */;

--
-- Dumping data for table `kill_drop`
--

LOCK TABLES `kill_drop` WRITE;
/*!40000 ALTER TABLE `kill_drop` DISABLE KEYS */;
INSERT INTO `kill_drop` VALUES (1,850006,3),(2,850007,12),(3,850008,3),(4,850009,3);
/*!40000 ALTER TABLE `kill_drop` ENABLE KEYS */;
UNLOCK TABLES;

--
-- Table structure for table `level`
--

DROP TABLE IF EXISTS `level`;
/*!40101 SET @saved_cs_client     = @@character_set_client */;
/*!40101 SET character_set_client = utf8 */;
CREATE TABLE `level` (
  `level` int(10) NOT NULL COMMENT '等级',
  `upg_exp` int(10) DEFAULT NULL COMMENT '等级所需经验升级消耗(从上一等级升到下一等级所需)',
  PRIMARY KEY (`level`)
) ENGINE=InnoDB DEFAULT CHARSET=utf8;
/*!40101 SET character_set_client = @saved_cs_client */;

--
-- Dumping data for table `level`
--

LOCK TABLES `level` WRITE;
/*!40000 ALTER TABLE `level` DISABLE KEYS */;
INSERT INTO `level` VALUES (1,100),(2,200),(3,500),(4,700),(5,900),(6,1200),(7,1300),(8,1400),(9,1500),(10,1600),(11,1700),(12,1800),(13,1900),(14,2000),(15,2200),(16,2400),(17,2600),(18,2800),(19,3000),(20,3200),(21,3400),(22,3600),(23,3800),(24,4000),(25,4200),(26,4400),(27,4600),(28,4800),(29,5000),(30,5200),(31,5400),(32,5600),(33,5800),(34,6000),(35,6200),(36,6400),(37,6600),(38,6800),(39,7000),(40,9200),(41,9400),(42,9600),(43,9800),(44,10000),(45,10200),(46,10400),(47,10600),(48,10800),(49,11000),(50,13200),(51,13400),(52,13600),(53,13800),(54,14000),(55,14200),(56,14400),(57,14600),(58,14800),(59,15000),(60,999999);
/*!40000 ALTER TABLE `level` ENABLE KEYS */;
UNLOCK TABLES;

--
-- Table structure for table `line_mode`
--

DROP TABLE IF EXISTS `line_mode`;
/*!40101 SET @saved_cs_client     = @@character_set_client */;
/*!40101 SET character_set_client = utf8 */;
CREATE TABLE `line_mode` (
  `id` int(11) NOT NULL DEFAULT '0' COMMENT '系统编号',
  `name` varchar(50) NOT NULL DEFAULT '0' COMMENT '[Language]分区名字',
  `fight_type` int(10) NOT NULL DEFAULT '0' COMMENT '类型：1=对战，2=排位，3=混战，4=新手引导，5=团队混战，6=Boss模式',
  PRIMARY KEY (`id`)
) ENGINE=InnoDB DEFAULT CHARSET=utf8;
/*!40101 SET character_set_client = @saved_cs_client */;

--
-- Dumping data for table `line_mode`
--

LOCK TABLES `line_mode` WRITE;
/*!40000 ALTER TABLE `line_mode` DISABLE KEYS */;
INSERT INTO `line_mode` VALUES (1,'Battle Area',1),(2,'Ranked Area',2),(3,'Deathmatch Area',3),(4,'Guide Area',4),(5,'Team Deathmatch',5),(6,'Boss Mode',6),(7,'BG of Legion Battle',7),(8,'BG of Legion Deathmatch',8),(9,'Newbie Area',9),(10,'Newbie Area',10);
/*!40000 ALTER TABLE `line_mode` ENABLE KEYS */;
UNLOCK TABLES;

--
-- Table structure for table `loading_tips`
--

DROP TABLE IF EXISTS `loading_tips`;
/*!40101 SET @saved_cs_client     = @@character_set_client */;
/*!40101 SET character_set_client = utf8 */;
CREATE TABLE `loading_tips` (
  `id` int(10) NOT NULL COMMENT '系统编号',
  `mode_type` int(10) NOT NULL COMMENT '战斗模式：1=人头模式，2=歼灭战模式，3=人质解救模式，4=爆破模式，5=资源模式，6=占领模式，7=手雷战模式、8=狙击战模式，10=混战模式，11=新手模式，12=新手引导，99=测试模式',
  `word` varchar(200) NOT NULL COMMENT '[Language]提示信息',
  PRIMARY KEY (`id`)
) ENGINE=InnoDB DEFAULT CHARSET=utf8;
/*!40101 SET character_set_client = @saved_cs_client */;

--
-- Dumping data for table `loading_tips`
--

LOCK TABLES `loading_tips` WRITE;
/*!40000 ALTER TABLE `loading_tips` DISABLE KEYS */;
INSERT INTO `loading_tips` VALUES (1,1,'Avoid dying at all costs in Team Battles.'),(2,1,'The team that accumulates 40 kills first will win.'),(3,1,'Cooperating with teammates is important, try to use each hero\'s strengths for the benefit of the team.'),(4,4,'Protect the hero carrying the C4.'),(5,4,'Planting C4 at the detonation point, and the explosion will bring you victory.'),(6,4,'Defending the detonation point is crucial for victory.'),(7,5,'In control mode, the focus is on capturing resources, not blindly killing.'),(8,5,'Try to occupy as many resource points as possible.'),(9,5,'Don\'t let enemies to occupy resource points!'),(10,10,'Push the right joystick in the proper direction to shoot.'),(11,10,'When you level up in battle, remember to choose a talent on the left side of the screen.'),(12,10,'Collect EXP during battles in order to Level Up.'),(13,11,'In the Newbie area, you only need to press down the right joystick without moving it and it will automatically aim and shoot.'),(14,11,'You can also move the right joystick to choose the direction of fire.'),(15,11,'Auto-aiming can only be used in the Newbie Area.'),(16,12,'Use the left joystick to move and the right joystick to shoot.'),(17,12,'Remember to keep moving while shooting. Don\'t stay in one place too long.'),(18,12,'In the training area, you can learn the basics.'),(19,13,'In team deathmatch, there are 4 different teams fighting each other on a single map.'),(20,13,'Each team has 3 heroes. Besides your two teammates, everyone else you encounter is an enemy.'),(21,13,'Try to move as a group and don\'t leave teammates behind.'),(22,20,'In Boss mode, no matter how you cooperate with your teammates, dealing the most damage is important.'),(23,20,'You must defeat the boss within 10 minutes. If time runs out, you lose .'),(24,20,'If you want to complete this challenge, you must try to avoid dying.'),(25,21,'From now on, you will need to know how to aim manually.'),(26,21,'You will need to move the right joystick in the direction you want to shoot, otherwise your gun won\'t fire.'),(27,21,'Push the joystick in the direction of the boss to manually aim.');
/*!40000 ALTER TABLE `loading_tips` ENABLE KEYS */;
UNLOCK TABLES;

--
-- Table structure for table `luck_draw`
--

DROP TABLE IF EXISTS `luck_draw`;
/*!40101 SET @saved_cs_client     = @@character_set_client */;
/*!40101 SET character_set_client = utf8 */;
CREATE TABLE `luck_draw` (
  `id` int(11) NOT NULL,
  `draw_type` int(11) NOT NULL DEFAULT '0',
  `name` varchar(100) NOT NULL DEFAULT '',
  `cost_type` int(11) NOT NULL DEFAULT '0',
  `cost1` int(11) NOT NULL DEFAULT '0',
  `cost5` int(11) NOT NULL DEFAULT '0',
  `extra_item_type` int(11) NOT NULL DEFAULT '0',
  `extra_itme_id` int(11) NOT NULL DEFAULT '0',
  `extra_item_amount` int(11) NOT NULL DEFAULT '0',
  `box` varchar(256) NOT NULL DEFAULT '',
  `item_type` int(11) NOT NULL DEFAULT '0',
  `item_id` int(11) NOT NULL DEFAULT '0',
  `item_amount` int(11) NOT NULL DEFAULT '0',
  `drop_weight` int(11) NOT NULL DEFAULT '0',
  `is_lucky_item` int(11) NOT NULL DEFAULT '0',
  PRIMARY KEY (`id`)
) ENGINE=InnoDB DEFAULT CHARSET=utf8;
/*!40101 SET character_set_client = @saved_cs_client */;

--
-- Dumping data for table `luck_draw`
--

LOCK TABLES `luck_draw` WRITE;
/*!40000 ALTER TABLE `luck_draw` DISABLE KEYS */;
INSERT INTO `luck_draw` VALUES (101,1,'点券夺宝',3,60,270,102,210001,1,'5:486001,15:486002,35:486003,65:486004,125:486005',103,300007,1,3,1),(102,1,'点券夺宝',3,60,270,102,210001,1,'5:486001,15:486002,35:486003,65:486004,125:486005',103,300010,1,5,0),(103,1,'点券夺宝',3,60,270,102,210001,1,'5:486001,15:486002,35:486003,65:486004,125:486005',5,0,80,120,0),(104,1,'点券夺宝',3,60,270,102,210001,1,'5:486001,15:486002,35:486003,65:486004,125:486005',201,400004,1,8,0),(105,1,'点券夺宝',3,60,270,102,210001,1,'5:486001,15:486002,35:486003,65:486004,125:486005',2,0,48,162,0),(106,1,'点券夺宝',3,60,270,102,210001,1,'5:486001,15:486002,35:486003,65:486004,125:486005',102,203090,5,157,0),(107,1,'点券夺宝',3,60,270,102,210001,1,'5:486001,15:486002,35:486003,65:486004,125:486005',201,400003,1,76,0),(108,1,'点券夺宝',3,60,270,102,210001,1,'5:486001,15:486002,35:486003,65:486004,125:486005',102,204090,5,162,0),(109,1,'点券夺宝',3,60,270,102,210001,1,'5:486001,15:486002,35:486003,65:486004,125:486005',1,0,288,139,0),(110,1,'点券夺宝',3,60,270,102,210001,1,'5:486001,15:486002,35:486003,65:486004,125:486005',104,310602,1,5,0),(111,1,'点券夺宝',3,60,270,102,210001,1,'5:486001,15:486002,35:486003,65:486004,125:486005',5,0,50,150,0),(112,1,'点券夺宝',3,60,270,102,210001,1,'5:486001,15:486002,35:486003,65:486004,125:486005',201,400005,1,1,0),(113,1,'点券夺宝',3,60,270,102,210001,1,'5:486001,15:486002,35:486003,65:486004,125:486005',103,300005,1,5,0),(114,1,'点券夺宝',3,60,270,102,210001,1,'5:486001,15:486002,35:486003,65:486004,125:486005',104,310502,1,7,0),(201,2,'钻石夺宝',2,60,270,102,210001,1,'5:486006,12:486007,24:486008,48:486009,72:486010',103,300011,1,3,1),(202,2,'钻石夺宝',2,60,270,102,210001,1,'5:486006,12:486007,24:486008,48:486009,72:486010',103,300002,1,1,0),(203,2,'钻石夺宝',2,60,270,102,210001,1,'5:486006,12:486007,24:486008,48:486009,72:486010',201,400005,1,1,0),(204,2,'钻石夺宝',2,60,270,102,210001,1,'5:486006,12:486007,24:486008,48:486009,72:486010',201,400004,1,20,0),(205,2,'钻石夺宝',2,60,270,102,210001,1,'5:486006,12:486007,24:486008,48:486009,72:486010',2,0,48,148,0),(206,2,'钻石夺宝',2,60,270,102,210001,1,'5:486006,12:486007,24:486008,48:486009,72:486010',102,201031,1,158,0),(207,2,'钻石夺宝',2,60,270,102,210001,1,'5:486006,12:486007,24:486008,48:486009,72:486010',201,400003,1,36,0),(208,2,'钻石夺宝',2,60,270,102,210001,1,'5:486006,12:486007,24:486008,48:486009,72:486010',201,400002,1,80,0),(209,2,'钻石夺宝',2,60,270,102,210001,1,'5:486006,12:486007,24:486008,48:486009,72:486010',2,0,20,200,0),(210,2,'钻石夺宝',2,60,270,102,210001,1,'5:486006,12:486007,24:486008,48:486009,72:486010',102,202031,1,200,0),(211,2,'钻石夺宝',2,60,270,102,210001,1,'5:486006,12:486007,24:486008,48:486009,72:486010',201,400001,1,130,0),(212,2,'钻石夺宝',2,60,270,102,210001,1,'5:486006,12:486007,24:486008,48:486009,72:486010',1,0,288,10,0),(213,2,'钻石夺宝',2,60,270,102,210001,1,'5:486006,12:486007,24:486008,48:486009,72:486010',103,300006,1,8,0),(214,2,'钻石夺宝',2,60,270,102,210001,1,'5:486006,12:486007,24:486008,48:486009,72:486010',103,300004,1,5,0);
/*!40000 ALTER TABLE `luck_draw` ENABLE KEYS */;
UNLOCK TABLES;

--
-- Table structure for table `lv_box`
--

DROP TABLE IF EXISTS `lv_box`;
/*!40101 SET @saved_cs_client     = @@character_set_client */;
/*!40101 SET character_set_client = utf8 */;
CREATE TABLE `lv_box` (
  `require_lv` int(11) NOT NULL DEFAULT '0' COMMENT '领取奖励所需玩家战队等级',
  `box_id` int(10) NOT NULL DEFAULT '0' COMMENT '对应奖励宝箱的ID',
  `box_amount` int(10) NOT NULL DEFAULT '0' COMMENT '对应奖励宝箱的数量',
  `intro` varchar(256) NOT NULL DEFAULT '0' COMMENT '[Language]',
  PRIMARY KEY (`require_lv`)
) ENGINE=InnoDB DEFAULT CHARSET=utf8;
/*!40101 SET character_set_client = @saved_cs_client */;

--
-- Dumping data for table `lv_box`
--

LOCK TABLES `lv_box` WRITE;
/*!40000 ALTER TABLE `lv_box` DISABLE KEYS */;
INSERT INTO `lv_box` VALUES (5,482001,1,'Available at level 5'),(10,482002,1,'Available at level 10'),(15,482003,1,'Available at level 15'),(20,482004,1,'Available at level 20'),(25,482005,1,'Available at level 25'),(30,482006,1,'Available at level 30'),(40,482007,1,'Available at level 40'),(50,482008,1,'Available at level 50'),(60,482009,1,'Available at level 60');
/*!40000 ALTER TABLE `lv_box` ENABLE KEYS */;
UNLOCK TABLES;

--
-- Table structure for table `mail_info`
--

DROP TABLE IF EXISTS `mail_info`;
/*!40101 SET @saved_cs_client     = @@character_set_client */;
/*!40101 SET character_set_client = utf8 */;
CREATE TABLE `mail_info` (
  `id` int(11) NOT NULL,
  `type` int(11) NOT NULL COMMENT '1 = 内容完全由GM控制、2 = 好友信件、3 = 兵团驱逐、4 = 兵团解散、5 = 兵团周奖励、6 = 兵团赛季奖励、7 = 点击qq领取撩客服奖励、8 = 体验卡过期、9 = 连续登陆两天、10 = 运营活动奖励、11 = 离线战斗奖励结算、12 = 排位赛季奖励结算、13 = 给离线玩家发送充值邮件、14 = 挂机扣分邮件（集体）、15 = 匹配没有点确定扣分通知、16 = 举报成功邮件（被举报人）、17 = 举报别人后邮件、18 = 举报成功邮件（举报人）、19=信誉积分过低禁止匹配邮件、20=周累计扣分过多禁止匹配邮件',
  `title` varchar(50) NOT NULL COMMENT '[Language]邮件标题',
  `sender` varchar(50) NOT NULL COMMENT '[Language]邮件发送者',
  `content` varchar(500) NOT NULL COMMENT '[Language]邮件内容',
  `remark` varchar(50) NOT NULL COMMENT '备注',
  PRIMARY KEY (`type`)
) ENGINE=InnoDB DEFAULT CHARSET=utf8 COMMENT='[logic server no use]';
/*!40101 SET character_set_client = @saved_cs_client */;

--
-- Dumping data for table `mail_info`
--

LOCK TABLES `mail_info` WRITE;
/*!40000 ALTER TABLE `mail_info` DISABLE KEYS */;
INSERT INTO `mail_info` VALUES (2,2,'Your Friend Sent You Gold','','',' 好友信件'),(3,3,'Expelled from Legion','GM','({0}) kicked you from your Legion ({1}). Please join another Legion.','兵团驱逐'),(4,4,'Legion Disbanded','GM','Your Legion ({0}) was disbanded by the chief on {1}. Please join another Legion.','兵团解散'),(5,5,'Legion Rank Reward','GM','Your legion earned a total of {0} points in the Arena last week (ranked {1}). You contribued {2} points. Rewards are distributed among the members of your legion as follows','兵团周奖励'),(6,6,'Legion Rank Reward','GM','Your Legion earned a total of {0} points during the last Arena season (ranked {1}). You contributed {2} points. Rewards are distributed among the members of your legion as follows','兵团赛季奖励'),(7,7,'Group Reward','GM','Join our player group to get a reward of 1500 Gold','点击qq领取撩客服奖励'),(8,8,'Expiration Notice','GM','Dear Player, your {0} expires on {1}. Don\'t forget to purchase another!','体验卡过期'),(9,9,'Free Hero for 2 Days Login','GM','All you have to do is log-in two consecutive days! That\'s it! After completing this easy task, you\'ll immediately unlock Joan!','连续登陆两天'),(10,10,'{0} Reward','GM','{0}','运营活动奖励'),(11,11,'Unclaimed Battle Reward','GM','Dear Player, you were offline when the {0} battle ended, so we sent your battle rewards via mail. Please collect your rewards below:','离线战斗奖励结算'),(12,12,'Season Rank Reward','GM','Dear player, during the {0} season, your highest rank was {1}. You will get the following reward:','排位赛季奖励结算'),(13,13,'Unclaimed Purchase','GM','Dear player, you have purchased {1} tickets on {0} but suddendly went offline, please claim the attached tickets.','给离线玩家发送充值邮件'),(14,14,'Player Penalty Notice','GM','Because of bad behavior in {1} match, {0} lost {2} Morality points','挂机扣分邮件（集体）'),(15,15,'Player Penalty Notice','GM','Because you didn\'t confirm {0} match, you lost {1} Morality points','匹配没有点确定扣分通知'),(16,16,'You were reported','GM','Your were reported for misdemeanor in {0} match by other players. After thorough examination of the case {1} Morality points were deducted from you.','举报成功邮件（被举报人）'),(17,17,'Report Received','GM','Thank you for reporting {1} in {0} match. We will perform a thorough check on this player\'s behaviour. Thanks for helping us maintain healthy gaming environment!','举报别人反馈邮件'),(18,18,'Report Feedback','GM','After thorough check based on your report, {1} lost {2} Morality points for misdemeanor in {0} match.','举报成功邮件（举报人）'),(19,19,'Low Morality','GM','Your Morality is lower than {0}, you\'re banned from these matches: {1}','信誉积分过低禁赛邮件'),(20,20,'Weekly Morality Loss','GM','Your weekly Morality loss reached {0}, you\'re banned from {1} until {2}','信誉积分周累计扣分禁赛邮件');
/*!40000 ALTER TABLE `mail_info` ENABLE KEYS */;
UNLOCK TABLES;

--
-- Table structure for table `map`
--

DROP TABLE IF EXISTS `map`;
/*!40101 SET @saved_cs_client     = @@character_set_client */;
/*!40101 SET character_set_client = utf8 */;
CREATE TABLE `map` (
  `id` int(10) NOT NULL DEFAULT '0' COMMENT '系统编号id',
  `map_id` int(10) NOT NULL DEFAULT '0' COMMENT '地图id',
  `map_entities_group_id` int(10) NOT NULL DEFAULT '0' COMMENT '对应场景实体id',
  `map_name` varchar(50) NOT NULL DEFAULT '0' COMMENT '[Language]地图名',
  `info` varchar(100) NOT NULL DEFAULT '0' COMMENT '[Language]地图描述信息',
  `fight_type` int(10) NOT NULL DEFAULT '1' COMMENT '战斗类型：1=对战，2=排位，3=混战，4=新手引导 5=团队混战 6=Boss模式（对应line_mode的id） 7=兵团对战 8=兵团混战 9=新手混战 10=新手对战',
  `open_lv` int(10) DEFAULT NULL COMMENT '战斗类型及模式的开放等级',
  `mode_type` int(10) NOT NULL DEFAULT '0' COMMENT '战斗模式：1=团队模式，2=歼灭战模式，3=人质解救模式，4=爆破模式，5=资源模式，6=占领模式，7=手雷战模式、8=狙击战模式，10=混战模式，11=新手模式，12=新手引导，13=组队混战，20=BOSS模式，21=BOSS引导模式，99=测试模式',
  `mode_name` varchar(100) NOT NULL DEFAULT '0' COMMENT '[Language]模式名称',
  `io_item` int(50) NOT NULL DEFAULT '0' COMMENT '表示这张地图是否有IO掉落物品，填0表示不掉落，索引到triggers表。掉落物品的位置从map_generate表读',
  `bomb_camp` int(10) NOT NULL DEFAULT '0' COMMENT '如果爆炸模式，埋弹的阵营。1为警察，2为土匪。',
  `bomb_area` varchar(100) NOT NULL DEFAULT '0,0,0' COMMENT '如果爆炸模式，炸弹的生成点',
  `min_round` int(10) NOT NULL DEFAULT '1' COMMENT '对局局数最小值（只能选奇数，1=1局1胜，3=3局2胜，5=5局3胜，依次类推）',
  `max_round` int(10) NOT NULL DEFAULT '1' COMMENT '对局局数最大值（只能选奇数，1=1局1胜，3=3局2胜，5=5局3胜，依次类推）',
  `match_round` int(10) NOT NULL DEFAULT '1' COMMENT '匹配时，系统创建的房间所选择的局数（如果匹配到玩家创建的房间，则用玩家所选择的局数）',
  `min_k_num` int(10) NOT NULL DEFAULT '10' COMMENT '如是人头模式或者可复活人头限定多人混战模式，还应有击杀人头判定值最小值。对战模式下玩家可自行选择，排位模式下系统固定',
  `max_k_num` int(10) NOT NULL DEFAULT '0' COMMENT '如是人头模式或者可复活人头限定多人混战模式，还应有击杀人头判定值最大值。对战模式下玩家可自行选择，排位模式下系统固定',
  `match_k_num` int(10) NOT NULL DEFAULT '20' COMMENT '匹配时，系统创建的房间所选择的人头数（如果匹配到玩家创建的房间，则用玩家所选择的人头数）',
  `limit_users` int(10) NOT NULL DEFAULT '0' COMMENT '房间人数上限',
  `exist_sec` varchar(50) NOT NULL DEFAULT '0' COMMENT '单局战斗最长持续时间（为0表示无限制）中间以逗号隔开，则表示可以由时间配置选择多级。在一些限时模式中会用到。',
  `relive_time` int(10) NOT NULL DEFAULT '0' COMMENT '如是人头模式/团队模式，还应有单人初始复活时间',
  `add_time` int(10) NOT NULL DEFAULT '0' COMMENT '如是人头模式/团队模式，还应有单人死亡一次增加的复活',
  `limit_rel_time` int(10) NOT NULL DEFAULT '0' COMMENT '如是人头模式/团队模式，还应有单人复活时间上限',
  `bgm` varchar(20) NOT NULL DEFAULT '0' COMMENT '索引到音效表',
  `bomb_link_pos` varchar(1000) NOT NULL DEFAULT '0' COMMENT '爆破区域连接点',
  `camp_amount` int(11) NOT NULL DEFAULT '1' COMMENT '阵营数量',
  PRIMARY KEY (`id`)
) ENGINE=InnoDB DEFAULT CHARSET=utf8;
/*!40101 SET character_set_client = @saved_cs_client */;

--
-- Dumping data for table `map`
--

LOCK TABLES `map` WRITE;
/*!40000 ALTER TABLE `map` DISABLE KEYS */;
INSERT INTO `map` VALUES (800001,800001,800001,'Tutorial','0',4,1,12,'Tutorial',0,0,'0,0,0',1,1,1,9999,9999,9999,10,'480',5,0,5,'10004,10005','0',2),(800002,800002,800002,'Tutorial 2','0',4,1,21,'Tutorial 2',0,0,'0,0,0',1,1,1,0,0,0,5,'300',3,1,15,'10006,10007','0',1),(810000,810000,810000,'Desert Stronghold','0',1,5,4,'Burst Mode',0,2,'36.77,1,-29',5,5,5,0,0,0,10,'300',0,0,0,'10006,10007','(-43.99,0,34),(-43.94,0,38.57),(-35.09,0,39),(-35.71,0,33.91):(-43.9,0,-29.7),(-36.56,0,-29.4),(-36.28,0,-34.76),(-44.01,0,-34.76)',2),(810001,810000,810001,'Desert Stronghold','0',5,15,13,'Team Deathmatch',0,0,'0,0,0',1,1,1,9999,9999,9999,12,'480',5,0,5,'10006,10007','0',4),(810002,810000,810001,'Desert Stronghold','0',3,4,10,'Deathmatch',0,0,'0,0,0',1,1,1,9999,9999,9999,10,'480',5,0,5,'10006,10007','0',10),(812000,812000,812000,'Military Base','0',3,4,10,'Deathmatch',850031,0,'0,0,0',1,1,1,9999,9999,9999,10,'480',5,0,5,'10004,10005','0',10),(812001,812000,812001,'Military Base','0',9,4,11,'Newbie Area',850031,0,'0,0,0',1,1,1,9999,9999,9999,10,'480',5,0,5,'10004,10005','0',10),(812002,812000,812000,'Military Base','0',5,15,13,'Team Deathmatch',850031,0,'0,0,0',1,1,1,9999,9999,9999,12,'480',5,0,5,'10004,10005','0',4),(813001,813001,813001,'CV - Front','0',1,5,5,'Control Mode',0,0,'0,0,0',1,1,1,0,0,0,10,'1800',5,1,10,'10008,10009','0',2),(813002,813002,813002,'CV - Middle','0',1,3,1,'Team Match',0,0,'0,0,0',1,9,1,30,80,40,10,'1800',5,1,10,'10010,10011','0',2),(813003,813003,813003,'CV - Rear','0',3,99,10,'Deathmatch',0,0,'0,0,0',1,1,1,9999,9999,9999,10,'480',5,0,5,'10010,10011','0',10),(813004,813002,813004,'CV - Middle','',10,1,1,'Newbie Area',0,0,'0,0,0',1,9,1,30,80,30,10,'1800',5,1,10,'10010,10011','0',2),(815000,815000,815000,'Frozen Wasteland','0',1,5,5,'Control Mode',0,0,'0,0,0',1,1,1,0,0,0,10,'1800',5,1,10,'10008,10009','0',2),(815001,815000,815001,'Frozen Wasteland','0',5,15,13,'Team Deathmatch',0,0,'0,0,0',1,1,1,9999,9999,9999,12,'480',5,0,5,'10008,10009','0',4),(815002,815000,815002,'Frozen Wasteland','0',1,3,1,'Team Match',0,0,'0,0,0',1,1,1,30,80,40,10,'1800',5,1,10,'10008,10009','0',2),(817001,817001,817001,'Ancient Ruins','0',1,3,1,'Team Match',0,0,'0,0,0',1,1,1,9999,9999,40,10,'1800',5,1,10,'10010,10011','0',2),(817002,817001,817002,'Ancient Ruins','0',5,15,13,'Team Deathmatch',0,0,'0,0,0',1,1,1,9999,9999,9999,12,'480',5,0,5,'10010,10011','0',4),(817003,817001,817002,'Ancient Ruins','0',3,4,10,'Deathmatch',0,0,'0,0,0',1,1,1,9999,9999,9999,10,'480',5,0,5,'10010,10011','0',10),(820001,810000,810000,'Desert Stronghold','Qualifying Match',2,0,4,'Burst Mode',0,2,'36.77,1,-29',5,5,5,0,0,0,10,'300',0,0,0,'10006,10007','(-43.99,0,34),(-43.94,0,38.57),(-35.09,0,39),(-35.71,0,33.91):(-43.9,0,-29.7),(-36.56,0,-29.4),(-36.28,0,-34.76),(-44.01,0,-34.76)',2),(820002,813002,813002,'CV - Middle','Qualifying Match',2,0,1,'Team Match',0,0,'0,0,0',1,9,1,50,50,50,10,'1800',5,1,10,'10010,10011','0',2),(820003,817001,817001,'Ancient Ruins','Qualifying Match',2,0,1,'Team Match',0,0,'0,0,0',1,1,1,50,50,50,10,'1800',5,1,10,'10010,10011','0',2),(820004,815000,815000,'Frozen Wasteland','Qualifying Match',2,0,5,'Control Mode',0,0,'0,0,0',1,1,1,0,0,0,10,'1800',5,1,10,'10008,10009','0',2),(830001,810000,810000,'Desert Stronghold','Battle of Legions',7,0,4,'Burst Mode',0,2,'36.77,1,-29',5,5,5,0,0,0,10,'300',0,0,0,'10006,10007','(-43.99,0,34),(-43.94,0,38.57),(-35.09,0,39),(-35.71,0,33.91):(-43.9,0,-29.7),(-36.56,0,-29.4),(-36.28,0,-34.76),(-44.01,0,-34.76)',2),(830002,813002,813002,'CV - Middle','Battle of Legions',7,0,1,'Team Match',0,0,'0,0,0',1,9,1,50,50,50,10,'1800',5,1,10,'10010,10011','0',2),(830003,817001,817001,'Ancient Ruins','Battle of Legions',7,0,1,'Team Match',0,0,'0,0,0',1,1,1,50,50,50,10,'1800',5,1,10,'10010,10011','0',2),(830004,815000,815000,'Frozen Wasteland','Battle of Legions',7,0,5,'Control Mode',0,0,'0,0,0',1,1,1,0,0,0,10,'1800',5,1,10,'10008,10009','0',2),(840001,810000,810001,'Desert Stronghold','Deathmatch of Legions',8,0,13,'Team Deathmatch',0,0,'0,0,0',1,1,1,9999,9999,9999,12,'480',5,0,5,'10006,10007','0',4),(840002,812000,812000,'Military Base','Deathmatch of Legions',8,0,13,'Team Deathmatch',850031,0,'0,0,0',1,1,1,9999,9999,9999,12,'480',5,0,5,'10004,10005','0',4),(840003,815000,815001,'Frozen Wasteland','Deathmatch of Legions',8,0,13,'Team Deathmatch',0,0,'0,0,0',1,1,1,9999,9999,9999,12,'480',5,0,5,'10008,10009','0',4),(910001,800002,800003,'','0',6,20,20,'',0,0,'0,0,0',1,1,1,0,0,0,5,'600',5,5,30,'10006,10007','0',1);
/*!40000 ALTER TABLE `map` ENABLE KEYS */;
UNLOCK TABLES;

--
-- Table structure for table `map_born`
--

DROP TABLE IF EXISTS `map_born`;
/*!40101 SET @saved_cs_client     = @@character_set_client */;
/*!40101 SET character_set_client = utf8 */;
CREATE TABLE `map_born` (
  `id` int(10) NOT NULL DEFAULT '0' COMMENT '系统编号id',
  `map_id` int(10) NOT NULL DEFAULT '0' COMMENT '地图id   关联map表的ID',
  `pos_x` int(10) NOT NULL DEFAULT '0' COMMENT '坐标',
  `pos_y` int(10) NOT NULL DEFAULT '0' COMMENT '坐标',
  `pos_z` int(10) NOT NULL DEFAULT '0' COMMENT '坐标',
  `camp` int(10) NOT NULL DEFAULT '0' COMMENT '对应阵营，1为上帝之手、房间里在左边，LOADING在上面，2为末日晨曦、房间里在右边，LOADING在上面。3和4阵营',
  PRIMARY KEY (`id`)
) ENGINE=InnoDB DEFAULT CHARSET=utf8 COMMENT='[logic server no use][local no use]';
/*!40101 SET character_set_client = @saved_cs_client */;

--
-- Dumping data for table `map_born`
--

LOCK TABLES `map_born` WRITE;
/*!40000 ALTER TABLE `map_born` DISABLE KEYS */;
INSERT INTO `map_born` VALUES (1,800001,8,1,-16,1),(2,800002,-16,1,23,1),(3,810000,-31,1,-2,1),(4,810000,-31,1,-15,1),(5,810000,-34,1,-10,1),(6,810000,-37,1,-6,1),(7,810000,-31,1,-8,1),(8,810000,41,2,-25,2),(9,810000,44,2,-29,2),(10,810000,47,2,-27,2),(11,810000,47,2,-21,2),(12,810000,47,2,-16,2),(13,810001,-34,1,-43,1),(14,810001,-25,1,-44,1),(15,810001,-25,1,-36,1),(16,810001,-29,1,-40,1),(17,810001,-32,1,-36,1),(18,810001,16,1,-39,2),(19,810001,24,1,-43,2),(20,810001,23,1,-39,2),(21,810001,23,1,-46,2),(22,810001,16,1,-46,2),(23,810001,25,1,16,3),(24,810001,32,1,18,3),(25,810001,32,1,25,3),(26,810001,28,1,22,3),(27,810001,25,1,25,3),(28,810001,-31,1,42,4),(29,810001,-29,1,35,4),(30,810001,-28,1,38,4),(31,810001,-28,1,31,4),(32,810001,-32,1,31,4),(33,810002,-31,1,-15,1),(34,810002,-31,1,-40,1),(35,810002,-31,1,-2,1),(36,810002,-31,1,16,1),(37,810002,-45,1,16,1),(38,810002,-44,1,35,1),(39,810002,-29,1,44,1),(40,810002,-7,1,44,1),(41,810002,7,1,27,1),(42,810002,29,1,25,1),(43,810002,19,1,15,1),(44,810002,15,1,-1,1),(45,810002,-10,1,-2,1),(46,810002,-4,1,-23,1),(47,810002,17,1,-41,1),(48,810002,45,1,-34,1),(49,810002,46,1,14,1),(50,810002,47,1,-9,1),(51,812000,0,1,0,1),(52,812000,6,1,-17,1),(53,812000,6,1,-35,1),(54,812000,6,1,-57,1),(55,812000,-10,1,-57,1),(56,812000,-45,1,-5,1),(57,812000,-40,1,27,1),(58,812000,0,1,51,1),(59,812000,14,1,33,1),(60,812000,28,1,12,1),(61,812000,-16,1,-19,1),(62,812000,-22,1,-40,1),(63,812000,-24,1,-2,1),(64,812000,-5,1,14,1),(65,812000,-34,1,6,1),(66,812000,-20,1,38,1),(67,812001,0,1,0,1),(68,812001,6,1,-17,1),(69,812001,6,1,-35,1),(70,812001,6,1,-57,1),(71,812001,-10,1,-57,1),(72,812001,-45,1,-5,1),(73,812001,-40,1,27,1),(74,812001,0,1,51,1),(75,812001,14,1,33,1),(76,812001,28,1,12,1),(77,812001,-16,1,-19,1),(78,812001,-22,1,-40,1),(79,812001,-24,1,-2,1),(80,812001,-5,1,14,1),(81,812001,-34,1,6,1),(82,812001,-20,1,38,1),(83,812002,-39,1,3,1),(84,812002,-35,1,6,1),(85,812002,-32,1,3,1),(86,812002,-36,1,0,1),(87,812002,-35,1,3,1),(88,812002,-3,1,-63,2),(89,812002,-3,1,-66,2),(90,812002,1,1,-63,2),(91,812002,-2,1,-60,2),(92,812002,-6,1,-63,2),(93,812002,-4,1,50,3),(94,812002,-1,1,54,3),(95,812002,2,1,51,3),(96,812002,-2,1,47,3),(97,812002,-1,1,50,3),(98,812002,1,1,-5,4),(99,812002,0,1,-8,4),(100,812002,4,1,-5,4),(101,812002,1,1,-2,4),(102,812002,-3,1,-5,4),(103,813001,-51,1,3,1),(104,813001,-51,1,9,1),(105,813001,-43,1,9,1),(106,813001,-43,1,2,1),(107,813001,-47,1,5,1),(108,813001,-45,1,-15,2),(109,813001,-42,1,-17,2),(110,813001,-41,1,-13,2),(111,813001,-48,1,-13,2),(112,813001,-49,1,-17,2),(113,813002,28,1,-1,1),(114,813002,28,1,3,1),(115,813002,28,1,8,1),(116,813002,28,1,12,1),(117,813002,28,1,15,1),(118,813002,-40,1,15,2),(119,813002,-40,1,11,2),(120,813002,-39,1,8,2),(121,813002,-38,1,3,2),(122,813002,-38,1,-1,2),(123,813003,-3,1,0,1),(124,813003,-18,1,0,1),(125,813003,-18,1,-9,1),(126,813003,15,1,-9,1),(127,813003,-9,1,-9,1),(128,813003,4,1,-9,1),(129,813003,15,1,-17,1),(130,813003,-17,1,-17,1),(131,813003,-9,1,-17,1),(132,813003,16,1,-25,1),(133,813003,14,1,0,1),(134,813003,-11,1,0,1),(135,813003,6,1,0,1),(136,813003,-4,1,17,1),(137,813003,-4,1,9,1),(138,813003,1,1,-17,1),(139,815000,40,1,-10,1),(140,815000,43,1,-3,1),(141,815000,39,1,-1,1),(142,815000,36,1,-9,1),(143,815000,40,1,-6,1),(144,815000,-39,1,2,2),(145,815000,-37,1,8,2),(146,815000,-41,1,5,2),(147,815000,-37,1,6,2),(148,815000,-33,1,9,2),(149,815001,43,1,-3,1),(150,815001,43,1,5,1),(151,815001,38,1,5,1),(152,815001,38,1,-4,1),(153,815001,41,1,1,1),(154,815001,-39,1,2,2),(155,815001,-40,1,-3,2),(156,815001,-41,1,5,2),(157,815001,-37,1,6,2),(158,815001,-37,1,-2,2),(159,815001,5,1,-38,3),(160,815001,-2,1,-38,3),(161,815001,-3,1,-42,3),(162,815001,7,1,-41,3),(163,815001,2,1,-41,3),(164,815001,0,1,37,4),(165,815001,4,1,36,4),(166,815001,-3,1,37,4),(167,815001,-3,1,41,4),(168,815001,5,1,40,4),(169,815002,40,1,-10,1),(170,815002,43,1,-3,1),(171,815002,39,1,-1,1),(172,815002,36,1,-9,1),(173,815002,40,1,-6,1),(174,815002,-39,1,2,2),(175,815002,-37,1,8,2),(176,815002,-41,1,5,2),(177,815002,-37,1,6,2),(178,815002,-33,1,9,2),(179,817001,-42,1,1,1),(180,817001,-43,1,3,1),(181,817001,-39,1,-3,1),(182,817001,-39,1,0,1),(183,817001,-35,1,0,1),(184,817001,59,1,0,2),(185,817001,56,1,0,2),(186,817001,56,1,-3,2),(187,817001,51,1,3,2),(188,817001,52,1,1,2),(189,817002,30,1,-3,1),(190,817002,29,1,0,1),(191,817002,25,1,-1,1),(192,817002,30,1,5,1),(193,817002,28,1,3,1),(194,817002,-10,1,5,2),(195,817002,-14,1,5,2),(196,817002,-11,1,1,2),(197,817002,-15,1,0,2),(198,817002,-13,1,-3,2),(199,817002,12,1,-17,3),(200,817002,9,1,-14,3),(201,817002,16,1,-16,3),(202,817002,1,1,-17,3),(203,817002,5,1,-16,3),(204,817002,6,1,18,4),(205,817002,1,1,17,4),(206,817002,16,1,17,4),(207,817002,9,1,19,4),(208,817002,12,1,17,4),(209,817003,31,1,0,1),(210,817003,-1,1,0,1),(211,817003,-17,1,0,1),(212,817003,-42,1,1,1),(213,817003,-21,1,15,1),(214,817003,5,1,17,1),(215,817003,31,1,17,1),(216,817003,45,1,-10,1),(217,817003,30,1,-16,1),(218,817003,6,1,-16,1),(219,817003,-19,1,-14,1),(220,817003,-30,1,10,1),(221,817003,-30,1,-8,1),(222,817003,59,1,1,1),(223,817003,45,1,10,1),(224,817003,16,1,0,1),(225,910001,8,1,25,1),(226,910001,2,1,24,1),(227,910001,1,1,19,1),(228,910001,15,1,19,1),(229,910001,13,1,24,1),(230,820001,-31,1,-2,1),(231,820001,-31,1,-15,1),(232,820001,-34,1,-10,1),(233,820001,-37,1,-6,1),(234,820001,-31,1,-8,1),(235,820001,41,2,-25,2),(236,820001,44,2,-29,2),(237,820001,47,2,-27,2),(238,820001,47,2,-21,2),(239,820001,47,2,-16,2),(240,820002,28,1,-1,1),(241,820002,28,1,3,1),(242,820002,28,1,8,1),(243,820002,28,1,12,1),(244,820002,28,1,15,1),(245,820002,-40,1,15,2),(246,820002,-40,1,11,2),(247,820002,-39,1,8,2),(248,820002,-38,1,3,2),(249,820002,-38,1,-1,2),(250,820003,-42,1,1,1),(251,820003,-43,1,3,1),(252,820003,-39,1,-3,1),(253,820003,-39,1,0,1),(254,820003,-35,1,0,1),(255,820003,59,1,0,2),(256,820003,56,1,0,2),(257,820003,56,1,-3,2),(258,820003,51,1,3,2),(259,820003,52,1,1,2),(260,820004,43,1,-3,1),(261,820004,43,1,5,1),(262,820004,38,1,5,1),(263,820004,38,1,-4,1),(264,820004,41,1,1,1),(265,820004,-39,1,2,2),(266,820004,-40,1,-3,2),(267,820004,-41,1,5,2),(268,820004,-37,1,6,2),(269,820004,-37,1,-2,2),(270,830001,-31,1,-2,1),(271,830001,-31,1,-15,1),(272,830001,-34,1,-10,1),(273,830001,-37,1,-6,1),(274,830001,-31,1,-8,1),(275,830001,41,2,-25,2),(276,830001,44,2,-29,2),(277,830001,47,2,-27,2),(278,830001,47,2,-21,2),(279,830001,47,2,-16,2),(280,830002,28,1,-1,1),(281,830002,28,1,3,1),(282,830002,28,1,8,1),(283,830002,28,1,12,1),(284,830002,28,1,15,1),(285,830002,-40,1,15,2),(286,830002,-40,1,11,2),(287,830002,-39,1,8,2),(288,830002,-38,1,3,2),(289,830002,-38,1,-1,2),(290,830003,-42,1,1,1),(291,830003,-43,1,3,1),(292,830003,-39,1,-3,1),(293,830003,-39,1,0,1),(294,830003,-35,1,0,1),(295,830003,59,1,0,2),(296,830003,56,1,0,2),(297,830003,56,1,-3,2),(298,830003,51,1,3,2),(299,830003,52,1,1,2),(300,830004,43,1,-3,1),(301,830004,43,1,5,1),(302,830004,38,1,5,1),(303,830004,38,1,-4,1),(304,830004,41,1,1,1),(305,830004,-39,1,2,2),(306,830004,-40,1,-3,2),(307,830004,-41,1,5,2),(308,830004,-37,1,6,2),(309,830004,-37,1,-2,2),(310,840001,-34,1,-43,1),(311,840001,-25,1,-44,1),(312,840001,-25,1,-36,1),(313,840001,-29,1,-40,1),(314,840001,-32,1,-36,1),(315,840001,16,1,-39,2),(316,840001,24,1,-43,2),(317,840001,23,1,-39,2),(318,840001,23,1,-46,2),(319,840001,16,1,-46,2),(320,840001,25,1,16,3),(321,840001,32,1,18,3),(322,840001,32,1,25,3),(323,840001,28,1,22,3),(324,840001,25,1,25,3),(325,840001,-31,1,42,4),(326,840001,-29,1,35,4),(327,840001,-28,1,38,4),(328,840001,-28,1,31,4),(329,840001,-32,1,31,4),(330,840002,-39,1,3,1),(331,840002,-35,1,6,1),(332,840002,-32,1,3,1),(333,840002,-36,1,0,1),(334,840002,-35,1,3,1),(335,840002,-3,1,-63,2),(336,840002,-3,1,-66,2),(337,840002,1,1,-63,2),(338,840002,-2,1,-60,2),(339,840002,-6,1,-63,2),(340,840002,-4,1,50,3),(341,840002,-1,1,54,3),(342,840002,2,1,51,3),(343,840002,-2,1,47,3),(344,840002,-1,1,50,3),(345,840002,1,1,-5,4),(346,840002,0,1,-8,4),(347,840002,4,1,-5,4),(348,840002,1,1,-2,4),(349,840002,-3,1,-5,4),(350,840003,43,1,-3,1),(351,840003,43,1,5,1),(352,840003,38,1,5,1),(353,840003,38,1,-4,1),(354,840003,41,1,1,1),(355,840003,-39,1,2,2),(356,840003,-40,1,-3,2),(357,840003,-41,1,5,2),(358,840003,-37,1,6,2),(359,840003,-37,1,-2,2),(360,840003,5,1,-38,3),(361,840003,-2,1,-38,3),(362,840003,-3,1,-42,3),(363,840003,7,1,-41,3),(364,840003,2,1,-41,3),(365,840003,0,1,37,4),(366,840003,4,1,36,4),(367,840003,-3,1,37,4),(368,840003,-3,1,41,4),(369,840003,5,1,40,4),(370,813004,28,1,-1,1),(371,813004,28,1,3,1),(372,813004,28,1,8,1),(373,813004,28,1,12,1),(374,813004,28,1,15,1),(375,813004,-40,1,15,2),(376,813004,-40,1,11,2),(377,813004,-39,1,8,2),(378,813004,-38,1,3,2),(379,813004,-38,1,-1,2);
/*!40000 ALTER TABLE `map_born` ENABLE KEYS */;
UNLOCK TABLES;

--
-- Table structure for table `map_entities`
--

DROP TABLE IF EXISTS `map_entities`;
/*!40101 SET @saved_cs_client     = @@character_set_client */;
/*!40101 SET character_set_client = utf8 */;
CREATE TABLE `map_entities` (
  `id` int(11) NOT NULL DEFAULT '0' COMMENT 'ID',
  `map_entities_group_id` int(11) NOT NULL DEFAULT '0' COMMENT '场景实体对象组ID',
  `fixed_id` int(11) NOT NULL DEFAULT '0' COMMENT '固定ID',
  `name` varchar(200) NOT NULL DEFAULT '0' COMMENT '名称',
  `pos_x` float NOT NULL DEFAULT '0' COMMENT '位置信息，X',
  `pos_y` float NOT NULL DEFAULT '0' COMMENT '位置信息，Y',
  `pos_z` float NOT NULL DEFAULT '0' COMMENT '位置信息，Z',
  `rotating_y` float NOT NULL DEFAULT '0' COMMENT '方向信息，旋转Y值',
  `type` int(11) NOT NULL DEFAULT '0' COMMENT '类型 0：触发器   1：掩体bunker 2：Boss 3 : 怪物',
  `entity_id` int(11) NOT NULL DEFAULT '0' COMMENT '触发器/掩体id/怪物',
  `display` int(11) NOT NULL DEFAULT '1' COMMENT '初始化场景时，是否创建触发器。0不创建，1创建',
  `group` int(20) NOT NULL DEFAULT '0' COMMENT '标识物件分组的字段。填0表示不分组。',
  `display_delay` varchar(20) NOT NULL DEFAULT '0' COMMENT '初始化延迟时间',
  PRIMARY KEY (`id`)
) ENGINE=InnoDB DEFAULT CHARSET=utf8;
/*!40101 SET character_set_client = @saved_cs_client */;

--
-- Dumping data for table `map_entities`
--

LOCK TABLES `map_entities` WRITE;
/*!40000 ALTER TABLE `map_entities` DISABLE KEYS */;
INSERT INTO `map_entities` VALUES (1,800001,1,'光幕1',2.83,0.382,2.37,271,0,890004,0,0,'0'),(2,800001,2,'光幕1',-1.57,0.382,2.37,271,0,890004,0,0,'0'),(3,800001,3,'光幕2',-0.51,0.382,15.14,271,0,890004,0,0,'0'),(4,800001,4,'光幕2',2.83,0.382,15.1,271,0,890004,0,0,'0'),(5,800001,5,'固定靶子',-0.73,0.884,-7.3,182,0,890002,0,0,'0'),(6,800001,10,'固定靶子',4.92,0.902,-5.6,8,0,890002,0,0,'0'),(7,800001,11,'固定靶子',-0.24,0.902,-4.44,163,0,890002,0,0,'0'),(8,800001,12,'固定靶子2',-2.23,0.917,8.62,170,0,890002,0,0,'0'),(9,800001,14,'固定靶子2',2.57,0.917,12.89,88,0,890002,0,0,'0'),(10,800001,15,'固定靶子2',5,0.917,10.63,26,0,890002,0,0,'0'),(11,800001,16,'固定靶子3',-2.23,0.917,41.76,92,0,890002,0,0,'0'),(12,800001,17,'固定靶子3',1.45,0.917,41.76,92,0,890002,0,0,'0'),(13,800001,18,'固定靶子3',4.93,0.917,41.76,92,0,890002,0,0,'0'),(14,800001,19,'固定靶子3',3.48,0.917,39.06,92,0,890002,0,0,'0'),(15,800001,20,'固定靶子3',0.26,0.917,39.06,92,0,890002,0,0,'0'),(16,800001,21,'触发框1',2.29,0,-9.03,30,0,890001,0,0,'0'),(17,800001,22,'触发框2',1.11,0,7.85,355,0,890001,0,0,'0'),(18,800001,23,'触发框3',1.661,0,31.36,360,0,890001,0,0,'0'),(19,800001,24,'范围指示器1',2.61,0,-9.49,30,0,890006,0,0,'0'),(20,800001,25,'范围指示器2',1.2,0,7.84,30,0,890006,0,0,'0'),(21,800001,26,'范围指示器3',1.65,0,31.37,360,0,890006,0,0,'0'),(22,800001,27,'箭头1',5.45,0,-14.45,30,0,890005,0,0,'0'),(23,800001,28,'箭头2',1.22,0,-2.76,360,0,890005,0,0,'0'),(24,800001,29,'箭头3',1.22,0,12.4,360,0,890005,0,0,'0'),(25,800001,30,'出生点',8.42,0,-19.61,360,0,890010,0,0,'0'),(26,800001,31,'手雷范围指示器',1.14,0,40.43,360,0,890007,0,0,'0'),(27,800001,13,'固定靶子2',-0.82,0.917,11.88,133,0,890002,0,0,'0'),(28,810000,0,'1',25.2,0,19.86,360,0,850000,1,0,'0'),(29,810000,0,'',14.859,0.027,23.518,360,0,880012,1,0,'0'),(30,810000,0,'1',3.17,2.385,-5.89,360,0,850003,1,0,'0'),(31,810000,0,'',-27.946,0,14.422,89,0,881001,1,0,'0'),(32,810000,0,'1',-30.04,0,-43.89,360,0,850000,1,0,'0'),(33,810000,0,'',-15.489,0,-0.02,271,0,881002,1,0,'0'),(34,810000,0,'',15.809,0.057,18.428,92,0,850027,1,0,'0'),(35,810000,0,'',33.9,1.026,-23.17,88,0,850027,1,0,'0'),(36,810000,0,'',-49.172,1.01,18.495,271,0,850028,1,0,'0'),(37,810000,0,'',-26.296,0.055,-10.66,88,0,850027,1,0,'0'),(38,810000,0,'1',-35.5,0,-23.45,360,0,850000,1,0,'0'),(39,810000,0,'',-33.37,0.066,36.66,271,0,850028,1,0,'0'),(40,810000,0,'',43.118,0,-17.948,360,0,881001,1,0,'0'),(41,810000,0,'1',27.604,0.06,-31.559,360,0,850029,1,0,'0'),(42,810000,0,'',-1.64,0.027,-28.12,360,0,880012,1,0,'0'),(43,810000,0,'1',-24.52,0.058,-38.76,360,0,850002,1,0,'0'),(44,810000,0,'1',-10.407,0,-23.921,360,0,850000,1,0,'0'),(45,810000,0,'1',-36.447,0.0599999,23.74,271,0,850029,1,0,'0'),(46,810000,0,'1',33.17,0,-3.88,360,0,850000,1,0,'0'),(47,810000,0,'',-19.9,0.066,-34.54,360,0,850028,1,0,'0'),(48,810000,0,'1',4.85,0.079,38.81,360,0,850002,1,0,'0'),(49,810000,0,'1',20.767,0.06,-7.461,271,0,850029,1,0,'0'),(50,810000,0,'',9.21,0,-0.72,360,0,852005,1,0,'15000,30000'),(51,810000,0,'',-37.21,0.027,-50.17,360,0,880012,1,0,'0'),(52,810000,0,'',-27.05,0.027,-22.36,360,0,880012,1,0,'0'),(53,810000,0,'1',19.2,0,-42.13,360,0,850000,1,0,'0'),(54,810000,0,'',-22.693,-0.02,-49.603,360,0,850027,1,0,'0'),(55,810000,0,'1',-11.816,3.286,-46.702,360,0,850003,1,0,'0'),(56,810000,0,'1',-45.801,1.09,21.602,48,0,850030,1,0,'0'),(57,810000,0,'',-11.39,0.027,18.71,360,0,880012,1,0,'0'),(58,810000,0,'',-43.29,0.073,0.47,271,0,850028,1,0,'0'),(59,810000,0,'1',35.98,0.98,-33.81,360,0,850000,1,0,'0'),(60,810000,0,'1',-32.1,0.06,-51.03,360,0,850029,1,0,'0'),(61,810000,0,'',51.608,0.027,-2.698,360,0,880012,1,0,'0'),(62,810000,0,'1',17.169,2.574,22.919,360,0,850003,1,0,'0'),(63,810000,0,'1',7.434,0.06,5.023,360,0,850029,1,0,'0'),(64,810000,0,'',15.51,0.027,-48.69,360,0,880012,1,0,'0'),(65,810000,0,'1',-34.812,0.161,-40.321,48,0,850030,1,0,'0'),(66,810000,0,'1',8.71,0.128,-37.33,360,0,850002,1,0,'0'),(67,810000,0,'1',38.484,1.059,-19.384,360,0,850029,1,0,'0'),(68,810000,0,'',-23.31,0,44.67,360,0,852005,1,0,'15000,30000'),(69,810000,0,'',-53.666,0.066,-47.066,271,0,850028,1,0,'0'),(70,810000,0,'',1.211,0.053,28.76,271,0,850028,1,0,'0'),(71,810000,0,'1',-3.79,0.058,-34.41,360,0,850002,1,0,'0'),(72,810000,0,'',-8.51,0.027,48.35,360,0,880012,1,0,'0'),(73,810000,0,'1',-43.48,0.97,30.1,360,0,850000,1,0,'0'),(74,810000,0,'',48.52,0.838,-46.737,360,0,880012,1,0,'0'),(75,810000,0,'',-30.59,0,-35.4,360,0,852005,1,0,'15000,30000'),(76,810000,0,'',-15.545,0,-4.092,271,0,881002,1,0,'0'),(77,810000,0,'1',-12.78,0.052,15.24,360,0,850002,1,0,'0'),(78,810000,0,'',49.796,0.95,-48.349,182,0,850028,1,0,'0'),(79,810000,0,'1',-41.494,1.03,18.01,360,0,850002,1,0,'0'),(80,810000,0,'',-41.64,0.97,13.23,343,0,850027,1,0,'0'),(81,810000,0,'1',18.82,0.05,10.62,360,0,850002,1,0,'0'),(82,810000,0,'',-1.21,0.078,-20.109,360,0,850028,1,0,'0'),(83,810000,0,'',2.734,0.027,4.262,360,0,880012,1,0,'0'),(84,810000,0,'1',40.41,1.138,-29.381,47,0,850030,1,0,'0'),(85,810000,0,'',19.83,0,29.024,271,0,881002,1,0,'0'),(86,810000,0,'',19.775,0,23.343,271,0,881002,1,0,'0'),(87,810000,0,'',-40.43,1.008,24.815,360,0,880012,1,0,'0'),(88,810000,0,'1',-6.66,0.195,0.341,45,0,850030,1,0,'0'),(89,810000,0,'1',5.34,0,30.07,360,0,850000,1,0,'0'),(90,810001,0,'1',25.2,0,19.86,360,0,850000,1,0,'0'),(91,810001,0,'',14.859,0.027,23.518,360,0,880012,1,0,'0'),(92,810001,0,'1',3.17,2.385,-5.89,360,0,850003,1,0,'0'),(93,810001,0,'',-27.946,0,14.422,89,0,881001,1,0,'0'),(94,810001,0,'1',-30.04,0,-43.89,360,0,850000,1,0,'0'),(95,810001,0,'',-15.489,0,-0.02,271,0,881002,1,0,'0'),(96,810001,0,'',15.809,0.057,18.428,92,0,850027,1,0,'0'),(97,810001,0,'',33.9,1.026,-23.17,88,0,850027,1,0,'0'),(98,810001,0,'',-49.172,1.01,18.495,271,0,850028,1,0,'0'),(99,810001,0,'',-26.296,0.055,-10.66,88,0,850027,1,0,'0'),(100,810001,0,'1',-35.5,0,-23.45,360,0,850000,1,0,'0'),(101,810001,0,'',-33.37,0.066,36.66,271,0,850028,1,0,'0'),(102,810001,0,'',43.118,0,-17.948,360,0,881001,1,0,'0'),(103,810001,0,'1',27.604,0.06,-31.559,360,0,850001,1,0,'0'),(104,810001,0,'',-1.64,0.027,-28.12,360,0,880012,1,0,'0'),(105,810001,0,'1',-24.52,0.058,-38.76,360,0,850002,1,0,'0'),(106,810001,0,'1',-10.407,0,-23.921,360,0,850000,1,0,'0'),(107,810001,0,'1',-36.447,0.0599999,23.74,271,0,850001,1,0,'0'),(108,810001,0,'1',33.17,0,-3.88,360,0,850000,1,0,'0'),(109,810001,0,'',-19.9,0.066,-34.54,360,0,850028,1,0,'0'),(110,810001,0,'1',4.85,0.079,38.81,360,0,850002,1,0,'0'),(111,810001,0,'1',20.767,0.06,-7.461,271,0,850001,1,0,'0'),(112,810001,0,'',9.21,0,-0.72,360,0,852005,1,0,'15000,30000'),(113,810001,0,'',-37.21,0.027,-50.17,360,0,880012,1,0,'0'),(114,810001,0,'',-27.05,0.027,-22.36,360,0,880012,1,0,'0'),(115,810001,0,'1',19.2,0,-42.13,360,0,850000,1,0,'0'),(116,810001,0,'',-22.693,-0.02,-49.603,360,0,850027,1,0,'0'),(117,810001,0,'1',-11.816,3.286,-46.702,360,0,850003,1,0,'0'),(118,810001,0,'1',-45.801,1.09,21.602,48,0,850030,1,0,'0'),(119,810001,0,'',-11.39,0.027,18.71,360,0,880012,1,0,'0'),(120,810001,0,'',-43.29,0.073,0.47,271,0,850028,1,0,'0'),(121,810001,0,'1',35.98,0.98,-33.81,360,0,850000,1,0,'0'),(122,810001,0,'1',-32.1,0.06,-51.03,360,0,850001,1,0,'0'),(123,810001,0,'',51.608,0.027,-2.698,360,0,880012,1,0,'0'),(124,810001,0,'1',17.169,2.574,22.919,360,0,850003,1,0,'0'),(125,810001,0,'1',7.434,0.06,5.023,360,0,850001,1,0,'0'),(126,810001,0,'',15.51,0.027,-48.69,360,0,880012,1,0,'0'),(127,810001,0,'1',-34.812,0.161,-40.321,48,0,850030,1,0,'0'),(128,810001,0,'1',8.71,0.128,-37.33,360,0,850002,1,0,'0'),(129,810001,0,'1',38.484,1.059,-19.384,360,0,850001,1,0,'0'),(130,810001,0,'',-23.31,0,44.67,360,0,852005,1,0,'15000,30000'),(131,810001,0,'',-53.666,0.066,-47.066,271,0,850028,1,0,'0'),(132,810001,0,'',1.211,0.053,28.76,271,0,850028,1,0,'0'),(133,810001,0,'1',-3.79,0.058,-34.41,360,0,850002,1,0,'0'),(134,810001,0,'',-8.51,0.027,48.35,360,0,880012,1,0,'0'),(135,810001,0,'1',-43.48,0.97,30.1,360,0,850000,1,0,'0'),(136,810001,0,'',48.52,0.838,-46.737,360,0,880012,1,0,'0'),(137,810001,0,'',-30.59,0,-35.4,360,0,852005,1,0,'15000,30000'),(138,810001,0,'',-15.545,0,-4.092,271,0,881002,1,0,'0'),(139,810001,0,'1',-12.78,0.052,15.24,360,0,850002,1,0,'0'),(140,810001,0,'',49.796,0.95,-48.349,182,0,850028,1,0,'0'),(141,810001,0,'1',-41.494,1.03,18.01,360,0,850002,1,0,'0'),(142,810001,0,'',-41.64,0.97,13.23,343,0,850027,1,0,'0'),(143,810001,0,'1',18.82,0.05,10.62,360,0,850002,1,0,'0'),(144,810001,0,'',-1.21,0.078,-20.109,360,0,850028,1,0,'0'),(145,810001,0,'',2.734,0.027,4.262,360,0,880012,1,0,'0'),(146,810001,0,'1',40.41,1.138,-29.381,47,0,850030,1,0,'0'),(147,810001,0,'',19.83,0,29.024,271,0,881002,1,0,'0'),(148,810001,0,'',19.775,0,23.343,271,0,881002,1,0,'0'),(149,810001,0,'',-40.43,1.008,24.815,360,0,880012,1,0,'0'),(150,810001,0,'1',-6.66,0.195,0.341,45,0,850030,1,0,'0'),(151,810001,0,'1',5.34,0,30.07,360,0,850000,1,0,'0'),(152,810001,0,'',-41.22,0,-14.3705,271,0,850034,1,0,'50000,180000'),(153,810001,0,'',-39.543,0,-25.448,282,0,850034,1,0,'50000,180000'),(154,810001,0,'',-47.8886,0,-41.32,181,0,850034,1,0,'50000,180000'),(155,810001,0,'',-41.557,0,-50.792,181,0,850034,1,0,'50000,180000'),(156,810001,0,'',-42.833,0,-30.923,244,0,850034,1,0,'50000,180000'),(157,810001,0,'',-3.69,0,-50.87,272,0,850034,1,0,'50000,180000'),(158,810001,0,'',-16.942,0,-47.19,179,0,850034,1,0,'50000,180000'),(159,810001,0,'',-0.72,0,-40.446,181,0,850034,1,0,'50000,180000'),(160,810001,0,'',-8.1,0,-35.967,271,0,850034,1,0,'50000,180000'),(161,810001,0,'',-11.778,0,-25.208,271,0,850034,1,0,'50000,180000'),(162,810001,0,'',-13.176,0,-14.825,271,0,850034,1,0,'50000,180000'),(163,810001,0,'',-19.55,0,-3.85,182,0,850034,1,0,'50000,180000'),(164,810001,0,'',-29.65,0,6.87796,89,0,850034,1,0,'50000,180000'),(165,810001,0,'',-35.358,0.867,34.748,89,0,850034,1,0,'50000,180000'),(166,810001,0,'',-52.751,0.867,37.948,89,0,850034,1,0,'50000,180000'),(167,810001,0,'',-25.512,0,26.196,89,0,850034,1,0,'50000,180000'),(168,810001,0,'',-27.8752,0,49.074,181,0,850034,1,0,'50000,180000'),(169,810001,0,'',-8.791,0,40.706,181,0,850034,1,0,'50000,180000'),(170,810001,0,'',-3.984,0,49.037,181,0,850034,1,0,'50000,180000'),(171,810001,0,'',9.41,0,38.425,89,0,850034,1,0,'50000,180000'),(172,810001,0,'',18.57,0,29.548,182,0,850034,1,0,'50000,180000'),(173,810001,0,'',-17.796,0,41.951,182,0,850034,1,0,'50000,180000'),(174,810001,0,'',34.563,0,29.611,182,0,850034,1,0,'50000,180000'),(175,810001,0,'',44.704,0,20.623,179,0,850034,1,0,'50000,180000'),(176,810001,0,'',48.708,0,10.18,179,0,850034,1,0,'50000,180000'),(177,810001,0,'',51.707,0.649,-12.253,179,0,850034,1,0,'50000,180000'),(178,810001,0,'',42.269,0.602,-4.374,271,0,850034,1,0,'50000,180000'),(179,810001,0,'',52.359,0.9,-35.837,271,0,850034,1,0,'50000,180000'),(180,810001,0,'',30.862,1.265,-37.427,271,0,850034,1,0,'50000,180000'),(181,810001,0,'',31.417,0.906,-31.783,271,0,850034,1,0,'50000,180000'),(182,810001,0,'',35.48,0.408,-48.54,181,0,850034,1,0,'50000,180000'),(183,810001,0,'',21.981,-0.041,-49.391,181,0,850034,1,0,'50000,180000'),(184,810001,0,'',8.91,-0.037,-49.55,181,0,850034,1,0,'50000,180000'),(185,810001,0,'',23.61,-0.004,-31.58,181,0,850034,1,0,'50000,180000'),(186,810001,0,'',12.93,-0.004,-33.24,181,0,850034,1,0,'50000,180000'),(187,810001,0,'',20.56,-0.004,-11.68,181,0,850034,1,0,'50000,180000'),(188,810001,0,'',40.3,-0.004,-6.21,181,0,850034,1,0,'50000,180000'),(189,810001,0,'',25.782,-0.004,-6.179,181,0,850034,1,0,'50000,180000'),(190,810001,0,'',38.389,-0.004,7.399,271,0,850034,1,0,'50000,180000'),(191,810001,0,'',15.823,0,9.119,271,0,850034,1,0,'50000,180000'),(192,810001,0,'',6.72,0,-6.18,360,0,850034,1,0,'50000,180000'),(193,810001,0,'',-10.67,0,11.54,89,0,850034,1,0,'50000,180000'),(194,810001,0,'',-18.9362,0,19.4656,181,0,850034,1,0,'50000,180000'),(195,812000,0,'',-2.716,2.867,-11.357,42,0,850017,1,0,'0'),(196,812000,0,'',-2.33,0.04,3.24,225,0,890012,1,0,'240000'),(197,812000,0,'',-3.68,0.123,55.775,222,0,850028,1,0,'0'),(198,812000,0,'',-7.281,0.079,51.608,313,0,880010,1,0,'0'),(199,812000,0,'',33.138,0.172,20.541,316,0,850001,1,0,'0'),(200,812000,0,'3',-7.25,0.25,-23.94,324,0,850002,1,0,'0'),(201,812000,0,'',30.745,0.17,9.911,40,0,850027,1,0,'0'),(202,812000,0,'',-13.3,0.04,-8.36,225,0,890012,1,0,'240000'),(203,812000,0,'3',-36.67,0.134,4.39,42,0,850000,1,0,'0'),(204,812000,0,'',8.034,0.172,-39.624,224,0,850001,1,0,'0'),(205,812000,0,'',3.695,0.123,-21.597,224,0,881011,1,0,'0'),(206,812000,0,'',-24.99,0.079,43.2,315,0,880010,1,0,'0'),(207,812000,0,'3',0.171,0.172,-14.41,40,0,850001,1,0,'0'),(208,812000,0,'3',3.226,0.172,55.541,131,0,850001,1,0,'0'),(209,812000,0,'3',3.96,0.134,-1.82,42,0,850000,1,0,'0'),(210,812000,0,'3',-20.07,0.134,-29,42,0,850000,1,0,'0'),(211,812000,0,'',-50.882,0.17,5.716,59,0,850027,1,0,'0'),(212,812000,0,'3',-12.785,0.172,17.525,40,0,850001,1,0,'0'),(213,812000,0,'3',-4.061,0.172,23.07,310,0,850001,1,0,'0'),(214,812000,0,'',10.861,0,36.118,310,0,881012,1,0,'0'),(215,812000,0,'',-8.015,0.123,17.801,42,0,850028,1,0,'0'),(216,812000,0,'3',-9.394,0.267,11.218,355,0,850004,1,0,'0'),(217,812000,0,'',-0.638,0.123,-66.952,40,0,850028,1,0,'0'),(218,812000,0,'',-19.618,0.123,-38.784,224,0,881011,1,0,'0'),(219,812000,0,'',8.947,0.123,38.415,310,0,881011,1,0,'0'),(220,812000,0,'',8.782,0.079,-31.464,272,0,880010,1,0,'0'),(221,812000,0,'',13.218,0.172,1.913,225,0,850001,1,0,'0'),(222,812000,0,'3',1.92,0.25,-46.32,360,0,850002,1,0,'0'),(223,812000,0,'',33.387,0.123,16.156,75,0,850028,1,0,'0'),(224,812000,0,'3',-6.823,0.172,-15.186,42,0,850001,1,0,'0'),(225,812000,0,'',10.249,0.17,-56.911,42,0,850027,1,0,'0'),(226,812000,0,'',-42.021,0.123,-14.317,316,0,850028,1,0,'0'),(227,812000,0,'',9.233,0.172,30.332,297,0,850001,1,0,'0'),(228,812000,0,'3',-19.133,3.23,5.251,224,0,850003,1,0,'0'),(229,812000,0,'',-43.029,2.867,21.167,221,0,850017,1,0,'0'),(230,812000,0,'3',8.791,2.908,-18.129,92,0,850003,1,0,'0'),(231,812000,0,'',-13.769,0.079,-2.542,42,0,880010,1,0,'0'),(232,812000,0,'',-3.97,0.079,-2.6,42,0,880010,1,0,'0'),(233,812000,0,'3',-40.62,0.134,-9.26,42,0,850000,1,0,'0'),(234,812000,0,'',27.93,0.04,12.03,225,0,890012,1,0,'240000'),(235,812000,0,'',-7.484,0.123,-6.832,313,0,881011,1,0,'0'),(236,812000,0,'',-32.35,0.04,-18.1,225,0,890012,1,0,'240000'),(237,812000,0,'',10.854,0.172,-7.988,224,0,850001,1,0,'0'),(238,812000,0,'',-3.67,0.079,-55.26,313,0,880010,1,0,'0'),(239,812000,0,'3',-25.03,0.172,-36.24,246,0,850001,1,0,'0'),(240,812000,0,'3',23.146,2.908,3.367,42,0,850003,1,0,'0'),(241,812000,0,'',-8.108,0.172,-65.494,132,0,850001,1,0,'0'),(242,812000,0,'3',16.45,0.25,0.36,360,0,850002,1,0,'0'),(243,812000,0,'',-17.29,0.123,42.21,225,0,881011,1,0,'0'),(244,812000,0,'3',-26.85,0.134,37.25,42,0,850000,1,0,'0'),(245,812000,0,'',-19.646,0.123,-11.084,42,0,850028,1,0,'0'),(246,812000,0,'3',-5.61,0.25,38.86,324,0,850002,1,0,'0'),(247,812000,0,'3',-36.191,0.172,-3.562,42,0,850001,1,0,'0'),(248,812000,0,'3',-17.32,0.134,-43.55,42,0,850000,1,0,'0'),(249,812000,0,'',2.95,0.079,2.399,40,0,880010,1,0,'0'),(250,812000,0,'3',2.04,0.134,-58.15,42,0,850000,1,0,'0'),(251,812000,0,'3',-57.715,0.172,7.938,42,0,850001,1,0,'0'),(252,812000,0,'',0.463,0.123,44.456,224,0,881011,1,0,'0'),(253,812000,0,'3',2.925,0.245,-26.897,355,0,850004,1,0,'0'),(254,812000,0,'',-1.729,0.17,44.122,314,0,850027,1,0,'0'),(255,812000,0,'',16.164,0.17,39.44,310,0,850027,1,0,'0'),(256,812000,0,'',11.42,0.123,44.997,132,0,850028,1,0,'0'),(257,812000,0,'3',2.992,0.134,30.876,42,0,850000,1,0,'0'),(258,812000,0,'',6.868,0.17,-0.731,310,0,850027,1,0,'0'),(259,812000,0,'3',-12.31,0.134,6.67,42,0,850000,1,0,'0'),(260,812000,0,'',-27.11,0.079,-1.3,313,0,880010,1,0,'0'),(261,812000,0,'',-6.942,0.172,-4.231,224,0,850001,1,0,'0'),(262,812000,0,'',-45.254,0.123,29.913,224,0,850028,1,0,'0'),(263,812000,0,'',-13.7473,0.123,-30.8213,33,0,850028,1,0,'0'),(264,812000,0,'3',-24.546,0.25,0.772,324,0,850002,1,0,'0'),(265,812000,0,'',-8.789,0.123,6.684,225,0,881011,1,0,'0'),(266,812000,0,'',-23.64,0.079,-43.62,313,0,880010,1,0,'0'),(267,812000,0,'3',23.564,0.134,31.113,42,0,850000,1,0,'0'),(268,812000,0,'',-44.1,0.04,14.54,225,0,890012,1,0,'240000'),(269,812000,0,'3',-11.8,0.134,46.66,42,0,850000,1,0,'0'),(270,812000,0,'',-50.633,0.079,13.367,315,0,880010,1,0,'0'),(271,812000,0,'',-20.83,0.172,-20.54,134,0,850001,1,0,'0'),(272,812000,0,'',-30.76,0.079,26.72,315,0,880010,1,0,'0'),(273,812000,0,'',-35.59,0.04,31.17,225,0,890012,1,0,'240000'),(274,812000,0,'',14.82,0.04,35.09,225,0,890012,1,0,'240000'),(275,812000,0,'3',-34.24,0.134,22.61,42,0,850000,1,0,'0'),(276,812000,0,'',3.06,0.04,-32.09,285,0,890012,1,0,'240000'),(277,812000,0,'',-13.14,0.079,-19.8,313,0,880010,1,0,'0'),(278,812000,0,'',-35.875,0.123,12.532,42,0,850028,1,0,'0'),(279,812000,0,'3',-31.454,0.288,36.338,355,0,850004,1,0,'0'),(280,812000,0,'',-7.585,0.123,6.454,45,0,850028,1,0,'0'),(281,812000,0,'',-26.043,0.172,28.502,42,0,850001,1,0,'0'),(282,812000,0,'',-17.256,0.123,54.625,222,0,850028,1,0,'0'),(283,812000,0,'',-1.56,0.04,50.25,225,0,890012,1,0,'240000'),(284,812000,0,'',7.369,0.079,35.324,26,0,880010,1,0,'0'),(285,812000,0,'',-8.83,0.04,-55.17,225,0,890012,1,0,'240000'),(286,812000,0,'3',-21.246,0.134,-3.799,42,0,850000,1,0,'0'),(287,812000,0,'',-22.07,0.04,-33.48,225,0,890012,1,0,'240000'),(288,812000,0,'3',-52.039,0.25,2.363,324,0,850002,1,0,'0'),(289,812000,0,'',26.08,0.079,6.67,40,0,880010,1,0,'0'),(290,812000,0,'',-21.518,0.123,-47.036,313,0,850028,1,0,'0'),(291,812000,0,'',-44.02,0.079,-11.11,313,0,880010,1,0,'0'),(292,812000,0,'',-26.022,0.172,46.835,42,0,850001,1,0,'0'),(293,812000,0,'',-36.028,0.172,-20.947,133,0,850001,1,0,'0'),(294,812000,0,'',-11.317,0.135,-61.829,131,0,850034,1,0,'50000,180000'),(295,812000,0,'',-10.298,0.135,-46.81,131,0,850034,1,0,'50000,180000'),(296,812000,0,'',0.839445,0.135,-40.5017,217,0,850034,1,0,'50000,180000'),(297,812000,0,'',9.18,0.135,-23.403,272,0,850034,1,0,'50000,180000'),(298,812000,0,'',-1.95,0.135,-21.13,221,0,850034,1,0,'50000,180000'),(299,812000,0,'',-10.92,0.135,-21.05,133,0,850034,1,0,'50000,180000'),(300,812000,0,'',-30.794,0.13,-26.817,130,0,850034,1,0,'50000,180000'),(301,812000,0,'',-22.729,0.13,-14.698,134,0,850034,1,0,'50000,180000'),(302,812000,0,'',-33.805,0.13,-23.475,134,0,850034,1,0,'50000,180000'),(303,812000,0,'',-30.177,0.13,-12.182,130,0,850034,1,0,'50000,180000'),(304,812000,0,'',-51.829,0.13,-3.302,130,0,850034,1,0,'50000,180000'),(305,812000,0,'',-59.828,0.13,5.582,130,0,850034,1,0,'50000,180000'),(306,812000,0,'',-46.247,0.13,18.343,42,0,850034,1,0,'50000,180000'),(307,812000,0,'',-35.866,0.13,18.758,42,0,850034,1,0,'50000,180000'),(308,812000,0,'',-31.339,0.13,40.46,42,0,850034,1,0,'50000,180000'),(309,812000,0,'',-18.72,0.13,34.5,42,0,850034,1,0,'50000,180000'),(310,812000,0,'',-3.25,0.13,33.37,312,0,850034,1,0,'50000,180000'),(311,812000,0,'',4.059,0.13,39.898,298,0,850034,1,0,'50000,180000'),(312,812000,0,'',5.61405,0.13,20.8169,224,0,850034,1,0,'50000,180000'),(313,812000,0,'',23.72,0.13,24.83,312,0,850034,1,0,'50000,180000'),(314,812000,0,'',21.96,0.13,9.75,223,0,850034,1,0,'50000,180000'),(315,812000,0,'',8.786,0.13,-11.9,271,0,850034,1,0,'50000,180000'),(316,812000,0,'',-11.177,0.13,-4.237,314,0,850034,1,0,'50000,180000'),(317,812000,0,'',-16.7923,0.13,7.85759,224,0,850034,1,0,'50000,180000'),(318,812000,0,'',-25.241,0.13,-4.409,316,0,850034,1,0,'50000,180000'),(319,812000,0,'',-0.275,0.13,7.159,311,0,850034,1,0,'50000,180000'),(320,811000,0,'2',-21.63,2.634,2.721,89.2101,0,850017,1,0,'0'),(321,811000,0,'2',10.755,2.604,0.677,87.5341,0,850017,1,0,'0'),(322,811000,0,'2',7.37,1.04,-8.76,318.62,0,850001,1,0,'0'),(323,811000,0,'2',-20.395,1.04,-12.426,268.919,0,850001,1,0,'0'),(324,811000,0,'2',-15.13,1.04,-17.8,179.189,0,850001,1,0,'0'),(325,811000,0,'2',-3.635,1.04,-1.628,179.189,0,850001,1,0,'0'),(326,811000,0,'2',-9.05,1.04,29.08,227.566,0,850001,1,0,'0'),(327,811000,0,'2',3.297,1.04,45.09,206.784,0,850001,1,0,'0'),(328,811000,0,'2',7.1,1.04,30.497,221.09,0,850001,1,0,'0'),(329,811000,0,'2',8.34,1.04,55.86,111.678,0,850001,1,0,'0'),(330,811000,0,'2',19,1.04,57.94,42.6237,0,850001,1,0,'0'),(331,811000,0,'2',17.197,1.04,32.961,89.1869,0,850001,1,0,'0'),(332,811000,0,'2',5.873,1.04,73.279,89.1869,0,850001,1,0,'0'),(333,811000,0,'2',-21.4,1.04,63.72,90.955,0,850001,1,0,'0'),(334,811000,0,'2',-21.57,1.04,25.212,90.955,0,850001,1,0,'0'),(335,811000,0,'2',1.5,0.67,30.54,0,0,850000,1,0,'0'),(336,811000,0,'2',-2.13,0.67,41.53,0,0,850000,1,0,'0'),(337,811000,0,'2',-17.68,0.67,64.7,0,0,850000,1,0,'0'),(338,811000,0,'2',14.38,0.67,49.651,0,0,850000,1,0,'0'),(339,811000,0,'2',12.84,0.67,17.097,0,0,850000,1,0,'0'),(340,811000,0,'2',-16.53,0.67,12.47,0,0,850000,1,0,'0'),(341,811000,0,'2',-18.55,0.67,35.3,0,0,850000,1,0,'0'),(342,811000,0,'2',-7.48,0.195,36.3,0,0,850002,1,0,'0'),(343,811000,0,'2',-19.45,0.195,51.04,0,0,850002,1,0,'0'),(344,811000,0,'2',12.73,0.195,8.89,0,0,850002,1,0,'0'),(345,811000,0,'2',15.38,0.195,40.98,0,0,850002,1,0,'0'),(346,811001,0,'2',-21.63,2.634,2.721,89.2101,0,850017,1,0,'0'),(347,811001,0,'2',10.755,2.604,0.677,87.5341,0,850017,1,0,'0'),(348,811001,0,'2',7.37,1.04,-8.76,318.62,0,850001,1,0,'0'),(349,811001,0,'2',-20.395,1.04,-12.426,268.919,0,850001,1,0,'0'),(350,811001,0,'2',-15.13,1.04,-17.8,179.189,0,850001,1,0,'0'),(351,811001,0,'2',-3.635,1.04,-1.628,179.189,0,850001,1,0,'0'),(352,811001,0,'2',-9.05,1.04,29.08,227.566,0,850001,1,0,'0'),(353,811001,0,'2',3.297,1.04,45.09,206.784,0,850001,1,0,'0'),(354,811001,0,'2',7.1,1.04,30.497,221.09,0,850001,1,0,'0'),(355,811001,0,'2',8.34,1.04,55.86,111.678,0,850001,1,0,'0'),(356,811001,0,'2',19,1.04,57.94,42.6237,0,850001,1,0,'0'),(357,811001,0,'2',17.197,1.04,32.961,89.1869,0,850001,1,0,'0'),(358,811001,0,'2',5.873,1.04,73.279,89.1869,0,850001,1,0,'0'),(359,811001,0,'2',-21.4,1.04,63.72,90.955,0,850001,1,0,'0'),(360,811001,0,'2',-21.57,1.04,25.212,90.955,0,850001,1,0,'0'),(361,811001,0,'2',1.5,0.67,30.54,0,0,850000,1,0,'0'),(362,811001,0,'2',-2.13,0.67,41.53,0,0,850000,1,0,'0'),(363,811001,0,'2',-17.68,0.67,64.7,0,0,850000,1,0,'0'),(364,811001,0,'2',14.38,0.67,49.651,0,0,850000,1,0,'0'),(365,811001,0,'2',12.84,0.67,17.097,0,0,850000,1,0,'0'),(366,811001,0,'2',-16.53,0.67,12.47,0,0,850000,1,0,'0'),(367,811001,0,'2',-18.55,0.67,35.3,0,0,850000,1,0,'0'),(368,811001,0,'2',-7.48,0.195,36.3,0,0,850002,1,0,'0'),(369,811001,0,'2',-19.45,0.195,51.04,0,0,850002,1,0,'0'),(370,811001,0,'2',12.73,0.195,8.89,0,0,850002,1,0,'0'),(371,811001,0,'2',15.38,0.195,40.98,0,0,850002,1,0,'0'),(372,815000,0,'',-13.809,3.1255,-37.365,314,0,850017,1,0,'0'),(373,815000,0,'',0,0,8.475,360,0,850027,1,0,'0'),(374,815000,0,'',45.639,0,4.228,45,0,850032,1,0,'0'),(375,815000,0,'',-33.94,0.01,5.63,315,0,881031,1,0,'0'),(376,815000,0,'',33.05,0.172,-11.64,45,0,850000,1,0,'0'),(377,815000,0,'',31.263,0,-21.986,42,0,850029,1,0,'0'),(378,815000,0,'',35.33,0.01,-4.46,316,0,881031,1,0,'0'),(379,815000,0,'',35.296,0,19.978,319,0,850027,1,0,'0'),(380,815000,0,'',14.4495,0.172,31.0175,45,0,850000,1,0,'0'),(381,815000,0,'',-16.352,0.172,-29.272,45,0,850000,1,0,'0'),(382,815000,0,'',-2.635,0,-45.058,144,0,850029,1,0,'0'),(383,815000,0,'',0,0.1,38.54,360,0,880002,1,0,'0'),(384,815000,0,'',12.0745,0.172,-31.8535,45,0,850000,1,0,'0'),(385,815000,0,'',-29.01,-0.19,20.37,42,0,880011,1,0,'0'),(386,815000,0,'',-39.96,-0.2,-8.15,42,0,880011,1,0,'0'),(387,815000,0,'',46.334,0,8.707,136,0,850029,1,0,'0'),(388,815000,0,'',16.08,0,-35.36,42,0,880011,1,0,'0'),(389,815000,0,'',-3.07,0,42.774,345,0,850027,1,0,'0'),(390,815000,0,'',5.13,0.01,-34.4,316,0,881031,1,0,'0'),(391,815000,0,'',-5.54,1.55705,10.823,135,0,850016,1,0,'0'),(392,815000,0,'',-5.93,4.841,-12.762,45,0,852001,1,0,'0'),(393,815000,0,'',16.1567,1.55705,11.5007,45,0,850016,1,0,'0'),(394,815000,0,'',-9.75,-0.11,-12.63,42,0,880011,1,0,'0'),(395,815000,0,'',-44.487,0,1.625,310,0,850032,1,0,'0'),(396,815000,0,'',8.786,1.5181,-12.914,318,0,850016,1,0,'0'),(397,815000,0,'',19.52,0.1,20.53,45,0,880003,1,0,'0'),(398,815000,0,'',-19.28,0.1,-18.8,45,0,880003,1,0,'0'),(399,815000,0,'',18.95,0,30.98,48,0,880011,1,0,'0'),(400,815000,0,'',23.828,0.436,-24.268,89,0,850030,1,0,'0'),(401,815000,0,'',-18.02,0,-33.4,319,0,850027,1,0,'0'),(402,815000,0,'',-20.93,-0.13,-14.19,92,0,880011,1,0,'0'),(403,815000,0,'',25.318,0,25.2233,135,0,850029,1,0,'0'),(404,815000,0,'',0,0.1,0,360,0,880002,1,0,'0'),(405,815000,0,'',12.249,0,-22.5435,271,0,850032,1,0,'0'),(406,815000,0,'',-12.502,0.172,12.502,45,0,850002,1,0,'0'),(407,815000,0,'',14.09,4.841,7.49,45,0,852001,1,0,'0'),(408,815000,0,'',-5.94,0.01,35.831,315,0,881031,1,0,'0'),(409,815000,0,'',-3.145,0,-8.426,360,0,850027,1,0,'0'),(410,815000,0,'',28.93,4.841,7.35,318,0,852001,1,0,'0'),(411,815000,0,'',8.568,0,2.8215,89,0,850029,1,0,'0'),(412,815000,0,'',18.92,0.1,-19.22,45,0,880003,1,0,'0'),(413,815000,0,'',-45.3717,0,5.77824,57,0,850029,1,0,'0'),(414,815000,0,'',-10.332,0.172,31.612,45,0,850000,1,0,'0'),(415,815000,0,'',-29.127,0.172,13.205,45,0,850000,1,0,'0'),(416,815000,0,'',7.02,0,-43.21,42,0,850027,1,0,'0'),(417,815000,0,'',0,0.1,-39.58,360,0,880002,1,0,'0'),(418,815000,0,'',-9.956,0,4.8165,138,0,850029,1,0,'0'),(419,815000,0,'',-25.543,0.429,22.818,89,0,850030,1,0,'0'),(420,815000,0,'',12.95,-0.02,-20.49,360,0,880011,1,0,'0'),(421,815000,0,'',8.54,-0.06,12.2,42,0,880011,1,0,'0'),(422,815000,0,'',-27.146,0,-22.184,138,0,850029,1,0,'0'),(423,815000,0,'',-41.028,0,8.472,182,0,850027,1,0,'0'),(424,815000,0,'',31.42,0,-17.75,48,0,880011,1,0,'0'),(425,815000,0,'',9.367,0.172,-9.367,45,0,850002,1,0,'0'),(426,815000,0,'',6.469,2.926,31.728,314,0,850003,1,0,'0'),(427,815000,0,'',28.22,0.172,18.52,45,0,850000,1,0,'0'),(428,815000,0,'',-27.88,0.172,-15.14,45,0,850000,1,0,'0'),(429,815000,0,'',-29.41,4.841,-5.87,134,0,852001,1,0,'0'),(430,815000,0,'',4.2655,0,-9.69,316,0,850032,1,0,'0'),(431,815000,0,'',-18.75,0.1,18.75,45,0,880003,1,0,'0'),(432,815000,0,'',-11.6,-0.13,7.6,42,0,880011,1,0,'0'),(433,815000,0,'',48.606,0,-3.073,137,0,850027,1,0,'0'),(434,815000,0,'',-12.869,0,22.92,271,0,850032,1,0,'0'),(435,815000,0,'',-13.853,1.55705,-9.487,226,0,850016,1,0,'0'),(436,815000,0,'',-18.752,0,30.166,71,0,850029,1,0,'0'),(437,815000,0,'',4.834,0,42.131,157,0,850029,1,0,'0'),(438,815000,0,'',41.55,0,11.3,48,0,880011,1,0,'0'),(439,815000,0,'',9.58,-0.04,-5.13,42,0,880011,1,0,'0'),(440,815000,0,'',1.91,0,42.11,8,0,880011,1,0,'0'),(441,815000,0,'',-8.528,0,-3.506,271,0,850032,1,0,'0'),(442,815001,0,'',-26.77,0.172,-15,45,0,850000,1,0,'0'),(443,815001,0,'',45.639,0,4.228,45,0,850028,1,0,'0'),(444,815001,0,'',-29.01,-0.19,20.37,42,0,880011,1,0,'0'),(445,815001,0,'',5.13,0.01,-34.4,316,0,881031,1,0,'0'),(446,815001,0,'',-39.96,-0.2,-8.15,42,0,880011,1,0,'0'),(447,815001,0,'',0,0,8.475,360,0,850027,1,0,'0'),(448,815001,0,'',31.263,0,-21.986,42,0,850001,1,0,'0'),(449,815001,0,'',8.568,0,2.8215,89,0,850001,1,0,'0'),(450,815001,0,'',-3.07,0,42.774,345,0,850027,1,0,'0'),(451,815001,0,'',18.92,0.1,-19.22,45,0,880003,1,0,'0'),(452,815001,0,'',-44.487,0,1.625,310,0,850028,1,0,'0'),(453,815001,0,'',31.42,0,-17.75,48,0,880011,1,0,'0'),(454,815001,0,'',1.91,0,42.11,8,0,880011,1,0,'0'),(455,815001,0,'',48.606,0,-3.073,137,0,850027,1,0,'0'),(456,815001,0,'',0,0.1,0,360,0,880002,1,0,'0'),(457,815001,0,'',9.367,0.172,-9.367,45,0,850002,1,0,'0'),(458,815001,0,'',-8.528,0,-3.506,271,0,850028,1,0,'0'),(459,815001,0,'',-5.54,1.55705,10.823,135,0,850016,1,0,'0'),(460,815001,0,'',-18.02,0,-33.4,319,0,850027,1,0,'0'),(461,815001,0,'',9.58,-0.04,-5.13,42,0,880011,1,0,'0'),(462,815001,0,'',18.95,0,30.98,48,0,880011,1,0,'0'),(463,815001,0,'',14.4495,0.172,31.0175,45,0,850000,1,0,'0'),(464,815001,0,'',-11.6,-0.13,7.6,42,0,880011,1,0,'0'),(465,815001,0,'',33.05,0.172,-11.64,45,0,850000,1,0,'0'),(466,815001,0,'',-41.023,0,8.476,182,0,850027,1,0,'0'),(467,815001,0,'',41.55,0,11.3,48,0,880011,1,0,'0'),(468,815001,0,'',-25.553,0.47,22.818,89,0,850004,1,0,'0'),(469,815001,0,'',-13.809,3.1255,-37.365,314,0,850017,1,0,'0'),(470,815001,0,'',6.469,2.926,31.728,314,0,850003,1,0,'0'),(471,815001,0,'',0,0.1,38.54,360,0,880002,1,0,'0'),(472,815001,0,'',-5.94,0.01,35.831,314,0,881031,1,0,'0'),(473,815001,0,'',8.54,-0.06,12.2,42,0,880011,1,0,'0'),(474,815001,0,'',4.834,0,42.131,157,0,850001,1,0,'0'),(475,815001,0,'',-10.332,0.172,31.612,45,0,850000,1,0,'0'),(476,815001,0,'',46.334,0,8.707,136,0,850001,1,0,'0'),(477,815001,0,'',-18.75,0.1,18.75,45,0,880003,1,0,'0'),(478,815001,0,'',-9.956,0,4.8165,138,0,850001,1,0,'0'),(479,815001,0,'',7.02,0,-43.21,42,0,850027,1,0,'0'),(480,815001,0,'',19.52,0.1,20.53,45,0,880003,1,0,'0'),(481,815001,0,'',8.786,1.5181,-12.914,318,0,850016,1,0,'0'),(482,815001,0,'',-45.3717,0,5.77824,57,0,850001,1,0,'0'),(483,815001,0,'',-12.502,0.172,12.502,45,0,850002,1,0,'0'),(484,815001,0,'',-18.752,0,30.166,71,0,850001,1,0,'0'),(485,815001,0,'',0,0.1,-39.58,360,0,880002,1,0,'0'),(486,815001,0,'',12.95,-0.02,-20.49,360,0,880011,1,0,'0'),(487,815001,0,'',25.318,0,25.2233,135,0,850001,1,0,'0'),(488,815001,0,'',-9.75,-0.11,-12.63,42,0,880011,1,0,'0'),(489,815001,0,'',12.0745,0.172,-31.8535,45,0,850000,1,0,'0'),(490,815001,0,'',16.08,0,-35.36,42,0,880011,1,0,'0'),(491,815001,0,'',-3.145,0,-8.426,360,0,850027,1,0,'0'),(492,815001,0,'',-20.93,-0.13,-14.19,92,0,880011,1,0,'0'),(493,815001,0,'',35.33,0.01,-4.46,316,0,881031,1,0,'0'),(494,815001,0,'',4.2655,0,-9.69,316,0,850028,1,0,'0'),(495,815001,0,'',27.5,0.172,16.14,45,0,850000,1,0,'0'),(496,815001,0,'',-34.832,0.01,4.769,314,0,881031,1,0,'0'),(497,815001,0,'',16.1567,1.55705,11.5007,45,0,850016,1,0,'0'),(498,815001,0,'',-29.127,0.172,13.205,45,0,850000,1,0,'0'),(499,815001,0,'',12.249,0,-22.5435,271,0,850028,1,0,'0'),(500,815001,0,'',23.829,0.47,-24.27,89,0,850004,1,0,'0'),(501,815001,0,'',-13.853,1.55705,-9.487,226,0,850016,1,0,'0'),(502,815001,0,'',-19.28,0.1,-18.8,45,0,880003,1,0,'0'),(503,815001,0,'',-2.635,0,-45.058,144,0,850001,1,0,'0'),(504,815001,0,'',35.296,0,19.978,319,0,850027,1,0,'0'),(505,815001,0,'',-27.146,0,-22.184,138,0,850001,1,0,'0'),(506,815001,0,'',-16.352,0.172,-29.272,45,0,850000,1,0,'0'),(507,815001,0,'',-12.869,0,22.92,271,0,850028,1,0,'0'),(508,815001,0,'',8.88,0,37.99,360,0,890012,1,0,'240000'),(509,815001,0,'',-16.82,0,25.15,360,0,890012,1,0,'240000'),(510,815001,0,'',-16.82,0,-23.76,360,0,890012,1,0,'240000'),(511,815001,0,'',23.2,0,-16.9,360,0,890012,1,0,'240000'),(512,815001,0,'',25.21,0,19.94,360,0,890012,1,0,'240000'),(513,815001,0,'',3.05,0,-43.9,360,0,890012,1,0,'240000'),(514,815001,0,'',4.96,0,0.84,360,0,890012,1,0,'240000'),(515,815001,0,'',-4.4,0,0.84,360,0,890012,1,0,'240000'),(516,815001,0,'',14.37,4.956,7.34,48,0,852001,1,0,'0'),(517,815001,0,'',-5.812,4.956,-11.972,48,0,852001,1,0,'0'),(518,815001,0,'',-30.12,4.956,-6.07,135,0,852001,1,0,'0'),(519,815001,0,'',30.25,4.676,6.64,316,0,852001,1,0,'0'),(520,815001,0,'',8.6,0,-1.598,92,0,850034,1,0,'50000,180000'),(521,815001,0,'',-4.272,0,9.275,133,0,850034,1,0,'50000,180000'),(522,815001,0,'',12.38,0,17.18,227,0,850034,1,0,'50000,180000'),(523,815001,0,'',-12.436,0,-16.29,227,0,850034,1,0,'50000,180000'),(524,815001,0,'',-19.48,0,12.45,360,0,850034,1,0,'50000,180000'),(525,815001,0,'',-35.2645,0,17.952,33,0,850034,1,0,'50000,180000'),(526,815001,0,'',-38.55,0,-12.26,315,0,850034,1,0,'50000,180000'),(527,815001,0,'',-11.557,0,-27.314,315,0,850034,1,0,'50000,180000'),(528,815001,0,'',-5.083,0,-33.808,315,0,850034,1,0,'50000,180000'),(529,815001,0,'',-9.591,0,-41.741,315,0,850034,1,0,'50000,180000'),(530,815001,0,'',1.982,0,-48.075,352,0,850034,1,0,'50000,180000'),(531,815001,0,'',19.71,0,-32.86,44,0,850034,1,0,'50000,180000'),(532,815001,0,'',41.295,0,-11.908,44,0,850034,1,0,'50000,180000'),(533,815001,0,'',34.532,0,3.416,91,0,850034,1,0,'50000,180000'),(534,815001,0,'',28.675,0,10.416,137,0,850034,1,0,'50000,180000'),(535,815001,0,'',23.07,0,31.37,137,0,850034,1,0,'50000,180000'),(536,815001,0,'',12.51,0,39.51,137,0,850034,1,0,'50000,180000'),(537,815001,0,'',1.13,0,34.54,178,0,850034,1,0,'50000,180000'),(538,815001,0,'',-12.7184,0,38.5583,224,0,850034,1,0,'50000,180000'),(539,815001,0,'',-8.492,0,29.668,224,0,850034,1,0,'50000,180000'),(540,813002,0,'',-9.984,2.9403,17.177,335,0,850003,1,0,'0'),(541,813002,0,'',0.64,0,8,360,0,852002,1,0,'15000,30000'),(542,813002,0,'',22.917,0,-2.691,360,0,880010,1,0,'0'),(543,813002,0,'',12.861,0,13.032,271,0,850027,1,0,'0'),(544,813002,0,'',-3.3912,0,26.0145,180,0,850029,1,0,'0'),(545,813002,0,'',7.98,0,9.69,360,0,850000,1,0,'0'),(546,813002,0,'',7.948,0,15.266,91,0,850029,1,0,'0'),(547,813002,0,'',-14.1,0,19.05,68,0,881022,1,0,'0'),(548,813002,0,'',20.6208,0,-5.778,206,0,850029,1,0,'0'),(549,813002,0,'',8.28,0,25.27,360,0,880010,1,0,'0'),(550,813002,0,'',-32.823,0,-5.364,360,0,850000,1,0,'0'),(551,813002,0,'',29.7,0,12.59,360,0,880010,1,0,'0'),(552,813002,0,'',23.04,0,11.32,271,0,881021,1,0,'0'),(553,813002,0,'',-6.77,0,25.17,360,0,880010,1,0,'0'),(554,813002,0,'',28.34,0,21.63,182,0,850029,1,0,'0'),(555,813002,0,'',-6.948,2.8836,-8.4942,360,0,850003,1,0,'0'),(556,813002,0,'',-3.568,0,-8.688,360,0,850029,1,0,'0'),(557,813002,0,'',8.638,0,4.672,138,0,850032,1,0,'0'),(558,813002,0,'',6.371,0.07,10.718,180,0,881021,1,0,'0'),(559,813002,0,'',23.1,0,7.36,271,0,881021,1,0,'0'),(560,813002,0,'',-1.61,0,5.005,286,0,850027,1,0,'0'),(561,813002,0,'',-34.18,0,15.11,271,0,881021,1,0,'0'),(562,813002,0,'',-29.907,0.09,18.072,360,0,850002,1,0,'0'),(563,813002,0,'',16.002,0,6.201,113,0,850032,1,0,'0'),(564,813002,0,'',-35.089,0,13.862,91,0,850032,1,0,'0'),(565,813002,0,'',-34.35,0,3.38,271,0,850029,1,0,'0'),(566,813002,0,'',-15.46,0,13.64,343,0,880010,1,0,'0'),(567,813002,0,'',-11.54,0,-7.82,360,0,880010,1,0,'0'),(568,813002,0,'',11.646,0,21.429,360,0,850000,1,0,'0'),(569,813002,0,'',-33.2127,0,23.6673,182,0,850029,1,0,'0'),(570,813002,0,'',11.646,0,-1.26,360,0,850000,1,0,'0'),(571,813002,0,'',-23.9,0,-6.54,360,0,880010,1,0,'0'),(572,813002,0,'',21.888,0.09,14.301,360,0,850002,1,0,'0'),(573,813002,0,'',-22.455,0,19.134,360,0,850000,1,0,'0'),(574,813002,0,'',19.573,0,19.332,180,0,850029,1,0,'0'),(575,813002,0,'',-34.12,0,11.12,271,0,881021,1,0,'0'),(576,813002,0,'',32.751,0,5.391,271,0,850027,1,0,'0'),(577,813002,0,'',7.15,0,7.67,360,0,880010,1,0,'0'),(578,813002,0,'',-2.521,0,0.422,296,0,881022,1,0,'0'),(579,813002,0,'',-9.64,0,-7.817,360,0,880010,1,0,'0'),(580,813002,0,'',19.071,0.09,3.051,360,0,850002,1,0,'0'),(581,813002,0,'',24.1011,0,9.1539,91,0,850032,1,0,'0'),(582,813002,0,'',-16.272,0,-4.842,360,0,850000,1,0,'0'),(583,813002,0,'',-25.02,0,12.41,360,0,880010,1,0,'0'),(584,813002,0,'',-15.705,0,25.767,91,0,850032,1,0,'0'),(585,813002,0,'',-24.6429,0,-12.7044,182,0,850029,1,0,'0'),(586,813002,0,'',-29.619,0.09,4.572,360,0,850002,1,0,'0'),(587,813002,0,'',-15.85,0,-10.02,180,0,850027,1,0,'0'),(588,813002,0,'',26.8902,0,-5.4045,157,0,850029,1,0,'0'),(589,813002,0,'',-35.145,0,9.866,271,0,850027,1,0,'0'),(590,813002,0,'',24.102,0,5.5233,271,0,850029,1,0,'0'),(591,813002,0,'',2.64,0,8,360,0,852002,1,0,'15000,30000'),(592,813002,0,'',-2.59,0,8,360,0,852002,1,0,'15000,30000'),(593,813002,0,'',-2.59,0,19.54,360,0,852002,1,0,'15000,30000'),(594,813002,0,'',4.49,0,19.54,360,0,852002,1,0,'15000,30000'),(595,813002,0,'',-11.21,0,21.98,360,0,852002,1,0,'15000,30000'),(596,813002,0,'',-19.79,0,20.8,360,0,852002,1,0,'15000,30000'),(597,813002,0,'',8.93,0,21.99,360,0,852002,1,0,'15000,30000'),(598,813002,0,'',18.41,0,16.56,360,0,852002,1,0,'15000,30000'),(599,813002,0,'',-26.65,0,16.56,360,0,852002,1,0,'15000,30000'),(600,813002,0,'',-29.46,0,14.2,360,0,852002,1,0,'15000,30000'),(601,813002,0,'',18.86,0,13.08,360,0,852002,1,0,'15000,30000'),(602,813002,0,'',18.86,0,-2.35,360,0,852002,1,0,'15000,30000'),(603,813002,0,'',2.53,0,-1.68,360,0,852002,1,0,'15000,30000'),(604,813002,0,'',-7.85,0,-3.98,360,0,852002,1,0,'15000,30000'),(605,813002,0,'',-29.43,0,-8.87,360,0,852002,1,0,'15000,30000'),(606,813002,0,'',15.67,0,0.26,360,0,852002,1,0,'15000,30000'),(607,813002,0,'',16.84,0,15.86,360,0,852004,1,0,'15000,30000'),(608,813002,0,'',-18,0,21.73,360,0,852004,1,0,'15000,30000'),(609,800003,103000,'BOSS',8.79,0,13.51,360,2,401101,0,0,'0'),(610,800003,103001,'光幕',-3.14,0,21.99,360,0,890004,0,0,'0'),(611,800003,103002,'集合点1',-5.7,0,21.63,360,0,890011,0,0,'0'),(612,800003,103003,'摄像机更改点1',-1.68,0,22.099,360,0,890001,0,0,'0'),(613,800003,103004,'集合点2',8.87,0,22.099,360,0,890011,0,0,'0'),(614,800003,103005,'范围指示器1',-5.66,0,21.93,360,0,890006,0,0,'0'),(615,800003,103006,'范围指示器2',8.66,0,21.93,360,0,890006,0,0,'0'),(616,800003,103007,'箭头1',-10.76,0,22.26,271,0,890005,0,0,'0'),(617,800003,103008,'箭头2',1.09,0,22.26,271,0,890005,0,0,'0'),(618,800003,103010,'普通攻击1范围',11.42,0,22.17,360,0,890101,0,0,'0'),(619,800003,103011,'普通攻击2范围',6.09,0,21.94,360,0,890102,0,0,'0'),(620,800003,103012,'技能攻击1范围',9.06,0,15.65,360,0,890103,0,0,'0'),(621,800003,0,'',-2.65,0,17.39,271,0,850029,1,0,'0'),(622,800003,0,'',19.466,0,17.991,225,0,850029,1,0,'0'),(623,800003,0,'',11.482,0,27.745,180,0,850029,1,0,'0'),(624,800003,0,'',6.304,0,26.498,255,0,850029,1,0,'0'),(625,800002,4,'BOSS',8.79,0,13.51,360,2,401102,1,0,''),(626,800002,103010,'普通攻击1范围',11.42,0,22.17,360,0,890101,0,0,'0'),(627,800002,103011,'普通攻击2范围',6.09,0,21.94,360,0,890102,0,0,'0'),(628,800002,103012,'技能攻击1范围',9.06,0,15.65,360,0,890103,0,0,'0'),(629,800002,1,'固定靶子',-6.41,1.01,20.5,360,0,890002,0,0,'0'),(630,800002,2,'固定靶子',-6.49,1.004,22.27,360,0,890002,0,0,'0'),(631,800002,3,'光幕',-3.21,0,21.77,360,0,890004,0,0,'0'),(632,800002,5,'触发范围',8.98,0,24.57,360,0,890001,0,0,'0'),(633,800002,6,'范围指示器',8.98,0,24.57,360,0,890006,0,0,'0'),(634,800002,7,'箭头',-1.191,0.312,21.503,271,0,890005,0,0,'0'),(635,800002,0,'',11.251,0,27.746,360,0,850029,1,0,'0'),(636,800002,0,'',6.336,0,26.619,74,0,850029,1,0,'0'),(637,800002,0,'',-2.62,0,18.25,271,0,850029,1,0,'0'),(638,800002,0,'',19.48,0,18,229,0,850029,1,0,'0'),(639,813001,0,'',35.968,0,9.65,355,0,850028,1,0,'0'),(640,813001,0,'',9.17,0,-7.612,360,0,850028,1,0,'0'),(641,813001,0,'',-1.79,0,-12.72,360,0,880010,1,0,'0'),(642,813001,0,'',67.77,0,3.2,355,0,850029,1,0,'0'),(643,813001,0,'',7.83,0,-2.512,339,0,850028,1,0,'0'),(644,813001,0,'',-7.85,0,27.76,42,0,880010,1,0,'0'),(645,813001,0,'',30.141,0,-11.216,360,0,850028,1,0,'0'),(646,813001,0,'',-37.483,0,22.91,360,0,850028,1,0,'0'),(647,813001,0,'',-10.926,0,-8.847,360,0,850028,1,0,'0'),(648,813001,0,'',-22.64,0.013,-7.02,360,0,850002,1,0,'0'),(649,813001,0,'',-50.59,0,-15.887,271,0,850029,1,0,'0'),(650,813001,0,'',44.89,0.013,-7.11,360,0,850002,1,0,'0'),(651,813001,0,'',15.85,0,-5.51,360,0,881021,1,0,'0'),(652,813001,0,'',-0.869,0,-28.824,343,0,850028,1,0,'0'),(653,813001,0,'',-28.82,0,-36.41,360,0,850029,1,0,'0'),(654,813001,0,'',29.39,0,-3.04,360,0,880010,1,0,'0'),(655,813001,0,'',4.52,0,-0.97,360,0,880010,1,0,'0'),(656,813001,0,'',14.35,0,12.83,324,0,850027,1,0,'0'),(657,813001,0,'',-38.22,0,-11.89,360,0,880010,1,0,'0'),(658,813001,0,'',-38.36,0,-2.15,360,0,880010,1,0,'0'),(659,813001,0,'',-21.599,0,30.001,360,0,850029,1,0,'0'),(660,813001,0,'',-29.639,0,20.053,299,0,850028,1,0,'0'),(661,813001,0,'',-3.04,0,25.432,324,0,850029,1,0,'0'),(662,813001,0,'',-19.17,0,29.13,87,0,880010,1,0,'0'),(663,813001,0,'',-4.43,0,10.18,360,0,880002,1,0,'0'),(664,813001,0,'',57.388,0,6.725,135,0,850029,1,0,'0'),(665,813001,0,'',53.639,0,-6.98,360,0,881021,1,0,'0'),(666,813001,0,'',-28.446,0,-11.054,360,0,850029,1,0,'0'),(667,813001,0,'',2.36,0,-23.32,360,0,880002,1,0,'0'),(668,813001,0,'',-36.11,0,-36.41,360,0,850028,1,0,'0'),(669,813001,0,'',4.32,0,-18.64,360,0,850000,1,0,'0'),(670,813001,0,'',55.946,0,-4.305,320,0,850000,1,0,'0'),(671,813001,0,'',4.91,0,-29.28,33,0,880010,1,0,'0'),(672,813001,0,'',26.53,0,-8.14,89,0,850029,1,0,'0'),(673,813001,0,'',10.9,0,3.67,360,0,852004,1,0,'15000,30000'),(674,813001,0,'',-34.513,0,26.759,16,0,850029,1,0,'0'),(675,813001,0,'',32.56,0,-3.91,360,0,850028,1,0,'0'),(676,813001,0,'',26.733,0,-3.92,360,0,850000,1,0,'0'),(677,813001,0,'',-20.69,0,-14.13,360,0,850000,1,0,'0'),(678,813001,0,'',2.08,0,-2.658,360,0,850029,1,0,'0'),(679,813001,0,'',24.02,0.013,-7.02,360,0,850002,1,0,'0'),(680,813001,0,'',-17.31,0.013,-31.72,360,0,850002,1,0,'0'),(681,813001,0,'',-21.52,0,10.21,360,0,850029,1,0,'0'),(682,813001,0,'',-15.26,0.013,22.93,360,0,850002,1,0,'0'),(683,813001,0,'',-8.97,0,-15.63,271,0,881021,1,0,'0'),(684,813001,0,'',45.39,0,6.23,355,0,880010,1,0,'0'),(685,813001,0,'',-16.68,0,-18.56,360,0,880010,1,0,'0'),(686,813001,0,'',-19.61,0,0.69,360,0,850000,1,0,'0'),(687,813001,0,'',15.79,0,-24.13,1,0,850027,1,0,'0'),(688,813001,0,'',-6.7,0,-36.43,360,0,850029,1,0,'0'),(689,813001,0,'',62.01,0,-6.91,360,0,880005,1,0,'0'),(690,813001,0,'',27.97,0,-22.86,7,0,850029,1,0,'0'),(691,813001,0,'',-6.72,0,-2.556,360,0,850028,1,0,'0'),(692,813001,0,'',33.33,0,3.06,263,0,881021,1,0,'0'),(693,813001,0,'',46.55,0,-20.05,2,0,880010,1,0,'0'),(694,813001,0,'',50.981,0,-20.38,7,0,850029,1,0,'0'),(695,813001,0,'',-12.17,0,-20.89,360,0,850029,1,0,'0'),(696,813001,0,'',-32.07,0,-35.6,360,0,880010,1,0,'0'),(697,813001,0,'',-10.19,0,-35.73,360,0,880010,1,0,'0'),(698,813001,0,'',23.07,0,-22.58,7,0,880010,1,0,'0'),(699,813001,0,'',8.904,0,-27.683,30,0,850029,1,0,'0'),(700,813001,0,'',-53.125,0,-0.573,360,0,850028,1,0,'0'),(701,813001,0,'',41.456,0,-21.387,1,0,850028,1,0,'0'),(702,813001,0,'',-25.35,0,8.52,42,0,880010,1,0,'0'),(703,813001,0,'',3.206,0,16.701,310,0,850028,1,0,'0'),(704,813001,0,'',-24.31,0,-9.91,360,0,881021,1,0,'0'),(705,813001,0,'',20.95,0,-8.52,360,0,880002,1,0,'0'),(706,813001,0,'',-2.88,0,-17.82,360,0,852002,1,0,'15000,30000'),(707,813001,0,'',19.17,0.013,-15.06,360,0,850002,1,0,'0'),(708,813001,0,'',19.17,0.013,3.41,360,0,850002,1,0,'0'),(709,813001,0,'',12.27,0,-9.8,360,0,880010,1,0,'0'),(710,813001,0,'',34.23,0,-12.7,360,0,880010,1,0,'0'),(711,813001,0,'',-0.75,0,5.64,360,0,850000,1,0,'0'),(712,813001,0,'',14.354,0,-7.518,360,0,850000,1,0,'0'),(713,813001,0,'',-5.6,0,-0.24,360,0,880010,1,0,'0'),(714,813001,0,'',40.96,0,-5.53,105,0,850029,1,0,'0'),(715,813001,0,'',-50.027,0,-11.107,360,0,850028,1,0,'0'),(716,813001,0,'',-11.6,0,7.31,360,0,852002,1,0,'15000,30000'),(717,813001,0,'',25.82,0,10.7,355,0,850029,1,0,'0'),(718,813001,0,'',-18.31,0,-27.98,360,0,850028,1,0,'0'),(719,813001,0,'',-5.122,0,-10.977,360,0,850027,1,0,'0'),(720,813001,0,'',1.32,0,-8.95,360,0,850029,1,0,'0'),(721,813001,0,'',-29.534,0,-2.968,360,0,850029,1,0,'0'),(722,813001,0,'',45.93,0,-13.86,360,0,852002,1,0,'15000,30000'),(723,813001,0,'',64.282,0,-18.969,7,0,850029,1,0,'0'),(724,813001,0,'',-10.23,0,-4.14,360,0,850027,1,0,'0'),(725,813001,0,'',-19.15,0,-6.23,360,0,880002,1,0,'0'),(726,813001,0,'',-53.54,0,6.89,271,0,850029,1,0,'0'),(727,813001,0,'',26.51,0,-16.17,360,0,852004,1,0,'15000,30000'),(728,813001,0,'',45.93,0,0,360,0,852002,1,0,'15000,30000'),(729,813001,0,'',19.09,0,10.55,355,0,880010,1,0,'0'),(730,813003,0,'',-5.85,0,-11.91,275,0,881021,1,0,'0'),(731,813003,0,'',-2.89,0,5.43,185,0,881021,1,0,'0'),(732,813003,0,'',16.37,0,-32.53,172,0,850028,1,0,'0'),(733,813003,0,'',12.59,0,-18.97,181,0,881021,1,0,'0'),(734,813003,0,'',16.19,0,-25.13,360,0,880010,1,0,'0'),(735,813003,0,'',20.03,0,-18.96,181,0,881021,1,0,'0'),(736,813003,0,'',4.38,0,1.46,275,0,881021,1,0,'0'),(737,813003,0,'',-1.74,0,-5.45,5,0,880010,1,0,'0'),(738,813003,0,'',-13.13,0,-10.05,186,0,881021,1,0,'0'),(739,813003,0,'',-7.04,0,0.36,275,0,881021,1,0,'0'),(740,813003,0,'',-13.82,0,-2.69,186,0,881021,1,0,'0'),(741,813003,0,'',5.57,0,-10.8,275,0,881021,1,0,'0'),(742,813003,0,'',0.74,0,-12.93,360,0,852004,1,0,'15000,30000'),(743,813003,0,'',8.94,0,3.89,360,0,852002,1,0,'15000,30000'),(744,813003,0,'',-3.63,0.07,4.38,185,0,850029,1,0,'0'),(745,813003,0,'',-9.52,0,-16.67,360,0,852002,1,0,'15000,30000'),(746,813003,0,'',-7.243,0.07,21.409,185,0,850029,1,0,'0'),(747,813003,0,'',17.89,0.07,-7.25,271,0,850029,1,0,'0'),(748,813003,0,'',-9.34,0,-5.81,274,0,850028,1,0,'0'),(749,813003,0,'',-4.25,0,11.88,5,0,880010,1,0,'0'),(750,813003,0,'',20.08,0,-3.69,5,0,880010,1,0,'0'),(751,813003,0,'',13.44,0,-8.12,186,0,881021,1,0,'0'),(752,813003,0,'',-14.34,0.07,-17.88,185,0,850029,1,0,'0'),(753,813003,0,'',12.7,0,-0.21,186,0,881021,1,0,'0'),(754,813003,0,'',-16.985,0,-23.22,178,0,850028,1,0,'0'),(755,813003,0,'',16.35,0,-13.83,181,0,850028,1,0,'0'),(756,813003,0,'',-28.23,0.07,-7.79,271,0,850029,1,0,'0'),(757,813003,0,'',-2.27,0.07,-16.43,185,0,850029,1,0,'0'),(758,813003,0,'',-22.61,0,2.63,220,0,850028,1,0,'0'),(759,813003,0,'',-23.89,0,-7.6,5,0,880010,1,0,'0'),(760,813003,0,'',-16.31,0.07,4.66,185,0,850029,1,0,'0'),(761,813003,0,'',8.57,0,-4.22,274,0,850028,1,0,'0'),(762,813003,0,'',-17.83,0,-6.89,360,0,852002,1,0,'15000,30000'),(763,813003,0,'',-21.98,0,-10.88,186,0,881021,1,0,'0'),(764,813003,0,'',8.94,0,-14.83,360,0,852002,1,0,'15000,30000'),(765,813003,0,'',-0.42,0,1.11,360,0,852004,1,0,'15000,30000'),(766,813003,0,'',10.46,0.07,9.67,165,0,850029,1,0,'0'),(767,813003,0,'',-22.64,0,-3.78,186,0,881021,1,0,'0'),(768,813003,0,'',19.33,0,5.94,178,0,850028,1,0,'0'),(769,817001,0,'',20.806,0.03,-2.889,271,0,881041,1,0,'0'),(770,817001,0,'',1.458,-0.0499999,-5.081,275,0,850029,1,0,'0'),(771,817001,0,'',-4.61,0.03,2.55,271,0,881041,1,0,'0'),(772,817001,0,'',-15.89,0,3.28,360,0,880013,1,0,'0'),(773,817001,0,'',-9.56,0,-16.56,360,0,852003,1,0,'15000,30000'),(774,817001,0,'',25.97,0,-16.63,360,0,852003,1,0,'15000,30000'),(775,817001,0,'',-27.132,0,14.301,20,0,850029,1,0,'0'),(776,817001,0,'',-6.556,0,19.83,360,0,850029,1,0,'0'),(777,817001,0,'',20.7337,0.03,1.08593,271,0,881041,1,0,'0'),(778,817001,0,'',-7.278,0.01,-8.331,360,0,850029,1,0,'0'),(779,817001,0,'',25.43,0,19.83,360,0,850029,1,0,'0'),(780,817001,0,'',8.166,0.487,1.062,271,0,850030,1,0,'0'),(781,817001,0,'',-18.448,0,-0.047,271,0,850029,1,0,'0'),(782,817001,0,'',-10.16,0.072,-0.37,360,0,850002,1,0,'0'),(783,817001,0,'',31.64,0,-3.72,360,0,880013,1,0,'0'),(784,817001,0,'',-16.95,0,-13.85,360,0,850000,1,0,'0'),(785,817001,0,'',20.747,0,4.201,360,0,880013,1,0,'0'),(786,817001,0,'',-16.5,0,17.81,360,0,850027,1,0,'0'),(787,817001,0,'',35.851,0,17.798,347,0,850027,1,0,'0'),(788,817001,0,'',50.904,0,8.186,45,0,850029,1,0,'0'),(789,817001,0,'',-10.68,0,19.27,360,0,880013,1,0,'0'),(790,817001,0,'',-4.735,0,5.649,360,0,880013,1,0,'0'),(791,817001,0,'',-2.02,0,-18.17,360,0,880013,1,0,'0'),(792,817001,0,'',-20.94,0,-17.115,344,0,850027,1,0,'0'),(793,817001,0,'',33.61,0,15.04,360,0,850000,1,0,'0'),(794,817001,0,'',-1.157,0,6.105,360,0,850032,1,0,'0'),(795,817001,0,'',25.94,0.072,2.4,360,0,850002,1,0,'0'),(796,817001,0,'',-4.473,0,-4.246,360,0,880013,1,0,'0'),(797,817001,0,'',19.78,0,-0.03,271,0,850027,1,0,'0'),(798,817001,0,'',24.886,0,10.506,347,0,850029,1,0,'0'),(799,817001,0,'',-17.61,0,14.03,360,0,850000,1,0,'0'),(800,817001,0,'',23.28,0,19.22,360,0,880013,1,0,'0'),(801,817001,0,'',12.11,-0.14,-7.04,224,0,850029,1,0,'0'),(802,817001,0,'',-34.515,0,8.852,318,0,850029,1,0,'0'),(803,817001,0,'',17.169,0,6.261,360,0,850032,1,0,'0'),(804,817001,0,'',19.497,0,-18.27,360,0,880013,1,0,'0'),(805,817001,0,'',-1.164,0,-5.145,360,0,850032,1,0,'0'),(806,817001,0,'',19.59,0.072,-15.47,360,0,850002,1,0,'0'),(807,817001,0,'',-16.604,0,9.851,27,0,852006,1,0,'0'),(808,817001,0,'',8.04,0,-17.3,360,0,850032,1,0,'0'),(809,817001,0,'',45.872,0,14.659,344,0,850029,1,0,'0'),(810,817001,0,'',24.01,0,-9.1,13,0,850029,1,0,'0'),(811,817001,0,'',18.37,0.072,15.82,360,0,850002,1,0,'0'),(812,817001,0,'',33.65,0,-19.021,360,0,850027,1,0,'0'),(813,817001,0,'',32.58,0,9.5,347,0,852006,1,0,'0'),(814,817001,0,'',12.134,-0.15,9.117,128,0,850029,1,0,'0'),(815,817001,0,'',17.982,0,-5.623,324,0,850032,1,0,'0'),(816,817001,0,'',-3.63,0.072,-16.15,360,0,850002,1,0,'0'),(817,817001,0,'',3.797,-0.076,9.98,51,0,850029,1,0,'0'),(818,817001,0,'',12.117,0,19.749,360,0,850032,1,0,'0'),(819,817001,0,'',-3.62,0,0.73,271,0,850027,1,0,'0'),(820,817001,0,'',34.65,0,-14.52,360,0,850000,1,0,'0'),(821,817001,0,'',20.96,0,-5.83,360,0,880013,1,0,'0'),(822,817001,0,'',-7.92,-0.03,8.831,49,0,850029,1,0,'0'),(823,817001,0,'',-4.551,0.03,-1.425,271,0,881041,1,0,'0'),(824,817001,0,'',-4.22,0.072,15.82,360,0,850002,1,0,'0'),(825,817001,0,'',32.927,0,-0.51,271,0,850029,1,0,'0'),(826,817001,0,'',19.614,0,-10.816,360,0,852006,1,0,'0'),(827,817001,0,'',-3.269,0,-11.195,360,0,852006,1,0,'0'),(828,817001,0,'',4.29,0,19.75,360,0,850032,1,0,'0'),(829,817001,0,'',-21.02,0,16.47,20,0,850032,1,0,'0'),(830,817001,0,'',39.46,0,16.61,344,0,850032,1,0,'0'),(831,817001,0,'',0.59,0,15.06,1,0,850032,1,0,'0'),(832,817001,0,'',15.454,0,14.142,359,0,850032,1,0,'0'),(833,817002,0,'',20.806,0.03,-2.889,271,0,881041,1,0,'0'),(834,817002,0,'',1.458,-0.0499999,-5.081,275,0,850001,1,0,'0'),(835,817002,0,'',-4.61,0.03,2.55,271,0,881041,1,0,'0'),(836,817002,0,'',-15.89,0,3.28,360,0,880013,1,0,'0'),(837,817002,0,'',-9.56,0,-16.56,360,0,852003,1,0,'15000,30000'),(838,817002,0,'',25.97,0,-16.63,360,0,852003,1,0,'15000,30000'),(839,817002,0,'',-27.132,0,14.301,20,0,850001,1,0,'0'),(840,817002,0,'',-6.556,0,19.83,360,0,850001,1,0,'0'),(841,817002,0,'',20.7337,0.03,1.08593,271,0,881041,1,0,'0'),(842,817002,0,'',-7.278,0.01,-8.331,360,0,850001,1,0,'0'),(843,817002,0,'',25.43,0,19.83,360,0,850001,1,0,'0'),(844,817002,0,'',8.166,0.487,1.062,271,0,850004,1,0,'0'),(845,817002,0,'',-18.448,0,-0.047,271,0,850001,1,0,'0'),(846,817002,0,'',-10.16,0.072,-0.37,360,0,850002,1,0,'0'),(847,817002,0,'',31.64,0,-3.72,360,0,880013,1,0,'0'),(848,817002,0,'',-16.95,0,-13.85,360,0,850000,1,0,'0'),(849,817002,0,'',20.747,0,4.201,360,0,880013,1,0,'0'),(850,817002,0,'',-16.5,0,17.81,360,0,850027,1,0,'0'),(851,817002,0,'',35.851,0,17.798,347,0,850027,1,0,'0'),(852,817002,0,'',50.904,0,8.186,45,0,850001,1,0,'0'),(853,817002,0,'',-10.68,0,19.27,360,0,880013,1,0,'0'),(854,817002,0,'',-4.735,0,5.649,360,0,880013,1,0,'0'),(855,817002,0,'',-2.02,0,-18.17,360,0,880013,1,0,'0'),(856,817002,0,'',-20.94,0,-17.115,344,0,850027,1,0,'0'),(857,817002,0,'',33.61,0,15.04,360,0,850000,1,0,'0'),(858,817002,0,'',-1.157,0,6.105,360,0,850028,1,0,'0'),(859,817002,0,'',25.94,0.072,2.4,360,0,850002,1,0,'0'),(860,817002,0,'',-4.473,0,-4.246,360,0,880013,1,0,'0'),(861,817002,0,'',19.78,0,-0.03,271,0,850027,1,0,'0'),(862,817002,0,'',24.886,0,10.506,347,0,850001,1,0,'0'),(863,817002,0,'',-17.61,0,14.03,360,0,850000,1,0,'0'),(864,817002,0,'',23.28,0,19.22,360,0,880013,1,0,'0'),(865,817002,0,'',12.11,-0.14,-7.04,224,0,850001,1,0,'0'),(866,817002,0,'',-34.515,0,8.852,318,0,850001,1,0,'0'),(867,817002,0,'',17.169,0,6.261,360,0,850028,1,0,'0'),(868,817002,0,'',19.497,0,-18.27,360,0,880013,1,0,'0'),(869,817002,0,'',-1.164,0,-5.145,360,0,850028,1,0,'0'),(870,817002,0,'',19.59,0.072,-15.47,360,0,850002,1,0,'0'),(871,817002,0,'',-16.604,0,9.851,27,0,852006,1,0,'0'),(872,817002,0,'',8.04,0,-17.3,360,0,850028,1,0,'0'),(873,817002,0,'',45.872,0,14.659,344,0,850001,1,0,'0'),(874,817002,0,'',24.01,0,-9.1,13,0,850001,1,0,'0'),(875,817002,0,'',18.37,0.072,15.82,360,0,850002,1,0,'0'),(876,817002,0,'',33.65,0,-19.021,360,0,850027,1,0,'0'),(877,817002,0,'',32.58,0,9.5,347,0,852006,1,0,'0'),(878,817002,0,'',12.134,-0.15,9.117,128,0,850001,1,0,'0'),(879,817002,0,'',17.982,0,-5.623,324,0,850028,1,0,'0'),(880,817002,0,'',-3.63,0.072,-16.15,360,0,850002,1,0,'0'),(881,817002,0,'',3.797,-0.076,9.98,51,0,850001,1,0,'0'),(882,817002,0,'',12.117,0,19.749,360,0,850028,1,0,'0'),(883,817002,0,'',-3.62,0,0.73,271,0,850027,1,0,'0'),(884,817002,0,'',34.65,0,-14.52,360,0,850000,1,0,'0'),(885,817002,0,'',20.96,0,-5.83,360,0,880013,1,0,'0'),(886,817002,0,'',-7.92,-0.03,8.831,49,0,850001,1,0,'0'),(887,817002,0,'',-4.551,0.03,-1.425,271,0,881041,1,0,'0'),(888,817002,0,'',-4.22,0.072,15.82,360,0,850002,1,0,'0'),(889,817002,0,'',32.927,0,-0.51,271,0,850001,1,0,'0'),(890,817002,0,'',19.614,0,-10.816,360,0,852006,1,0,'0'),(891,817002,0,'',-3.269,0,-11.195,360,0,852006,1,0,'0'),(892,817002,0,'',4.29,0,19.75,360,0,850028,1,0,'0'),(893,817002,0,'',-21.02,0,16.47,20,0,850028,1,0,'0'),(894,817002,0,'',39.46,0,16.61,344,0,850028,1,0,'0'),(895,817002,0,'',-37.96,0,3.16,45,0,850028,1,0,'0'),(896,817002,0,'',-43.068,0,-0.64,318,0,850001,1,0,'0'),(897,817002,0,'',59.86,0,-0.77,45,0,850001,1,0,'0'),(898,817002,0,'',54.04,0,1.8,314,0,850028,1,0,'0'),(899,817002,0,'',41.377,0,-1.882,308,0,850027,1,0,'0'),(900,817002,0,'',-24.517,0,-0.037,71,0,850027,1,0,'0'),(901,817002,0,'',-0.548,0,19.748,360,0,850034,1,0,'50000,180000'),(902,817002,0,'',15.465,0,14.257,360,0,850034,1,0,'50000,180000'),(903,817002,0,'',22.79,0,-19.072,360,0,850034,1,0,'50000,180000'),(904,817002,0,'',-7.499,0,-19.072,360,0,850034,1,0,'50000,180000'),(905,817002,0,'',-9.748,0,-7,360,0,850034,1,0,'50000,180000'),(906,817002,0,'',28.8222,0,7.48913,350,0,850034,1,0,'50000,180000'),(907,817002,0,'',14.993,0,4.186,270,0,850034,1,0,'50000,180000'),(908,817002,0,'',1.399,0,6.532,276,0,850034,1,0,'50000,180000'),(909,817002,0,'',4.85805,0,-9.36998,27,0,850034,1,0,'50000,180000'),(910,817002,0,'',10.767,0,-10.763,1,0,850034,1,0,'50000,180000'),(911,815002,0,'',-13.809,3.1255,-37.365,314,0,850017,1,0,'0'),(912,815002,0,'',0,0,8.475,360,0,850027,1,0,'0'),(913,815002,0,'',45.639,0,4.228,45,0,850032,1,0,'0'),(914,815002,0,'',-33.94,0.01,5.63,315,0,881031,1,0,'0'),(915,815002,0,'',33.05,0.172,-11.64,45,0,850000,1,0,'0'),(916,815002,0,'',31.263,0,-21.986,42,0,850029,1,0,'0'),(917,815002,0,'',35.33,0.01,-4.46,316,0,881031,1,0,'0'),(918,815002,0,'',35.296,0,19.978,319,0,850027,1,0,'0'),(919,815002,0,'',14.4495,0.172,31.0175,45,0,850000,1,0,'0'),(920,815002,0,'',-16.352,0.172,-29.272,45,0,850000,1,0,'0'),(921,815002,0,'',-2.635,0,-45.058,144,0,850029,1,0,'0'),(922,815002,0,'',12.0745,0.172,-31.8535,45,0,850000,1,0,'0'),(923,815002,0,'',-29.01,-0.19,20.37,42,0,880011,1,0,'0'),(924,815002,0,'',-39.96,-0.2,-8.15,42,0,880011,1,0,'0'),(925,815002,0,'',46.334,0,8.707,136,0,850029,1,0,'0'),(926,815002,0,'',16.08,0,-35.36,42,0,880011,1,0,'0'),(927,815002,0,'',-3.07,0,42.774,345,0,850027,1,0,'0'),(928,815002,0,'',5.13,0.01,-34.4,316,0,881031,1,0,'0'),(929,815002,0,'',-5.54,1.55705,10.823,135,0,850016,1,0,'0'),(930,815002,0,'',-5.93,4.841,-12.762,45,0,852001,1,0,'0'),(931,815002,0,'',16.1567,1.55705,11.5007,45,0,850016,1,0,'0'),(932,815002,0,'',-9.75,-0.11,-12.63,42,0,880011,1,0,'0'),(933,815002,0,'',-44.487,0,1.625,310,0,850032,1,0,'0'),(934,815002,0,'',8.786,1.5181,-12.914,318,0,850016,1,0,'0'),(935,815002,0,'',18.95,0,30.98,48,0,880011,1,0,'0'),(936,815002,0,'',23.828,0.47,-24.261,89,0,850030,1,0,'0'),(937,815002,0,'',-18.02,0,-33.4,319,0,850027,1,0,'0'),(938,815002,0,'',-20.93,-0.13,-14.19,92,0,880011,1,0,'0'),(939,815002,0,'',25.318,0,25.2233,135,0,850029,1,0,'0'),(940,815002,0,'',12.249,0,-22.5435,271,0,850032,1,0,'0'),(941,815002,0,'',-12.502,0.172,12.502,45,0,850002,1,0,'0'),(942,815002,0,'',14.09,4.841,7.49,45,0,852001,1,0,'0'),(943,815002,0,'',-5.94,0.01,35.831,315,0,881031,1,0,'0'),(944,815002,0,'',-3.145,0,-8.426,360,0,850027,1,0,'0'),(945,815002,0,'',28.93,4.841,7.35,318,0,852001,1,0,'0'),(946,815002,0,'',8.568,0,2.8215,89,0,850029,1,0,'0'),(947,815002,0,'',-45.3717,0,5.77824,57,0,850029,1,0,'0'),(948,815002,0,'',-10.332,0.172,31.612,45,0,850000,1,0,'0'),(949,815002,0,'',-29.127,0.172,13.205,45,0,850000,1,0,'0'),(950,815002,0,'',7.02,0,-43.21,42,0,850027,1,0,'0'),(951,815002,0,'',-9.956,0,4.8165,138,0,850029,1,0,'0'),(952,815002,0,'',-25.544,0.47,22.818,89,0,850030,1,0,'0'),(953,815002,0,'',12.95,-0.02,-20.49,360,0,880011,1,0,'0'),(954,815002,0,'',8.54,-0.06,12.2,42,0,880011,1,0,'0'),(955,815002,0,'',-27.146,0,-22.184,138,0,850029,1,0,'0'),(956,815002,0,'',-41.028,0,8.496,182,0,850027,1,0,'0'),(957,815002,0,'',31.42,0,-17.75,48,0,880011,1,0,'0'),(958,815002,0,'',9.367,0.172,-9.367,45,0,850002,1,0,'0'),(959,815002,0,'',6.469,2.926,31.728,314,0,850003,1,0,'0'),(960,815002,0,'',28.22,0.172,18.52,45,0,850000,1,0,'0'),(961,815002,0,'',-27.88,0.172,-15.14,45,0,850000,1,0,'0'),(962,815002,0,'',-29.41,4.841,-5.87,134,0,852001,1,0,'0'),(963,815002,0,'',4.2655,0,-9.69,316,0,850032,1,0,'0'),(964,815002,0,'',-11.6,-0.13,7.6,42,0,880011,1,0,'0'),(965,815002,0,'',48.606,0,-3.073,137,0,850027,1,0,'0'),(966,815002,0,'',-12.869,0,22.92,271,0,850032,1,0,'0'),(967,815002,0,'',-13.853,1.55705,-9.487,226,0,850016,1,0,'0'),(968,815002,0,'',-18.752,0,30.166,71,0,850029,1,0,'0'),(969,815002,0,'',4.834,0,42.131,157,0,850029,1,0,'0'),(970,815002,0,'',41.55,0,11.3,48,0,880011,1,0,'0'),(971,815002,0,'',9.58,-0.04,-5.13,42,0,880011,1,0,'0'),(972,815002,0,'',1.91,0,42.11,8,0,880011,1,0,'0'),(973,815002,0,'',-8.528,0,-3.506,271,0,850032,1,0,'0'),(974,812001,0,'',-44.1,0.04,14.54,225,0,890012,1,0,'240000'),(975,812001,0,'',-24.99,0.079,43.2,315,0,880010,1,0,'0'),(976,812001,0,'',-50.633,0.079,13.367,315,0,880010,1,0,'0'),(977,812001,0,'3',3.96,0.134,-1.82,42,0,850000,1,0,'0'),(978,812001,0,'3',1.92,0.25,-46.32,360,0,850002,1,0,'0'),(979,812001,0,'',16.164,0.17,39.44,310,0,850027,1,0,'0'),(980,812001,0,'',-0.638,0.123,-66.952,40,0,850028,1,0,'0'),(981,812001,0,'',-17.29,0.123,42.21,225,0,881011,1,0,'0'),(982,812001,0,'',-7.585,0.123,6.454,45,0,850028,1,0,'0'),(983,812001,0,'',14.82,0.04,35.09,225,0,890012,1,0,'240000'),(984,812001,0,'3',-12.785,0.172,17.525,40,0,850001,1,0,'0'),(985,812001,0,'',-3.67,0.079,-55.26,313,0,880010,1,0,'0'),(986,812001,0,'3',3.226,0.172,55.541,131,0,850001,1,0,'0'),(987,812001,0,'',-3.97,0.079,-2.6,42,0,880010,1,0,'0'),(988,812001,0,'',-13.769,0.079,-2.542,42,0,880010,1,0,'0'),(989,812001,0,'3',-31.454,0.288,36.338,355,0,850004,1,0,'0'),(990,812001,0,'',-17.256,0.123,54.625,222,0,850028,1,0,'0'),(991,812001,0,'3',-9.394,0.267,11.218,355,0,850004,1,0,'0'),(992,812001,0,'',-13.14,0.079,-19.8,313,0,880010,1,0,'0'),(993,812001,0,'',-21.518,0.123,-47.036,313,0,850028,1,0,'0'),(994,812001,0,'',8.947,0.123,38.415,310,0,881011,1,0,'0'),(995,812001,0,'',-1.729,0.17,44.122,314,0,850027,1,0,'0'),(996,812001,0,'3',-57.715,0.172,7.938,42,0,850001,1,0,'0'),(997,812001,0,'',0.463,0.123,44.456,224,0,881011,1,0,'0'),(998,812001,0,'',-36.028,0.172,-20.947,133,0,850001,1,0,'0'),(999,812001,0,'',-7.281,0.079,51.608,313,0,880010,1,0,'0'),(1000,812001,0,'',-8.789,0.123,6.684,225,0,881011,1,0,'0'),(1001,812001,0,'',-32.35,0.04,-18.1,225,0,890012,1,0,'240000'),(1002,812001,0,'',-8.108,0.172,-65.494,132,0,850001,1,0,'0'),(1003,812001,0,'3',2.992,0.134,30.876,42,0,850000,1,0,'0'),(1004,812001,0,'',-44.02,0.079,-11.11,313,0,880010,1,0,'0'),(1005,812001,0,'3',-52.039,0.25,2.363,324,0,850002,1,0,'0'),(1006,812001,0,'3',2.925,0.245,-26.897,355,0,850004,1,0,'0'),(1007,812001,0,'',26.08,0.079,6.67,40,0,880010,1,0,'0'),(1008,812001,0,'3',-21.246,0.134,-3.799,42,0,850000,1,0,'0'),(1009,812001,0,'',-13.7473,0.123,-30.8213,33,0,850028,1,0,'0'),(1010,812001,0,'',2.95,0.079,2.399,40,0,880010,1,0,'0'),(1011,812001,0,'',-22.07,0.04,-33.48,225,0,890012,1,0,'240000'),(1012,812001,0,'',13.218,0.172,1.913,225,0,850001,1,0,'0'),(1013,812001,0,'',30.745,0.17,9.911,40,0,850027,1,0,'0'),(1014,812001,0,'',33.387,0.123,16.156,75,0,850028,1,0,'0'),(1015,812001,0,'',6.868,0.17,-0.731,310,0,850027,1,0,'0'),(1016,812001,0,'3',-36.191,0.172,-3.562,42,0,850001,1,0,'0'),(1017,812001,0,'3',-5.61,0.25,38.86,324,0,850002,1,0,'0'),(1018,812001,0,'',-30.76,0.079,26.72,315,0,880010,1,0,'0'),(1019,812001,0,'3',-20.07,0.134,-29,42,0,850000,1,0,'0'),(1020,812001,0,'',8.034,0.172,-39.624,224,0,850001,1,0,'0'),(1021,812001,0,'3',-4.061,0.172,23.07,310,0,850001,1,0,'0'),(1022,812001,0,'',-50.882,0.17,5.716,59,0,850027,1,0,'0'),(1023,812001,0,'',3.06,0.04,-32.09,285,0,890012,1,0,'240000'),(1024,812001,0,'',8.782,0.079,-31.464,272,0,880010,1,0,'0'),(1025,812001,0,'',-1.56,0.04,50.25,225,0,890012,1,0,'240000'),(1026,812001,0,'',9.233,0.172,30.332,297,0,850001,1,0,'0'),(1027,812001,0,'3',8.791,2.908,-18.129,92,0,850003,1,0,'0'),(1028,812001,0,'',-3.68,0.123,55.775,222,0,850028,1,0,'0'),(1029,812001,0,'',27.93,0.04,12.03,225,0,890012,1,0,'240000'),(1030,812001,0,'',-45.254,0.123,29.913,224,0,850028,1,0,'0'),(1031,812001,0,'3',0.171,0.172,-14.41,40,0,850001,1,0,'0'),(1032,812001,0,'3',-40.62,0.134,-9.26,42,0,850000,1,0,'0'),(1033,812001,0,'',33.138,0.172,20.541,316,0,850001,1,0,'0'),(1034,812001,0,'',10.861,0,36.118,310,0,881012,1,0,'0'),(1035,812001,0,'',-19.646,0.123,-11.084,42,0,850028,1,0,'0'),(1036,812001,0,'',-26.043,0.172,28.502,42,0,850001,1,0,'0'),(1037,812001,0,'3',23.146,2.908,3.367,42,0,850003,1,0,'0'),(1038,812001,0,'',-8.83,0.04,-55.17,225,0,890012,1,0,'240000'),(1039,812001,0,'',-35.875,0.123,12.532,42,0,850028,1,0,'0'),(1040,812001,0,'3',-25.03,0.172,-36.24,246,0,850001,1,0,'0'),(1041,812001,0,'',-26.022,0.172,46.835,42,0,850001,1,0,'0'),(1042,812001,0,'',10.854,0.172,-7.988,224,0,850001,1,0,'0'),(1043,812001,0,'3',-11.8,0.134,46.66,42,0,850000,1,0,'0'),(1044,812001,0,'3',-34.24,0.134,22.61,42,0,850000,1,0,'0'),(1045,812001,0,'',-27.11,0.079,-1.3,313,0,880010,1,0,'0'),(1046,812001,0,'',-43.029,2.867,21.167,221,0,850017,1,0,'0'),(1047,812001,0,'',10.249,0.17,-56.911,42,0,850027,1,0,'0'),(1048,812001,0,'',11.42,0.123,44.997,132,0,850028,1,0,'0'),(1049,812001,0,'',-35.59,0.04,31.17,225,0,890012,1,0,'240000'),(1050,812001,0,'3',-6.823,0.172,-15.186,42,0,850001,1,0,'0'),(1051,812001,0,'',-13.3,0.04,-8.36,225,0,890012,1,0,'240000'),(1052,812001,0,'',-2.33,0.04,3.24,225,0,890012,1,0,'240000'),(1053,812001,0,'',-6.942,0.172,-4.231,224,0,850001,1,0,'0'),(1054,812001,0,'',-20.83,0.172,-20.54,134,0,850001,1,0,'0'),(1055,812001,0,'',-8.015,0.123,17.801,42,0,850028,1,0,'0'),(1056,812001,0,'3',-24.546,0.25,0.772,324,0,850002,1,0,'0'),(1057,812001,0,'3',2.04,0.134,-58.15,42,0,850000,1,0,'0'),(1058,812001,0,'',-42.021,0.123,-14.317,316,0,850028,1,0,'0'),(1059,812001,0,'',7.369,0.079,35.324,26,0,880010,1,0,'0'),(1060,812001,0,'',-23.64,0.079,-43.62,313,0,880010,1,0,'0'),(1061,812001,0,'',-7.484,0.123,-6.832,313,0,881011,1,0,'0'),(1062,812001,0,'',-0.275,0.13,7.159,311,0,850034,1,0,'50000,180000'),(1063,812001,0,'',-25.241,0.13,-4.409,316,0,850034,1,0,'50000,180000'),(1064,812001,0,'',-16.7923,0.13,7.85759,224,0,850034,1,0,'50000,180000'),(1065,812001,0,'',-11.177,0.13,-4.237,314,0,850034,1,0,'50000,180000'),(1066,812001,0,'',8.786,0.13,-11.9,271,0,850034,1,0,'50000,180000'),(1067,812001,0,'',21.96,0.13,9.75,223,0,850034,1,0,'50000,180000'),(1068,812001,0,'',23.72,0.13,24.83,312,0,850034,1,0,'50000,180000'),(1069,812001,0,'',5.61405,0.13,20.8169,224,0,850034,1,0,'50000,180000'),(1070,812001,0,'',4.059,0.13,39.898,298,0,850034,1,0,'50000,180000'),(1071,812001,0,'',-3.25,0.13,33.37,312,0,850034,1,0,'50000,180000'),(1072,812001,0,'',-18.72,0.13,34.5,42,0,850034,1,0,'50000,180000'),(1073,812001,0,'',-31.339,0.13,40.46,42,0,850034,1,0,'50000,180000'),(1074,812001,0,'',-35.866,0.13,18.758,42,0,850034,1,0,'50000,180000'),(1075,812001,0,'',-46.247,0.13,18.343,42,0,850034,1,0,'50000,180000'),(1076,812001,0,'',-59.828,0.13,5.582,130,0,850034,1,0,'50000,180000'),(1077,812001,0,'',-51.829,0.13,-3.302,130,0,850034,1,0,'50000,180000'),(1078,812001,0,'',-30.177,0.13,-12.182,130,0,850034,1,0,'50000,180000'),(1079,812001,0,'',-33.805,0.13,-23.475,134,0,850034,1,0,'50000,180000'),(1080,812001,0,'',-22.729,0.13,-14.698,134,0,850034,1,0,'50000,180000'),(1081,812001,0,'',-30.794,0.13,-26.817,130,0,850034,1,0,'50000,180000'),(1082,812001,0,'',-10.92,0.135,-21.05,133,0,850034,1,0,'50000,180000'),(1083,812001,0,'',-1.95,0.135,-21.13,221,0,850034,1,0,'50000,180000'),(1084,812001,0,'',9.18,0.135,-23.403,272,0,850034,1,0,'50000,180000'),(1085,812001,0,'',0.839445,0.135,-40.5017,217,0,850034,1,0,'50000,180000'),(1086,812001,0,'',-10.298,0.135,-46.81,131,0,850034,1,0,'50000,180000'),(1087,812001,0,'',-11.317,0.135,-61.829,131,0,850034,1,0,'50000,180000'),(1088,813004,0,'',-9.984,2.9403,17.177,335,0,850003,1,0,'0'),(1089,813004,0,'',0.64,0,8,360,0,852002,1,0,'15000,30000'),(1090,813004,0,'',22.917,0,-2.691,360,0,880010,1,0,'0'),(1091,813004,0,'',12.861,0,13.032,271,0,850027,1,0,'0'),(1092,813004,0,'',-3.3912,0,26.0145,180,0,850029,1,0,'0'),(1093,813004,0,'',7.948,0,15.266,91,0,850029,1,0,'0'),(1094,813004,0,'',-14.1,0,19.05,68,0,881022,1,0,'0'),(1095,813004,0,'',20.6208,0,-5.778,206,0,850029,1,0,'0'),(1096,813004,0,'',8.28,0,25.27,360,0,880010,1,0,'0'),(1097,813004,0,'',-32.823,0,-5.364,360,0,850000,1,0,'0'),(1098,813004,0,'',29.7,0,12.59,360,0,880010,1,0,'0'),(1099,813004,0,'',23.04,0,11.32,271,0,881021,1,0,'0'),(1100,813004,0,'',-6.77,0,25.17,360,0,880010,1,0,'0'),(1101,813004,0,'',28.34,0,21.63,182,0,850029,1,0,'0'),(1102,813004,0,'',-3.568,0,-8.688,360,0,850029,1,0,'0'),(1103,813004,0,'',8.638,0,4.672,138,0,850032,1,0,'0'),(1104,813004,0,'',6.371,0.07,10.718,180,0,881021,1,0,'0'),(1105,813004,0,'',23.1,0,7.36,271,0,881021,1,0,'0'),(1106,813004,0,'',-1.61,0,5.005,286,0,850027,1,0,'0'),(1107,813004,0,'',-34.18,0,15.11,271,0,881021,1,0,'0'),(1108,813004,0,'',-29.907,0.09,18.072,360,0,850002,1,0,'0'),(1109,813004,0,'',16.002,0,6.201,113,0,850032,1,0,'0'),(1110,813004,0,'',-35.089,0,13.862,91,0,850032,1,0,'0'),(1111,813004,0,'',-34.35,0,3.38,271,0,850029,1,0,'0'),(1112,813004,0,'',-15.46,0,13.64,343,0,880010,1,0,'0'),(1113,813004,0,'',-11.54,0,-7.82,360,0,880010,1,0,'0'),(1114,813004,0,'',11.646,0,21.429,360,0,850000,1,0,'0'),(1115,813004,0,'',-33.2127,0,23.6673,182,0,850029,1,0,'0'),(1116,813004,0,'',11.646,0,-1.26,360,0,850000,1,0,'0'),(1117,813004,0,'',-23.9,0,-6.54,360,0,880010,1,0,'0'),(1118,813004,0,'',21.888,0.09,14.301,360,0,850002,1,0,'0'),(1119,813004,0,'',-22.455,0,19.134,360,0,850000,1,0,'0'),(1120,813004,0,'',19.573,0,19.332,180,0,850029,1,0,'0'),(1121,813004,0,'',-34.12,0,11.12,271,0,881021,1,0,'0'),(1122,813004,0,'',32.751,0,5.391,271,0,850027,1,0,'0'),(1123,813004,0,'',7.15,0,7.67,360,0,880010,1,0,'0'),(1124,813004,0,'',-2.521,0,0.422,296,0,881022,1,0,'0'),(1125,813004,0,'',-9.64,0,-7.817,360,0,880010,1,0,'0'),(1126,813004,0,'',24.1011,0,9.1539,91,0,850032,1,0,'0'),(1127,813004,0,'',-16.272,0,-4.842,360,0,850000,1,0,'0'),(1128,813004,0,'',-25.02,0,12.41,360,0,880010,1,0,'0'),(1129,813004,0,'',-15.705,0,25.767,91,0,850032,1,0,'0'),(1130,813004,0,'',-24.6429,0,-12.7044,182,0,850029,1,0,'0'),(1131,813004,0,'',-15.85,0,-10.02,180,0,850027,1,0,'0'),(1132,813004,0,'',26.8902,0,-5.4045,157,0,850029,1,0,'0'),(1133,813004,0,'',-35.145,0,9.866,271,0,850027,1,0,'0'),(1134,813004,0,'',24.102,0,5.5233,271,0,850029,1,0,'0'),(1135,813004,0,'',2.64,0,8,360,0,852002,1,0,'15000,30000'),(1136,813004,0,'',-2.59,0,8,360,0,852002,1,0,'15000,30000'),(1137,813004,0,'',-2.59,0,19.54,360,0,852002,1,0,'15000,30000'),(1138,813004,0,'',4.49,0,19.54,360,0,852002,1,0,'15000,30000'),(1139,813004,0,'',-11.21,0,21.98,360,0,852002,1,0,'15000,30000'),(1140,813004,0,'',-19.79,0,20.8,360,0,852002,1,0,'15000,30000'),(1141,813004,0,'',8.93,0,21.99,360,0,852002,1,0,'15000,30000'),(1142,813004,0,'',5.3,0,25.54,56,0,850032,1,0,'0'),(1143,813004,0,'',-6.63,0,-0.74,25,0,850032,1,0,'0'),(1144,813004,0,'',-12.26,0,8.735,360,0,850032,1,0,'0');
/*!40000 ALTER TABLE `map_entities` ENABLE KEYS */;
UNLOCK TABLES;

--
-- Table structure for table `map_generate`
--

DROP TABLE IF EXISTS `map_generate`;
/*!40101 SET @saved_cs_client     = @@character_set_client */;
/*!40101 SET character_set_client = utf8 */;
CREATE TABLE `map_generate` (
  `id` int(11) NOT NULL DEFAULT '0' COMMENT 'ID',
  `map_id` int(11) NOT NULL DEFAULT '0' COMMENT '地图ID',
  `name` varchar(200) NOT NULL DEFAULT '0' COMMENT '名称',
  `pos_x` float NOT NULL DEFAULT '0' COMMENT '位置信息，X',
  `pos_y` float NOT NULL DEFAULT '0' COMMENT '位置信息，Y',
  `pos_z` float NOT NULL DEFAULT '0' COMMENT '位置信息，Z',
  `trigger_id` int(11) NOT NULL DEFAULT '0' COMMENT '触发器id',
  PRIMARY KEY (`id`)
) ENGINE=InnoDB DEFAULT CHARSET=utf8 COMMENT='[logic server no use]';
/*!40101 SET character_set_client = @saved_cs_client */;

--
-- Dumping data for table `map_generate`
--

LOCK TABLES `map_generate` WRITE;
/*!40000 ALTER TABLE `map_generate` DISABLE KEYS */;
INSERT INTO `map_generate` VALUES (1,812000,'1',-37.78,0.5,-2.55,850031),(2,812000,'2',-17.41,0.5,-15.82,850031),(3,812000,'3',-19.44,0.5,-17.68,850031),(4,812000,'4',-20.86,0.5,-18.98,850031),(5,812000,'5',-22.12,0.5,-17.6,850031),(6,812000,'6',-23.91,0.5,-16.64,850031),(7,812000,'7',-27.02,0.5,-16.46,850031),(8,812000,'8',-24.589,0.5,-0.501,850031),(9,812000,'9',-9.32,0.5,22.44,850031),(10,812000,'10',-10.68,0.5,21.2,850031),(11,812000,'11',-12.16,0.5,22.82,850031),(12,812000,'12',-13.83,0.5,24.65,850031),(13,812000,'13',-15.27,0.5,26.23,850031),(14,812000,'14',-16.82,0.5,27.93,850031),(15,812000,'15',-18.67,0.5,30.44,850031),(16,812000,'16',-20.19,0.5,32.11,850031),(17,812000,'17',2.4,0.5,47.15,850031),(18,812000,'18',3.61,0.5,48.26,850031),(19,812000,'19',3.51,0.5,19.72,850031),(20,812000,'20',5.6,0.5,21.63,850031),(21,812000,'21',4.28,0.5,23.07,850031),(22,812000,'22',1.93,0.5,20.93,850031),(23,812000,'23',-9.27,0.5,19.74,850031),(24,812000,'24',-8.09,0.5,20.82,850031),(25,812000,'25',-6.91,0.5,19.53,850031),(26,812000,'26',-5.37,0.5,20.93,850031),(27,812000,'27',-3.93,0.5,19.36,850031),(28,812000,'28',-0.47,0.5,20.21,850031),(29,812000,'29',1.26,0.5,18.31,850031),(30,812000,'30',-0.79,0.5,16.44,850031),(31,812000,'31',-2.18,0.5,17.96,850031),(32,812000,'32',-3.92,0.5,16.37,850031),(33,812000,'33',-2.59,0.5,14.91,850031),(34,812000,'34',-4.3,0.5,13.35,850031),(35,812000,'35',-5.55,0.5,14.71,850031),(36,812000,'36',-10.78,0.5,13.87,850031),(37,812000,'37',-12.28,0.5,15.51,850031),(38,812000,'38',-10.7,0.5,16.95,850031),(39,812000,'39',-9.34,0.5,15.46,850031),(40,812000,'40',-7.27,0.5,13.19,850031),(41,812000,'41',-5.48,0.5,11.23,850031),(42,812000,'42',-7.14,0.5,9.71,850031),(43,812000,'43',-9.06,0.5,7.96,850031),(44,812000,'44',-34.82,0.5,10.03,850031),(45,812000,'45',-38.89,0.5,8.29,850031),(46,812000,'46',-34.32,0.5,3.29,850031),(47,812000,'47',-33.98,0.5,5.91,850031),(48,812000,'48',-36.11,0.5,8.24,850031),(49,812000,'49',-37.48,0.5,6.99,850031),(50,812000,'50',-39.37,0.5,5.27,850031),(51,812000,'51',-38.49,0.5,3.36,850031),(52,812000,'52',-40.18,0.5,1.82,850031),(53,812000,'53',-39.7,0.5,-0.36,850031),(54,812000,'54',-38.16,0.5,1.04,850031),(55,812000,'55',-36.34,0.5,-0.95,850031),(56,812000,'56',-34.12,0.5,1.07,850031),(57,812000,'57',-32.35,0.5,2.68,850031),(58,812000,'58',-28.81,0.5,1.94,850031),(59,812000,'59',-30.56,0.5,3.86,850031),(60,812000,'60',-32.39,0.5,5.87,850031),(61,812000,'61',-34.24,0.5,7.89,850031),(62,812000,'62',-32.46,0.5,9.52,850031),(63,812000,'63',-30.64,0.5,7.53,850031),(64,812000,'64',-28.86,0.5,5.58,850031),(65,812000,'65',-27.14,0.5,3.7,850031),(66,812000,'66',-25.6,0.5,2.02,850031),(67,812000,'67',-27.74,0.5,0.07,850031),(68,812000,'68',-26.02,0.5,-1.81,850031),(69,812000,'69',-23.11,0.5,0.84,850031),(70,812000,'70',-21.41,0.5,2.39,850031),(71,812000,'71',-19.85,0.5,3.82,850031),(72,812000,'72',-17.56,0.5,5.92,850031),(73,812000,'73',-16.37,0.5,7.01,850031),(74,812000,'74',-14.93,0.5,8.32,850031),(75,812000,'75',-13.18,0.5,9.92,850031),(76,812000,'76',-11.84,0.5,8.46,850031),(77,812000,'77',-14.3,0.5,6.21,850031),(78,812000,'78',-16.11,0.5,4.56,850031),(79,812000,'79',-18.47,0.5,2.4,850031),(80,812000,'80',-19.82,0.5,1.16,850031),(81,812000,'81',-21.87,0.5,-0.71,850031),(82,812000,'82',-23.76,0.5,-2.43,850031),(83,812000,'83',-22.64,0.5,-3.66,850031),(84,812000,'84',-21.03,0.5,-5.43,850031),(85,812000,'85',-19.21,0.5,-3.77,850031),(86,812000,'86',-18.11,0.5,-4.98,850031),(87,812000,'87',-21.29,0.5,-7.89,850031),(88,812000,'88',-19.86,0.5,-6.58,850031),(89,812000,'89',-18.11,0.5,-8.5,850031),(90,812000,'90',-13.74,0.5,-4.51,850031),(91,812000,'91',-16.06,0.5,-6.63,850031),(92,812000,'92',-14.24,0.5,-8.63,850031),(93,812000,'93',-12.21,0.5,-6.78,850031),(94,812000,'94',0.8,0.5,-10.1,850031),(95,812000,'95',2.4,0.5,-8.64,850031),(96,812000,'96',3.84,0.5,-7.33,850031),(97,812000,'97',4.66,0.5,-3.24,850031),(98,812000,'98',3.18,0.5,-4.59,850031),(99,812000,'99',1.57,0.5,-2.83,850031),(100,812000,'100',2.96,0.5,-1.56,850031),(101,812000,'101',1.84,0.5,0.7,850031),(102,812000,'102',0.32,0.5,2.37,850031),(103,812000,'103',-1.7,0.5,4.59,850031),(104,812000,'104',-3.28,0.5,6.32,850031),(105,812000,'105',-5.23,0.5,4.54,850031),(106,812000,'106',-3.58,0.5,2.73,850031),(107,812000,'107',-1.95,0.5,0.94,850031),(108,812000,'108',-0.19,0.5,-0.99,850031),(109,812000,'109',-5.21,0.5,-5.57,850031),(110,812000,'110',-3.51,0.5,-4.01,850031),(111,812000,'111',-1.99,0.5,-2.63,850031),(112,812000,'112',-0.21,0.5,-4.58,850031),(113,812000,'113',1.61,0.5,-6.57,850031),(114,812000,'114',0.11,0.5,-7.94,850031),(115,812000,'115',-1.79,0.5,-5.86,850031),(116,812000,'116',-3.75,0.5,-7.65,850031),(117,812000,'117',-1.79,0.5,-9.79,850031),(118,812000,'118',-5.31,0.5,-13.01,850031),(119,812000,'119',-7.23,0.5,-10.9,850031),(120,812000,'120',-9.22,0.5,-8.72,850031),(121,812000,'121',-11.3,0.5,-10.62,850031),(122,812000,'122',-9.4,0.5,-12.7,850031),(123,812000,'123',-11.51,0.5,-14.63,850031),(124,812000,'124',-13.39,0.5,-12.57,850031),(125,812000,'125',-15.36,0.5,-14.37,850031),(126,812000,'126',-13.73,0.5,-16.16,850031),(127,812000,'127',-14.66,0.5,-19.09,850031),(128,812000,'128',-16.48,0.5,-17.09,850031),(129,812000,'129',-18.23,0.5,-18.69,850031),(130,812000,'130',-19.84,0.5,-20.16,850031),(131,812000,'131',-18.48,0.5,-21.65,850031),(132,812000,'132',-17.01,0.5,-20.31,850031),(133,812000,'133',-15.38,0.5,-22.09,850031),(134,812000,'134',-13.39,0.5,-20.28,850031),(135,812000,'135',-11.68,0.5,-22.15,850031),(136,812000,'136',-13.6,0.5,-23.9,850031),(137,812000,'137',3.07,0.5,-62.3,850031),(138,812000,'138',5.14,0.5,-60.41,850031),(139,812000,'139',8.38,0.5,-57.45,850031),(140,812000,'140',6.84,0.5,-58.85,850031),(141,812000,'141',1.23,0.5,-52.71,850031),(142,812000,'142',4.6,0.5,-57.04,850031),(143,812000,'143',2.84,0.5,-55.12,850031),(144,812000,'144',4.19,0.5,-53.89,850031),(145,812000,'145',5.54,0.5,-55.37,850031),(146,812000,'146',7.19,0.5,-53.86,850031),(147,812000,'147',5.64,0.5,-52.16,850031),(148,812000,'148',3.98,0.5,-50.35,850031),(149,812000,'149',2.88,0.5,-51.36,850031),(150,812000,'150',1.29,0.5,-49.62,850031),(151,812000,'151',3.28,0.5,-47.81,850031),(152,812000,'152',0.73,0.5,-45.02,850031),(153,812000,'153',2.55,0.5,-43.36,850031),(154,812000,'154',5.71,0.5,-40.48,850031),(155,812000,'155',3.94,0.5,-42.09,850031),(156,812000,'156',2.6,0.5,-40.62,850031),(157,812000,'157',4.73,0.5,-38.67,850031),(158,812000,'158',4.65,0.5,-28.56,850031),(159,812000,'159',2.98,0.5,-30.08,850031),(160,812000,'160',4.71,0.5,-31.97,850031),(161,812000,'161',4.3,0.5,-35.34,850031),(162,812000,'162',6.15,0.5,-37.36,850031),(163,812000,'163',7.85,0.5,-35.81,850031),(164,812000,'164',6.09,0.5,-33.88,850031),(165,812000,'165',7.9,0.5,-32.23,850031),(166,812000,'166',5.96,0.5,-30.11,850031),(167,812000,'167',7.77,0.5,-28.46,850031),(168,812000,'168',6.01,0.5,-26.54,850031),(169,812000,'169',7.83,0.5,-24.88,850031),(170,812000,'170',6.16,0.5,-23.06,850031),(171,812000,'171',4.18,0.5,-24.87,850031),(172,812000,'172',8.37,0.5,-16.53,850031),(173,812000,'173',8.11,0.5,-21.38,850031),(174,812000,'174',6.48,0.5,-19.59,850031),(175,812000,'175',4.15,0.5,-21.72,850031),(176,812000,'176',-14.21,0.5,-28.1,850031),(177,812000,'177',-12.35,0.5,-26.37,850031),(178,812000,'178',-9.97,0.5,-24.2,850031),(179,812000,'179',-5.71,0.5,-23.24,850031),(180,812000,'180',-4.15,0.5,-21.82,850031),(181,812000,'181',-5.65,0.5,-20.18,850031),(182,812000,'182',-2.76,0.5,-18.72,850031),(183,812000,'183',-1.67,0.5,-19.92,850031),(184,812000,'184',2.41,0.5,-16.19,850031),(185,812000,'185',0.83,0.5,-17.64,850031),(186,812000,'186',2.51,0.5,-19.48,850031),(187,812000,'187',4.5,0.5,-17.66,850031),(188,812000,'188',6.67,0.5,-15.68,850031),(189,812000,'189',8.29,0.5,-14.2,850031),(190,812000,'190',8.1,0.5,-11.18,850031),(191,812000,'191',6.03,0.5,-13.07,850031),(192,812000,'192',3.98,0.5,-14.94,850031),(193,812000,'193',2.38,0.5,-13.19,850031),(194,812000,'194',4.41,0.5,-11.34,850031),(195,812000,'195',6.63,0.5,-9.32,850031),(196,812000,'196',8.89,0.5,-7.26,850031),(197,812000,'197',10.35,0.5,-5.92,850031),(198,812000,'198',11.15,0.5,-3.78,850031),(199,812000,'199',12.4,0.5,-5.15,850031),(200,812000,'200',14.24,0.5,-3.47,850031),(201,812000,'201',12.88,0.5,-1.98,850031),(202,812000,'202',15.39,0.5,1.71,850031),(203,812000,'203',14.5,0.5,-0.39,850031),(204,812000,'204',16,0.5,-2.03,850031),(205,812000,'205',17.69,0.5,-0.49,850031),(206,812000,'206',19.42,0.5,1.09,850031),(207,812000,'207',18.07,0.5,2.57,850031),(208,812000,'208',16.69,0.5,4.08,850031),(209,812000,'209',18.41,0.5,5.65,850031),(210,812000,'210',19.63,0.5,4.32,850031),(211,812000,'211',20.98,0.5,2.84,850031),(212,812000,'212',23.76,0.5,5.38,850031),(213,812000,'213',22.57,0.5,6.69,850031),(214,812000,'214',21.28,0.5,8.1,850031),(215,812000,'215',23.32,0.5,9.96,850031),(216,812000,'216',24.85,0.5,8.28,850031),(217,812000,'217',26.2,0.5,6.8,850031),(218,812000,'218',28.08,0.5,8.52,850031),(219,812000,'219',26.59,0.5,10.15,850031),(220,812000,'220',24.98,0.5,11.92,850031),(221,812000,'221',27.18,0.5,13.93,850031),(222,812000,'222',28.23,0.5,12.79,850031),(223,812000,'223',29.68,0.5,11.2,850031),(224,812000,'224',31.77,0.5,13.11,850031),(225,812000,'225',28.78,0.5,16.4,850031),(226,812000,'226',30,0.5,15.07,850031),(227,812000,'227',31.63,0.5,16.56,850031),(228,812000,'228',30.15,0.5,18.18,850031),(229,812000,'229',31.63,0.5,19.53,850031),(230,812000,'230',29.77,0.5,21.57,850031),(231,812000,'231',28.03,0.5,23.48,850031),(232,812000,'232',26.18,0.5,25.5,850031),(233,812000,'233',23.4,0.5,25.94,850031),(234,812000,'234',24.73,0.5,27.16,850031),(235,812000,'235',22.62,0.5,29.47,850031),(236,812000,'236',21.13,0.5,31.95,850031),(237,812000,'237',19.24,0.5,34.02,850031),(238,812000,'238',17.25,0.5,32.21,850031),(239,812000,'239',15.57,0.5,34.05,850031),(240,812000,'240',17.5,0.5,35.82,850031),(241,812000,'241',15.59,0.5,37.92,850031),(242,812000,'242',14.32,0.5,36.76,850031),(243,812000,'243',12.57,0.5,38.68,850031),(244,812000,'244',10.48,0.5,40.97,850031),(245,812000,'245',8.38,0.5,41.53,850031),(246,812000,'246',6.16,0.5,39.51,850031),(247,812000,'247',6.87,0.5,36.44,850031),(248,812000,'248',8.18,0.5,37.64,850031),(249,812000,'249',9.99,0.5,35.66,850031),(250,812000,'250',8.36,0.5,34.17,850031),(251,812000,'251',10.2,0.5,32.16,850031),(252,812000,'252',12,0.5,33.8,850031),(253,812000,'253',14.03,0.5,31.57,850031),(254,812000,'254',11.64,0.5,29.38,850031),(255,812000,'255',9.14,0.5,28.37,850031),(256,812000,'256',10.45,0.5,26.94,850031),(257,812000,'257',8.63,0.5,25.28,850031),(258,812000,'258',7.01,0.5,23.8,850031),(259,812000,'259',6.78,0.5,27.09,850031),(260,812000,'260',5.28,0.5,25.72,850031),(261,812000,'261',3.22,0.5,27.97,850031),(262,812000,'262',5.12,0.5,29.7,850031),(263,812000,'263',3.39,0.5,32.9,850031),(264,812000,'264',0.77,0.5,30.51,850031),(265,812000,'265',2.3,0.5,35.3,850031),(266,812000,'266',0.57,0.5,33.72,850031),(267,812000,'267',-0.91,0.5,32.37,850031),(268,812000,'268',-2.75,0.5,34.39,850031),(269,812000,'269',-1.06,0.5,35.93,850031),(270,812000,'270',0.86,0.5,37.68,850031),(271,812000,'271',4.52,0.5,41.02,850031),(272,812000,'272',5.78,0.5,42.17,850031),(273,812000,'273',7.63,0.5,43.86,850031),(274,812000,'274',5.69,0.5,45.98,850031),(275,812000,'275',3.84,0.5,44.29,850031),(276,812000,'276',1.5,0.5,42.15,850031),(277,812000,'277',-0.96,0.5,39.91,850031),(278,812000,'278',-2.95,0.5,38.09,850031),(279,812000,'279',-4.91,0.5,36.3,850031),(280,812000,'280',-6.19,0.5,41.38,850031),(281,812000,'281',-8.14,0.5,39.6,850031),(282,812000,'282',-9.75,0.5,41.37,850031),(283,812000,'283',-7.94,0.5,43.03,850031),(284,812000,'284',-6.33,0.5,44.5,850031),(285,812000,'285',4,0.5,52.93,850031),(286,812000,'286',2.36,0.5,54.72,850031),(287,812000,'287',0.84,0.5,56.38,850031),(288,812000,'288',-0.86,0.5,55.4,850031),(289,812000,'289',0.97,0.5,53.4,850031),(290,812000,'290',2.65,0.5,51.56,850031),(291,812000,'291',0.41,0.5,49.52,850031),(292,812000,'292',-1.61,0.5,51.73,850031),(293,812000,'293',-3.06,0.5,53.32,850031),(294,812000,'294',-5.42,0.5,51.72,850031),(295,812000,'295',-4.05,0.5,50.22,850031),(296,812000,'296',-2.04,0.5,48.02,850031),(297,812000,'297',-4.26,0.5,46,850031),(298,812000,'298',-5.85,0.5,47.74,850031),(299,812000,'299',-7.79,0.5,49.87,850031),(300,812000,'300',-13.93,0.5,45.98,850031),(301,812000,'301',-10.24,0.5,48.51,850031),(302,812000,'302',-8.64,0.5,46.76,850031),(303,812000,'303',-10.75,0.5,44.84,850031),(304,812000,'304',-12.46,0.5,43.28,850031),(305,812000,'305',-15.5,0.5,51.17,850031),(306,812000,'306',-14.78,0.5,53.29,850031),(307,812000,'307',-12.6,0.5,50.9,850031),(308,812000,'308',-13.88,0.5,49.73,850031),(309,812000,'309',-16.06,0.5,47.74,850031),(310,812000,'310',-23.94,0.5,46.39,850031),(311,812000,'311',-22.52,0.5,44.83,850031),(312,812000,'312',-24.52,0.5,43,850031),(313,812000,'313',-22.65,0.5,40.96,850031),(314,812000,'314',-20.5,0.5,42.92,850031),(315,812000,'315',-18.32,0.5,44.91,850031),(316,812000,'316',-14.91,0.5,41.18,850031),(317,812000,'317',-16.91,0.5,39.35,850031),(318,812000,'318',-19.33,0.5,37.14,850031),(319,812000,'319',-22.18,0.5,36.94,850031),(320,812000,'320',-21.17,0.5,34.6,850031),(321,812000,'321',-23.33,0.5,32.63,850031),(322,812000,'322',-26.08,0.5,34.59,850031),(323,812000,'323',-24.51,0.5,36.02,850031),(324,812000,'324',-24.94,0.5,38.78,850031),(325,812000,'325',-28,0.5,39.01,850031),(326,812000,'326',-30.83,0.5,39.31,850031),(327,812000,'327',-29.06,0.5,37.37,850031),(328,812000,'328',-28.32,0.5,34.4,850031),(329,812000,'329',-26.23,0.5,32.11,850031),(330,812000,'330',-28.52,0.5,30.02,850031),(331,812000,'331',-30.48,0.5,32.17,850031),(332,812000,'332',-32.43,0.5,34.3,850031),(333,812000,'333',-34.28,0.5,36.33,850031),(334,812000,'334',-36.59,0.5,34.22,850031),(335,812000,'335',-34.84,0.5,32.3,850031),(336,812000,'336',-32.85,0.5,30.13,850031),(337,812000,'337',-31.28,0.5,24.25,850031),(338,812000,'338',-29.14,0.5,26.11,850031),(339,812000,'339',-30.9,0.5,28.03,850031),(340,812000,'340',-33.07,0.5,26.05,850031),(341,812000,'341',-35.29,0.5,28.48,850031),(342,812000,'342',-37.21,0.5,30.59,850031),(343,812000,'343',-43.08,0.5,30.76,850031),(344,812000,'344',-39.46,0.5,29.17,850031),(345,812000,'345',-37.44,0.5,26.95,850031),(346,812000,'346',-35.31,0.5,24.61,850031),(347,812000,'347',-36.67,0.5,21.7,850031),(348,812000,'348',-42.41,0.5,27.99,850031),(349,812000,'349',-40.45,0.5,25.84,850031),(350,812000,'350',-38.33,0.5,23.52,850031),(351,812000,'351',-40.39,0.5,21.63,850031),(352,812000,'352',-39.09,0.5,20.21,850031),(353,812000,'353',-42.55,0.5,16.91,850031),(354,812000,'354',-43.9,0.5,18.39,850031),(355,812000,'355',-45.6,0.5,16.84,850031),(356,812000,'356',-44.35,0.5,15.47,850031),(357,812000,'357',-46.27,0.5,10.83,850031),(358,812000,'358',-42.9,0.5,13.91,850031),(359,812000,'359',-41.36,0.5,15.32,850031),(360,812000,'360',-37.7,0.5,18.66,850031),(361,812000,'361',-38.2,0.5,14.87,850031),(362,812000,'362',-40.01,0.5,13.22,850031),(363,812000,'363',-41.47,0.5,11.89,850031),(364,812000,'364',-41.53,0.5,8.57,850031),(365,812000,'365',-42.94,0.5,10.12,850031),(366,812000,'366',-44.71,0.5,12.06,850031),(367,812000,'367',-45.89,0.5,13.35,850031),(368,812000,'368',-47.42,0.5,15.03,850031),(369,812000,'369',-49.02,0.5,13.57,850031),(370,812000,'370',-47.73,0.5,12.15,850031),(371,812000,'371',-49.21,0.5,10.8,850031),(372,812000,'372',-50.73,0.5,9.56,850031),(373,812000,'373',-52.23,0.5,8.19,850031),(374,812000,'374',-53.66,0.5,9.75,850031),(375,812000,'375',-55.39,0.5,8.17,850031),(376,812000,'376',-58.32,0.5,5.5,850031),(377,812000,'377',-56.99,0.5,6.72,850031),(378,812000,'378',-55.61,0.5,5.21,850031),(379,812000,'379',-54.12,0.5,6.57,850031),(380,812000,'380',-52.6,0.5,4.9,850031),(381,812000,'381',-54,0.5,3.62,850031),(382,812000,'382',-52.99,0.5,1.34,850031),(383,812000,'383',-54.24,0.5,0.2,850031),(384,812000,'384',-50.15,0.5,1.22,850031),(385,812000,'385',-51.62,0.5,-0.12,850031),(386,812000,'386',-50.1,0.5,-1.78,850031),(387,812000,'387',-48.49,0.5,-0.31,850031),(388,812000,'388',-46.37,0.5,-2.09,850031),(389,812000,'389',-47.69,0.5,-3.3,850031),(390,812000,'390',-46.1,0.5,-6.22,850031),(391,812000,'391',-44.51,0.5,-4.77,850031),(392,812000,'392',-42.89,0.5,-3.29,850031),(393,812000,'393',-41.29,0.5,-1.83,850031),(394,812000,'394',-39.91,0.5,-3.34,850031),(395,812000,'395',-38.52,0.5,-4.87,850031),(396,812000,'396',-36.98,0.5,-6.56,850031),(397,812000,'397',-38.43,0.5,-7.89,850031),(398,812000,'398',-39.66,0.5,-6.55,850031),(399,812000,'399',-41.33,0.5,-4.72,850031),(400,812000,'400',-42.99,0.5,-6.23,850031),(401,812000,'401',-44.72,0.5,-7.81,850031),(402,812000,'402',-43.25,0.5,-9.42,850031),(403,812000,'403',-41.51,0.5,-11.32,850031),(404,812000,'404',-39.02,0.5,-10.72,850031),(405,812000,'405',-37.14,0.5,-9.01,850031),(406,812000,'406',-35.67,0.5,-7.66,850031),(407,812000,'407',-34.11,0.5,-9.37,850031),(408,812000,'408',-32.57,0.5,-11.06,850031),(409,812000,'409',-35.2,0.5,-16.82,850031),(410,812000,'410',-33.77,0.5,-15.52,850031),(411,812000,'411',-32.36,0.5,-14.23,850031),(412,812000,'412',-30.72,0.5,-16.02,850031),(413,812000,'413',-32.49,0.5,-17.64,850031),(414,812000,'414',-34.07,0.5,-19.08,850031),(415,812000,'415',-32.35,0.5,-20.96,850031),(416,812000,'416',-30.79,0.5,-19.54,850031),(417,812000,'417',-28.96,0.5,-17.87,850031),(418,812000,'418',-27.41,0.5,-19.57,850031),(419,812000,'419',-29.4,0.5,-21.39,850031),(420,812000,'420',-30.93,0.5,-22.79,850031),(421,812000,'421',-29.17,0.5,-24.72,850031),(422,812000,'422',-28.87,0.5,-27.86,850031),(423,812000,'423',-27.37,0.5,-26.49,850031),(424,812000,'424',-26.07,0.5,-25.3,850031),(425,812000,'425',-24.17,0.5,-26.79,850031),(426,812000,'426',-25.67,0.5,-28.16,850031),(427,812000,'427',-27.43,0.5,-29.77,850031),(428,812000,'428',-25.69,0.5,-31.67,850031),(429,812000,'429',-23.81,0.5,-29.95,850031),(430,812000,'430',-20.79,0.5,-30.7,850031),(431,812000,'431',-19.12,0.5,-32.69,850031),(432,812000,'432',-17.59,0.5,-31.29,850031),(433,812000,'433',-15.62,0.5,-29.49,850031),(434,812000,'434',-17.66,0.5,-27.26,850031),(435,812000,'435',-20.72,0.5,-26.94,850031),(436,812000,'436',-22.4,0.5,-28.48,850031),(437,812000,'437',-22.08,0.5,-31.98,850031),(438,812000,'438',-23.89,0.5,-33.64,850031),(439,812000,'439',-20.35,0.5,-34.13,850031),(440,812000,'440',-25.07,0.5,-39.88,850031),(441,812000,'441',-23.78,0.5,-37.48,850031),(442,812000,'442',-22.14,0.5,-36,850031),(443,812000,'443',-23.5,0.5,-41.86,850031),(444,812000,'444',-21.45,0.5,-39.99,850031),(445,812000,'445',-19.84,0.5,-38.52,850031),(446,812000,'446',-18.35,0.5,-40.15,850031),(447,812000,'447',-20.18,0.5,-41.83,850031),(448,812000,'448',-21.83,0.5,-43.34,850031),(449,812000,'449',-19.91,0.5,-45.44,850031),(450,812000,'450',-15.888,0.5,-48.94,850031),(451,812000,'451',-18.3,0.5,-47.49,850031),(452,812000,'452',-16.24,0.5,-45.6,850031),(453,812000,'453',-11.02,0.5,-49.76,850031),(454,812000,'454',-14.22,0.5,-47.42,850031),(455,812000,'455',-12.18,0.5,-54.61,850031),(456,812000,'456',-9.71,0.5,-52.35,850031),(457,812000,'457',-7.37,0.5,-54.91,850031),(458,812000,'458',-12.04,0.5,-59.17,850031),(459,812000,'459',-9.79,0.5,-57.12,850031),(460,812000,'460',-7.21,0.5,-59.94,850031),(461,812000,'461',-4.9,0.5,-57.83,850031),(462,812000,'462',-3.43,0.5,-68.08,850031),(463,812000,'463',-5.31,0.5,-66.02,850031),(464,812000,'464',-3.66,0.5,-64.51,850031),(465,812000,'465',-5.35,0.5,-62.65,850031),(466,812000,'466',-2.51,0.5,-60.06,850031),(467,812000,'467',0,0.5,-62.81,850031),(468,810001,'Cube',-31.15,0.5,-15.1,850031),(469,810001,'Cube (1)',-31.15,0.5,-40.24,850031),(470,810001,'Cube (2)',-31.15,0.5,-1.91,850031),(471,810001,'Cube (3)',-31.15,0.5,16.43,850031),(472,810001,'Cube (4)',-45,1.5,16.43,850031),(473,810001,'Cube (5)',-43.83,1.5,35.46,850031),(474,810001,'Cube (6)',-29.11,0.5,43.57,850031),(475,810001,'Cube (7)',-7.03,0.5,43.57,850031),(476,810001,'Cube (8)',6.66,0.5,26.76,850031),(477,810001,'Cube (9)',28.79,0.5,24.71,850031),(478,810001,'Cube (10)',19.14,0.5,15.11,850031),(479,810001,'Cube (11)',15.39,0.5,-0.83,850031),(480,810001,'Cube (12)',-10.34,0.5,-1.8,850031),(481,810001,'Cube (13)',-3.76,0.5,-23.22,850031),(482,810001,'Cube (14)',17.32,0.5,-40.87,850031),(483,810001,'Cube (15)',45.16,1.5,-34.2,850031),(484,810001,'Cube (16)',46.31,0.5,14.47,850031),(485,810001,'Cube (17)',46.8,1.5,-9.4,850031),(486,810001,'Cube (18)',47.22,1,-4.21,850031),(487,810001,'Cube (19)',47.22,1,2.74,850031),(488,810001,'Cube (20)',47.22,0.5,7.51,850031),(489,810001,'Cube (21)',44.46,0.5,11.78,850031),(490,810001,'Cube (22)',44.46,1,5.92,850031),(491,810001,'Cube (23)',44.46,1,-0.87,850031),(492,810001,'Cube (24)',44.46,1,-4.3,850031),(493,810001,'Cube (25)',44.46,1.5,-11.67,850031),(494,810001,'Cube (26)',46.6,1.5,-17.78,850031),(495,810001,'Cube (27)',44.46,1.5,-22.81,850031),(496,810001,'Cube (28)',44.46,1.5,-28.51,850031),(497,810001,'Cube (29)',47.56,1.5,-28.51,850031),(498,810001,'Cube (30)',47.56,1.5,-34.62,850031),(499,810001,'Cube (31)',39.35,1.5,-34.62,850031),(500,810001,'Cube (32)',36.08,1.5,-36.4,850031),(501,810001,'Cube (33)',36.08,1.5,-31.21,850031),(502,810001,'Cube (34)',38.51,1.5,-32.61,850031),(503,810001,'Cube (35)',38.51,1.5,-28.84,850031),(504,810001,'Cube (36)',35.75,1.5,-28.84,850031),(505,810001,'Cube (37)',35.75,1.5,-25.15,850031),(506,810001,'Cube (38)',38.77,1.5,-25.15,850031),(507,810001,'Cube (39)',46.81,1.5,-38.55,850031),(508,810001,'Cube (40)',43.63,1.5,-38.55,850031),(509,810001,'Cube (41)',43.63,1.5,-44.58,850031),(510,810001,'Cube (42)',39.94,1.5,-44.58,850031),(511,810001,'Cube (43)',35.45,1,-44.58,850031),(512,810001,'Cube (44)',30.9,1,-44.58,850031),(513,810001,'Cube (45)',30.9,1,-47.31,850031),(514,810001,'Cube (46)',35.63,1,-47.31,850031),(515,810001,'Cube (47)',39.15,1.5,-47.31,850031),(516,810001,'Cube (48)',41.64,1.5,-47.31,850031),(517,810001,'Cube (49)',25.86,0.5,-45,850031),(518,810001,'Cube (50)',21.31,0.5,-45,850031),(519,810001,'Cube (51)',14.82,0.5,-45,850031),(520,810001,'Cube (52)',14.82,0.5,-38.57,850031),(521,810001,'Cube (53)',22.59,0.5,-38.57,850031),(522,810001,'Cube (54)',22.59,0.5,-42.21,850031),(523,810001,'Cube (55)',11.73,0.5,-42.21,850031),(524,810001,'Cube (56)',11.73,0.5,-36.99,850031),(525,810001,'Cube (57)',2.81,0.5,-36.99,850031),(526,810001,'Cube (58)',-3.87,0.5,-36.99,850031),(527,810001,'Cube (59)',-6.05,0.5,-42.03,850031),(528,810001,'Cube (60)',-6.05,0.5,-45.85,850031),(529,810001,'Cube (61)',-12.48,0.5,-45.85,850031),(530,810001,'Cube (62)',-19.7,0.5,-45.85,850031),(531,810001,'Cube (63)',-25.95,0.5,-45.85,850031),(532,810001,'Cube (64)',-25.95,0.5,-42.09,850031),(533,810001,'Cube (65)',-32.99,0.5,-44.4,850031),(534,810001,'Cube (66)',-7.26,0.5,-44.4,850031),(535,810001,'Cube (67)',-4.89,0.5,-44.4,850031),(536,810001,'Cube (68)',-4.89,0.5,-39.4,850031),(537,810001,'Cube (69)',-1.19,0.5,-39.4,850031),(538,810001,'Cube (70)',-1.19,0.5,-36.49,850031),(539,810001,'Cube (71)',6.94,0.5,-37.46,850031),(540,810001,'Cube (72)',-23.16,0.5,-37.46,850031),(541,810001,'Cube (73)',-27.53,0.5,-37.46,850031),(542,810001,'Cube (74)',-32.51,0.5,-37.46,850031),(543,810001,'Cube (75)',-32.51,0.5,-33.09,850031),(544,810001,'Cube (76)',-32.51,0.5,-47.09,850031),(545,810001,'Cube (77)',-39.19,0.5,-47.09,850031),(546,810001,'Cube (78)',-46.05,0.5,-47.09,850031),(547,810001,'Cube (79)',-46.05,0.5,-44.36,850031),(548,810001,'Cube (80)',-49.33,0.5,-44.36,850031),(549,810001,'Cube (81)',-49.33,0.5,-47.88,850031),(550,810001,'Cube (82)',-42.29,0.5,-44.3,850031),(551,810001,'Cube (83)',-30.58,0.5,-31.37,850031),(552,810001,'Cube (84)',-30.58,0.5,-27.36,850031),(553,810001,'Cube (85)',-30.58,0.5,-23.35,850031),(554,810001,'Cube (86)',-30.58,0.5,-18.8,850031),(555,810001,'Cube (87)',-30.58,0.5,-11.52,850031),(556,810001,'Cube (88)',-35.25,0.5,-11.52,850031),(557,810001,'Cube (89)',-35.25,0.5,-14.52,850031),(558,810001,'Cube (90)',-35.25,0.5,-17.98,850031),(559,810001,'Cube (91)',-35.25,0.5,-21.14,850031),(560,810001,'Cube (92)',-35.25,0.5,-25.15,850031),(561,810001,'Cube (93)',-35.25,0.5,-7.43,850031),(562,810001,'Cube (94)',-35.25,0.5,-3.67,850031),(563,810001,'Cube (95)',-27.79,0.5,-3.67,850031),(564,810001,'Cube (96)',-21.3,0.5,-2.46,850031),(565,810001,'Cube (97)',-16.99,0.5,-2.46,850031),(566,810001,'Cube (98)',-5.76,0.5,-2.46,850031),(567,810001,'Cube (99)',-1.51,0.5,-2.46,850031),(568,810001,'Cube (100)',3.65,0.5,-2.46,850031),(569,810001,'Cube (101)',9.65,0.5,-2.46,850031),(570,810001,'Cube (102)',9.65,0.5,0.33,850031),(571,810001,'Cube (103)',5.71,0.5,0.33,850031),(572,810001,'Cube (104)',1.7,0.5,0.33,850031),(573,810001,'Cube (105)',-2.49,0.5,0.33,850031),(574,810001,'Cube (106)',-10.62,0.5,-10.17,850031),(575,810001,'Cube (107)',-10.62,0.5,-14.6,850031),(576,810001,'Cube (108)',-10.62,0.5,-18.6,850031),(577,810001,'Cube (109)',-10.62,0.5,-21.94,850031),(578,810001,'Cube (110)',-6.86,0.5,-21.94,850031),(579,810001,'Cube (111)',-3.64,0.5,-25.82,850031),(580,810001,'Cube (112)',-3.64,0.5,-29.64,850031),(581,810001,'Cube (113)',-3.64,0.5,-32.61,850031),(582,810001,'Cube (114)',-11.65,0.5,5.05,850031),(583,810001,'Cube (115)',-11.65,0.5,1.05,850031),(584,810001,'Cube (116)',-9.26,0.5,1.05,850031),(585,810001,'Cube (117)',-12.23,0.5,8.73,850031),(586,810001,'Cube (118)',-12.23,0.5,14.5,850031),(587,810001,'Cube (119)',-16.7,0.5,14.5,850031),(588,810001,'Cube (120)',-16.7,0.5,16.77,850031),(589,810001,'Cube (121)',-12.7,0.5,16.77,850031),(590,810001,'Cube (122)',-19.57,0.5,16.77,850031),(591,810001,'Cube (123)',-24.57,0.5,16.77,850031),(592,810001,'Cube (124)',-27.57,0.5,17.64,850031),(593,810001,'Cube (125)',-27.57,0.5,19.72,850031),(594,810001,'Cube (126)',-31.15,0.5,11.97,850031),(595,810001,'Cube (127)',-31.15,0.5,7.8,850031),(596,810001,'Cube (128)',-31.15,0.5,4.03,850031),(597,810001,'Cube (129)',-31.15,0.5,1.03,850031),(598,810001,'Cube (130)',-32.59,0.5,1.03,850031),(599,810001,'Cube (131)',-32.59,0.5,7.87,850031),(600,810001,'Cube (132)',-32.59,0.5,-7.35,850031),(601,810001,'Cube (133)',-32.59,0.5,-12.81,850031),(602,810001,'Cube (134)',-32.59,0.5,-17.62,850031),(603,810001,'Cube (135)',18.9,0.5,-5.13,850031),(604,810001,'Cube (136)',19.35,0.5,-8.91,850031),(605,810001,'Cube (137)',19.91,0.5,-10.73,850031),(606,810001,'Cube (138)',21.96,0.5,-4.15,850031),(607,810001,'Cube (139)',25.96,0.5,-4.15,850031),(608,810001,'Cube (140)',29.38,0.5,-4.15,850031),(609,810001,'Cube (141)',37.04,0.5,-4.15,850031),(610,810001,'Cube (142)',39.45,0.5,-4.15,850031),(611,810001,'Cube (143)',39.45,0.5,-1.02,850031),(612,810001,'Cube (144)',39.45,0.5,2.04,850031),(613,810001,'Cube (145)',39.45,0.5,6.21,850031),(614,810001,'Cube (146)',40.42,0.5,11.14,850031),(615,810001,'Cube (147)',40.42,0.5,14.2,850031),(616,810001,'Cube (148)',40.42,0.5,17.19,850031),(617,810001,'Cube (149)',43.19,0.5,17.19,850031),(618,810001,'Cube (150)',43.19,0.5,13.99,850031),(619,810001,'Cube (151)',36.64,0.5,13.99,850031),(620,810001,'Cube (152)',36.64,0.5,18.63,850031),(621,810001,'Cube (153)',32.43,0.5,18.63,850031),(622,810001,'Cube (154)',29.01,0.5,18.63,850031),(623,810001,'Cube (155)',26.24,0.5,16.63,850031),(624,810001,'Cube (156)',22.97,0.5,16.63,850031),(625,810001,'Cube (157)',22.97,0.5,14.43,850031),(626,810001,'Cube (158)',34.21,0.5,15.7,850031),(627,810001,'Cube (159)',16.86,0.5,12.87,850031),(628,810001,'Cube (160)',16.86,0.5,8.37,850031),(629,810001,'Cube (161)',19.86,0.5,8.37,850031),(630,810001,'Cube (162)',19.86,0.5,3.92,850031),(631,810001,'Cube (163)',16.59,0.5,3.92,850031),(632,810001,'Cube (164)',16.59,0.5,1.13,850031),(633,810001,'Cube (165)',16.59,0.5,26.15,850031),(634,810001,'Cube (166)',25.39,0.5,26.15,850031),(635,810001,'Cube (167)',22.39,0.5,26.15,850031),(636,810001,'Cube (168)',20.39,0.5,26.15,850031),(637,810001,'Cube (169)',30.46,0.5,21.8,850031),(638,810001,'Cube (170)',26.8,0.5,21.8,850031),(639,810001,'Cube (171)',12.19,0.5,25.95,850031),(640,810001,'Cube (172)',9.31,0.5,25.95,850031),(641,810001,'Cube (173)',7.01,0.5,29.91,850031),(642,810001,'Cube (174)',7.01,0.5,33.14,850031),(643,810001,'Cube (175)',4.47,0.5,33.14,850031),(644,810001,'Cube (176)',4.47,0.5,27.47,850031),(645,810001,'Cube (177)',4.47,0.5,36.9,850031),(646,810001,'Cube (178)',6.91,0.5,36.9,850031),(647,810001,'Cube (179)',6.91,0.5,40.81,850031),(648,810001,'Cube (180)',0.9,0.5,40.81,850031),(649,810001,'Cube (181)',0.9,0.5,43.11,850031),(650,810001,'Cube (182)',-2.96,0.5,43.11,850031),(651,810001,'Cube (183)',-2.96,0.5,44.77,850031),(652,810001,'Cube (184)',-8.92,0.5,44.77,850031),(653,810001,'Cube (185)',-12.44,0.5,44.77,850031),(654,810001,'Cube (186)',-15.76,0.5,44.77,850031),(655,810001,'Cube (187)',-19.67,0.5,44.77,850031),(656,810001,'Cube (188)',-24.02,0.5,44.77,850031),(657,810001,'Cube (189)',-28.47,0.5,39.44,850031),(658,810001,'Cube (190)',-28.47,0.5,35.78,850031),(659,810001,'Cube (191)',-30.08,0.5,35.78,850031),(660,810001,'Cube (192)',-30.08,0.5,32.16,850031),(661,810001,'Cube (193)',-28.03,0.5,32.16,850031),(662,810001,'Cube (194)',-28.03,0.5,28.15,850031),(663,810001,'Cube (195)',-30.72,0.5,28.15,850031),(664,810001,'Cube (196)',-30.72,0.5,23.61,850031),(665,810001,'Cube (197)',-27.93,0.5,23.61,850031),(666,810001,'Cube (198)',-30.81,0.5,20.29,850031),(667,810001,'Cube (199)',-36.87,1.18,16.28,850031),(668,810001,'Cube (200)',-33.79,0.5,16.28,850031),(669,810001,'Cube (201)',-40.79,1.5,16.28,850031),(670,810001,'Cube (202)',-40.79,1.5,21.28,850031),(671,810001,'Cube (203)',-43.56,1.5,21.28,850031),(672,810001,'Cube (204)',-43.56,1.5,26.63,850031),(673,810001,'Cube (205)',-46.46,1.5,26.63,850031),(674,810001,'Cube (206)',-46.46,1.5,29.21,850031),(675,810001,'Cube (207)',-46.46,1.5,24.05,850031),(676,810001,'Cube (208)',-47.89,1.5,24.05,850031),(677,810001,'Cube (209)',-47.89,1.5,21.1,850031),(678,810001,'Cube (210)',-47.15,1.5,18.61,850031),(679,810001,'Cube (211)',-43.92,1.5,18.61,850031),(680,810001,'Cube (212)',-43.92,1.5,24.19,850031),(681,810001,'Cube (213)',-43.92,1.5,28.48,850031),(682,810001,'Cube (214)',-41.25,1.5,28.48,850031),(683,810001,'Cube (215)',-41.25,1.5,31.98,850031),(684,810001,'Cube (216)',-43.51,1.5,31.98,850031),(685,810001,'Cube (217)',-41.71,1.5,34.38,850031),(686,810001,'Cube (218)',-41.71,1.5,36.64,850031),(687,810001,'Cube (219)',-38.85,1.5,36.64,850031),(688,810001,'Cube (220)',-46.18,1.5,37.93,850031),(689,810001,'Cube (221)',-46.18,1.5,40.6,850031),(690,810001,'Cube (222)',-46.18,1.5,43.5,850031),(691,810001,'Cube (223)',-46.18,1.5,45.5,850031),(692,810001,'Cube (224)',-42.49,1.409,45.5,850031),(693,810001,'Cube (225)',-38.62,0.909,45.5,850031),(694,810001,'Cube (226)',-34.93,0.5,45.5,850031),(695,810001,'Cube (227)',-30.93,0.5,45.5,850031),(696,810001,'Cube (228)',-30.93,0.5,43.24,850031),(697,810001,'Cube (229)',-33.93,0.5,43.24,850031),(698,810001,'Cube (230)',-36.93,0.812,43.24,850031),(699,810001,'Cube (231)',-39.93,1.162,43.24,850031),(700,810001,'Cube (232)',-30.98,0.5,40.43,850031),(701,810001,'Cube (233)',-30.98,0.5,30.33,850031),(702,810001,'Cube (234)',-33.33,0.5,30.33,850031),(703,810001,'Cube (235)',-33.33,0.5,26.73,850031),(704,810001,'Cube (236)',-33.33,0.5,22.81,850031),(705,810001,'Cube (237)',-20.51,0.5,42.67,850031),(706,810001,'Cube (238)',-17.62,0.5,42.67,850031),(707,810001,'Cube (239)',-17.62,0.5,46.42,850031),(708,810001,'Cube (240)',-13.62,0.5,46.42,850031),(709,810001,'Cube (241)',-7.68,0.5,46.42,850031),(710,810001,'Cube (242)',-4.87,0.5,46.42,850031),(711,810001,'Cube (243)',9.83,0.5,28.36,850031),(712,810001,'Cube (244)',32.27,0.5,24.76,850031),(713,810001,'Cube (245)',32.27,0.5,16.08,850031),(714,810001,'Cube (246)',45.95,0.5,9.43,850031),(715,810001,'Cube (247)',45.95,1.5,-14.6,850031),(716,810001,'Cube (248)',45.95,1.5,-24.8,850031),(717,810001,'Cube (249)',41.2,1.5,-24.8,850031),(718,810001,'Cube (250)',42.5,1.5,-32.4,850031),(719,810001,'Cube (251)',42.5,1.5,-36.4,850031),(720,810001,'Cube (252)',25.3,0.5,-36.4,850031),(721,810001,'Cube (253)',20.1,0.5,-38.2,850031),(722,810001,'Cube (254)',15.2,0.5,-41.3,850031),(723,810001,'Cube (255)',4.77,0.5,-37.9,850031),(724,810001,'Cube (256)',-5.03,0.5,-31,850031),(725,810001,'Cube (257)',-35.46,0.5,-34.17,850031),(726,810001,'Cube (258)',-28.98,0.5,-34.17,850031),(727,810001,'Cube (259)',-37.72,0.5,-34.17,850031),(728,810001,'Cube (260)',-37.72,0.5,-38.11,850031),(729,810001,'Cube (261)',-37.72,0.5,-42.05,850031),(730,810001,'Cube (262)',-37.72,0.5,-45.22,850031),(731,810001,'Cube (263)',-28.63,0.5,-46.63,850031),(732,810001,'Cube (264)',18.08,0.5,-46.63,850031),(733,810001,'Cube (265)',23.72,0.5,-46.63,850031),(734,810001,'Cube (266)',24.99,0.5,-40.22,850031),(735,810001,'Cube (267)',-37.55,0.5,-22.34,850031),(736,810001,'Cube (268)',-37.55,0.5,-17.85,850031),(737,810001,'Cube (269)',-37.55,0.5,-11.16,850031),(738,810001,'Cube (270)',-37.55,0.5,-6.57,850031),(739,810001,'Cube (271)',-37.55,0.5,-2.84,850031),(740,810001,'Cube (272)',7.21,0.5,-2.84,850031),(741,810001,'Cube (273)',7.21,0.5,-4.84,850031),(742,810001,'Cube (274)',1.47,0.5,-4.84,850031),(743,810001,'Cube (275)',-0.97,0.5,2.35,850031),(744,810001,'Cube (276)',-5.04,0.5,2.35,850031),(745,810001,'Cube (277)',13.5,0.5,2.35,850031),(746,810001,'Cube (278)',45.06,1.5,-7.54,850031),(747,810001,'Cube (279)',48.39,1.5,-12.4,850031),(748,810001,'Cube (280)',47.49,1.5,-22.38,850031),(749,810001,'Cube (281)',41.56,1.5,-22.38,850031),(750,810001,'Cube (282)',37.96,1.5,-22.38,850031),(751,810001,'Cube (283)',47.13,1.5,-32.45,850031),(752,810001,'Cube (284)',47.13,1.5,-42.52,850031),(753,810001,'Cube (285)',49.35,1.5,-42.52,850031),(754,810001,'Cube (286)',49.35,1.5,-39.07,850031),(755,810001,'Cube (287)',49.35,1.5,-44.51,850031),(756,810001,'Cube (288)',23.64,0.5,22.61,850031),(757,810001,'Cube (289)',33.75,0.5,22.61,850031),(758,810001,'Cube (290)',33.75,0.5,27.67,850031),(759,810001,'Cube (291)',29.1,0.5,27.67,850031),(760,810001,'Cube (292)',28.38,0.5,16.29,850031),(761,810001,'Cube (293)',24.55,0.5,16.29,850031),(762,810001,'Cube (294)',20.98,0.5,16.29,850031),(763,810001,'Cube (295)',17.69,0.5,16.29,850031),(764,810001,'Cube (296)',20.34,0.5,12.82,850031),(765,810001,'Cube (297)',20.34,0.5,6.03,850031),(766,810001,'Cube (298)',17.62,0.5,6.03,850031),(767,810001,'Cube (299)',17.62,0.5,-2.67,850031),(768,810001,'Cube (300)',13.61,0.5,-2.67,850031),(769,810001,'Cube (301)',11.71,0.5,-2.67,850031),(770,810001,'Cube (302)',11.71,0.5,-4.91,850031),(771,810001,'Cube (303)',15.58,0.5,-4.91,850031),(772,810001,'Cube (304)',-10.73,0.5,-4.91,850031),(773,810001,'Cube (305)',-9.45,0.5,-7.59,850031),(774,810001,'Cube (306)',-9.45,0.5,-12.48,850031),(775,810001,'Cube (307)',-11.83,0.5,-16.6,850031),(776,810001,'Cube (308)',-7.84,0.5,-23.91,850031),(777,810001,'Cube (309)',-5.79,0.5,-23.91,850031),(778,810001,'Cube (310)',-1.91,0.5,-21.86,850031),(779,810001,'Cube (311)',-4.82,0.5,-47.9,850031),(780,810001,'Cube (312)',-7.33,0.5,-47.9,850031),(781,810001,'Cube (313)',-6.19,0.5,-49.56,850031),(782,810001,'Cube (314)',-22.53,0.5,-47.5,850031),(783,810001,'Cube (315)',-26.02,0.5,-48.19,850031),(784,810001,'Cube (316)',-35.22,0.5,-48.19,850031),(785,810001,'Cube (317)',-35.22,0.5,-43.5,850031),(786,810001,'Cube (318)',-42.14,0.5,-41.04,850031),(787,810001,'Cube (319)',-43.91,0.5,-41.04,850031),(788,810001,'Cube (320)',-43.91,0.5,-48.13,850031),(789,810001,'Cube (321)',-51.4,0.5,-48.13,850031),(790,810001,'Cube (322)',-51.4,0.5,-45.96,850031),(791,817002,'Cube',-28.82,0.5,-6.68,850031),(792,817002,'Cube (1)',-26.44,0.5,-7.8,850031),(793,817002,'Cube (2)',-25.24,0.5,-10.26,850031),(794,817002,'Cube (3)',-22.2,0.5,-11.04,850031),(795,817002,'Cube (4)',-22.2,0.5,-14.98,850031),(796,817002,'Cube (5)',-16.77,0.5,-16.56,850031),(797,817002,'Cube (6)',-16.77,0.5,-10.54,850031),(798,817002,'Cube (7)',-12.71,0.5,-16.16,850031),(799,817002,'Cube (8)',-7.62,0.5,-16.16,850031),(800,817002,'Cube (9)',-7.62,0.5,-18.08,850031),(801,817002,'Cube (10)',-3.69,0.5,-17.11,850031),(802,817002,'Cube (11)',-3.69,0.5,-14.11,850031),(803,817002,'Cube (12)',-0.41,0.5,-16.45,850031),(804,817002,'Cube (13)',2.32,0.5,-18.07,850031),(805,817002,'Cube (14)',4.56,0.5,-16.93,850031),(806,817002,'Cube (15)',7.77,0.5,-14.69,850031),(807,817002,'Cube (16)',7.77,0.5,-17.06,850031),(808,817002,'Cube (17)',11.5,0.5,-17.06,850031),(809,817002,'Cube (18)',14.58,0.5,-17.06,850031),(810,817002,'Cube (19)',18.47,0.5,-17.06,850031),(811,817002,'Cube (20)',18.47,0.5,-14.46,850031),(812,817002,'Cube (21)',21.88,0.5,-14.46,850031),(813,817002,'Cube (22)',21.88,0.5,-17.64,850031),(814,817002,'Cube (23)',26.72,0.5,-17.64,850031),(815,817002,'Cube (24)',26.72,0.5,-15.16,850031),(816,817002,'Cube (25)',30.13,0.5,-15.16,850031),(817,817002,'Cube (26)',30.13,0.5,-17.42,850031),(818,817002,'Cube (27)',33.57,0.5,-17.42,850031),(819,817002,'Cube (28)',33.57,0.5,-12.11,850031),(820,817002,'Cube (29)',37.16,0.5,-12.11,850031),(821,817002,'Cube (30)',37.16,0.5,-16.26,850031),(822,817002,'Cube (31)',40.43,0.5,-16.26,850031),(823,817002,'Cube (32)',40.43,0.5,-12.55,850031),(824,817002,'Cube (33)',40.43,0.5,-9.38,850031),(825,817002,'Cube (34)',43.79,0.5,-9.38,850031),(826,817002,'Cube (35)',43.79,0.5,-12.82,850031),(827,817002,'Cube (36)',43.79,0.5,-6.75,850031),(828,817002,'Cube (37)',47.5,0.5,-6.75,850031),(829,817002,'Cube (38)',47.5,0.5,-8.86,850031),(830,817002,'Cube (39)',47.5,0.5,-4.34,850031),(831,817002,'Cube (40)',50.55,0.5,-4.34,850031),(832,817002,'Cube (41)',50.55,0.5,-1.37,850031),(833,817002,'Cube (42)',50.55,0.5,-6.65,850031),(834,817002,'Cube (43)',50.55,0.5,1.95,850031),(835,817002,'Cube (44)',54.11,0.5,-4.31,850031),(836,817002,'Cube (45)',54.11,0.5,-1.53,850031),(837,817002,'Cube (46)',54.11,0.5,0.8,850031),(838,817002,'Cube (47)',57.28,0.5,0.8,850031),(839,817002,'Cube (48)',57.28,0.5,-1.66,850031),(840,817002,'Cube (49)',59.74,0.5,0.8,850031),(841,817002,'Cube (50)',59.74,0.5,2.94,850031),(842,817002,'Cube (51)',48.66,0.5,2.94,850031),(843,817002,'Cube (52)',48.66,0.5,6.38,850031),(844,817002,'Cube (53)',45.93,0.5,6.38,850031),(845,817002,'Cube (54)',45.93,0.5,9.16,850031),(846,817002,'Cube (55)',43.01,0.5,9.16,850031),(847,817002,'Cube (56)',43.01,0.5,6.19,850031),(848,817002,'Cube (57)',43.01,0.5,3.59,850031),(849,817002,'Cube (58)',43.01,0.5,0.69,850031),(850,817002,'Cube (59)',43.01,0.5,-3.24,850031),(851,817002,'Cube (60)',43.01,0.5,12.48,850031),(852,817002,'Cube (61)',45.37,0.5,12.48,850031),(853,817002,'Cube (62)',39.72,0.5,12.48,850031),(854,817002,'Cube (63)',39.72,0.5,10.02,850031),(855,817002,'Cube (64)',39.72,0.5,15.15,850031),(856,817002,'Cube (65)',37.31,0.5,15.15,850031),(857,817002,'Cube (66)',37.31,0.5,12.06,850031),(858,817002,'Cube (67)',34.93,0.5,12.06,850031),(859,817002,'Cube (68)',32.38,0.5,12.06,850031),(860,817002,'Cube (69)',32.38,0.5,17.05,850031),(861,817002,'Cube (70)',29.33,0.5,17.05,850031),(862,817002,'Cube (71)',26.36,0.5,17.05,850031),(863,817002,'Cube (72)',22.77,0.5,17.05,850031),(864,817002,'Cube (73)',19.89,0.5,17.05,850031),(865,817002,'Cube (74)',19.89,0.5,13.96,850031),(866,817002,'Cube (75)',19.89,0.5,10.79,850031),(867,817002,'Cube (76)',19.89,0.5,7.41,850031),(868,817002,'Cube (77)',22.77,0.5,7.41,850031),(869,817002,'Cube (78)',25.45,0.5,7.41,850031),(870,817002,'Cube (79)',25.45,0.5,4.97,850031),(871,817002,'Cube (80)',28.06,0.5,4.97,850031),(872,817002,'Cube (81)',30.72,0.5,4.97,850031),(873,817002,'Cube (82)',31.72,0.5,7.29,850031),(874,817002,'Cube (83)',32.42,0.5,9.61,850031),(875,817002,'Cube (84)',29.67,0.5,1.53,850031),(876,817002,'Cube (85)',23,0.5,1.53,850031),(877,817002,'Cube (86)',23,0.5,-1.91,850031),(878,817002,'Cube (87)',26.03,0.5,-1.91,850031),(879,817002,'Cube (88)',29.67,0.5,-1.91,850031),(880,817002,'Cube (89)',25.82,0.5,0.36,850031),(881,817002,'Cube (90)',23.31,0.5,4.59,850031),(882,817002,'Cube (91)',23.31,0.5,-4.93,850031),(883,817002,'Cube (92)',25.92,0.5,-4.93,850031),(884,817002,'Cube (93)',28.6,0.5,-4.93,850031),(885,817002,'Cube (94)',31.08,0.5,-6.82,850031),(886,817002,'Cube (95)',32.33,0.5,-9.04,850031),(887,817002,'Cube (96)',32.33,0.5,-14.67,850031),(888,817002,'Cube (97)',19.55,0.5,-11.85,850031),(889,817002,'Cube (98)',19.55,0.5,-9.37,850031),(890,817002,'Cube (99)',22.05,0.5,-7.47,850031),(891,817002,'Cube (100)',18.92,0.5,-3.04,850031),(892,817002,'Cube (101)',16.89,0.5,-1.53,850031),(893,817002,'Cube (102)',16.89,0.5,0.92,850031),(894,817002,'Cube (103)',18.74,0.5,3.21,850031),(895,817002,'Cube (104)',19.42,0.5,5.58,850031),(896,817002,'Cube (105)',12.17,0.5,5.58,850031),(897,817002,'Cube (106)',14.26,0.5,2.48,850031),(898,817002,'Cube (107)',14.26,0.5,-2.29,850031),(899,817002,'Cube (108)',11.91,0.5,-2.29,850031),(900,817002,'Cube (109)',8.96,0.5,-2.29,850031),(901,817002,'Cube (110)',6.07,0.5,-2.29,850031),(902,817002,'Cube (111)',6.07,0.5,0.66,850031),(903,817002,'Cube (112)',6.07,0.5,3.19,850031),(904,817002,'Cube (113)',6.07,0.5,5.93,850031),(905,817002,'Cube (114)',10.14,0.5,5.93,850031),(906,817002,'Cube (115)',10.14,0.5,3.32,850031),(907,817002,'Cube (116)',12.12,0.5,3.32,850031),(908,817002,'Cube (117)',12.12,0.5,1.18,850031),(909,817002,'Cube (118)',10.24,0.5,1.18,850031),(910,817002,'Cube (119)',10.24,0.5,-1.01,850031),(911,817002,'Cube (120)',12.93,0.5,-0.41,850031),(912,817002,'Cube (121)',15.07,0.5,-0.41,850031),(913,817002,'Cube (122)',8,0.5,-0.83,850031),(914,817002,'Cube (123)',4.64,0.5,-0.83,850031),(915,817002,'Cube (124)',2.14,0.5,-0.83,850031),(916,817002,'Cube (125)',2.14,0.5,1.62,850031),(917,817002,'Cube (126)',2.14,0.5,3.55,850031),(918,817002,'Cube (127)',4.23,0.5,3.55,850031),(919,817002,'Cube (128)',4.23,0.5,6.24,850031),(920,817002,'Cube (129)',7.93,0.5,6.24,850031),(921,817002,'Cube (130)',7.93,0.5,3.97,850031),(922,817002,'Cube (131)',7.93,0.5,8.82,850031),(923,817002,'Cube (132)',5.79,0.5,8.82,850031),(924,817002,'Cube (133)',10,0.5,8.82,850031),(925,817002,'Cube (134)',7.32,0.5,11.4,850031),(926,817002,'Cube (135)',9.09,0.5,11.4,850031),(927,817002,'Cube (136)',9.09,0.5,-5.78,850031),(928,817002,'Cube (137)',7.02,0.5,-5.78,850031),(929,817002,'Cube (138)',7.02,0.5,-7.92,850031),(930,817002,'Cube (139)',8.92,0.5,-7.92,850031),(931,817002,'Cube (140)',8.92,0.5,-10.3,850031),(932,817002,'Cube (141)',7.15,0.5,-10.3,850031),(933,817002,'Cube (142)',8.29,0.5,-12.36,850031),(934,817002,'Cube (143)',9.57,0.5,-14.42,850031),(935,817002,'Cube (144)',9.57,0.5,-16.55,850031),(936,817002,'Cube (145)',6.34,0.5,-16.55,850031),(937,817002,'Cube (146)',1.73,0.5,-16.55,850031),(938,817002,'Cube (147)',-3.02,0.5,-12.36,850031),(939,817002,'Cube (148)',-3.02,0.5,-9.52,850031),(940,817002,'Cube (149)',-4.76,0.5,-7.53,850031),(941,817002,'Cube (150)',-7.6,0.5,-5.54,850031),(942,817002,'Cube (151)',-7.6,0.5,-2.67,850031),(943,817002,'Cube (152)',-7.6,0.5,0.35,850031),(944,817002,'Cube (153)',-7.6,0.5,3.44,850031),(945,817002,'Cube (154)',-7.6,0.5,6.46,850031),(946,817002,'Cube (155)',-4.34,0.5,7.7,850031),(947,817002,'Cube (156)',-2.81,0.5,4.4,850031),(948,817002,'Cube (157)',-1.5,0.5,1.99,850031),(949,817002,'Cube (158)',-1.5,0.5,-0.96,850031),(950,817002,'Cube (159)',0.66,0.5,-0.96,850031),(951,817002,'Cube (160)',0.66,0.5,1.84,850031),(952,817002,'Cube (161)',-10.63,0.5,1.84,850031),(953,817002,'Cube (162)',-13.36,0.5,1.84,850031),(954,817002,'Cube (163)',-13.36,0.5,-0.72,850031),(955,817002,'Cube (164)',-13.36,0.5,-4.27,850031),(956,817002,'Cube (165)',-13.36,0.5,5.1,850031),(957,817002,'Cube (166)',-10.1,0.5,5.1,850031),(958,817002,'Cube (167)',-15.03,0.5,7.37,850031),(959,817002,'Cube (168)',-15.03,0.5,-7.04,850031),(960,817002,'Cube (169)',-15.03,0.5,-10.04,850031),(961,817002,'Cube (170)',-15.03,0.5,-13.52,850031),(962,817002,'Cube (171)',-19.32,0.5,-11.47,850031),(963,817002,'Cube (172)',-19.32,0.5,-14.1,850031),(964,817002,'Cube (173)',-23.48,0.5,-12.89,850031),(965,817002,'Cube (174)',-27.42,0.5,-4.46,850031),(966,817002,'Cube (175)',-30.7,0.5,-4.46,850031),(967,817002,'Cube (176)',-34.89,0.5,-4.46,850031),(968,817002,'Cube (177)',-34.89,0.5,-0.12,850031),(969,817002,'Cube (178)',-37.82,0.5,-0.12,850031),(970,817002,'Cube (179)',-37.82,0.5,1.7,850031),(971,817002,'Cube (180)',-35.4,0.5,1.7,850031),(972,817002,'Cube (181)',-33.03,0.5,1.7,850031),(973,817002,'Cube (182)',-33.03,0.5,-0.99,850031),(974,817002,'Cube (183)',-36.99,0.5,-2.68,850031),(975,817002,'Cube (184)',-39.52,0.5,-2.68,850031),(976,817002,'Cube (185)',-39.52,0.5,-0.1,850031),(977,817002,'Cube (186)',-41.58,0.5,-0.1,850031),(978,817002,'Cube (187)',-41.58,0.5,2.14,850031),(979,817002,'Cube (188)',-43.68,0.5,2.14,850031),(980,817002,'Cube (189)',-35.26,0.5,4.02,850031),(981,817002,'Cube (190)',-32.82,0.5,4.02,850031),(982,817002,'Cube (191)',-30,0.5,4.88,850031),(983,817002,'Cube (192)',-27.26,0.5,4.88,850031),(984,817002,'Cube (193)',-25.57,0.5,2.93,850031),(985,817002,'Cube (194)',-25.57,0.5,-0.04,850031),(986,817002,'Cube (195)',-25.57,0.5,-2.14,850031),(987,817002,'Cube (196)',-27.04,0.5,-2.14,850031),(988,817002,'Cube (197)',-29.67,0.5,-2.14,850031),(989,817002,'Cube (198)',-32.11,0.5,-3.04,850031),(990,817002,'Cube (199)',-34.25,0.5,-2.59,850031),(991,817002,'Cube (200)',-33.8,0.5,6.47,850031),(992,817002,'Cube (201)',-31.62,0.5,6.47,850031),(993,817002,'Cube (202)',-31.62,0.5,8.8,850031),(994,817002,'Cube (203)',-31.62,0.5,11.47,850031),(995,817002,'Cube (204)',-29.63,0.5,11.47,850031),(996,817002,'Cube (205)',-29.63,0.5,8.73,850031),(997,817002,'Cube (206)',-27.41,0.5,8.73,850031),(998,817002,'Cube (207)',-27.41,0.5,11.14,850031),(999,817002,'Cube (208)',-25.19,0.5,11.14,850031),(1000,817002,'Cube (209)',-25.19,0.5,13.32,850031),(1001,817002,'Cube (210)',-25.19,0.5,8.66,850031),(1002,817002,'Cube (211)',-22.75,0.5,10.69,850031),(1003,817002,'Cube (212)',-22.75,0.5,13.28,850031),(1004,817002,'Cube (213)',-20.49,0.5,13.28,850031),(1005,817002,'Cube (214)',-20.49,0.5,15.16,850031),(1006,817002,'Cube (215)',-17.97,0.5,16.25,850031),(1007,817002,'Cube (216)',-17.97,0.5,11.92,850031),(1008,817002,'Cube (217)',-16.32,0.5,9.33,850031),(1009,817002,'Cube (218)',-16.32,0.5,15.34,850031),(1010,817002,'Cube (219)',-14.22,0.5,15.34,850031),(1011,817002,'Cube (220)',-14.22,0.5,17.22,850031),(1012,817002,'Cube (221)',-11.63,0.5,17.22,850031),(1013,817002,'Cube (222)',-7.8,0.5,17.22,850031),(1014,817002,'Cube (223)',-3.14,0.5,17.22,850031),(1015,817002,'Cube (224)',-5.51,0.5,17.22,850031),(1016,817002,'Cube (225)',-3.52,0.5,14.21,850031),(1017,817002,'Cube (226)',-3.52,0.5,11.84,850031),(1018,817002,'Cube (227)',-3.52,0.5,9.58,850031),(1019,817002,'Cube (228)',-1.42,0.5,17.06,850031),(1020,817002,'Cube (229)',0.72,0.5,17.06,850031),(1021,817002,'Cube (230)',2.71,0.5,17.06,850031),(1022,817002,'Cube (231)',5.38,0.5,17.06,850031),(1023,817002,'Cube (232)',7.97,0.5,17.06,850031),(1024,817002,'Cube (233)',10.3,0.5,17.06,850031),(1025,817002,'Cube (234)',8.83,0.5,14.65,850031),(1026,817002,'Cube (235)',13.9,0.5,18.33,850031),(1027,817002,'Cube (236)',13.9,0.5,16.71,850031),(1028,817002,'Cube (237)',16.12,0.5,16.71,850031),(1029,817002,'Cube (238)',16.12,0.5,14.87,850031),(1030,817002,'Cube (239)',18.19,0.5,14.61,850031),(1031,817002,'Cube (240)',31.49,0.5,14.88,850031),(1032,817002,'Cube (241)',6.62,0.5,18.17,850031),(1033,817002,'Cube (242)',0.76,0.5,18.6,850031),(1034,817002,'Cube (243)',-0.79,0.5,18.6,850031),(1035,817002,'Cube (244)',-6.56,0.5,18.26,850031),(1036,817002,'Cube (245)',-9.69,0.5,17.34,850031),(1037,817002,'Cube (246)',4.13,0.5,18.32,850031),(1038,817002,'Cube (247)',9.1,0.5,18.32,850031),(1039,817002,'Cube (248)',12.23,0.5,18.32,850031),(1040,817002,'Cube (249)',12.23,0.5,16.34,850031),(1041,817002,'Cube (250)',6.8,0.5,15.25,850031),(1042,817002,'Cube (251)',-3.49,0.5,18.67,850031),(1043,817002,'Cube (252)',-20.64,0.5,17.24,850031),(1044,817002,'Cube (253)',15.96,0.5,18.11,850031),(1045,817002,'Cube (254)',18.16,0.5,17.26,850031),(1046,817002,'Cube (255)',21.44,0.5,17.26,850031),(1047,817002,'Cube (256)',24.4,0.5,17.26,850031),(1048,817002,'Cube (257)',27.75,0.5,17.26,850031),(1049,817002,'Cube (258)',27.75,0.5,15.26,850031),(1050,817002,'Cube (259)',30.08,0.5,15.26,850031),(1051,817002,'Cube (260)',31.01,0.5,16.91,850031),(1052,817002,'Cube (261)',27.43,0.5,18.8,850031),(1053,817002,'Cube (262)',34.56,0.5,16.66,850031),(1054,817002,'Cube (263)',35.76,0.5,14.41,850031),(1055,817002,'Cube (264)',-9.99,0.5,-2.6,850031),(1056,817002,'Cube (265)',-9.99,0.5,-5.74,850031),(1057,817002,'Cube (266)',-11.67,0.5,-4.07,850031),(1058,817002,'Cube (267)',-11.67,0.5,-0.8,850031),(1059,817002,'Cube (268)',-15.44,0.5,-0.8,850031),(1060,817002,'Cube (269)',31.41,0.5,-0.45,850031),(1061,812001,'1',-37.78,0.5,-2.55,850031),(1062,812001,'2',-17.41,0.5,-15.82,850031),(1063,812001,'3',-19.44,0.5,-17.68,850031),(1064,812001,'4',-20.86,0.5,-18.98,850031),(1065,812001,'5',-22.12,0.5,-17.6,850031),(1066,812001,'6',-23.91,0.5,-16.64,850031),(1067,812001,'7',-27.02,0.5,-16.46,850031),(1068,812001,'8',-24.589,0.5,-0.501,850031),(1069,812001,'9',-9.32,0.5,22.44,850031),(1070,812001,'10',-10.68,0.5,21.2,850031),(1071,812001,'11',-12.16,0.5,22.82,850031),(1072,812001,'12',-13.83,0.5,24.65,850031),(1073,812001,'13',-15.27,0.5,26.23,850031),(1074,812001,'14',-16.82,0.5,27.93,850031),(1075,812001,'15',-18.67,0.5,30.44,850031),(1076,812001,'16',-20.19,0.5,32.11,850031),(1077,812001,'17',2.4,0.5,47.15,850031),(1078,812001,'18',3.61,0.5,48.26,850031),(1079,812001,'19',3.51,0.5,19.72,850031),(1080,812001,'20',5.6,0.5,21.63,850031),(1081,812001,'21',4.28,0.5,23.07,850031),(1082,812001,'22',1.93,0.5,20.93,850031),(1083,812001,'23',-9.27,0.5,19.74,850031),(1084,812001,'24',-8.09,0.5,20.82,850031),(1085,812001,'25',-6.91,0.5,19.53,850031),(1086,812001,'26',-5.37,0.5,20.93,850031),(1087,812001,'27',-3.93,0.5,19.36,850031),(1088,812001,'28',-0.47,0.5,20.21,850031),(1089,812001,'29',1.26,0.5,18.31,850031),(1090,812001,'30',-0.79,0.5,16.44,850031),(1091,812001,'31',-2.18,0.5,17.96,850031),(1092,812001,'32',-3.92,0.5,16.37,850031),(1093,812001,'33',-2.59,0.5,14.91,850031),(1094,812001,'34',-4.3,0.5,13.35,850031),(1095,812001,'35',-5.55,0.5,14.71,850031),(1096,812001,'36',-10.78,0.5,13.87,850031),(1097,812001,'37',-12.28,0.5,15.51,850031),(1098,812001,'38',-10.7,0.5,16.95,850031),(1099,812001,'39',-9.34,0.5,15.46,850031),(1100,812001,'40',-7.27,0.5,13.19,850031),(1101,812001,'41',-5.48,0.5,11.23,850031),(1102,812001,'42',-7.14,0.5,9.71,850031),(1103,812001,'43',-9.06,0.5,7.96,850031),(1104,812001,'44',-34.82,0.5,10.03,850031),(1105,812001,'45',-38.89,0.5,8.29,850031),(1106,812001,'46',-34.32,0.5,3.29,850031),(1107,812001,'47',-33.98,0.5,5.91,850031),(1108,812001,'48',-36.11,0.5,8.24,850031),(1109,812001,'49',-37.48,0.5,6.99,850031),(1110,812001,'50',-39.37,0.5,5.27,850031),(1111,812001,'51',-38.49,0.5,3.36,850031),(1112,812001,'52',-40.18,0.5,1.82,850031),(1113,812001,'53',-39.7,0.5,-0.36,850031),(1114,812001,'54',-38.16,0.5,1.04,850031),(1115,812001,'55',-36.34,0.5,-0.95,850031),(1116,812001,'56',-34.12,0.5,1.07,850031),(1117,812001,'57',-32.35,0.5,2.68,850031),(1118,812001,'58',-28.81,0.5,1.94,850031),(1119,812001,'59',-30.56,0.5,3.86,850031),(1120,812001,'60',-32.39,0.5,5.87,850031),(1121,812001,'61',-34.24,0.5,7.89,850031),(1122,812001,'62',-32.46,0.5,9.52,850031),(1123,812001,'63',-30.64,0.5,7.53,850031),(1124,812001,'64',-28.86,0.5,5.58,850031),(1125,812001,'65',-27.14,0.5,3.7,850031),(1126,812001,'66',-25.6,0.5,2.02,850031),(1127,812001,'67',-27.74,0.5,0.07,850031),(1128,812001,'68',-26.02,0.5,-1.81,850031),(1129,812001,'69',-23.11,0.5,0.84,850031),(1130,812001,'70',-21.41,0.5,2.39,850031),(1131,812001,'71',-19.85,0.5,3.82,850031),(1132,812001,'72',-17.56,0.5,5.92,850031),(1133,812001,'73',-16.37,0.5,7.01,850031),(1134,812001,'74',-14.93,0.5,8.32,850031),(1135,812001,'75',-13.18,0.5,9.92,850031),(1136,812001,'76',-11.84,0.5,8.46,850031),(1137,812001,'77',-14.3,0.5,6.21,850031),(1138,812001,'78',-16.11,0.5,4.56,850031),(1139,812001,'79',-18.47,0.5,2.4,850031),(1140,812001,'80',-19.82,0.5,1.16,850031),(1141,812001,'81',-21.87,0.5,-0.71,850031),(1142,812001,'82',-23.76,0.5,-2.43,850031),(1143,812001,'83',-22.64,0.5,-3.66,850031),(1144,812001,'84',-21.03,0.5,-5.43,850031),(1145,812001,'85',-19.21,0.5,-3.77,850031),(1146,812001,'86',-18.11,0.5,-4.98,850031),(1147,812001,'87',-21.29,0.5,-7.89,850031),(1148,812001,'88',-19.86,0.5,-6.58,850031),(1149,812001,'89',-18.11,0.5,-8.5,850031),(1150,812001,'90',-13.74,0.5,-4.51,850031),(1151,812001,'91',-16.06,0.5,-6.63,850031),(1152,812001,'92',-14.24,0.5,-8.63,850031),(1153,812001,'93',-12.21,0.5,-6.78,850031),(1154,812001,'94',0.8,0.5,-10.1,850031),(1155,812001,'95',2.4,0.5,-8.64,850031),(1156,812001,'96',3.84,0.5,-7.33,850031),(1157,812001,'97',4.66,0.5,-3.24,850031),(1158,812001,'98',3.18,0.5,-4.59,850031),(1159,812001,'99',1.57,0.5,-2.83,850031),(1160,812001,'100',2.96,0.5,-1.56,850031),(1161,812001,'101',1.84,0.5,0.7,850031),(1162,812001,'102',0.32,0.5,2.37,850031),(1163,812001,'103',-1.7,0.5,4.59,850031),(1164,812001,'104',-3.28,0.5,6.32,850031),(1165,812001,'105',-5.23,0.5,4.54,850031),(1166,812001,'106',-3.58,0.5,2.73,850031),(1167,812001,'107',-1.95,0.5,0.94,850031),(1168,812001,'108',-0.19,0.5,-0.99,850031),(1169,812001,'109',-5.21,0.5,-5.57,850031),(1170,812001,'110',-3.51,0.5,-4.01,850031),(1171,812001,'111',-1.99,0.5,-2.63,850031),(1172,812001,'112',-0.21,0.5,-4.58,850031),(1173,812001,'113',1.61,0.5,-6.57,850031),(1174,812001,'114',0.11,0.5,-7.94,850031),(1175,812001,'115',-1.79,0.5,-5.86,850031),(1176,812001,'116',-3.75,0.5,-7.65,850031),(1177,812001,'117',-1.79,0.5,-9.79,850031),(1178,812001,'118',-5.31,0.5,-13.01,850031),(1179,812001,'119',-7.23,0.5,-10.9,850031),(1180,812001,'120',-9.22,0.5,-8.72,850031),(1181,812001,'121',-11.3,0.5,-10.62,850031),(1182,812001,'122',-9.4,0.5,-12.7,850031),(1183,812001,'123',-11.51,0.5,-14.63,850031),(1184,812001,'124',-13.39,0.5,-12.57,850031),(1185,812001,'125',-15.36,0.5,-14.37,850031),(1186,812001,'126',-13.73,0.5,-16.16,850031),(1187,812001,'127',-14.66,0.5,-19.09,850031),(1188,812001,'128',-16.48,0.5,-17.09,850031),(1189,812001,'129',-18.23,0.5,-18.69,850031),(1190,812001,'130',-19.84,0.5,-20.16,850031),(1191,812001,'131',-18.48,0.5,-21.65,850031),(1192,812001,'132',-17.01,0.5,-20.31,850031),(1193,812001,'133',-15.38,0.5,-22.09,850031),(1194,812001,'134',-13.39,0.5,-20.28,850031),(1195,812001,'135',-11.68,0.5,-22.15,850031),(1196,812001,'136',-13.6,0.5,-23.9,850031),(1197,812001,'137',3.07,0.5,-62.3,850031),(1198,812001,'138',5.14,0.5,-60.41,850031),(1199,812001,'139',8.38,0.5,-57.45,850031),(1200,812001,'140',6.84,0.5,-58.85,850031),(1201,812001,'141',1.23,0.5,-52.71,850031),(1202,812001,'142',4.6,0.5,-57.04,850031),(1203,812001,'143',2.84,0.5,-55.12,850031),(1204,812001,'144',4.19,0.5,-53.89,850031),(1205,812001,'145',5.54,0.5,-55.37,850031),(1206,812001,'146',7.19,0.5,-53.86,850031),(1207,812001,'147',5.64,0.5,-52.16,850031),(1208,812001,'148',3.98,0.5,-50.35,850031),(1209,812001,'149',2.88,0.5,-51.36,850031),(1210,812001,'150',1.29,0.5,-49.62,850031),(1211,812001,'151',3.28,0.5,-47.81,850031),(1212,812001,'152',0.73,0.5,-45.02,850031),(1213,812001,'153',2.55,0.5,-43.36,850031),(1214,812001,'154',5.71,0.5,-40.48,850031),(1215,812001,'155',3.94,0.5,-42.09,850031),(1216,812001,'156',2.6,0.5,-40.62,850031),(1217,812001,'157',4.73,0.5,-38.67,850031),(1218,812001,'158',4.65,0.5,-28.56,850031),(1219,812001,'159',2.98,0.5,-30.08,850031),(1220,812001,'160',4.71,0.5,-31.97,850031),(1221,812001,'161',4.3,0.5,-35.34,850031),(1222,812001,'162',6.15,0.5,-37.36,850031),(1223,812001,'163',7.85,0.5,-35.81,850031),(1224,812001,'164',6.09,0.5,-33.88,850031),(1225,812001,'165',7.9,0.5,-32.23,850031),(1226,812001,'166',5.96,0.5,-30.11,850031),(1227,812001,'167',7.77,0.5,-28.46,850031),(1228,812001,'168',6.01,0.5,-26.54,850031),(1229,812001,'169',7.83,0.5,-24.88,850031),(1230,812001,'170',6.16,0.5,-23.06,850031),(1231,812001,'171',4.18,0.5,-24.87,850031),(1232,812001,'172',8.37,0.5,-16.53,850031),(1233,812001,'173',8.11,0.5,-21.38,850031),(1234,812001,'174',6.48,0.5,-19.59,850031),(1235,812001,'175',4.15,0.5,-21.72,850031),(1236,812001,'176',-14.21,0.5,-28.1,850031),(1237,812001,'177',-12.35,0.5,-26.37,850031),(1238,812001,'178',-9.97,0.5,-24.2,850031),(1239,812001,'179',-5.71,0.5,-23.24,850031),(1240,812001,'180',-4.15,0.5,-21.82,850031),(1241,812001,'181',-5.65,0.5,-20.18,850031),(1242,812001,'182',-2.76,0.5,-18.72,850031),(1243,812001,'183',-1.67,0.5,-19.92,850031),(1244,812001,'184',2.41,0.5,-16.19,850031),(1245,812001,'185',0.83,0.5,-17.64,850031),(1246,812001,'186',2.51,0.5,-19.48,850031),(1247,812001,'187',4.5,0.5,-17.66,850031),(1248,812001,'188',6.67,0.5,-15.68,850031),(1249,812001,'189',8.29,0.5,-14.2,850031),(1250,812001,'190',8.1,0.5,-11.18,850031),(1251,812001,'191',6.03,0.5,-13.07,850031),(1252,812001,'192',3.98,0.5,-14.94,850031),(1253,812001,'193',2.38,0.5,-13.19,850031),(1254,812001,'194',4.41,0.5,-11.34,850031),(1255,812001,'195',6.63,0.5,-9.32,850031),(1256,812001,'196',8.89,0.5,-7.26,850031),(1257,812001,'197',10.35,0.5,-5.92,850031),(1258,812001,'198',11.15,0.5,-3.78,850031),(1259,812001,'199',12.4,0.5,-5.15,850031),(1260,812001,'200',14.24,0.5,-3.47,850031),(1261,812001,'201',12.88,0.5,-1.98,850031),(1262,812001,'202',15.39,0.5,1.71,850031),(1263,812001,'203',14.5,0.5,-0.39,850031),(1264,812001,'204',16,0.5,-2.03,850031),(1265,812001,'205',17.69,0.5,-0.49,850031),(1266,812001,'206',19.42,0.5,1.09,850031),(1267,812001,'207',18.07,0.5,2.57,850031),(1268,812001,'208',16.69,0.5,4.08,850031),(1269,812001,'209',18.41,0.5,5.65,850031),(1270,812001,'210',19.63,0.5,4.32,850031),(1271,812001,'211',20.98,0.5,2.84,850031),(1272,812001,'212',23.76,0.5,5.38,850031),(1273,812001,'213',22.57,0.5,6.69,850031),(1274,812001,'214',21.28,0.5,8.1,850031),(1275,812001,'215',23.32,0.5,9.96,850031),(1276,812001,'216',24.85,0.5,8.28,850031),(1277,812001,'217',26.2,0.5,6.8,850031),(1278,812001,'218',28.08,0.5,8.52,850031),(1279,812001,'219',26.59,0.5,10.15,850031),(1280,812001,'220',24.98,0.5,11.92,850031),(1281,812001,'221',27.18,0.5,13.93,850031),(1282,812001,'222',28.23,0.5,12.79,850031),(1283,812001,'223',29.68,0.5,11.2,850031),(1284,812001,'224',31.77,0.5,13.11,850031),(1285,812001,'225',28.78,0.5,16.4,850031),(1286,812001,'226',30,0.5,15.07,850031),(1287,812001,'227',31.63,0.5,16.56,850031),(1288,812001,'228',30.15,0.5,18.18,850031),(1289,812001,'229',31.63,0.5,19.53,850031),(1290,812001,'230',29.77,0.5,21.57,850031),(1291,812001,'231',28.03,0.5,23.48,850031),(1292,812001,'232',26.18,0.5,25.5,850031),(1293,812001,'233',23.4,0.5,25.94,850031),(1294,812001,'234',24.73,0.5,27.16,850031),(1295,812001,'235',22.62,0.5,29.47,850031),(1296,812001,'236',21.13,0.5,31.95,850031),(1297,812001,'237',19.24,0.5,34.02,850031),(1298,812001,'238',17.25,0.5,32.21,850031),(1299,812001,'239',15.57,0.5,34.05,850031),(1300,812001,'240',17.5,0.5,35.82,850031),(1301,812001,'241',15.59,0.5,37.92,850031),(1302,812001,'242',14.32,0.5,36.76,850031),(1303,812001,'243',12.57,0.5,38.68,850031),(1304,812001,'244',10.48,0.5,40.97,850031),(1305,812001,'245',8.38,0.5,41.53,850031),(1306,812001,'246',6.16,0.5,39.51,850031),(1307,812001,'247',6.87,0.5,36.44,850031),(1308,812001,'248',8.18,0.5,37.64,850031),(1309,812001,'249',9.99,0.5,35.66,850031),(1310,812001,'250',8.36,0.5,34.17,850031),(1311,812001,'251',10.2,0.5,32.16,850031),(1312,812001,'252',12,0.5,33.8,850031),(1313,812001,'253',14.03,0.5,31.57,850031),(1314,812001,'254',11.64,0.5,29.38,850031),(1315,812001,'255',9.14,0.5,28.37,850031),(1316,812001,'256',10.45,0.5,26.94,850031),(1317,812001,'257',8.63,0.5,25.28,850031),(1318,812001,'258',7.01,0.5,23.8,850031),(1319,812001,'259',6.78,0.5,27.09,850031),(1320,812001,'260',5.28,0.5,25.72,850031),(1321,812001,'261',3.22,0.5,27.97,850031),(1322,812001,'262',5.12,0.5,29.7,850031),(1323,812001,'263',3.39,0.5,32.9,850031),(1324,812001,'264',0.77,0.5,30.51,850031),(1325,812001,'265',2.3,0.5,35.3,850031),(1326,812001,'266',0.57,0.5,33.72,850031),(1327,812001,'267',-0.91,0.5,32.37,850031),(1328,812001,'268',-2.75,0.5,34.39,850031),(1329,812001,'269',-1.06,0.5,35.93,850031),(1330,812001,'270',0.86,0.5,37.68,850031),(1331,812001,'271',4.52,0.5,41.02,850031),(1332,812001,'272',5.78,0.5,42.17,850031),(1333,812001,'273',7.63,0.5,43.86,850031),(1334,812001,'274',5.69,0.5,45.98,850031),(1335,812001,'275',3.84,0.5,44.29,850031),(1336,812001,'276',1.5,0.5,42.15,850031),(1337,812001,'277',-0.96,0.5,39.91,850031),(1338,812001,'278',-2.95,0.5,38.09,850031),(1339,812001,'279',-4.91,0.5,36.3,850031),(1340,812001,'280',-6.19,0.5,41.38,850031),(1341,812001,'281',-8.14,0.5,39.6,850031),(1342,812001,'282',-9.75,0.5,41.37,850031),(1343,812001,'283',-7.94,0.5,43.03,850031),(1344,812001,'284',-6.33,0.5,44.5,850031),(1345,812001,'285',4,0.5,52.93,850031),(1346,812001,'286',2.36,0.5,54.72,850031),(1347,812001,'287',0.84,0.5,56.38,850031),(1348,812001,'288',-0.86,0.5,55.4,850031),(1349,812001,'289',0.97,0.5,53.4,850031),(1350,812001,'290',2.65,0.5,51.56,850031),(1351,812001,'291',0.41,0.5,49.52,850031),(1352,812001,'292',-1.61,0.5,51.73,850031),(1353,812001,'293',-3.06,0.5,53.32,850031),(1354,812001,'294',-5.42,0.5,51.72,850031),(1355,812001,'295',-4.05,0.5,50.22,850031),(1356,812001,'296',-2.04,0.5,48.02,850031),(1357,812001,'297',-4.26,0.5,46,850031),(1358,812001,'298',-5.85,0.5,47.74,850031),(1359,812001,'299',-7.79,0.5,49.87,850031),(1360,812001,'300',-13.93,0.5,45.98,850031),(1361,812001,'301',-10.24,0.5,48.51,850031),(1362,812001,'302',-8.64,0.5,46.76,850031),(1363,812001,'303',-10.75,0.5,44.84,850031),(1364,812001,'304',-12.46,0.5,43.28,850031),(1365,812001,'305',-15.5,0.5,51.17,850031),(1366,812001,'306',-14.78,0.5,53.29,850031),(1367,812001,'307',-12.6,0.5,50.9,850031),(1368,812001,'308',-13.88,0.5,49.73,850031),(1369,812001,'309',-16.06,0.5,47.74,850031),(1370,812001,'310',-23.94,0.5,46.39,850031),(1371,812001,'311',-22.52,0.5,44.83,850031),(1372,812001,'312',-24.52,0.5,43,850031),(1373,812001,'313',-22.65,0.5,40.96,850031),(1374,812001,'314',-20.5,0.5,42.92,850031),(1375,812001,'315',-18.32,0.5,44.91,850031),(1376,812001,'316',-14.91,0.5,41.18,850031),(1377,812001,'317',-16.91,0.5,39.35,850031),(1378,812001,'318',-19.33,0.5,37.14,850031),(1379,812001,'319',-22.18,0.5,36.94,850031),(1380,812001,'320',-21.17,0.5,34.6,850031),(1381,812001,'321',-23.33,0.5,32.63,850031),(1382,812001,'322',-26.08,0.5,34.59,850031),(1383,812001,'323',-24.51,0.5,36.02,850031),(1384,812001,'324',-24.94,0.5,38.78,850031),(1385,812001,'325',-28,0.5,39.01,850031),(1386,812001,'326',-30.83,0.5,39.31,850031),(1387,812001,'327',-29.06,0.5,37.37,850031),(1388,812001,'328',-28.32,0.5,34.4,850031),(1389,812001,'329',-26.23,0.5,32.11,850031),(1390,812001,'330',-28.52,0.5,30.02,850031),(1391,812001,'331',-30.48,0.5,32.17,850031),(1392,812001,'332',-32.43,0.5,34.3,850031),(1393,812001,'333',-34.28,0.5,36.33,850031),(1394,812001,'334',-36.59,0.5,34.22,850031),(1395,812001,'335',-34.84,0.5,32.3,850031),(1396,812001,'336',-32.85,0.5,30.13,850031),(1397,812001,'337',-31.28,0.5,24.25,850031),(1398,812001,'338',-29.14,0.5,26.11,850031),(1399,812001,'339',-30.9,0.5,28.03,850031),(1400,812001,'340',-33.07,0.5,26.05,850031),(1401,812001,'341',-35.29,0.5,28.48,850031),(1402,812001,'342',-37.21,0.5,30.59,850031),(1403,812001,'343',-43.08,0.5,30.76,850031),(1404,812001,'344',-39.46,0.5,29.17,850031),(1405,812001,'345',-37.44,0.5,26.95,850031),(1406,812001,'346',-35.31,0.5,24.61,850031),(1407,812001,'347',-36.67,0.5,21.7,850031),(1408,812001,'348',-42.41,0.5,27.99,850031),(1409,812001,'349',-40.45,0.5,25.84,850031),(1410,812001,'350',-38.33,0.5,23.52,850031),(1411,812001,'351',-40.39,0.5,21.63,850031),(1412,812001,'352',-39.09,0.5,20.21,850031),(1413,812001,'353',-42.55,0.5,16.91,850031),(1414,812001,'354',-43.9,0.5,18.39,850031),(1415,812001,'355',-45.6,0.5,16.84,850031),(1416,812001,'356',-44.35,0.5,15.47,850031),(1417,812001,'357',-46.27,0.5,10.83,850031),(1418,812001,'358',-42.9,0.5,13.91,850031),(1419,812001,'359',-41.36,0.5,15.32,850031),(1420,812001,'360',-37.7,0.5,18.66,850031),(1421,812001,'361',-38.2,0.5,14.87,850031),(1422,812001,'362',-40.01,0.5,13.22,850031),(1423,812001,'363',-41.47,0.5,11.89,850031),(1424,812001,'364',-41.53,0.5,8.57,850031),(1425,812001,'365',-42.94,0.5,10.12,850031),(1426,812001,'366',-44.71,0.5,12.06,850031),(1427,812001,'367',-45.89,0.5,13.35,850031),(1428,812001,'368',-47.42,0.5,15.03,850031),(1429,812001,'369',-49.02,0.5,13.57,850031),(1430,812001,'370',-47.73,0.5,12.15,850031),(1431,812001,'371',-49.21,0.5,10.8,850031),(1432,812001,'372',-50.73,0.5,9.56,850031),(1433,812001,'373',-52.23,0.5,8.19,850031),(1434,812001,'374',-53.66,0.5,9.75,850031),(1435,812001,'375',-55.39,0.5,8.17,850031),(1436,812001,'376',-58.32,0.5,5.5,850031),(1437,812001,'377',-56.99,0.5,6.72,850031),(1438,812001,'378',-55.61,0.5,5.21,850031),(1439,812001,'379',-54.12,0.5,6.57,850031),(1440,812001,'380',-52.6,0.5,4.9,850031),(1441,812001,'381',-54,0.5,3.62,850031),(1442,812001,'382',-52.99,0.5,1.34,850031),(1443,812001,'383',-54.24,0.5,0.2,850031),(1444,812001,'384',-50.15,0.5,1.22,850031),(1445,812001,'385',-51.62,0.5,-0.12,850031),(1446,812001,'386',-50.1,0.5,-1.78,850031),(1447,812001,'387',-48.49,0.5,-0.31,850031),(1448,812001,'388',-46.37,0.5,-2.09,850031),(1449,812001,'389',-47.69,0.5,-3.3,850031),(1450,812001,'390',-46.1,0.5,-6.22,850031),(1451,812001,'391',-44.51,0.5,-4.77,850031),(1452,812001,'392',-42.89,0.5,-3.29,850031),(1453,812001,'393',-41.29,0.5,-1.83,850031),(1454,812001,'394',-39.91,0.5,-3.34,850031),(1455,812001,'395',-38.52,0.5,-4.87,850031),(1456,812001,'396',-36.98,0.5,-6.56,850031),(1457,812001,'397',-38.43,0.5,-7.89,850031),(1458,812001,'398',-39.66,0.5,-6.55,850031),(1459,812001,'399',-41.33,0.5,-4.72,850031),(1460,812001,'400',-42.99,0.5,-6.23,850031),(1461,812001,'401',-44.72,0.5,-7.81,850031),(1462,812001,'402',-43.25,0.5,-9.42,850031),(1463,812001,'403',-41.51,0.5,-11.32,850031),(1464,812001,'404',-39.02,0.5,-10.72,850031),(1465,812001,'405',-37.14,0.5,-9.01,850031),(1466,812001,'406',-35.67,0.5,-7.66,850031),(1467,812001,'407',-34.11,0.5,-9.37,850031),(1468,812001,'408',-32.57,0.5,-11.06,850031),(1469,812001,'409',-35.2,0.5,-16.82,850031),(1470,812001,'410',-33.77,0.5,-15.52,850031),(1471,812001,'411',-32.36,0.5,-14.23,850031),(1472,812001,'412',-30.72,0.5,-16.02,850031),(1473,812001,'413',-32.49,0.5,-17.64,850031),(1474,812001,'414',-34.07,0.5,-19.08,850031),(1475,812001,'415',-32.35,0.5,-20.96,850031),(1476,812001,'416',-30.79,0.5,-19.54,850031),(1477,812001,'417',-28.96,0.5,-17.87,850031),(1478,812001,'418',-27.41,0.5,-19.57,850031),(1479,812001,'419',-29.4,0.5,-21.39,850031),(1480,812001,'420',-30.93,0.5,-22.79,850031),(1481,812001,'421',-29.17,0.5,-24.72,850031),(1482,812001,'422',-28.87,0.5,-27.86,850031),(1483,812001,'423',-27.37,0.5,-26.49,850031),(1484,812001,'424',-26.07,0.5,-25.3,850031),(1485,812001,'425',-24.17,0.5,-26.79,850031),(1486,812001,'426',-25.67,0.5,-28.16,850031),(1487,812001,'427',-27.43,0.5,-29.77,850031),(1488,812001,'428',-25.69,0.5,-31.67,850031),(1489,812001,'429',-23.81,0.5,-29.95,850031),(1490,812001,'430',-20.79,0.5,-30.7,850031),(1491,812001,'431',-19.12,0.5,-32.69,850031),(1492,812001,'432',-17.59,0.5,-31.29,850031),(1493,812001,'433',-15.62,0.5,-29.49,850031),(1494,812001,'434',-17.66,0.5,-27.26,850031),(1495,812001,'435',-20.72,0.5,-26.94,850031),(1496,812001,'436',-22.4,0.5,-28.48,850031),(1497,812001,'437',-22.08,0.5,-31.98,850031),(1498,812001,'438',-23.89,0.5,-33.64,850031),(1499,812001,'439',-20.35,0.5,-34.13,850031),(1500,812001,'440',-25.07,0.5,-39.88,850031),(1501,812001,'441',-23.78,0.5,-37.48,850031),(1502,812001,'442',-22.14,0.5,-36,850031),(1503,812001,'443',-23.5,0.5,-41.86,850031),(1504,812001,'444',-21.45,0.5,-39.99,850031),(1505,812001,'445',-19.84,0.5,-38.52,850031),(1506,812001,'446',-18.35,0.5,-40.15,850031),(1507,812001,'447',-20.18,0.5,-41.83,850031),(1508,812001,'448',-21.83,0.5,-43.34,850031),(1509,812001,'449',-19.91,0.5,-45.44,850031),(1510,812001,'450',-15.888,0.5,-48.94,850031),(1511,812001,'451',-18.3,0.5,-47.49,850031),(1512,812001,'452',-16.24,0.5,-45.6,850031),(1513,812001,'453',-11.02,0.5,-49.76,850031),(1514,812001,'454',-14.22,0.5,-47.42,850031),(1515,812001,'455',-12.18,0.5,-54.61,850031),(1516,812001,'456',-9.71,0.5,-52.35,850031),(1517,812001,'457',-7.37,0.5,-54.91,850031),(1518,812001,'458',-12.04,0.5,-59.17,850031),(1519,812001,'459',-9.79,0.5,-57.12,850031),(1520,812001,'460',-7.21,0.5,-59.94,850031),(1521,812001,'461',-4.9,0.5,-57.83,850031),(1522,812001,'462',-3.43,0.5,-68.08,850031),(1523,812001,'463',-5.31,0.5,-66.02,850031),(1524,812001,'464',-3.66,0.5,-64.51,850031),(1525,812001,'465',-5.35,0.5,-62.65,850031),(1526,812001,'466',-2.51,0.5,-60.06,850031),(1527,812001,'467',0,0.5,-62.81,850031);
/*!40000 ALTER TABLE `map_generate` ENABLE KEYS */;
UNLOCK TABLES;

--
-- Table structure for table `map_limit`
--

DROP TABLE IF EXISTS `map_limit`;
/*!40101 SET @saved_cs_client     = @@character_set_client */;
/*!40101 SET character_set_client = utf8 */;
CREATE TABLE `map_limit` (
  `id` int(11) NOT NULL COMMENT 'mapid',
  `affirm_time` bigint(20) NOT NULL DEFAULT '60' COMMENT '匹配确认时间',
  `select_hero_count` int(11) NOT NULL DEFAULT '2' COMMENT '每个阵营英雄可以选择的次数',
  `select_hero_time` bigint(20) NOT NULL DEFAULT '30' COMMENT '选择英雄的时间上限',
  PRIMARY KEY (`id`)
) ENGINE=InnoDB DEFAULT CHARSET=utf8;
/*!40101 SET character_set_client = @saved_cs_client */;

--
-- Dumping data for table `map_limit`
--

LOCK TABLES `map_limit` WRITE;
/*!40000 ALTER TABLE `map_limit` DISABLE KEYS */;
INSERT INTO `map_limit` VALUES (800001,0,0,0),(800002,0,0,0),(810000,30,1,60),(810001,30,1,30),(810002,30,0,30),(812000,30,0,30),(812001,30,0,30),(812002,30,1,30),(813001,30,1,60),(813002,30,1,60),(813003,30,0,30),(813004,60,3,60),(815000,30,1,60),(815001,30,1,30),(815002,30,1,60),(817001,30,1,60),(817002,30,1,30),(817003,30,0,30),(820001,60,1,60),(820002,60,1,60),(820003,60,1,60),(820004,60,1,60),(830001,60,1,60),(830002,60,1,60),(830003,60,1,60),(830004,60,1,60),(840001,60,1,30),(840002,60,1,30),(840003,60,1,30),(910001,60,2,60);
/*!40000 ALTER TABLE `map_limit` ENABLE KEYS */;
UNLOCK TABLES;

--
-- Table structure for table `map_mode_skill`
--

DROP TABLE IF EXISTS `map_mode_skill`;
/*!40101 SET @saved_cs_client     = @@character_set_client */;
/*!40101 SET character_set_client = utf8 */;
CREATE TABLE `map_mode_skill` (
  `id` int(11) NOT NULL DEFAULT '0' COMMENT 'id',
  `mode_type` int(11) NOT NULL DEFAULT '0' COMMENT '战斗模式：1=人头模式，2=歼灭战模式，3=人质解救模式，4=爆破模式，5=资源模式，6=占领模式，7=手雷战模式、8=狙击战模式，10=混战模式，11=新手模式，12=新手引导，99=测试模式',
  `skill` int(11) NOT NULL DEFAULT '0' COMMENT '模式动作',
  `camp` int(11) DEFAULT '0' COMMENT '目标阵营。0：无视敌我。1上帝之手。2末日晨曦',
  `skill_type` int(11) DEFAULT '0' COMMENT 'type1：埋弹2：拆弹',
  `var3` int(11) DEFAULT '0',
  `var4` int(11) DEFAULT '0',
  `var5` int(11) DEFAULT '0',
  PRIMARY KEY (`id`)
) ENGINE=InnoDB DEFAULT CHARSET=utf8 COMMENT='[logic server no use]';
/*!40101 SET character_set_client = @saved_cs_client */;

--
-- Dumping data for table `map_mode_skill`
--

LOCK TABLES `map_mode_skill` WRITE;
/*!40000 ALTER TABLE `map_mode_skill` DISABLE KEYS */;
INSERT INTO `map_mode_skill` VALUES (1,4,561201,2,1,0,0,0),(2,4,561202,1,2,0,0,0);
/*!40000 ALTER TABLE `map_mode_skill` ENABLE KEYS */;
UNLOCK TABLES;

--
-- Table structure for table `mini_map`
--

DROP TABLE IF EXISTS `mini_map`;
/*!40101 SET @saved_cs_client     = @@character_set_client */;
/*!40101 SET character_set_client = utf8 */;
CREATE TABLE `mini_map` (
  `map_id` int(10) NOT NULL DEFAULT '0' COMMENT '地图id',
  `map_pic` varchar(50) NOT NULL DEFAULT '0' COMMENT '地图名',
  `map_pos` varchar(50) NOT NULL DEFAULT '0,0,0,0' COMMENT '原图坐标，2点',
  `world_map_pos` varchar(50) NOT NULL DEFAULT '0,0,0,0' COMMENT '大地图坐标，2点',
  `world_fix_pos` varchar(50) NOT NULL DEFAULT '0,0' COMMENT '大地图偏移量',
  `mini_map_pos` varchar(50) NOT NULL DEFAULT '0,0,0,0' COMMENT '小地图坐标，2点',
  `fix_pos` varchar(50) NOT NULL DEFAULT '0,0' COMMENT '小地图偏移量',
  PRIMARY KEY (`map_id`)
) ENGINE=InnoDB DEFAULT CHARSET=utf8 COMMENT='[logic server no use]';
/*!40101 SET character_set_client = @saved_cs_client */;

--
-- Dumping data for table `mini_map`
--

LOCK TABLES `mini_map` WRITE;
/*!40000 ALTER TABLE `mini_map` DISABLE KEYS */;
INSERT INTO `mini_map` VALUES (800001,'新手引导','18.84,-8.5,28.2,32','-291.6,88.7,294.4,-26.8','394,-109.6','190.7,-61,-190.6,15.7','-258.2,72.9'),(810000,'沙漠基地','-53.4, -49.6, 34.4,29,0,225,-3','-243.9, 252.9, 150.8, -190.2','-12.8, -449.9','349.17, -361.5, -217.2, 271.9','32.57, 626.9'),(811000,'生化实验室','-11.7,-19.79,0.9,76.9','-508.6,116.95,506.9,-11.3','87,-116.9','334.84,-76.9,-338.47,11.5','-53.6,85.7'),(811001,'生化实验室夜','-11.7,-19.79,0.9,76.9','-508.6,116.95,506.9,-11.3','87,-116.9','334.84,-76.9,-338.47,11.5','-53.6,85.7'),(812000,'军事基地','-35.5,-12.4,16.7,38.96','-66.1, 163.6, 224.2, -129.9','-124.2, -296.4','73.6, -181.6, -253.4, 143.5','141.9, 329.9'),(813001,'航母前段','-35.3, -25.4, 58.48, 3.74','106.4, -205.7, -36.7, 259.7','51.4, 466.5','-122.58, 246.5, 40.6, -297.6','-50.5, -542.02'),(813002,'航母','30.56, -3.6, -35.8, 15.8,1','-356, 92.4, 283.7, -94.5','0,0','237.2, -61.5, -189, 60.6','0,0'),(813003,'航母后段','-25.6, -17, 1.8, 6.49,1','232.1, 92.6, -40.4, -134.06','0,0','-138.9, -53.9, 26.4, 78.08','0,0'),(815000,'雪地','27.3,-25.7,-25.8,24.3,1','-120,122.7,142.8,-139.9','0,0','127.4, -124.1, -144.2, 140.5','0,0'),(817001,'3V3','38.5, -17.2, -9, 17.04,1','246, -148, -161.2, 149.9','0,0','-136.44, 83.3, 89.5, -82.5','0,0');
/*!40000 ALTER TABLE `mini_map` ENABLE KEYS */;
UNLOCK TABLES;

--
-- Table structure for table `mix_mode_reward`
--

DROP TABLE IF EXISTS `mix_mode_reward`;
/*!40101 SET @saved_cs_client     = @@character_set_client */;
/*!40101 SET character_set_client = utf8 */;
CREATE TABLE `mix_mode_reward` (
  `rank` int(10) NOT NULL COMMENT '名次',
  `exp` int(10) DEFAULT NULL COMMENT '该名次所奖励的经验',
  `coin` int(10) DEFAULT '0' COMMENT '该名次所奖励的金币',
  `box_id` int(11) DEFAULT '0' COMMENT '宝箱ID',
  `box_amount` int(11) DEFAULT '0' COMMENT '宝箱数量',
  PRIMARY KEY (`rank`)
) ENGINE=InnoDB DEFAULT CHARSET=utf8;
/*!40101 SET character_set_client = @saved_cs_client */;

--
-- Dumping data for table `mix_mode_reward`
--

LOCK TABLES `mix_mode_reward` WRITE;
/*!40000 ALTER TABLE `mix_mode_reward` DISABLE KEYS */;
INSERT INTO `mix_mode_reward` VALUES (1,537,54,0,1),(2,483,48,0,1),(3,464,46,0,1),(4,414,42,0,1),(5,395,39,0,1),(6,376,38,0,1),(7,356,36,0,1),(8,337,34,0,1),(9,317,32,0,1),(10,298,30,0,1),(11,278,28,0,1),(12,258,26,0,1),(13,239,24,0,1),(14,170,17,0,1),(15,146,14,0,1),(16,122,12,0,1);
/*!40000 ALTER TABLE `mix_mode_reward` ENABLE KEYS */;
UNLOCK TABLES;

--
-- Table structure for table `mode_resourcemode`
--

DROP TABLE IF EXISTS `mode_resourcemode`;
/*!40101 SET @saved_cs_client     = @@character_set_client */;
/*!40101 SET character_set_client = utf8 */;
CREATE TABLE `mode_resourcemode` (
  `id` int(11) NOT NULL DEFAULT '0' COMMENT '关联map表的id',
  `resource_score` int(11) NOT NULL DEFAULT '0' COMMENT '判定该局战斗结束的资源积分标准',
  `resource_unit_spd` int(11) NOT NULL DEFAULT '0' COMMENT '单位时间内，资源点的资源积分产出速度',
  `resource_unit_time` varchar(200) NOT NULL DEFAULT '0' COMMENT '资源产出的单位时间。',
  `capture_spd` varchar(200) NOT NULL DEFAULT '0' COMMENT '占领速率（配置方式：1:1,2:5）表示1个人累积1点，两个人累积5点。',
  `capture_value` int(11) NOT NULL DEFAULT '0' COMMENT '占领总值',
  `capture_change_percent` int(11) NOT NULL DEFAULT '0' COMMENT '归属去除百分比（50表示50%）',
  `capture_spd_time` int(11) NOT NULL DEFAULT '0' COMMENT '区域自动扫描的间隔时间，单位：ms',
  `temp_capture_cd_time` varchar(11) NOT NULL DEFAULT '0' COMMENT '临时区域生成时间。（配置方式60000,100000）间隔60000-100000内随机时间刷新。',
  `temp_capture_num` int(11) NOT NULL DEFAULT '0' COMMENT '临时区域同时存在个数',
  `temp_capture_score` int(11) NOT NULL DEFAULT '0' COMMENT '临时区域占领后可获得的资源积分。',
  `temp_capture_spd` varchar(200) NOT NULL DEFAULT '0' COMMENT '临时区域占领速率',
  PRIMARY KEY (`id`)
) ENGINE=InnoDB DEFAULT CHARSET=utf8 COMMENT='[logic server no use]';
/*!40101 SET character_set_client = @saved_cs_client */;

--
-- Dumping data for table `mode_resourcemode`
--

LOCK TABLES `mode_resourcemode` WRITE;
/*!40000 ALTER TABLE `mode_resourcemode` DISABLE KEYS */;
INSERT INTO `mode_resourcemode` VALUES (813001,6000,40,'1000','1:1,2:2,3:4,4:6,5:8',60,50,1000,'6000,10000',2,800,'1:2,2:6,3:9,4:12,5:15'),(815000,6000,10,'1000','1:1,2:2,3:4,4:6,5:8',60,50,1000,'6000,10000',2,500,'1:2,2:6,3:9,4:12,5:15'),(820004,6000,10,'1000','1:1,2:2,3:4,4:6,5:8',60,50,1000,'6000,10000',2,500,'1:2,2:6,3:9,4:12,5:15'),(830004,6000,10,'1000','1:1,2:2,3:4,4:6,5:8',60,50,1000,'6000,10000',2,500,'1:2,2:6,3:9,4:12,5:15');
/*!40000 ALTER TABLE `mode_resourcemode` ENABLE KEYS */;
UNLOCK TABLES;

--
-- Table structure for table `monster`
--

DROP TABLE IF EXISTS `monster`;
/*!40101 SET @saved_cs_client     = @@character_set_client */;
/*!40101 SET character_set_client = utf8 */;
CREATE TABLE `monster` (
  `id` int(10) NOT NULL,
  `name` char(50) NOT NULL COMMENT '命名',
  `spd` float NOT NULL COMMENT '移动速度',
  `hp` int(11) NOT NULL COMMENT '生命',
  `def` int(11) NOT NULL COMMENT '防御',
  `inte` int(11) NOT NULL COMMENT '道具强度',
  `dam` int(11) NOT NULL COMMENT '伤害',
  `pass_dam` int(11) NOT NULL COMMENT '穿透',
  `crit` float NOT NULL COMMENT '暴击',
  `fire_spd` int(11) NOT NULL COMMENT '射速',
  `box_magazine` int(11) NOT NULL COMMENT '弹匣',
  `accu` int(11) NOT NULL COMMENT '精准',
  `recoil` int(11) NOT NULL COMMENT '稳定',
  `range` float NOT NULL COMMENT '射程',
  `reload` float NOT NULL COMMENT '填弹',
  `shape_id` int(11) NOT NULL COMMENT '3D人物模型ID',
  `ai_type` int(11) NOT NULL COMMENT '关联的AI',
  `skill1` int(11) NOT NULL COMMENT '技能',
  `skill2` int(11) NOT NULL COMMENT '技能',
  `skill3` int(11) NOT NULL COMMENT '技能',
  `skill4` int(11) NOT NULL COMMENT '技能',
  `skill5` int(11) NOT NULL COMMENT '技能',
  `skill6` int(11) NOT NULL COMMENT '技能',
  `skill7` int(11) NOT NULL COMMENT '技能',
  `spy_range` int(11) NOT NULL COMMENT '索敌范围',
  `follow_range` int(11) NOT NULL COMMENT '追击范围',
  `brush_performance` int(11) NOT NULL COMMENT '刷出表现',
  `brush_time` int(11) NOT NULL COMMENT '刷出时间',
  `vehicle_time` int(11) NOT NULL COMMENT '存在时间，单位秒。0表示永远存在',
  PRIMARY KEY (`id`)
) ENGINE=InnoDB DEFAULT CHARSET=utf8;
/*!40101 SET character_set_client = @saved_cs_client */;

--
-- Dumping data for table `monster`
--

LOCK TABLES `monster` WRITE;
/*!40000 ALTER TABLE `monster` DISABLE KEYS */;
INSERT INTO `monster` VALUES (30101,'沙漠异兽',0,10000,10,0,100,0,0,3,0,0,0,20,0,80101,0,801001,801011,801021,801031,801041,801051,0,30,30,0,0,0);
/*!40000 ALTER TABLE `monster` ENABLE KEYS */;
UNLOCK TABLES;

--
-- Table structure for table `npc_hero`
--

DROP TABLE IF EXISTS `npc_hero`;
/*!40101 SET @saved_cs_client     = @@character_set_client */;
/*!40101 SET character_set_client = utf8 */;
CREATE TABLE `npc_hero` (
  `id` int(10) NOT NULL DEFAULT '0' COMMENT '英雄id',
  `name` varchar(50) NOT NULL DEFAULT '0' COMMENT '[Language]名字',
  `intro` varchar(50) NOT NULL DEFAULT '0' COMMENT '介绍',
  `icon` varchar(10) NOT NULL DEFAULT '0' COMMENT '图标',
  `double_gun` int(10) NOT NULL DEFAULT '0',
  `npc_type` int(10) NOT NULL DEFAULT '0' COMMENT 'NPC类型1：机器人2：炮台：3：BOSS：',
  `hero_skill_id` int(10) NOT NULL DEFAULT '0' COMMENT '关联至hero_skill的ID',
  `AI_type` int(10) NOT NULL DEFAULT '0' COMMENT 'AI种类1：被动怪2：不动怪',
  `camp` int(10) NOT NULL DEFAULT '0' COMMENT '阵营区分：1、中立。2A（我）方。3B方',
  `shape_id` int(10) NOT NULL DEFAULT '0' COMMENT '3D人物模型ID',
  `body_radius` float unsigned NOT NULL DEFAULT '0.5' COMMENT '角色的命中范围判定半径。单位米',
  `fire_deceleration` float unsigned NOT NULL DEFAULT '0.5' COMMENT '配置数值多少，射击时的速度比例就是多少。比如填0.4就表示射击时的速度是正常的0.4速度。',
  `spy_range` int(10) NOT NULL DEFAULT '0' COMMENT '索敌范围',
  `follow_range` int(10) NOT NULL DEFAULT '0' COMMENT '追击范围',
  `spd` float NOT NULL DEFAULT '0' COMMENT '机动性',
  `sta` float NOT NULL DEFAULT '0' COMMENT '耐力',
  `hp` float NOT NULL DEFAULT '0' COMMENT '生命值',
  `atk` float NOT NULL DEFAULT '0' COMMENT '攻击力',
  `def` float NOT NULL DEFAULT '0' COMMENT '护甲值',
  `crit` float NOT NULL DEFAULT '0' COMMENT '暴击率',
  `a_crit` float NOT NULL DEFAULT '0' COMMENT '防暴击率',
  `cspd` float NOT NULL DEFAULT '0' COMMENT '换弹加速',
  `inte` float NOT NULL DEFAULT '0' COMMENT '道具强度',
  `cry` float NOT NULL DEFAULT '0' COMMENT '负载',
  `use_weapon1` int(11) NOT NULL DEFAULT '0' COMMENT '使用武器1',
  `use_weapon2` int(11) NOT NULL DEFAULT '0' COMMENT '使用武器2',
  `use_item` int(11) NOT NULL DEFAULT '0' COMMENT '使用道具',
  `item_count` int(11) NOT NULL DEFAULT '0' COMMENT '道具数量',
  `brush_performance` int(20) NOT NULL DEFAULT '0' COMMENT '刷出表现',
  `brush_time` int(20) NOT NULL DEFAULT '0' COMMENT '刷出时间',
  `vehicle_time` int(20) NOT NULL DEFAULT '0' COMMENT '存在时间，单位秒。0表示永远存在',
  `collision_type` int(10) NOT NULL DEFAULT '0' COMMENT '是否阻挡(填1人阻挡，填2子弹阻挡，3=1+2，填4表示手雷阻挡。填0不阻挡)',
  `angle_velocity` int(10) NOT NULL DEFAULT '0' COMMENT '描述：填0，表示不需要走旋转逻辑。填角度则需要转身锁定敌人时，的旋转角速度。单位度/秒',
  `follow_dead` int(10) NOT NULL DEFAULT '0' COMMENT '是否跟随死亡。1表示是，0表示否',
  `limit_num` int(10) NOT NULL DEFAULT '0' COMMENT '限定个数。超过最大上限，则最先放下的NPC会被销毁',
  `die_performance` int(10) NOT NULL DEFAULT '0' COMMENT '怪物的死亡表现，索引到performance表',
  PRIMARY KEY (`id`)
) ENGINE=InnoDB DEFAULT CHARSET=utf8;
/*!40101 SET character_set_client = @saved_cs_client */;

--
-- Dumping data for table `npc_hero`
--

LOCK TABLES `npc_hero` WRITE;
/*!40000 ALTER TABLE `npc_hero` DISABLE KEYS */;
INSERT INTO `npc_hero` VALUES (300000,'Gaia','盖亚只要收了钱，就会百分百完成目标，以此而在佣兵界闻名。','300000',0,1,300000,1,3,10101,0.5,0.5,15,10,206,0,707,0,150,0,0,0,9,0,191311,191311,0,10,0,0,0,0,0,0,0,0),(300001,'Theodor','盖亚只要收了钱，就会百分百完成目标，以此而在佣兵界闻名。','300001',0,1,300001,1,3,10201,0.5,0.5,15,10,200,0,828,0,187,0,0,0,0,0,192411,192411,0,10,0,0,0,0,0,0,0,0),(300002,'Saisi','盖亚只要收了钱，就会百分百完成目标，以此而在佣兵界闻名。','300002',0,1,300002,1,3,10301,0.5,0.5,15,10,240,0,701,0,159,0,0,0,15,0,194311,194311,0,10,0,0,0,0,0,0,0,0),(300003,'Joan','盖亚只要收了钱，就会百分百完成目标，以此而在佣兵界闻名。','300003',0,1,300003,1,3,10401,0.5,0.5,15,10,210,0,691,0,139,0,0,0,27,0,193411,193411,0,10,0,0,0,0,0,0,0,0),(300004,'Fox','0','300004',0,1,300004,1,3,10501,0.5,0.5,15,10,212,0,661,0,134,0,0,0,16,0,193311,194311,0,10,0,0,0,0,0,0,0,0),(300005,'Li Long','0','300005',0,1,300005,1,3,10601,0.5,0.5,15,10,226,0,694,0,164,0,0,0,9,0,192111,193411,0,10,0,0,0,0,0,0,0,0),(300006,'Catherine','盖亚只要收了钱，就会百分百完成目标，以此而在佣兵界闻名。','300006',0,1,300006,1,3,10701,0.5,0.5,15,10,208,0,665,0,140,0,0,0,43,0,191111,191111,0,10,0,0,0,0,0,0,0,0),(300007,'Logan','0','300007',0,1,300007,1,3,10801,0.5,0.5,15,10,204,0,760,0,184,0,0,0,17,0,194411,191111,0,10,0,0,0,0,0,0,0,0),(300008,'Amir','0','300008',0,1,300008,1,3,10901,0.5,0.5,15,10,211,0,735,0,158,0,0,0,14,0,192311,191111,0,10,0,0,0,0,0,0,0,0),(300009,'Goro','0','300009',1,1,300009,1,3,11001,0.5,0.5,15,10,215,0,720,0,169,0,0,0,16,0,195001,195001,0,10,0,0,0,0,0,0,0,0),(300010,'FireKing','0','300010',0,1,300010,1,3,11101,0.5,0.5,15,10,205,0,811,0,179,0,0,0,6,0,196001,196001,0,10,0,0,0,0,0,0,0,0),(300011,'Nasha','0','300011',0,1,300011,1,3,11201,0.5,0.5,15,10,210,0,663,0,145,0,0,0,7,0,197001,197001,0,10,0,0,0,0,0,0,0,0),(300012,'Capone','','300012',0,1,300012,1,3,11301,0.5,0.5,15,10,210,0,800,0,145,0,0,0,7,0,198001,198001,0,10,0,0,0,0,0,0,0,0),(300013,'Patty','','300013',0,1,300013,1,3,11401,0.5,0.5,15,10,210,0,745,0,145,0,0,0,7,0,199001,199001,0,10,0,0,0,0,0,0,0,0),(401101,'Beast of the Sands','沙漠异兽','0',0,3,401101,0,0,80101,3,1,30,30,0,0,150000,100,200,0,0,0,0,0,0,0,0,0,61022,4000,0,0,0,0,0,61025),(401102,'Beast of the Sands - Tutorial','沙漠异兽-新手引导','0',0,3,401102,0,0,80101,3,1,30,30,0,0,6000,100,200,0,0,0,0,0,0,0,0,0,61022,4000,0,0,0,0,0,61025),(401201,'Fort Saray I','召唤物-炮塔','0',0,2,0,0,0,70101,0.5,1,9,9,0,0,500,32,100,0,0,0,0,0,201011,201011,0,0,107050,1500,50000,0,900,1,2,107100),(401202,'Fort Saray II','召唤物-炮塔','0',0,2,0,0,0,70101,0.5,1,9,9,0,0,600,38,110,0,0,0,0,0,201011,201011,0,0,107050,1500,50000,0,900,1,2,107100),(401203,'Fort Saray III','召唤物-炮塔','0',0,2,0,0,0,70101,0.5,1,9,9,0,0,700,44,120,0,0,0,0,0,201011,201011,0,0,107050,1500,50000,0,900,1,2,107100),(401204,'Fort Saray IV','召唤物-炮塔','0',0,2,0,0,0,70101,0.5,1,9,9,0,0,800,50,130,0,0,0,0,0,201011,201011,0,0,107050,1500,50000,0,900,1,2,107100),(500000,'Gaia','盖亚只要收了钱，就会百分百完成目标，以此而在佣兵界闻名。','300000',0,1,300000,1,3,10101,0.5,0.5,7,5,206,0,707,0,150,0,0,0,9,0,301311,301311,0,10,0,0,0,0,0,0,0,0),(500001,'Theodor','盖亚只要收了钱，就会百分百完成目标，以此而在佣兵界闻名。','300001',0,1,300001,1,3,10201,0.5,0.5,7,5,200,0,828,0,187,0,0,0,0,0,302411,302411,0,10,0,0,0,0,0,0,0,0),(500002,'Saisi','盖亚只要收了钱，就会百分百完成目标，以此而在佣兵界闻名。','300002',0,1,300002,1,3,10301,0.5,0.5,7,5,240,0,701,0,159,0,0,0,15,0,304311,304311,0,10,0,0,0,0,0,0,0,0),(500003,'Joan','盖亚只要收了钱，就会百分百完成目标，以此而在佣兵界闻名。','300003',0,1,300003,1,3,10401,0.5,0.5,7,5,210,0,691,0,139,0,0,0,27,0,193411,193411,0,10,0,0,0,0,0,0,0,0),(500004,'Fox','0','300004',0,1,300004,1,3,10501,0.5,0.5,7,5,212,0,661,0,134,0,0,0,16,0,193311,194311,0,10,0,0,0,0,0,0,0,0),(500005,'Li Long','0','300005',0,1,300005,1,3,10601,0.5,0.5,7,5,226,0,694,0,164,0,0,0,9,0,192111,193411,0,10,0,0,0,0,0,0,0,0),(500006,'Catherine','盖亚只要收了钱，就会百分百完成目标，以此而在佣兵界闻名。','300006',0,1,300006,1,3,10701,0.5,0.5,7,5,208,0,665,0,140,0,0,0,43,0,191111,191111,0,10,0,0,0,0,0,0,0,0),(500007,'Logan','0','300007',0,1,300007,1,3,10801,0.5,0.5,7,5,204,0,760,0,184,0,0,0,17,0,194411,191111,0,10,0,0,0,0,0,0,0,0),(500008,'Amir','0','300008',0,1,300008,1,3,10901,0.5,0.5,7,5,211,0,735,0,158,0,0,0,14,0,192311,191111,0,10,0,0,0,0,0,0,0,0),(500009,'Goro','0','300009',1,1,300009,1,3,11001,0.5,0.5,7,5,215,0,720,0,169,0,0,0,16,0,195001,195001,0,10,0,0,0,0,0,0,0,0),(500010,'FireKing','0','300010',0,1,300010,1,3,11101,0.5,0.5,7,5,205,0,811,0,179,0,0,0,6,0,196001,196001,0,10,0,0,0,0,0,0,0,0),(500011,'Nasha','0','300011',0,1,300011,1,3,11201,0.5,0.5,7,5,210,0,663,0,145,0,0,0,7,0,197001,197001,0,10,0,0,0,0,0,0,0,0),(500012,'Capone','','300012',0,1,300012,1,3,11301,0.5,0.5,7,5,210,0,800,0,145,0,0,0,7,0,198001,198001,0,10,0,0,0,0,0,0,0,0),(500013,'Patty','','300013',0,1,300013,1,3,11401,0.5,0.5,7,5,210,0,745,0,145,0,0,0,7,0,199001,199001,0,10,0,0,0,0,0,0,0,0);
/*!40000 ALTER TABLE `npc_hero` ENABLE KEYS */;
UNLOCK TABLES;

--
-- Table structure for table `npc_hero_skin`
--

DROP TABLE IF EXISTS `npc_hero_skin`;
/*!40101 SET @saved_cs_client     = @@character_set_client */;
/*!40101 SET character_set_client = utf8 */;
CREATE TABLE `npc_hero_skin` (
  `id` int(10) NOT NULL DEFAULT '0' COMMENT '唯一ID',
  `npc_hero_id` int(10) NOT NULL DEFAULT '0' COMMENT '对应到npc_hero表',
  `skin_id` int(10) NOT NULL DEFAULT '0' COMMENT '对应skin表的主ID。',
  `name` varchar(128) NOT NULL DEFAULT '0' COMMENT '名字',
  `shape_id` int(10) NOT NULL DEFAULT '0' COMMENT '外观ID（索引到prefab_shape表(外观表)的ID',
  `brush_performance` int(10) NOT NULL DEFAULT '0' COMMENT '刷出表现',
  `die_performance` int(10) NOT NULL DEFAULT '0' COMMENT '死亡表现',
  `gun_effect_id` int(10) NOT NULL DEFAULT '0' COMMENT '武器外观',
  `skin_icon` int(10) NOT NULL DEFAULT '0' COMMENT '皮肤icon头像',
  PRIMARY KEY (`id`)
) ENGINE=InnoDB DEFAULT CHARSET=utf8 COMMENT='[logic server no use]';
/*!40101 SET character_set_client = @saved_cs_client */;

--
-- Dumping data for table `npc_hero_skin`
--

LOCK TABLES `npc_hero_skin` WRITE;
/*!40000 ALTER TABLE `npc_hero_skin` DISABLE KEYS */;
INSERT INTO `npc_hero_skin` VALUES (10101,300000,0,'盖亚',10101,0,0,10011,310001),(10102,500000,0,'盖亚',10101,0,0,10011,310001),(10201,300001,0,'西奥多',10201,0,0,10021,310101),(10202,500001,0,'西奥多',10201,0,0,10021,310101),(10301,300002,0,'塞西',10301,0,0,10031,310201),(10302,500002,0,'塞西',10301,0,0,10031,310201),(10401,300003,0,'琼恩',10401,0,0,10041,310301),(10402,500003,0,'琼恩',10401,0,0,10041,310301),(10501,300004,0,'莉莉',10501,0,0,10051,310401),(10502,500004,0,'莉莉',10501,0,0,10051,310401),(10601,300005,0,'李龙',10601,0,0,10061,310501),(10602,500005,0,'李龙',10601,0,0,10061,310501),(10701,300006,0,'凯瑟琳',10701,0,0,10071,310601),(10702,500006,0,'凯瑟琳',10701,0,0,10071,310601),(10801,300007,0,'比尔',10801,0,0,10081,310701),(10802,500007,0,'比尔',10801,0,0,10081,310701),(10901,300008,0,'埃米尔',10901,0,0,10091,310801),(10902,500008,0,'埃米尔',10901,0,0,10091,310801),(11001,300009,0,'迪亚比',11001,0,0,10101,310901),(11002,500009,0,'迪亚比',11001,0,0,10101,310901),(11101,300010,0,'火王',11101,0,0,10111,311001),(11102,500010,0,'火王',11101,0,0,10111,311001),(11201,300011,0,'娜莎',11201,0,0,10121,311101),(11202,500011,0,'娜莎',11201,0,0,10121,311101),(11301,300012,0,'卡彭',11301,0,0,10131,311201),(11302,500012,0,'卡彭',11301,0,0,10131,311201),(11401,300013,0,'帕蒂',11401,0,0,10141,311301),(11402,500013,0,'帕蒂',11401,0,0,10141,311301),(20101,401101,0,'沙漠异兽',80101,61022,61025,0,0),(20102,401102,0,'沙漠异兽-新手引导',80101,61022,61025,0,0),(30101,401201,0,'萝莉炮塔',70101,107050,107100,30002,0),(30102,401201,310602,'萝莉炮塔皮肤1',70102,107051,107101,30003,0),(30103,401202,0,'萝莉炮塔',70101,107050,107100,30002,0),(30104,401202,310602,'萝莉炮塔皮肤1',70102,107051,107101,30003,0),(30105,401203,0,'萝莉炮塔',70101,107050,107100,30002,0),(30106,401203,310602,'萝莉炮塔皮肤1',70102,107051,107101,30003,0),(30107,401204,0,'萝莉炮塔',70101,107050,107100,30002,0),(30108,401204,310602,'萝莉炮塔皮肤1',70102,107051,107101,30003,0);
/*!40000 ALTER TABLE `npc_hero_skin` ENABLE KEYS */;
UNLOCK TABLES;

--
-- Table structure for table `npc_name`
--

DROP TABLE IF EXISTS `npc_name`;
/*!40101 SET @saved_cs_client     = @@character_set_client */;
/*!40101 SET character_set_client = utf8 */;
CREATE TABLE `npc_name` (
  `id` int(10) unsigned NOT NULL AUTO_INCREMENT COMMENT '编号',
  `firstname` varchar(10) DEFAULT NULL COMMENT '名字1',
  `lastname` varchar(10) DEFAULT NULL COMMENT '名字2',
  PRIMARY KEY (`id`)
) ENGINE=InnoDB AUTO_INCREMENT=1957 DEFAULT CHARSET=utf8 COMMENT='[local no use]';
/*!40101 SET character_set_client = @saved_cs_client */;

--
-- Dumping data for table `npc_name`
--

LOCK TABLES `npc_name` WRITE;
/*!40000 ALTER TABLE `npc_name` DISABLE KEYS */;
INSERT INTO `npc_name` VALUES (1,'♛','Greld'),(2,'一','Dwilidda'),(3,'丨','Edalewyr'),(4,'卍','Tanna'),(5,'இஜஒ','Kyron'),(6,'✘','Kaeillan'),(7,'乀','Cilinidd'),(8,'丨༻','Uner'),(9,'⃢⃢','Acalemas'),(10,'丶','Haeclya'),(11,'ℳ','Qoth'),(12,'★','Rendanna'),(13,'༺☬','Diawyr'),(14,'♥♥♥','Ybaotha'),(15,'☬༻','Mirywiel'),(16,'◤','Nydiekin'),(17,'く','Zalisien'),(18,'↻','Pohawyr'),(19,'『','Legilith'),(20,'꧂','Dwigosa'),(21,'～','Chotha'),(22,'の','Kaiang'),(23,'♚','Edoekath'),(24,'♂','Deabeth'),(25,'ஜஒஐ','Draut'),(26,'☯☯','Ereasa'),(27,'✎ℳ','Asigojar'),(28,'☞','Ulymas'),(29,'*#','Gliliwen'),(30,'?⚡?','Komader'),(31,'【','Uloveth'),(32,'×','Ibomach'),(33,'☆','Draor'),(34,'♤','Herissa'),(35,'❄','Bov'),(36,'❇','Haaubaen'),(37,'$','Oneinna'),(38,'~','Edirend'),(39,'〆','Gloadia'),(40,'】','Coat'),(41,'❦','Adwirani'),(42,'♥♥','Olorid'),(43,'♥','Adayde'),(44,'Alietha','Arietlan'),(45,'Hirewien','Welader'),(46,'Oloann','Zilatram'),(47,'Geaswen','Eliawyn'),(48,'Ybaedric','Graedia'),(49,'Thithiel','Agriras'),(50,'Yigos','Traymma'),(51,'Tarerwen','Lyrin'),(52,'Byric','Ybilimos'),(53,'Eluven','Qarev'),(54,'Oceig','Etaennon'),(55,'Hymond','Veriweth'),(56,'Welitha','Prorewen'),(57,'Aforewyn','Gwiewyr'),(58,'Lothiraa','Qasa'),(59,'Rhaywen','Wid'),(60,'Legietha','Zylind'),(61,'Abelavia','Hardong'),(62,'Unigowin','Caotrem'),(63,'Wiciev','Thiavia'),(64,'Zeladda','Praesh'),(65,'Jeraewyr','Rhen'),(66,'Alelade','Dweliwin'),(67,'Brorekon','Pelin'),(68,'Mirigoc','Dendared'),(69,'Erohad','Daremma'),(70,'Raejar','Aromawyn'),(71,'Alaeric','Seweth'),(72,'Ziradric','Tralidan'),(73,'Legiewan','Pridda'),(74,'Theili','Caojar'),(75,'Galialle','Gaerd'),(76,'Weilian','Ibigonia'),(77,'Tiligan','Adoel'),(78,'Dwohajar','Oniaria'),(79,'Kacien','Ibaregan'),(80,'Galedrig','Unaowiel'),(81,'Firen','Tomahar'),(82,'Larelic','Jeraocia'),(83,'Sevaemas','Froharic'),(84,'Graubeth','Etin'),(85,'Afeamar','Unoidith'),(86,'Ciralia','Adelitha'),(87,'Aeraniel','Salith'),(88,'Adwilia','Chaowyr'),(89,'Ibyndra','Unoired'),(90,'Nydiard','Agreclya'),(91,'Wicysa','Frewin'),(92,'Woedan','Thendaf'),(93,'Haowia','Cheradda'),(94,'Jerakath','Ocomawyn'),(95,'Paoswen','Ulaesien'),(96,'Asigold','Ibuwyn'),(97,'Bilidda','Miswen'),(98,'Thonnor','Acerimas'),(99,'Breide','Tema'),(100,'Nelama','Draleli'),(101,'Wicaujan','Gwalissa'),(102,'Tardoria','Agraurin'),(103,'Laund','Erauwan'),(104,'Jeraeri','Zoiclya'),(105,'Velik','Wigoch'),(106,'Qeni','Adwevudd'),(107,'Rhaong','Glaosien'),(108,'Dryr','Tralitha'),(109,'Frigojar','Thohash'),(110,'Grorewan','Piamwen'),(111,'Kedaeth','Gelird'),(112,'Ulaukor','Onogan'),(113,'Onakin','Rhalian'),(114,'Thaetrem','Afomach'),(115,'Yicien','Pilibeth'),(116,'Firawyr','Qoathiel'),(117,'Croreni','Vilith'),(118,'Thaoseth','Arelat'),(119,'Rhorenna','Thaylind'),(120,'Fayni','Cadoerd'),(121,'Ulaesh','Erasien'),(122,'Ethodien','Fryred'),(123,'Nasean','Prirama'),(124,'Doewen','Thauld'),(125,'Rhub','Olaledia'),(126,'Nydong','Wilikith'),(127,'Kaeld','Eowucien'),(128,'Brealian','Graewyr'),(129,'Filik','Miclya'),(130,'Onelalia','Cohash'),(131,'Adareld','Sendadia'),(132,'Galerien','Astykoth'),(133,'Yerrali','Croide'),(134,'Fryth','Nugord'),(135,'Framma','Unig'),(136,'Yedriwyn','Tilisa'),(137,'Sevisa','Eowukith'),(138,'Qeili','Adeisa'),(139,'Glicia','Girekith'),(140,'Wicaer','Wicudia'),(141,'Prauwen','Onelawen'),(142,'Prish','Chub'),(143,'Kussa','Grerwen'),(144,'Drumas','Ulalic'),(145,'Aboabeth','Agrameth'),(146,'Calewia','Thigond'),(147,'Joenyth','Diremeth'),(148,'Afayjar','Feawyth'),(149,'Kaendath','Arorewyn'),(150,'Froamas','Kalille'),(151,'Lareissa','Falegord'),(152,'Eowykor','Lilimma'),(153,'Aoann','Yberiw'),(154,'Abilini','Abendan'),(155,'Kalif','Aardolin'),(156,'Welacia','Ybiwiel'),(157,'Thayred','Dardof'),(158,'Brewia','Edylind'),(159,'Galed','Jeamos'),(160,'Haeille','Ereiwien'),(161,'Etheith','Arut'),(162,'Dwavia','Virewen'),(163,'Jihan','Cigokith'),(164,'Yewien','Kaaemma'),(165,'Tywyn','Moiw'),(166,'Cadysa','Vearwen'),(167,'Lothaoma','Lothuria'),(168,'Thinad','Mireid'),(169,'Bilican','Eloedien'),(170,'Asirawen','Garith'),(171,'Yac','Helakin'),(172,'Acilalla','Tarien'),(173,'Unerarid','Yelid'),(174,'Araotram','Asalicia'),(175,'Frareli','Abynia'),(176,'Nealia','Oloicia'),(177,'Craecan','Fomad'),(178,'Jirajan','Briadien'),(179,'Onaebwyn','Afejar'),(180,'Naeviel','Kedudien'),(181,'Guwyn','Adwaloth'),(182,'Theladia','Astoenna'),(183,'Yoeveth','Ibaoc'),(184,'Crirajan','Umiliron'),(185,'Qeinna','Gwilissi'),(186,'Zaulith','Drilidus'),(187,'Rhomacan','Balisien'),(188,'Olaewen','Afias'),(189,'Qelagord','Edian'),(190,'Cirared','Aelatrem'),(191,'Lyvudd','Satram'),(192,'Jiredric','Astaron'),(193,'Nyderani','Aoawen'),(194,'Fured','Kedaedda'),(195,'Ereravia','Caedith'),(196,'Thelanad','Edigol'),(197,'Trukoth','Wield'),(198,'Acisa','Cridien'),(199,'Ybub','Gwoikor'),(200,'Etamwen','Drimwen'),(201,'Bauldan','Airebard'),(202,'Edidda','Qendawen'),(203,'Drulla','Airan'),(204,'Elaegord','Cragan'),(205,'Thiralle','Ediclya'),(206,'Aerinnor','Noerin'),(207,'Gidien','Tharessi'),(208,'Aoesh','Wicores'),(209,'Eterini','Gweitha'),(210,'Ocaonidd','Ocievia'),(211,'Doinia','Cauhar'),(212,'Moimond','Adrendab'),(213,'Rirawien','Eligon'),(214,'Troegord','Nirabwyn'),(215,'Braycia','Drigovia'),(216,'Rhomarin','Galalend'),(217,'Cralema','Qieveth'),(218,'Ethabwyn','Qiliv'),(219,'Unelaw','Elalle'),(220,'Reikoth','Dywyn'),(221,'Herralle','Agraen'),(222,'Choviel','Myli'),(223,'Qaleb','Aliniel'),(224,'Trijar','Chiredus'),(225,'Etiaclya','Acymma'),(226,'Droreri','Miriad'),(227,'Nydaweth','Greatram'),(228,'Trenwan','Groani'),(229,'Crusa','Alaoloth'),(230,'Nydaynad','Erelassi'),(231,'Nydonna','Frilaron'),(232,'Ethilil','Qeliwiel'),(233,'Koemas','Zigodan'),(234,'Acelac','Kediawia'),(235,'Groredia','Peiswen'),(236,'Ethuwyr','Nemwen'),(237,'Ediessi','Fohanydd'),(238,'Crirak','Laroassi'),(239,'Hardowen','Lohalith'),(240,'Somawan','Adamma'),(241,'Chaeveth','Eraonnon'),(242,'Ethabaen','Prycia'),(243,'Labeth','Unauwyth'),(244,'Groniel','Aevia'),(245,'Eowalili','Adraomar'),(246,'Nydoasa','Onoindra'),(247,'Yiad','Braen'),(248,'Trilawyr','Agriedia'),(249,'Zirerith','Qoebard'),(250,'Etalinn','Jerawia'),(251,'Qeralle','Thicien'),(252,'Galeind','Qardonad'),(253,'Draydien','Afeveth'),(254,'Acigohan','Yoemos'),(255,'Qadia','Lirawia'),(256,'Fraekath','Galiw'),(257,'Elallan','Ybaujar'),(258,'Abeasean','Lareiwen'),(259,'Velaven','Oloseth'),(260,'Astoreb','Oceandra'),(261,'Wicayn','Waua'),(262,'Laudric','Biredith'),(263,'Hiarith','Hairas'),(264,'Droiw','Ethamma'),(265,'Hieven','Onubard'),(266,'Oloea','Thiwyth'),(267,'Adoarien','Moedda'),(268,'Groehan','Raejan'),(269,'Cirarwen','Carede'),(270,'Kilader','Unohatha'),(271,'Ocaeseth','Zaewia'),(272,'Vijan','Beinn'),(273,'Piliri','Asaemeth'),(274,'Sevevia','Crussi'),(275,'Sevayri','Wardod'),(276,'Jogord','Bardolia'),(277,'Etheaven','Ethaukon'),(278,'Edihar','Mayrin'),(279,'Preawien','Sevelang'),(280,'Etianad','Sirac'),(281,'Trirawia','Keandra'),(282,'Aiewin','Chiram'),(283,'Treri','Varetlan'),(284,'Aelab','Ereaniel'),(285,'Pydda','Kann'),(286,'Mirol','Browien'),(287,'Sauniel','Gwyv'),(288,'Legyrien','Ethissi'),(289,'Pomad','Chaumos'),(290,'Adoari','Edarelia'),(291,'Kaerin','Cadiwiel'),(292,'Dilia','Froanad'),(293,'Cadoidia','Acaerien'),(294,'Galeraa','Dreajan'),(295,'Asolind','Aemwen'),(296,'Nerrari','Chip'),(297,'Ariloth','Eoweidia'),(298,'Seadia','Korek'),(299,'Bardom','Saswen'),(300,'Morewiel','Adwaef'),(301,'Herac','Yoiwyn'),(302,'Aroewen','Rigorwen'),(303,'Olaet','Rheliri'),(304,'Thilisa','Yivia'),(305,'Eowerrab','Elilissa'),(306,'Umeven','Gwired'),(307,'Rheamos','Onulle'),(308,'Astudien','Eleiweth'),(309,'Drerind','Onardob'),(310,'Rhaema','Paelia'),(311,'Sebard','Uleridan'),(312,'Porewin','Acerang'),(313,'Goinia','Lelan'),(314,'Malibeth','Mirajar'),(315,'Unauth','Adoalath'),(316,'Gwelidia','Aedrimos'),(317,'Ocelab','Tendakor'),(318,'Firabeth','Zigoveth'),(319,'Kaarewin','Liliveth'),(320,'Agrewen','Vua'),(321,'Pruri','Syred'),(322,'Haelaria','Alorek'),(323,'Kaelakor','Wicoama'),(324,'Geride','Draoder'),(325,'Adwardor','Cadade'),(326,'Ethoanna','Ibeavudd'),(327,'Alomakor','Heiwien'),(328,'Umossa','Gloadus'),(329,'Adilaric','Afywia'),(330,'Aoin','Onigoand'),(331,'Crardori','Sevialla'),(332,'Edocan','Etuwyr'),(333,'Ziladia','Teraric'),(334,'Cial','Dwilawen'),(335,'Yocia','Trolath'),(336,'Etharenn','Afaoclya'),(337,'Kaiwen','Gworelia'),(338,'Kedoviel','Qerinwan'),(339,'Tedririd','Druld'),(340,'Haarewen','Wicoing'),(341,'Broird','Weriron'),(342,'Qigobeth','Gwelith'),(343,'Ethaum','Eraek'),(344,'Cythiel','Aynna'),(345,'Alelan','Acendald'),(346,'Nelalia','Gloessi'),(347,'Jelif','Ybaold'),(348,'Siliwien','Saemwen'),(349,'Haorekin','Breajar'),(350,'Thoeniel','Ibearia'),(351,'Groreth','Erelamas'),(352,'Tilian','Ulayndra'),(353,'Araleric','Agraled'),(354,'Kedoem','Riclya'),(355,'Breraven','Gwardoth'),(356,'Trigomos','Brorem'),(357,'Ocydda','Ceirin'),(358,'Glaa','Caer'),(359,'Ediweth','Taenidd'),(360,'Hiliwyth','Niranidd'),(361,'Kedaveth','Diwen'),(362,'Abimwen','Prulla'),(363,'Greahan','Adohader'),(364,'Bomwen','Pasien'),(365,'Adardonn','Umodon'),(366,'Afaocan','Aferia'),(367,'Cyn','Gwiewan'),(368,'Eowedan','Poalian'),(369,'Legian','Aseaf'),(370,'Caym','Deinidd'),(371,'Jerath','Ocieniel'),(372,'Kedeiwen','Cohatrem'),(373,'Larilird','Aralelle'),(374,'Abaywen','Oceladan'),(375,'Crayld','Gialian'),(376,'Wuron','Elaoli'),(377,'Uleaw','Warien'),(378,'Acelalle','Lorel'),(379,'Adworea','Wililla'),(380,'Wicenia','Crelaand'),(381,'Kelinnon','Erigoria'),(382,'Olavudd','Afomakor'),(383,'Gwaokoth','Adirang'),(384,'Adigoa','Ceriseth'),(385,'Jerewien','Ocarewen'),(386,'Cathiel','Zedric'),(387,'Ceald','Elalef'),(388,'Treaniel','Noad'),(389,'Hoewyth','Adwyssi'),(390,'Legelin','Heaf'),(391,'Moamos','Ybeing'),(392,'Gyde','Ybeaseth'),(393,'Unegord','Cadoedia'),(394,'Brydda','Qoren'),(395,'Adwyhar','Araolith'),(396,'Sevoedia','Curin'),(397,'Afirajar','Ybulith'),(398,'Bron','Afiabard'),(399,'Acerrann','Relawia'),(400,'Cadaowen','Umaudia'),(401,'Eroemas','Acilawan'),(402,'Abardoni','Aselimos'),(403,'Komac','Werramma'),(404,'Lissa','Onalisa'),(405,'Ibautlan','Frirajar'),(406,'Taecia','Norewia'),(407,'Agrohann','Umuloth'),(408,'Jiamond','Jeruni'),(409,'Haandra','Acebwyn'),(410,'Jerawyn','Triamos'),(411,'Galoide','Chayssi'),(412,'Wicayder','Olaesean'),(413,'Thirella','Geiwen'),(414,'Edaomos','Arya'),(415,'Adahar','Yballe'),(416,'Greliwia','Thaliwyn'),(417,'Siajan','Wielian'),(418,'Uloalith','Glirader'),(419,'Gaewyn','Naude'),(420,'Uliemas','Elelamar'),(421,'Qein','Dauric'),(422,'Lothoep','Rhylla'),(423,'Wardossa','Ybaunnon'),(424,'Lendader','Seawien'),(425,'Kerravia','Crith'),(426,'Uniadric','Haigot'),(427,'Afiraven','Gleania');
/*!40000 ALTER TABLE `npc_name` ENABLE KEYS */;
UNLOCK TABLES;

--
-- Table structure for table `npc_weapons`
--

DROP TABLE IF EXISTS `npc_weapons`;
/*!40101 SET @saved_cs_client     = @@character_set_client */;
/*!40101 SET character_set_client = utf8 */;
CREATE TABLE `npc_weapons` (
  `id` int(10) NOT NULL DEFAULT '0' COMMENT '枪械/部件id',
  `name` varchar(50) NOT NULL DEFAULT '0' COMMENT '枪械名',
  `img_id` int(10) NOT NULL DEFAULT '0' COMMENT '图片id该ID同时作为是否同把枪械的判断条件。有特殊同图片枪械，需要新增id记录。',
  `gun_effect_id` int(10) NOT NULL DEFAULT '0' COMMENT '枪械3d模型ID',
  `type` int(10) NOT NULL DEFAULT '0' COMMENT '类型1:步枪2:机枪3：狙击4：散弹',
  `dam` float NOT NULL DEFAULT '0' COMMENT '伤害',
  `pass_dam` float NOT NULL DEFAULT '0' COMMENT '穿透',
  `crit` float NOT NULL DEFAULT '0' COMMENT '暴击',
  `fire_spd` float NOT NULL DEFAULT '0' COMMENT '射速',
  `box_magazine` float NOT NULL DEFAULT '0' COMMENT '弹匣',
  `accu` float NOT NULL DEFAULT '0' COMMENT '精准',
  `recoil` float NOT NULL DEFAULT '0' COMMENT '稳定性',
  `range` float NOT NULL DEFAULT '0' COMMENT '射程',
  `reload` float NOT NULL DEFAULT '0' COMMENT '填弹',
  `weight` float NOT NULL DEFAULT '0' COMMENT '重量',
  `armor_pass` float NOT NULL COMMENT '护甲穿透',
  `ai_hit_rate` int(11) NOT NULL DEFAULT '100' COMMENT 'ai命中百分比',
  `blast_range` float NOT NULL DEFAULT '0' COMMENT '该枪械的爆炸范围，是指弹道打中或者结束时，是否会产生一个对周围爆炸的受击范围',
  `blast_param` float NOT NULL DEFAULT '0' COMMENT '爆炸判定参数',
  PRIMARY KEY (`id`)
) ENGINE=InnoDB DEFAULT CHARSET=utf8 COMMENT='[logic server no use] ';
/*!40101 SET character_set_client = @saved_cs_client */;

--
-- Dumping data for table `npc_weapons`
--

LOCK TABLES `npc_weapons` WRITE;
/*!40000 ALTER TABLE `npc_weapons` DISABLE KEYS */;
INSERT INTO `npc_weapons` VALUES (191111,'MP5',111010,10071,1,54,22,6,72,25,67,86,8.5,1.99,0,22,90,0,0),(191211,'TAR-21',112010,20001,1,74,14,5,70,32,77,61,8.4,2.09,0,14,90,0,0),(191221,'F2000',112020,20002,1,71,8,4.6,76,30,81,58,8.6,2.06,0,8,90,0,0),(191311,'AK47',113010,10011,1,86,32,5,42,30,75,32,9.4,2,0,32,90,0,0),(191321,'M4A1',113020,20003,1,74,10,5,72,30,80,55,9.6,2.01,0,10,90,0,0),(191331,'ACR',113030,20004,1,79,18,4.6,68,30,79,44,9.4,1.8,0,18,90,0,0),(191341,'AUG',113040,20005,1,79,10,4.6,66,32,78,64,9.4,2.31,0,10,90,0,0),(191411,'SCAR-S',114010,20006,1,83,25,5,54,20,81,68,10.4,2.2,0,25,90,0,0),(192111,'M60',121010,10061,2,58,20,12,60,60,58,55,8.2,3.5,0,20,90,0,0),(192211,'RPD',122010,20007,2,67,14,3.8,68,60,65,24,8.6,3.96,0,14,90,0,0),(192311,'M249',123010,10091,2,57,25,5,62,60,66,42,10.5,3.9,0,25,90,0,0),(192411,'加特林',124010,10021,2,36,28,5,82,75,50,24,9,4.24,0,28,90,0,0),(193111,'AWM',131010,20008,3,240,20,20.6,10,10,100,0,22,3.2,0,20,90,0,0),(193211,'SVD',132010,20009,3,168,18,21.1,25,10,100,0,20,3.08,0,18,90,0,0),(193311,'PSG-1',133010,10051,3,140,30,23,15,15,100,100,16,2.67,0,30,100,0,0),(193411,'巴雷特M82A1',134010,10041,3,189,40,30,10,10,100,100,16.4,3.64,0,40,100,0,0),(194111,'M1014',141010,20010,4,144,62,23.8,33,7,4,0,7.5,2.1,0,62,90,0,0),(194211,'打击者',142010,20011,4,163,60.8,32.1,22,12,16,0,7.2,2.24,0,60.8,90,0,0),(194311,'雷明顿M870',143010,10031,4,127,35,20,16,7,10,100,6.2,2.64,0,35,100,0,0),(194321,'气锤',143020,20012,4,173,61.6,26.2,30,10,8,0,7.7,2.48,0,61.6,90,0,0),(194411,'AA12',144010,10081,4,66,36,14,32,20,25,100,6.5,2,0,36,100,0,0),(195001,'银之回响',151010,10101,1,31,28,25,90,24,80,80,7.5,1.76,0,28,90,0,0),(196001,'毁灭之焰',161010,10111,5,37,0,0,96,100,40,100,6.1,8,0,0,90,0,0),(197001,'电磁弩P-0',171010,10121,6,91,28,23,25,18,90,90,17,2.3,0,28,100,0,0),(198001,'电磁枪',181010,10131,7,35,34,13,100,10,1,100,5.5,1.5,0,0,90,0,0),(199001,'榴弹枪',191010,10141,8,193,25,15,13,8,10,100,6,3,0,35,90,3,0.7),(201011,'炮塔空武器',0,30002,2,36,50,0,50,9999,70,70,8,0,0,50,90,0,0),(301311,'AK47',113010,10011,1,72,32,5,42,30,75,32,9.4,2,0,32,70,0,0),(302411,'加特林',124010,10021,2,30,28,5,82,75,50,24,9,4.24,0,28,70,0,0),(304311,'雷明顿M870',143010,10031,4,120,35,20,16,7,10,100,6.2,2.64,0,35,100,0,0);
/*!40000 ALTER TABLE `npc_weapons` ENABLE KEYS */;
UNLOCK TABLES;

--
-- Table structure for table `online_box`
--

DROP TABLE IF EXISTS `online_box`;
/*!40101 SET @saved_cs_client     = @@character_set_client */;
/*!40101 SET character_set_client = utf8 */;
CREATE TABLE `online_box` (
  `require_time` int(11) NOT NULL DEFAULT '0' COMMENT '领取奖励所需在线时长（当天可累计）',
  `condition_intro` varchar(100) NOT NULL COMMENT '[Language]领取条件说明',
  `box_id` int(10) NOT NULL DEFAULT '0' COMMENT '对应奖励宝箱的ID',
  `box_amount` int(10) NOT NULL DEFAULT '0' COMMENT '对应奖励宝箱的数量',
  `online_type` int(10) NOT NULL COMMENT '时长类型(1=在线时长, 2=战斗时长)',
  PRIMARY KEY (`require_time`,`online_type`)
) ENGINE=InnoDB DEFAULT CHARSET=utf8;
/*!40101 SET character_set_client = @saved_cs_client */;

--
-- Dumping data for table `online_box`
--

LOCK TABLES `online_box` WRITE;
/*!40000 ALTER TABLE `online_box` DISABLE KEYS */;
INSERT INTO `online_box` VALUES (300,'Combat for 5 mins',485001,1,2),(600,'Combat for 10 mins',485002,1,2),(900,'Combat for 15 mins',485003,1,2),(1800,'Combat for 30 mins',485004,1,2),(3600,'Combat for 1 hour',485005,1,2),(7200,'Combat for 2 hours',485006,1,2);
/*!40000 ALTER TABLE `online_box` ENABLE KEYS */;
UNLOCK TABLES;

--
-- Table structure for table `part_attr`
--

DROP TABLE IF EXISTS `part_attr`;
/*!40101 SET @saved_cs_client     = @@character_set_client */;
/*!40101 SET character_set_client = utf8 */;
CREATE TABLE `part_attr` (
  `id` int(11) NOT NULL COMMENT 'item的effectid',
  `intro` varchar(100) NOT NULL COMMENT '[Language]描述',
  `dam_type` int(11) NOT NULL COMMENT '决定这个值是百分数还是整数',
  `dam` float NOT NULL COMMENT '伤害',
  `pass_dam_type` int(11) NOT NULL,
  `pass_dam` float NOT NULL COMMENT '穿透',
  `crit_type` int(11) NOT NULL,
  `crit` float NOT NULL COMMENT '暴击',
  `fire_spd_type` int(11) NOT NULL,
  `fire_spd` float NOT NULL COMMENT '射速',
  `box_magazine_type` int(11) NOT NULL COMMENT '弹夹',
  `box_magazine` float NOT NULL,
  `range_type` int(11) NOT NULL,
  `range` float NOT NULL COMMENT '射程',
  `reload_type` int(11) NOT NULL,
  `reload` float NOT NULL COMMENT '填弹',
  `spd_type` int(11) NOT NULL,
  `spd` float NOT NULL COMMENT '移动速度',
  `hp_type` int(11) NOT NULL,
  `hp` float NOT NULL COMMENT '生命',
  `def_type` int(11) NOT NULL,
  `def` float NOT NULL COMMENT '防御',
  `inte_type` int(11) NOT NULL,
  `inte` float NOT NULL COMMENT '道具强度',
  `armor_pass_type` int(11) NOT NULL COMMENT '同上',
  `armor_pass` float NOT NULL COMMENT '护甲穿透',
  PRIMARY KEY (`id`)
) ENGINE=InnoDB DEFAULT CHARSET=utf8;
/*!40101 SET character_set_client = @saved_cs_client */;

--
-- Dumping data for table `part_attr`
--

LOCK TABLES `part_attr` WRITE;
/*!40000 ALTER TABLE `part_attr` DISABLE KEYS */;
INSERT INTO `part_attr` VALUES (771101,'Damage +0.4%',1,0.4,0,0,0,0,1,0,0,0,1,0,0,0,0,0,0,0,0,0,0,0,0,0),(771102,'Crit +0.4',1,0,0,0,0,0.4,1,0,0,0,1,0,0,0,0,0,0,0,0,0,0,0,0,0),(771103,'Fire Rate +0.47%',1,0,0,0,0,0,1,0.47,0,0,1,0,0,0,0,0,0,0,0,0,0,0,0,0),(771104,'Pierce +1.0',1,0,0,0,0,0,1,0,0,0,1,0,0,0,0,0,0,0,0,0,0,0,0,1),(771201,'Armor +1.4',1,0,0,0,0,0,1,0,0,0,1,0,0,0,0,0,0,0,0,1.4,0,0,0,0),(771202,'HP +3.1',1,0,0,0,0,0,1,0,0,0,1,0,0,0,0,0,0,3.1,0,0,0,0,0,0),(771203,'Range +0.45%',1,0,0,0,0,0,1,0,0,0,1,0.45,0,0,0,0,0,0,0,0,0,0,0,0),(771204,'Item STR +0.5',1,0,0,0,0,0,1,0,0,0,1,0,0,0,0,0,0,0,0,0,0,0.5,0,0),(771301,'Speed +0.4',1,0,0,0,0,0,1,0,0,0,1,0,0,0,0,0.4,0,0,0,0,0,0,0,0),(771302,'Speed +0.2, HP +1.6',1,0,0,0,0,0,1,0,0,0,1,0,0,0,0,0.2,0,1.6,0,0,0,0,0,0),(771303,'Magazine +0.2, HP +1.8',1,0,0,0,0,0,1,0,0,0.2,1,0,0,0,0,0,0,1.8,0,0,0,0,0,0),(771304,'Reload Time -0.01',1,0,0,0,0,0,1,0,0,0,1,0,0,-0.01,0,0,0,0,0,0,0,0,0,0),(772101,'Damage +0.54%',1,0.54,0,0,0,0,1,0,0,0,1,0,0,0,0,0,0,0,0,0,0,0,0,0),(772102,'Crit +0.6',1,0,0,0,0,0.6,1,0,0,0,1,0,0,0,0,0,0,0,0,0,0,0,0,0),(772103,'Crit +0.5, Fire Rate +0.12%',1,0,0,0,0,0.5,1,0.12,0,0,1,0,0,0,0,0,0,0,0,0,0,0,0,0),(772104,'Fire Rate +0.63%',1,0,0,0,0,0,1,0.63,0,0,1,0,0,0,0,0,0,0,0,0,0,0,0,0),(772105,'Pierce +1.0, Damage +0.18%',1,0.18,0,0,0,0,1,0,0,0,1,0,0,0,0,0,0,0,0,0,0,0,0,1),(772201,'Armor +1.9',1,0,0,0,0,0,1,0,0,0,1,0,0,0,0,0,0,0,0,1.9,0,0,0,0),(772202,'HP +4.2',1,0,0,0,0,0,1,0,0,0,1,0,0,0,0,0,0,4.2,0,0,0,0,0,0),(772203,'HP +2.8, Damage +0.18%',1,0.18,0,0,0,0,1,0,0,0,1,0,0,0,0,0,0,2.8,0,0,0,0,0,0),(772204,'Range +0.6%',1,0,0,0,0,0,1,0,0,0,1,0.6,0,0,0,0,0,0,0,0,0,0,0,0),(772205,'Item STR +0.7',1,0,0,0,0,0,1,0,0,0,1,0,0,0,0,0,0,0,0,0,0,0.7,0,0),(772301,'Speed +0.6',1,0,0,0,0,0,1,0,0,0,1,0,0,0,0,0.6,0,0,0,0,0,0,0,0),(772302,'Speed +0.4, Crit +0.2',1,0,0,0,0,0.2,1,0,0,0,1,0,0,0,0,0.4,0,0,0,0,0,0,0,0),(772303,'Magazine +0.3, Armor +0.8',1,0,0,0,0,0,1,0,0,0.3,1,0,0,0,0,0,0,0,0,0.8,0,0,0,0),(772304,'Magazine +0.2, HP +3',1,0,0,0,0,0,1,0,0,0.2,1,0,0,0,0,0,0,3,0,0,0,0,0,0),(772305,'Reload Time -0.02',1,0,0,0,0,0,1,0,0,0,1,0,0,-0.02,0,0,0,0,0,0,0,0,0,0),(773101,'Damage +0.78%',1,0.78,0,0,0,0,1,0,0,0,1,0,0,0,0,0,0,0,0,0,0,0,0,0),(773103,'Crit +0.8',1,0,0,0,0,0.8,1,0,0,0,1,0,0,0,0,0,0,0,0,0,0,0,0,0),(773104,'Fire Rate +0.9%',1,0,0,0,0,0,1,0.9,0,0,1,0,0,0,0,0,0,0,0,0,0,0,0,0),(773105,'Fire Rate +0.6%, Damage +0.26%',1,0.26,0,0,0,0,1,0.6,0,0,1,0,0,0,0,0,0,0,0,0,0,0,0,0),(773106,'Pierce +2.2',1,0,0,0,0,0,1,0,0,0,1,0,0,0,0,0,0,0,0,0,0,0,0,2.2),(773201,'Item STR +0.5, Armor +1.4',1,0,0,0,0,0,1,0,0,0,1,0,0,0,0,0,0,0,0,1.4,0,0.5,0,0),(773203,'HP +6.1',1,0,0,0,0,0,1,0,0,0,1,0,0,0,0,0,0,6.1,0,0,0,0,0,0),(773204,'Armor +2.7',1,0,0,0,0,0,1,0,0,0,1,0,0,0,0,0,0,0,0,2.7,0,0,0,0),(773205,'Item STR +1',1,0,0,0,0,0,1,0,0,0,1,0,0,0,0,0,0,0,0,0,0,1,0,0),(773206,'Range +0.88%',1,0,0,0,0,0,1,0,0,0,1,0.88,0,0,0,0,0,0,0,0,0,0,0,0),(773301,'Speed +0.9',1,0,0,0,0,0,1,0,0,0,1,0,0,0,0,0.9,0,0,0,0,0,0,0,0),(773302,'Speed +0.5, Fire Rate +0.4%',1,0,0,0,0,0,1,0.4,0,0,1,0,0,0,0,0.5,0,0,0,0,0,0,0,0),(773303,'Speed +0.4, Item STR +0.6',1,0,0,0,0,0,1,0,0,0,1,0,0,0,0,0.4,0,0,0,0,0,0.6,0,0),(773304,'Magazine +0.4, Armor +1.6',1,0,0,0,0,0,1,0,0,0.4,1,0,0,0,0,0,0,0,0,1.6,0,0,0,0),(773306,'Reload Time -0.03',1,0,0,0,0,0,1,0,0,0,1,0,0,-0.03,0,0,0,0,0,0,0,0,0,0),(774101,'Damage +1.2%',1,1.2,0,0,0,0,1,0,0,0,1,0,0,0,0,0,0,0,0,0,0,0,0,0),(774102,'Damage +0.6%, Crit +0.3, Item STR +0.4',1,0.6,0,0,0,0.3,1,0,0,0,1,0,0,0,0,0,0,0,0,0,0,0.4,0,0),(774103,'Crit +1.2',1,0,0,0,0,1.2,1,0,0,0,1,0,0,0,0,0,0,0,0,0,0,0,0,0),(774105,'Fire Rate +1.4%',1,0,0,0,0,0,1,1.4,0,0,1,0,0,0,0,0,0,0,0,0,0,0,0,0),(774106,'Fire Rate +0.8%, Damage +0.4%',1,0.4,0,0,0,0,1,0.9,0,0,1,0,0,0,0,0,0,0,0,0,0,0,0,0),(774107,'Pierce +3.3',1,0,0,0,0,0,1,0,0,0,1,0,0,0,0,0,0,0,0,0,0,0,0,3.3),(774201,'Armor +4.2',1,0,0,0,0,0,1,0,0,0,1,0,0,0,0,0,0,0,0,4.2,0,0,0,0),(774202,'Armor +2.1, Item STR +0.8',1,0,0,0,0,0,1,0,0,0,1,0,0,0,0,0,0,0,0,2.1,0,0.8,0,0),(774203,'HP +9.4',1,0,0,0,0,0,1,0,0,0,1,0,0,0,0,0,0,9.4,0,0,0,0,0,0),(774204,'HP +4.7, Range +0.07%',1,0,0,0,0,0,1,0,0,0,1,0.07,0,0,0,0,0,4.7,0,0,0,0,0,0),(774205,'Item STR +1.6',1,0,0,0,0,0,1,0,0,0,1,0,0,0,0,0,0,0,0,0,0,1.6,0,0),(774207,'Range +1.34%',1,0,0,0,0,0,1,0,0,0,1,1.34,0,0,0,0,0,0,0,0,0,0,0,0),(774301,'Speed +1.4',1,0,0,0,0,0,1,0,0,0,1,0,0,0,0,1.4,0,0,0,0,0,0,0,0),(774302,'Speed +0.7, HP +4.7',1,0,0,0,0,0,1,0,0,0,1,0,0,0,0,0.7,0,4.7,0,0,0,0,0,0),(774303,'Speed +0.7, Item STR +0.8',1,0,0,0,0,0,1,0,0,0,1,0,0,0,0,0.7,0,0,0,0,0,0.8,0,0),(774304,'Magazine +0.5, Pierce +2.2',1,0,0,0,0,0,1,0,0,0.5,1,0,0,0,0,0,0,0,0,0,0,0,0,2.2),(774305,'Magazine +0.5, Armor +2.9',1,0,0,0,0,0,1,0,0,0.5,1,0,0,0,0,0,0,0,0,2.9,0,0,0,0),(774307,'Reload Time -0.04, Armor +2.5',1,0,0,0,0,0,1,0,0,0,1,0,0,-0.04,0,0,0,0,0,2.5,0,0,0,0),(775101,'Damage +2%',1,2,0,0,0,0,1,0,0,0,1,0,0,0,0,0,0,0,0,0,0,0,0,0),(775102,'Damage +1.5%, Speed +0.6',1,1.5,0,0,0,0,1,0,0,0,1,0,0,0,0,0.6,0,0,0,0,0,0,0,0),(775103,'Crit +2',1,0,0,0,0,2,1,0,0,0,1,0,0,0,0,0,0,0,0,0,0,0,0,0),(775104,'Crit +1.5, Fire Rate +0.6%',1,0,0,0,0,1.5,1,0.6,0,0,1,0,0,0,0,0,0,0,0,0,0,0,0,0),(775106,'Fire Rate +2.3%',1,0,0,0,0,0,1,2.3,0,0,1,0,0,0,0,0,0,0,0,0,0,0,0,0),(775107,'Fire Rate +1.2%, Damage +1%',1,1,0,0,0,0,1,1.2,0,0,1,0,0,0,0,0,0,0,0,0,0,0,0,0),(775108,'Pierce +5.5',1,0,0,0,0,0,1,0,0,0,1,0,0,0,0,0,0,0,0,0,0,0,0,5.5),(775201,'Armor +6.9',1,0,0,0,0,0,1,0,0,0,1,0,0,0,0,0,0,0,0,6.9,0,0,0,0),(775203,'Armor +3.5, HP +7.7',1,0,0,0,0,0,1,0,0,0,1,0,0,0,0,0,0,7.7,0,3.5,0,0,0,0),(775204,'HP +15.4',1,0,0,0,0,0,1,0,0,0,1,0,0,0,0,0,0,15.4,0,0,0,0,0,0),(775205,'HP +7.7, Item STR +1.3',1,0,0,0,0,0,1,0,0,0,1,0,0,0,0,0,0,7.7,0,0,0,1.3,0,0),(775206,'Range +2.2%',1,0,0,0,0,0,1,0,0,0,1,2.2,0,0,0,0,0,0,0,0,0,0,0,0),(775207,'Item STR +2.6',1,0,0,0,0,0,1,0,0,0,1,0,0,0,0,0,0,0,0,0,0,2.6,0,0),(775208,'Item STR +1.3, Pierce +2.8',1,0,0,0,0,0,1,0,0,0,1,0,0,0,0,0,0,0,0,0,0,1.3,0,2.8),(775301,'Speed +2.4',1,0,0,0,0,0,1,0,0,0,1,0,0,0,0,2.4,0,0,0,0,0,0,0,0),(775302,'Speed +1.8, Crit +0.5',1,0,0,0,0,0.5,1,0,0,0,1,0,0,0,0,1.8,0,0,0,0,0,0,0,0),(775303,'Speed +1.8, Armor +1.7',1,0,0,0,0,0,1,0,0,0,1,0,0,0,0,1.8,0,0,0,1.7,0,0,0,0),(775304,'Magazine +0.6, HP +11.8',1,0,0,0,0,0,1,0,0,0.6,1,0,0,0,0,0,0,11.8,0,0,0,0,0,0),(775305,'Magazine +0.6, Speed +1.8',1,0,0,0,0,0,1,0,0,0.6,1,0,0,0,0,1.8,0,0,0,0,0,0,0,0),(775306,'Magazine +0.4, Armor +5.8',1,0,0,0,0,0,1,0,0,0.4,1,0,0,0,0,0,0,0,0,5.8,0,0,0,0),(775307,'Reload Time -0.08, HP +6.1, Armor +2.3',1,0,0,0,0,0,1,0,0,0,1,0,0,-0.08,0,0,0,6.1,0,2.3,0,0,0,0),(780001,'Damage +5%',1,5,0,0,0,0,0,0,0,0,0,0,0,0,0,0,0,0,0,0,0,0,0,0),(780101,'HP +50',0,0,0,0,0,0,0,0,0,0,0,0,0,0,0,0,0,50,0,0,0,0,0,0),(780201,'Crit +5%',0,0,0,0,1,5,0,0,0,0,0,0,0,0,0,0,0,0,0,0,0,0,0,0);
/*!40000 ALTER TABLE `part_attr` ENABLE KEYS */;
UNLOCK TABLES;

--
-- Table structure for table `pathfind`
--

DROP TABLE IF EXISTS `pathfind`;
/*!40101 SET @saved_cs_client     = @@character_set_client */;
/*!40101 SET character_set_client = utf8 */;
CREATE TABLE `pathfind` (
  `id` int(11) NOT NULL DEFAULT '0' COMMENT '路点ID',
  `map_id` int(11) NOT NULL DEFAULT '0' COMMENT '地图ID',
  `name` varchar(50) NOT NULL DEFAULT '0' COMMENT '路点名称',
  `pos_x` float NOT NULL DEFAULT '0' COMMENT '路点坐标X',
  `pos_z` float NOT NULL DEFAULT '0' COMMENT '路点坐标Z',
  `type` int(11) NOT NULL DEFAULT '0' COMMENT '路点类型，1、出生地，2、交火点',
  `waypoint_1` int(11) NOT NULL DEFAULT '0' COMMENT '关联路点1',
  `waypoint_2` int(11) NOT NULL DEFAULT '0' COMMENT '关联路点2',
  `waypoint_3` int(11) NOT NULL DEFAULT '0' COMMENT '关联路点3',
  `waypoint_4` int(11) NOT NULL DEFAULT '0' COMMENT '关联路点4',
  `waypoint_5` int(11) NOT NULL DEFAULT '0' COMMENT '关联路点5',
  `waypoint_6` int(11) NOT NULL DEFAULT '0' COMMENT '关联路点6',
  `waypoint_7` int(11) NOT NULL DEFAULT '0' COMMENT '关联路点7',
  `waypoint_8` int(11) NOT NULL DEFAULT '0' COMMENT '关联路点8',
  PRIMARY KEY (`id`)
) ENGINE=InnoDB DEFAULT CHARSET=utf8 COMMENT='[logic server no use][local no use]';
/*!40101 SET character_set_client = @saved_cs_client */;

--
-- Dumping data for table `pathfind`
--

LOCK TABLES `pathfind` WRITE;
/*!40000 ALTER TABLE `pathfind` DISABLE KEYS */;
INSERT INTO `pathfind` VALUES (1,810000,'路点1',-30.582,-29.322,2,10000,2,0,0,0,0,0,0),(2,810000,'路点2',-25.083,-45.819,2,1,3,0,0,0,0,0,0),(3,810000,'路点3',-6.624,-45.594,0,2,4,0,0,0,0,0,0),(4,810000,'路点4',-2.808,-37.26,0,43,5,3,0,0,0,0,0),(5,810000,'路点5',11.394,-37.26,2,4,44,0,0,0,0,0,0),(6,810000,'路点6',24.606,-44.964,2,44,7,0,0,0,0,0,0),(7,810000,'路点7',44.118,-44.964,0,6,8,0,0,0,0,0,0),(8,810000,'路点8',48.087,-40.419,0,7,45,0,0,0,0,0,0),(9,810000,'路点9',45.846,-32.418,0,45,10,0,0,0,0,0,0),(10,810000,'路点10',46.701,-17.955,2,9,11,0,0,0,0,0,0),(11,810000,'路点11',46.035,9.405,0,12,10,0,0,0,0,0,0),(12,810000,'路点12',40.491,14.67,0,24,11,13,0,0,0,0,0),(13,810000,'路点13',39.708,3.708,0,12,14,0,0,0,0,0,0),(14,810000,'路点14',39.159,-4.095,0,13,15,0,0,0,0,0,0),(15,810000,'路点15',35.136,-5.634,0,16,14,0,0,0,0,0,0),(16,810000,'路点16',31.491,-5.634,0,15,17,0,0,0,0,0,0),(17,810000,'路点17',27.261,-4.167,0,18,16,0,0,0,0,0,0),(18,810000,'路点18',19.143,-4.167,2,19,17,20,0,0,0,0,0),(19,810000,'路点19',19.287,-9.153,0,18,0,0,0,0,0,0,0),(20,810000,'路点20',15.705,0.009,2,18,21,40,0,0,0,0,0),(21,810000,'路点21',17.901,5.472,2,20,22,0,0,0,0,0,0),(22,810000,'路点22',18.306,15.336,0,21,23,0,0,0,0,0,0),(23,810000,'路点23',26.145,16.524,0,22,24,0,0,0,0,0,0),(24,810000,'路点24',30.51,20.286,2,25,23,12,0,0,0,0,0),(25,810000,'路点25',25.443,26.064,2,24,26,0,0,0,0,0,0),(26,810000,'路点26',17.892,26.064,2,25,27,0,0,0,0,0,0),(27,810000,'路点27',8.325,27.738,2,26,28,0,0,0,0,0,0),(28,810000,'路点28',7.254,39.6,2,29,27,0,0,0,0,0,0),(29,810000,'路点29',-0.243,43.389,2,28,30,0,0,0,0,0,0),(30,810000,'路点30',-13.923,45.099,2,29,31,0,0,0,0,0,0),(31,810000,'路点31',-29.538,45.099,0,30,32,0,0,0,0,0,0),(32,810000,'路点32',-46.224,45.099,2,31,33,0,0,0,0,0,0),(33,810000,'路点33',-45.063,37.989,2,32,34,0,0,0,0,0,0),(34,810000,'路点34',-45.441,24.192,0,33,46,0,0,0,0,0,0),(35,810000,'路点35',-31.23,17.451,0,31,37,36,0,0,0,0,0),(36,810000,'路点36',-30.969,10.854,0,35,10000,46,0,0,0,0,0),(37,810000,'路点37',-21.465,17.262,0,35,38,0,0,0,0,0,0),(38,810000,'路点38',-12.627,17.262,0,37,39,0,0,0,0,0,0),(39,810000,'路点39',-11.484,5.589,2,38,40,0,0,0,0,0,0),(40,810000,'路点40',-10.32,-1.836,2,39,41,42,20,0,0,0,0),(41,810000,'路点41',-16.434,-1.836,2,10000,40,0,0,0,0,0,0),(42,810000,'路点42',-10.161,-22.14,2,40,43,0,0,0,0,0,0),(43,810000,'路点43',-3.492,-24.363,2,42,4,0,0,0,0,0,0),(44,810000,'路点44',21.798,-38.772,2,5,6,0,0,0,0,0,0),(45,810000,'路点45',43.416,-36.693,0,9,8,0,0,0,0,0,0),(46,810000,'路点46',-40.599,16.38,0,34,36,0,0,0,0,0,0),(1000,812000,'路点0',-0.78,-63.99,2,1001,1025,1046,1047,0,0,0,0),(1001,812000,'路点1',-13.86,-46.92,2,1000,1037,1047,0,0,0,0,0),(1002,812000,'路点2',-23.98,-38.03,0,1037,1003,0,0,0,0,0,0),(1003,812000,'路点3',-21.51,-33.04,0,1002,1004,1026,0,0,0,0,0),(1004,812000,'路点4',-31.09,-21.88,2,1003,1005,1048,0,0,0,0,0),(1005,812000,'路点5',-32.75,-12.54,0,1004,1006,1048,0,0,0,0,0),(1006,812000,'路点6',-40.53,-3.32,0,1007,1005,1032,0,0,0,0,0),(1007,812000,'路点7',-47.02,-3.35,0,1006,1008,0,0,0,0,0,0),(1008,812000,'路点8',-55.99,5.62,0,1007,1009,0,0,0,0,0,0),(1009,812000,'路点9',-47.14,14.43,2,1008,1042,1010,0,0,0,0,0),(1010,812000,'路点10',-30.96,29.65,2,1009,1038,0,0,0,0,0,0),(1011,812000,'路点11',-18.17,39.25,2,1038,1012,0,0,0,0,0,0),(1012,812000,'路点12',-10.12,45.02,2,1011,1013,1055,0,0,0,0,0),(1013,812000,'路点13',-3.24,37.7,2,1012,1039,1017,0,0,0,0,0),(1014,812000,'路点14',6.25,24.74,0,1040,1015,1033,1045,1054,0,0,0),(1015,812000,'路点15',17.37,35.21,0,1014,1016,1018,1045,0,0,0,0),(1016,812000,'路点16',11.97,38.94,0,1015,1017,0,0,0,0,0,0),(1017,812000,'路点17',5.14,45.74,0,1013,1016,1044,1055,0,0,0,0),(1018,812000,'路点18',26.18,26.03,0,1015,1019,0,0,0,0,0,0),(1019,812000,'路点19',32.15,18.03,2,1018,1020,0,0,0,0,0,0),(1020,812000,'路点20',23.46,9.06,0,1019,1021,0,0,0,0,0,0),(1021,812000,'路点21',16.14,-1.36,0,1022,1020,0,0,0,0,0,0),(1022,812000,'路点22',5.02,-10.91,2,1027,1035,1021,0,0,0,0,0),(1023,812000,'路点23',6.08,-34.5,2,1022,1024,0,0,0,0,0,0),(1024,812000,'路点24',0.99,-44.79,2,1023,1025,0,0,0,0,0,0),(1025,812000,'路点25',5.02,-59.61,2,1000,1024,0,0,0,0,0,0),(1026,812000,'路点26',-11.49,-26.12,0,1003,1028,1027,0,0,0,0,0),(1027,812000,'路点27',-4.45,-21.33,0,1026,1022,0,0,0,0,0,0),(1028,812000,'路点28',-17.42,-17.84,0,1026,1029,1050,0,0,0,0,0),(1029,812000,'路点29',-9.75,-10.63,2,1028,1036,1041,0,0,0,0,0),(1030,812000,'路点30',-23.85,-1.33,2,1043,1031,1033,0,0,0,0,0),(1031,812000,'路点31',-31.55,5.99,2,1042,1032,1030,0,0,0,0,0),(1032,812000,'路点32',-37.53,0.37,2,1006,1042,1031,0,0,0,0,0),(1033,812000,'路点33',-6.75,12.12,2,1030,1014,1034,1054,0,0,0,0),(1034,812000,'路点34',0.48,4.43,2,1033,1035,0,0,0,0,0,0),(1035,812000,'路点35',-0.35,-6.3,2,1036,1034,1022,0,0,0,0,0),(1036,812000,'路点36',-5.84,-12.13,2,1029,1035,0,0,0,0,0,0),(1037,812000,'路点37',-19.55,-45.29,0,1001,1002,0,0,0,0,0,0),(1038,812000,'路点38',-22.65,34.31,2,1010,1011,1051,0,0,0,0,0),(1039,812000,'路点39',-1.44,32.9,2,1013,1040,0,0,0,0,0,0),(1040,812000,'路点40',2.24,28.25,2,1039,1014,0,0,0,0,0,0),(1041,812000,'路点41',-18.13,-5.69,2,1043,1029,0,0,0,0,0,0),(1042,812000,'路点42',-40.48,8.03,2,1009,1032,1031,0,0,0,0,0),(1043,812000,'路点43',-22.04,-5.01,2,1030,1041,0,0,0,0,0,0),(1044,812000,'路点44',7.67,36.01,2,1017,1045,0,0,0,0,0,0),(1045,812000,'路点45',12.32,30.78,2,1044,1014,1015,0,0,0,0,0),(1046,812000,'路点46',-7.42,-61.21,2,1000,1047,0,0,0,0,0,0),(1047,812000,'路点47',-7.86,-53.8,2,1000,1001,1046,0,0,0,0,0),(1048,812000,'路点48',-29.26,-18,0,1005,1004,1049,0,0,0,0,0),(1049,812000,'路点49',-24.34,-16.49,0,1048,1050,0,0,0,0,0,0),(1050,812000,'路点50',-20.84,-18.28,0,1049,1028,0,0,0,0,0,0),(1051,812000,'路点51',-18,29.31,0,1038,1052,0,0,0,0,0,0),(1052,812000,'路点52',-13.45,24.02,0,1051,1053,0,0,0,0,0,0),(1053,812000,'路点53',-7.9,21.79,0,1052,1054,0,0,0,0,0,0),(1054,812000,'路点54',-0.06,18.95,0,1033,1014,1053,0,0,0,0,0),(1055,812000,'路点55',-1.32,52.67,0,1012,1017,0,0,0,0,0,0),(2000,813002,'路点0',-39.789,19.359,0,2058,2001,0,0,0,0,0,0),(2001,813002,'路点1',-39.789,13.986,0,2058,2000,2002,0,0,0,0,0),(2002,813002,'路点2',-39.789,9.189,2,2001,2003,0,0,0,0,0,0),(2003,813002,'路点3',-38.133,4.365,2,2002,2004,0,0,0,0,0,0),(2004,813002,'路点4',-36.234,-0.585,0,2005,2003,0,0,0,0,0,0),(2005,813002,'路点5',-30.015,-4.158,0,2007,2004,2006,0,0,0,0,0),(2006,813002,'路点6',-28.845,-8.487,0,2005,2017,0,0,0,0,0,0),(2007,813002,'路点7',-29.664,-0.063,2,2005,2008,0,0,0,0,0,0),(2008,813002,'路点8',-29.529,6.237,2,2007,2009,0,0,0,0,0,0),(2009,813002,'路点9',-28.548,12.024,2,2008,2010,0,0,0,0,0,0),(2010,813002,'路点10',-28.548,18.054,0,2009,2011,2058,0,0,0,0,0),(2011,813002,'路点11',-20.925,17.037,0,2010,2012,2040,0,0,0,0,0),(2012,813002,'路点12',-18.567,13.653,0,2011,2036,2013,0,0,0,0,0),(2013,813002,'路点13',-18.189,7.029,0,2014,2012,0,0,0,0,0,0),(2014,813002,'路点14',-17.208,3.087,0,2013,2015,2035,0,0,0,0,0),(2015,813002,'路点15',-17.208,-1.998,0,2014,2016,0,0,0,0,0,0),(2016,813002,'路点16',-18.342,-6.948,0,2017,2018,2015,0,0,0,0,0),(2017,813002,'路点17',-20.853,-8.442,0,2016,2006,0,0,0,0,0,0),(2018,813002,'路点18',-10.458,-5.274,2,2016,2019,0,0,0,0,0,0),(2019,813002,'路点19',-4.329,-3.042,0,2018,2020,0,0,0,0,0,0),(2020,813002,'路点20',2.898,-1.089,2,2029,2019,2021,2028,0,0,0,0),(2021,813002,'路点21',2.898,2.772,2,2020,2028,2022,2027,2029,0,0,0),(2022,813002,'路点22',2.898,6.345,0,2021,2028,2027,2037,2030,0,0,0),(2023,813002,'路点23',1.278,11.421,0,2030,2037,2026,2025,2024,0,0,0),(2024,813002,'路点24',1.278,16.092,2,2023,2026,2025,2041,2038,0,0,0),(2025,813002,'路点25',4.077,16.092,2,2026,2023,2024,2041,0,0,0,0),(2026,813002,'路点26',4.077,11.952,0,2037,2023,2024,2025,0,0,0,0),(2027,813002,'路点27',6.111,7.812,0,2028,2022,2037,2026,0,0,0,0),(2028,813002,'路点28',6.111,3.222,2,2029,2020,2021,2022,2027,2050,0,0),(2029,813002,'路点29',6.111,-0.999,2,2050,2028,2020,2021,0,0,0,0),(2030,813002,'路点30',0.225,7.776,0,2022,2037,2023,2031,0,0,0,0),(2031,813002,'路点31',-3.141,7.776,0,2030,2023,2032,0,0,0,0,0),(2032,813002,'路点32',-6.84,7.776,2,2031,2034,2033,0,0,0,0,0),(2033,813002,'路点33',-8.991,10.377,2,2032,2036,0,0,0,0,0,0),(2034,813002,'路点34',-8.991,5.175,2,2032,2035,0,0,0,0,0,0),(2035,813002,'路点35',-13.212,3.915,2,2034,2014,0,0,0,0,0,0),(2036,813002,'路点36',-14.067,11.997,2,2033,2012,0,0,0,0,0,0),(2037,813002,'路点37',2.916,9.036,0,2022,2027,2026,2023,2030,0,0,0),(2038,813002,'路点38',-2.799,19.404,0,2024,2041,2039,0,0,0,0,0),(2039,813002,'路点39',-10.359,21.627,2,2038,2040,0,0,0,0,0,0),(2040,813002,'路点40',-17.127,21.627,0,2039,2011,0,0,0,0,0,0),(2041,813002,'路点41',2.439,19.674,0,2024,2025,2042,2038,0,0,0,0),(2042,813002,'路点42',6.723,21.681,0,2043,2041,0,0,0,0,0,0),(2043,813002,'路点43',10.854,19.431,0,2044,2042,0,0,0,0,0,0),(2044,813002,'路点44',15.714,19.674,0,2043,2045,0,0,0,0,0,0),(2045,813002,'路点45',15.714,14.859,2,2044,2046,2057,0,0,0,0,0),(2046,813002,'路点46',17.829,10.998,2,2045,2057,2047,0,0,0,0,0),(2047,813002,'路点47',19.206,6.129,2,2046,2048,0,0,0,0,0,0),(2048,813002,'路点48',19.206,0.099,0,2047,2049,2051,0,0,0,0,0),(2049,813002,'路点49',14.076,0.945,0,2048,2050,0,0,0,0,0,0),(2050,813002,'路点50',9.684,1.296,0,2049,2029,2028,0,0,0,0,0),(2051,813002,'路点51',21.033,-3.654,0,2048,2052,0,0,0,0,0,0),(2052,813002,'路点52',26.577,-3.654,0,2051,2053,0,0,0,0,0,0),(2053,813002,'路点53',27.9,0.864,0,2052,2054,0,0,0,0,0,0),(2054,813002,'路点54',27.9,4.833,2,2053,2055,0,0,0,0,0,0),(2055,813002,'路点55',27.9,10.08,2,2054,2056,0,0,0,0,0,0),(2056,813002,'路点56',27.9,15.201,0,2055,2057,0,0,0,0,0,0),(2057,813002,'路点57',21.888,15.201,0,2056,2045,0,0,0,0,0,0),(2058,813002,'路点58',-34.002,19.377,0,2010,2000,0,0,0,0,0,0),(3000,815000,'路点0',-41.36,2.51,2,3038,3001,0,0,0,0,0,0),(3001,815000,'路点1',-36.67,-4.48,2,3000,3002,0,0,0,0,0,0),(3002,815000,'路点2',-31.28,-9.87,0,3001,3003,0,0,0,0,0,0),(3003,815000,'路点3',-28.89,-13.24,0,3002,3004,0,0,0,0,0,0),(3004,815000,'路点4',-26.27,-16.69,0,3003,3005,0,0,0,0,0,0),(3005,815000,'路点5',-15.32,-14.81,2,3004,3006,3049,0,0,0,0,0),(3006,815000,'路点6',-16.53,-25.72,2,3005,3007,0,0,0,0,0,0),(3007,815000,'路点7',-14.01,-28.46,0,3006,3008,0,0,0,0,0,0),(3008,815000,'路点8',-11.23,-33.5,0,3007,3009,0,0,0,0,0,0),(3009,815000,'路点9',-6.7,-37.55,2,3008,3010,0,0,0,0,0,0),(3010,815000,'路点10',0.24,-43.69,2,3009,3011,0,0,0,0,0,0),(3011,815000,'路点11',4.41,-40.05,2,3010,3012,0,0,0,0,0,0),(3012,815000,'路点12',10.43,-37.65,0,3011,3013,0,0,0,0,0,0),(3013,815000,'路点13',15.74,-32.6,0,3012,3014,0,0,0,0,0,0),(3014,815000,'路点14',15.51,-24.51,2,3013,3015,0,0,0,0,0,0),(3015,815000,'路点15',14.77,-14.87,2,3014,3016,3052,0,0,0,0,0),(3016,815000,'路点16',24.14,-16.46,2,3015,3017,0,0,0,0,0,0),(3017,815000,'路点17',30.41,-16.35,0,3016,3018,0,0,0,0,0,0),(3018,815000,'路点18',35.29,-13.13,0,3017,3019,0,0,0,0,0,0),(3019,815000,'路点19',40.57,-8.11,2,3018,3020,0,0,0,0,0,0),(3020,815000,'路点20',41.12,-3.12,2,3019,3021,0,0,0,0,0,0),(3021,815000,'路点21',39.39,6.22,2,3020,3022,0,0,0,0,0,0),(3022,815000,'路点22',37.54,12.94,0,3021,3023,0,0,0,0,0,0),(3023,815000,'路点23',33.24,17.45,0,3022,3024,0,0,0,0,0,0),(3024,815000,'路点24',25.82,18.3,2,3023,3025,2046,0,0,0,0,0),(3025,815000,'路点25',16.14,27.55,2,3024,3026,2046,0,0,0,0,0),(3026,815000,'路点26',16.63,32.85,0,3025,3027,0,0,0,0,0,0),(3027,815000,'路点27',11.72,35.23,2,3026,3028,0,0,0,0,0,0),(3028,815000,'路点28',5.64,38.11,2,3027,3029,0,0,0,0,0,0),(3029,815000,'路点29',0.9,41.55,2,3028,3030,0,0,0,0,0,0),(3030,815000,'路点30',-3.55,40.49,0,3029,3031,0,0,0,0,0,0),(3031,815000,'路点31',-8.67,37.37,0,3030,3032,0,0,0,0,0,0),(3032,815000,'路点32',-14.13,32.02,0,3031,3034,0,0,0,0,0,0),(3033,815000,'路点33',-14.8,14.66,2,3035,3034,3039,0,0,0,0,0),(3034,815000,'路点34',-18.9,25.89,2,3032,3033,0,0,0,0,0,0),(3035,815000,'路点35',-26.85,18.1,2,3036,3033,0,0,0,0,0,0),(3036,815000,'路点36',-31.02,13.75,0,3035,3037,0,0,0,0,0,0),(3037,815000,'路点37',-35.15,8.16,0,3036,3038,0,0,0,0,0,0),(3038,815000,'路点38',-38.64,6.24,2,3037,3000,0,0,0,0,0,0),(3039,815000,'路点39',-10.84,12.96,0,3033,3040,0,0,0,0,0,0),(3040,815000,'路点40',-8.6,8.31,0,3039,3041,0,0,0,0,0,0),(3041,815000,'路点41',-4.9,5.13,2,3040,3042,0,0,0,0,0,0),(3042,815000,'路点42',-1.37,5.62,2,3041,3043,3047,3050,0,0,0,0),(3043,815000,'路点43',4.69,5.85,2,3042,3044,0,0,0,0,0,0),(3044,815000,'路点44',8.61,9.69,0,3043,3045,0,0,0,0,0,0),(3045,815000,'路点45',11.95,12.96,0,3044,3046,0,0,0,0,0,0),(3046,815000,'路点46',14.63,15.58,2,3045,3025,3024,0,0,0,0,0),(3047,815000,'路点47',-4.43,-1.09,2,3042,3048,0,0,0,0,0,0),(3048,815000,'路点48',-6.7,-5.37,0,3047,3049,0,0,0,0,0,0),(3049,815000,'路点49',-11.71,-11.15,2,3048,3005,0,0,0,0,0,0),(3050,815000,'路点50',3.72,-3.41,2,3042,3051,0,0,0,0,0,0),(3051,815000,'路点51',8.01,-7.79,0,3050,3052,0,0,0,0,0,0),(3052,815000,'路点52',12.83,-12.71,0,3051,3015,0,0,0,0,0,0),(4000,800002,'路点0',-1.58,18.31,0,4001,4011,0,0,0,0,0,0),(4001,800002,'路点1',1.47,18.31,0,4000,4002,4010,0,0,0,0,0),(4002,800002,'路点2',4.82,18.3,0,4001,4009,4003,0,0,0,0,0),(4003,800002,'路点3',8.28,18.34,0,4002,4008,4004,0,0,0,0,0),(4004,800002,'路点4',12.16,18.34,0,4003,4007,4005,0,0,0,0,0),(4005,800002,'路点5',15.85,18.34,0,4004,4006,0,0,0,0,0,0),(4006,800002,'路点6',15.85,21.57,0,4005,4007,0,0,0,0,0,0),(4007,800002,'路点7',12.13,21.57,2,4016,4006,4004,4008,0,0,0,0),(4008,800002,'路点8',8.22,21.57,2,4015,4007,4003,4009,0,0,0,0),(4009,800002,'路点9',4.68,21.57,2,4014,4008,4002,4010,0,0,0,0),(4010,800002,'路点10',1.37,21.57,0,4013,4009,4001,4011,0,0,0,0),(4011,800002,'路点11',-1.25,21.57,0,4012,4000,4010,0,0,0,0,0),(4012,800002,'路点12',-1.25,25.03,0,4011,4013,0,0,0,0,0,0),(4013,800002,'路点13',1.64,25.03,0,4012,4010,4014,0,0,0,0,0),(4014,800002,'路点14',4.76,25.03,0,4013,4009,4015,0,0,0,0,0),(4015,800002,'路点15',8.1,25.03,2,4014,4008,4016,0,0,0,0,0),(4016,800002,'路点16',11.86,25.03,0,4015,4007,0,0,0,0,0,0),(5000,813001,'路点0',-49,3.5,0,5001,5002,0,0,0,0,0,0),(5001,813001,'路点1',-22.76,3.5,2,5021,5000,0,0,0,0,0,0),(5002,813001,'路点2',-37.54,19.05,0,5000,5003,0,0,0,0,0,0),(5003,813001,'路点3',-34.07,23.46,0,5002,5004,0,0,0,0,0,0),(5004,813001,'路点4',-25.31,25.17,0,5003,5005,0,0,0,0,0,0),(5005,813001,'路点5',-15.77,23.56,0,5004,5006,0,0,0,0,0,0),(5006,813001,'路点6',-4.77,17.73,0,5005,5007,5021,0,0,0,0,0),(5007,813001,'路点7',0.42,8.72,2,5006,5021,5008,0,0,0,0,0),(5008,813001,'路点8',19.15,2.39,2,5007,5013,5009,0,0,0,0,0),(5009,813001,'路点9',49.45,2.08,2,5008,5010,5011,0,0,0,0,0),(5010,813001,'路点10',64.27,1.59,0,5009,0,0,0,0,0,0,0),(5011,813001,'路点11',49.87,-16.01,2,5009,5013,5012,0,0,0,0,0),(5012,813001,'路点12',64.04,-16.01,0,5011,0,0,0,0,0,0,0),(5013,813001,'路点13',24.55,-16.01,2,5011,5014,5008,0,0,0,0,0),(5014,813001,'路点14',0.94,-16.01,2,5020,5015,5013,0,0,0,0,0),(5015,813001,'路点15',-23.56,-16.32,2,5001,5016,5014,0,0,0,0,0),(5016,813001,'路点16',-32.95,-14.6,0,5017,5015,5018,0,0,0,0,0),(5017,813001,'路点17',-47.16,-14.6,0,5016,0,0,0,0,0,0,0),(5018,813001,'路点18',-33.32,-32.34,0,5016,5019,0,0,0,0,0,0),(5019,813001,'路点19',-8.47,-32.34,0,5018,5020,0,0,0,0,0,0),(5020,813001,'路点20',-1.5,-23.07,0,5019,5014,0,0,0,0,0,0),(5021,813001,'路点21',-12.74,5.28,0,5001,5007,5015,0,0,0,0,0),(6000,813003,'路点0',-25.62,-14.45,2,6013,6001,0,0,0,0,0,0),(6001,813003,'路点1',-16.19,-14.45,2,6000,6002,6012,0,0,0,0,0),(6002,813003,'路点2',-7.55,-14.45,0,6001,6003,6011,0,0,0,0,0),(6003,813003,'路点3',1.6,-14.45,0,6002,6004,6010,0,0,0,0,0),(6004,813003,'路点4',10.38,-14.45,0,6003,6005,6009,0,0,0,0,0),(6005,813003,'路点5',18.51,-14.45,2,6004,6008,6006,0,0,0,0,0),(6006,813003,'路点6',18.51,-21.6,2,6005,6007,0,0,0,0,0,0),(6007,813003,'路点7',18.51,-29.96,2,6006,0,0,0,0,0,0,0),(6008,813003,'路点8',18.51,-0.96,0,6009,6005,0,0,0,0,0,0),(6009,813003,'路点9',10.33,-0.96,0,6010,6004,6008,0,0,0,0,0),(6010,813003,'路点10',1.92,-0.96,2,6016,6003,6009,0,0,0,0,0),(6011,813003,'路点11',-8.49,-0.96,2,6016,6002,6012,0,0,0,0,0),(6012,813003,'路点12',-15.6,-0.96,0,6011,6001,6013,0,0,0,0,0),(6013,813003,'路点13',-24.93,-0.96,0,6000,6012,0,0,0,0,0,0),(6014,813003,'路点14',-3.69,8.65,0,6015,6016,0,0,0,0,0,0),(6015,813003,'路点15',-5.02,16.68,0,6014,0,0,0,0,0,0,0),(6016,813003,'路点16',-3.06,-1.02,2,6011,6010,6014,6002,6003,0,0,0),(7000,817001,'路点0',-25.25,-11.45,0,7025,7001,0,0,0,0,0,0),(7001,817001,'路点1',-16.32,-12.1,2,7000,7002,7026,0,0,0,0,0),(7002,817001,'路点2',-9,-16.08,2,7001,7003,0,0,0,0,0,0),(7003,817001,'路点3',-3.68,-14.56,0,7002,7004,7027,0,0,0,0,0),(7004,817001,'路点4',2.66,-17.62,2,7003,7005,0,0,0,0,0,0),(7005,817001,'路点5',8.35,-14.09,2,7004,7006,7035,0,0,0,0,0),(7006,817001,'路点6',15.15,-16.18,2,7005,7007,0,0,0,0,0,0),(7007,817001,'路点7',19.29,-17.36,0,7006,7008,7043,0,0,0,0,0),(7008,817001,'路点8',30.27,-16.4,2,7007,7009,0,0,0,0,0,0),(7009,817001,'路点9',33.7,-12.42,2,7008,7010,7042,0,0,0,0,0),(7010,817001,'路点10',40.61,-12.42,2,7009,7011,0,0,0,0,0,0),(7011,817001,'路点11',48.31,-6.18,2,7010,7012,0,0,0,0,0,0),(7012,817001,'路点12',50.48,0.58,2,7011,7013,0,0,0,0,0,0),(7013,817001,'路点13',47.4,9.14,2,7012,7014,0,0,0,0,0,0),(7014,817001,'路点14',33.28,12.8,2,7013,7015,7041,0,0,0,0,0),(7015,817001,'路点15',27.92,17.05,2,7014,7016,0,0,0,0,0,0),(7016,817001,'路点16',19.72,15.79,0,7015,7018,4070,0,0,0,0,0),(7017,817001,'路点17',10.15,14.27,2,7018,7044,0,0,0,0,0,0),(7018,817001,'路点18',10.15,18.31,2,7016,7017,7019,0,0,0,0,0),(7019,817001,'路点19',-3.2,18.31,0,7018,7020,0,0,0,0,0,0),(7020,817001,'路点20',-12.52,17.08,2,7019,7021,7028,0,0,0,0,0),(7021,817001,'路点21',-17.23,12.24,2,7020,7022,7029,0,0,0,0,0),(7022,817001,'路点22',-23.81,12.24,2,7021,7023,0,0,0,0,0,0),(7023,817001,'路点23',-30.43,8.49,2,7022,7024,0,0,0,0,0,0),(7024,817001,'路点24',-34.04,1.87,2,7023,7025,0,0,0,0,0,0),(7025,817001,'路点25',-29.75,-5.31,2,7024,7000,0,0,0,0,0,0),(7026,817001,'路点26',-13.2,-5.56,2,7001,7029,7027,0,0,0,0,0),(7027,817001,'路点27',-4.47,-5.56,0,7026,7031,7003,0,0,0,0,0),(7028,817001,'路点28',-4,5.92,0,7030,7029,7019,0,0,0,0,0),(7029,817001,'路点29',-15.06,5.92,2,7021,7028,7026,0,0,0,0,0),(7030,817001,'路点30',-4,2.47,0,7028,7031,7033,0,0,0,0,0),(7031,817001,'路点31',-4,-1.12,0,7030,7027,7032,0,0,0,0,0),(7032,817001,'路点32',2.04,-1.12,2,7031,7033,7034,0,0,0,0,0),(7033,817001,'路点33',2.04,2.68,2,7030,7032,7034,0,0,0,0,0),(7034,817001,'路点34',3.41,1.15,0,7033,7032,7035,0,0,0,0,0),(7035,817001,'路点35',8.12,1.15,2,7034,7036,7044,7005,0,0,0,0),(7036,817001,'路点36',13.01,1.15,0,7035,7037,7038,0,0,0,0,0),(7037,817001,'路点37',15.84,1.9,2,7036,7040,7038,7039,0,0,0,0),(7038,817001,'路点38',15.84,-2.65,2,7036,7037,7043,7039,0,0,0,0),(7039,817001,'路点39',20.71,-0.5,0,7037,7038,7040,7043,0,0,0,0),(7040,817001,'路点40',20.08,5.6,0,7037,7016,7039,7041,0,0,0,0),(7041,817001,'路点41',30.5,5.6,2,7040,7014,7042,0,0,0,0,0),(7042,817001,'路点42',30.5,-4.67,2,7043,7041,7009,0,0,0,0,0),(7043,817001,'路点43',19.99,-4.67,0,7038,7039,7042,7007,0,0,0,0),(7044,817001,'路点44',7.6,11.54,2,7017,7035,0,0,0,0,0,0),(10000,810000,'路点0',-31.707,-2.943,2,36,41,1,0,0,0,0,0);
/*!40000 ALTER TABLE `pathfind` ENABLE KEYS */;
UNLOCK TABLES;

--
-- Table structure for table `performance`
--

DROP TABLE IF EXISTS `performance`;
/*!40101 SET @saved_cs_client     = @@character_set_client */;
/*!40101 SET character_set_client = utf8 */;
CREATE TABLE `performance` (
  `id` int(10) NOT NULL DEFAULT '0' COMMENT '表现ID',
  `name` varchar(150) NOT NULL DEFAULT '0' COMMENT '表现名称',
  `action_id` int(11) NOT NULL DEFAULT '0' COMMENT '动作ID，索引到prefab_action表',
  `effect_id` int(50) NOT NULL DEFAULT '0' COMMENT '特效ID，索引到prefab_effect表',
  `effect_time` int(50) NOT NULL DEFAULT '0' COMMENT '特效触发时间',
  `sound_id` int(50) NOT NULL DEFAULT '0' COMMENT '音效ID，索引到prefab_sound表',
  `sound_time` int(50) NOT NULL DEFAULT '0' COMMENT '音效触发时间',
  `shake_time` float NOT NULL DEFAULT '0' COMMENT '震屏持续时间',
  `shake_factor` float NOT NULL DEFAULT '0' COMMENT '震屏倍数',
  PRIMARY KEY (`id`)
) ENGINE=InnoDB DEFAULT CHARSET=utf8 COMMENT='[logic server no use]';
/*!40101 SET character_set_client = @saved_cs_client */;

--
-- Dumping data for table `performance`
--

LOCK TABLES `performance` WRITE;
/*!40000 ALTER TABLE `performance` DISABLE KEYS */;
INSERT INTO `performance` VALUES (30000,'无敌BUFF',0,30000,0,0,0,0,0),(30010,'护盾起手',101,30011,0,22079,0,0,0),(30011,'护盾循环',0,30012,0,0,0,0,0),(30012,'护盾爆炸',103,0,0,0,0,0,0),(30020,'移动加速起手',101,30021,0,22080,0,0,0),(30021,'移动加速循环',0,30022,0,0,0,0,0),(30030,'侦查起手',101,30031,0,22081,0,0,0),(30031,'侦查循环',0,30032,0,0,0,0,0),(30041,'眩晕效果',11,30041,0,0,0,0,0),(30051,'沉默效果',0,30051,0,0,0,0,0),(30052,'禁射效果',0,30052,0,0,0,0,0),(30061,'睡眠效果',11,30061,0,0,0,0,0),(30071,'定身效果',0,30071,0,0,0,0,0),(30081,'隐蔽效果',0,30081,0,0,0,0,0),(32010,'手雷技能拖尾特效',100,32010,0,20007,0,0,0),(32011,'手雷爆炸特效',0,32011,0,20009,0,0,0),(32012,'手雷受击特效',0,32012,0,0,0,0,0),(32020,'闪光弹预备特效',100,32020,0,20007,0,0,0),(32021,'闪光弹爆炸特效',0,32021,0,20010,0,0,0),(32030,'燃烧弹预备特效',100,32030,0,20007,0,0,0),(32031,'燃烧弹爆炸特效',0,32031,0,23003,0,0,0),(32101,'翻滚技能_盖亚',21,32101,0,23016,0,0,0),(32111,'翻滚技能_壮汉',21,32111,0,23026,0,0,0),(32121,'翻滚技能_女主',21,32121,0,23016,0,0,0),(32131,'翻滚技能_塞西',21,32131,0,23037,0,0,0),(32141,'翻滚技能_凯瑟琳',21,32141,0,23016,0,0,0),(32151,'翻滚技能_比尔',21,32151,0,23043,0,0,0),(32161,'翻滚技能_侠客',21,32161,0,23030,0,0,0),(32171,'翻滚技能_护士',21,32171,0,23016,0,0,0),(32181,'翻滚技能_阿拉伯',21,32181,0,23047,0,0,0),(32191,'翻滚技能_迪亚比',21,32191,0,23016,0,0,0),(32201,'翻滚技能_女弩',21,32201,0,0,0,0,0),(32211,'翻滚技能_火男',21,32211,0,23016,0,0,0),(33000,'女主射击',17,0,0,0,0,0,0),(33010,'翻滚',21,0,0,23016,0,0,0),(33021,'埋放C4_输入密码',200,0,0,21001,0,0,0),(33022,'埋放C4_蹲下起身',201,0,0,0,0,0,0),(33023,'拆C4_蹲下',202,0,0,0,0,0,0),(33024,'拆C4_拆循环',203,0,0,21002,0,0,0),(33025,'拆C4_起身',204,0,0,0,0,0,0),(35001,'愈战愈勇',0,35001,0,0,0,0,0),(35002,'战术疾行',0,35002,0,0,0,0,0),(35003,'扫射横行',0,35003,0,0,0,0,0),(35011,'荆棘反制',0,35011,0,0,0,0,0),(35012,'孤注一掷',0,35012,0,0,0,0,0),(35013,'绝地反击',0,35013,0,0,0,0,0),(35021,'血腥屠戮',0,35021,0,0,0,0,0),(35022,'跃进突杀',0,35022,0,0,0,0,0),(35023,'冲击防护',0,35023,0,0,0,0,0),(35031,'战场补给_循环',0,35031,0,0,0,0,0),(35032,'战场补给_受击单次',0,35032,0,0,0,0,0),(35033,'洞察先机',0,35033,0,0,0,0,0),(35034,'坚忍不拔',0,35034,0,0,0,0,0),(35041,'且战且行',0,35041,0,0,0,0,0),(35042,'暴走治疗',0,35042,0,0,0,0,0),(35043,'射击防护',0,35043,0,0,0,0,0),(35051,'以杀止杀',0,35051,0,0,0,0,0),(35052,'剑意衔接',0,35052,0,0,0,0,0),(35053,'踏雪无痕',0,35053,0,0,0,0,0),(35061,'手雷达人',0,35061,0,0,0,0,0),(35062,'投掷守护',0,35062,0,0,0,0,0),(35063,'暴走萝莉',0,35063,0,0,0,0,0),(35071,'战场加速_循环',0,35071,0,0,0,0,0),(35072,'战场加速_受击循环',0,35072,0,0,0,0,0),(35073,'引力迟缓',0,35073,0,0,0,0,0),(35074,'丢盔卸甲',0,35074,0,0,0,0,0),(35081,'绝技大师',0,35081,0,0,0,0,0),(35082,'持续作战',0,35082,0,0,0,0,0),(35083,'穿越火线',0,35083,0,0,0,0,0),(35091,'伺机待发',0,35091,0,0,0,0,0),(35092,'敌退我进',0,35092,0,0,0,0,0),(35093,'余威犹在',0,35093,0,0,0,0,0),(35101,'勇不可挡',0,35101,0,0,0,0,0),(35102,'绝对防御',0,35102,0,0,0,0,0),(35103,'手雷护盾',0,35103,0,0,0,0,0),(35111,'银心箭弩-循环',0,35111,0,0,0,0,0),(35112,'银心箭弩-单次',0,35112,0,0,0,0,0),(35113,'见猎心起',0,35113,0,0,0,0,0),(35114,'冰封雪雨',0,35114,0,0,0,0,0),(35121,'急速消化',0,35121,0,0,0,0,0),(35122,'濒死坚韧',0,35122,0,0,0,0,0),(35123,'电磁风暴_释放',0,35123,0,0,0,0,0),(35124,'电磁风暴_受击',0,35124,0,0,0,0,0),(35131,'致命追击',0,35131,0,0,0,0,0),(35132,'减速流弹',0,35132,0,0,0,0,0),(35133,'战场重生',0,35133,0,0,0,0,0),(35134,'战场重生_BUFF',0,35134,0,0,0,0,0),(40101,'火炮技能',1010,40108,0,0,0,0,0),(40102,'导弹技能',1020,0,0,0,0,0,0),(40103,'突进',1030,40115,0,0,0,0,0),(40104,'自爆',0,40116,0,0,0,0,0),(40105,'启动特效',122,40100,0,0,0,0,0),(40106,'自爆特效_预警',0,40101,0,0,0,0,0),(40107,'自爆特效_爆炸',0,40102,0,0,0,0,0),(40108,'待机特效',0,40103,0,0,0,0,0),(40109,'填弹特效',0,40104,0,0,0,0,0),(40110,'普通攻击特效_枪花',0,40105,0,0,0,0,0),(40111,'普通攻击特效_弹道',0,40106,0,0,0,0,0),(40112,'普通攻击特效_受击',0,40107,0,0,0,0,0),(40113,'技能攻击1——火炮-炮火',0,40108,0,0,0,0,0),(40114,'技能攻击1——火炮-爆炸',0,40109,0,0,0,0,0),(40115,'技能攻击1——火炮-受击',0,40110,0,0,0,0,0),(40116,'技能攻击2——导弹—发射',0,40111,0,0,0,0,0),(40117,'技能攻击2——导弹—弹道',0,40112,0,0,0,0,0),(40118,'技能攻击2——导弹—爆炸',0,40113,0,0,0,0,0),(40119,'技能攻击2——导弹—受击',0,40114,0,0,0,0,0),(40120,'技能3——突进',0,40115,0,0,0,0,0),(40121,'机甲闲置指示特效',0,40117,0,0,0,0,0),(52000,'可破坏物件标识',0,52000,0,0,0,0,0),(52001,'油桶爆炸',8,52001,0,21023,0,0,0),(52011,'箱子破碎',0,52011,0,21024,0,0,0),(52012,'医疗箱子破碎',0,52012,0,21024,0,0,0),(52013,'手雷箱子破碎',0,52013,0,21024,0,0,0),(52021,'雪人破坏特效',0,52021,0,0,0,0,0),(52031,'仙人掌破坏特效',0,52031,0,0,0,0,0),(52041,'石像摧毁特效',0,52041,0,0,0,0,0),(52051,'装卸车摧毁特效',0,52051,0,0,0,0,0),(52061,'雕像破坏特效',0,52061,0,0,0,0,0),(52071,'营养罐特效',0,52071,0,0,0,0,0),(52081,'垃圾桶摧毁特效',0,52081,0,0,0,0,0),(52091,'弹药架破碎效果',0,52091,0,0,0,0,0),(53001,'地雷爆炸特效',0,53001,0,21006,0,0,0),(53002,'地雷受击特效',0,53002,0,23012,0,0,0),(53003,'地雷预警特效',0,53003,0,21005,0,0,0),(53004,'地雷预警特效-短',0,53004,0,21005,0,0,0),(53010,'火焰喷射器预警特效',0,53010,0,0,0,0,0),(53011,'火焰喷射器特效',0,53011,0,21008,0,0,0),(53012,'火焰灼烧特效',0,53012,0,21009,0,0,0),(53013,'火焰喷射器特效-无限',0,53013,0,21008,0,0,0),(53021,'冰冻冷气特效',0,53021,0,0,0,0,0),(53022,'冰冻受击特效',0,53022,0,0,0,0,0),(53031,'流沙攻击特效',0,53031,0,0,0,0,0),(53032,'流沙受击特效',0,53032,0,0,0,0,0),(53040,'地刺待机特效',0,53040,0,0,0,0,0),(53041,'地刺攻击特效',0,53041,0,0,0,0,0),(53042,'地刺受击特效',0,53042,0,0,0,0,0),(53051,'吸重盘掉落特效',0,53051,0,0,0,0,0),(53052,'吸重盘受击特效',0,53052,0,0,0,0,0),(53061,'食人花攻击特效',0,53061,0,0,0,0,0),(53062,'食人花受击特效',0,53062,0,0,0,0,0),(53070,'毒气预警特效',0,53070,0,0,0,0,0),(53071,'毒气攻击特效',0,53071,0,21008,0,0,0),(53072,'毒气受击特效-循环',8,53072,0,0,0,0,0),(53073,'毒气受击特效-单次',8,53073,0,21009,0,0,0),(53081,'碉堡射击特效',0,53081,0,0,0,0,0),(53091,'雪球触发特效',0,53091,0,0,0,0,0),(53092,'雪球受击特效',0,53092,0,0,0,0,0),(53101,'闪电触发特效',0,53101,0,0,0,0,0),(53102,'闪电受击特效',0,53102,0,0,0,0,0),(53111,'沼泽触发特效',0,53111,0,0,0,0,0),(53112,'沼泽受击特效',0,53112,0,0,0,0,0),(53121,'油潭触发特效',0,53121,0,0,0,0,0),(53122,'油潭受击特效',0,53122,0,0,0,0,0),(53131,'流沙特效',0,53131,0,0,0,0,0),(53132,'流沙受击特效',0,53132,0,0,0,0,0),(53140,'地刺待机特效',0,53140,0,0,0,0,0),(53141,'地刺特攻击效',0,53141,0,0,0,0,0),(53142,'地刺受击特效',0,53142,0,0,0,0,0),(54001,'闪光弹小',0,54001,0,0,0,0,0),(54002,'手雷(小)',0,54002,0,0,0,0,0),(54003,'医疗箱（小）',0,54003,0,0,0,0,0),(54004,'吃手雷(小)',0,54004,0,21043,0,0,0),(54005,'吃闪光弹小',0,54005,0,21043,0,0,0),(54006,'吃医疗箱（小）',0,54006,0,21043,0,0,0),(54007,'燃烧弹',0,54007,0,0,0,0,0),(54008,'吃燃烧弹',0,54008,0,21043,0,0,0),(54009,'医疗箱（中）',0,54009,0,0,0,0,0),(54011,'弹药补给箱_循环',0,54011,0,0,0,0,0),(54012,'弹药补给箱_打开',0,54012,0,0,0,0,0),(54021,'手榴弹补给箱_循环',0,54021,0,0,0,0,0),(54022,'手榴弹补给箱_打开',0,54022,0,0,0,0,0),(54031,'医疗箱_循环',0,54031,0,0,0,0,0),(54032,'医疗箱_打开',0,54032,0,21043,0,0,0),(54041,'补给箱生成表现',0,54041,0,0,0,0,0),(54051,'持续加血特效',0,54051,0,0,0,0,0),(54061,'单次加子弹特效',0,54061,0,0,0,0,0),(54062,'子弹消失特效',0,54062,0,0,0,0,0),(54071,'单次加手雷特效',0,54071,0,0,0,0,0),(54072,'手雷消失特效',0,54072,0,0,0,0,0),(54081,'埋弹循环特效',0,54081,0,0,0,0,0),(54082,'埋弹闪光特效',0,54082,0,0,0,0,0),(54083,'C4地面循环',0,54083,0,0,0,0,0),(54084,'C4拾取特效',0,54084,0,0,0,0,0),(54085,'C4头顶标识',0,54085,0,0,0,0,0),(54086,'C4爆炸特效',0,54086,0,0,0,0,0),(54141,'加速箱子',0,54141,0,0,0,0,0),(54142,'加速箱子_打开',0,54142,0,21043,0,0,0),(54143,'加速箱子_角色',0,54143,0,0,0,0,0),(54151,'护盾箱子',0,54151,0,0,0,0,0),(54152,'护盾箱子_打开',0,54152,0,21043,0,0,0),(54153,'护盾箱子_角色',0,54153,0,0,0,0,0),(54201,'光幕',0,54201,0,0,0,0,0),(54202,'箭头路标',0,54202,0,0,0,0,0),(54203,'范围指示器',0,54203,0,0,0,0,0),(54204,'手雷范围指示器',0,54204,0,0,0,0,0),(54205,'靶子破坏效果',0,54205,0,0,0,0,0),(54206,'靶子警示效果',0,54206,0,0,0,0,0),(54207,'靶子刷出特效',0,54207,0,0,0,0,0),(54300,'资源点_小_刷出特效',0,54300,0,0,0,0,0),(54301,'资源点_小_占领前',0,54301,0,0,0,0,0),(54302,'资源点_小_占领中',0,54302,0,0,0,0,0),(54303,'资源点_小_占领后_蓝',0,54303,0,0,0,0,0),(54304,'资源点_小_占领后_红',0,54304,0,0,0,0,0),(54311,'资源点_大_占领前',0,54311,0,0,0,0,0),(54312,'资源点_大_占领中',0,54312,0,0,0,0,0),(54313,'资源点_大_占领后_蓝',0,54313,0,0,0,0,0),(54314,'资源点_大_占领后_红',0,54314,0,0,0,0,0),(54321,'资源点_特大_占领前',0,54321,0,0,0,0,0),(54322,'资源点_特大_占领中',0,54322,0,0,0,0,0),(54323,'资源点_特大_占领后蓝',0,54323,0,0,0,0,0),(54324,'资源点_特大_占领后红',0,54324,0,0,0,0,0),(54401,'沙漠掩体大-半摧毁',0,54401,0,0,0,0,0),(54402,'沙漠掩体大-全摧毁',0,54402,0,0,0,0,0),(54403,'沙漠掩体小-半摧毁',0,54403,0,0,0,0,0),(54404,'沙漠掩体小-全摧毁',0,54404,0,0,0,0,0),(54405,'沙漠掩体标识特效大',0,54405,0,0,0,0,0),(54406,'沙漠掩体标识特效小',0,54406,0,0,0,0,0),(54411,'基地掩体大-半摧毁',0,54411,0,0,0,0,0),(54412,'基地掩体大-全摧毁',0,54412,0,0,0,0,0),(54413,'基地掩体小-半摧毁',0,54413,0,0,0,0,0),(54414,'基地掩体小-全摧毁',0,54414,0,0,0,0,0),(54415,'基地掩体标识特效大',0,54415,0,0,0,0,0),(54416,'基地掩体标识特效小',0,54416,0,0,0,0,0),(54421,'航母掩体大-半摧毁',0,54421,0,0,0,0,0),(54422,'航母掩体大-全摧毁',0,54422,0,0,0,0,0),(54423,'航母掩体小-半摧毁',0,54423,0,0,0,0,0),(54424,'航母掩体小-全摧毁',0,54424,0,0,0,0,0),(54425,'航母掩体标识特效大',0,54425,0,0,0,0,0),(54426,'航母掩体标识特效小',0,54426,0,0,0,0,0),(54431,'雪地掩体大-半摧毁',0,54431,0,0,0,0,0),(54432,'雪地掩体大-全摧毁',0,54432,0,0,0,0,0),(54433,'雪地掩体小-半摧毁',0,54433,0,0,0,0,0),(54434,'雪地掩体小-全摧毁',0,54434,0,0,0,0,0),(54435,'雪地掩体标识特效大',0,54435,0,0,0,0,0),(54436,'雪地掩体标识特效小',0,54436,0,0,0,0,0),(54441,'遗迹掩体大-半摧毁',0,54441,0,0,0,0,0),(54442,'遗迹掩体大-全摧毁',0,54442,0,0,0,0,0),(54443,'遗迹掩体小-半摧毁',0,54443,0,0,0,0,0),(54444,'遗迹掩体小-全摧毁',0,54444,0,0,0,0,0),(54445,'遗迹掩体标识特效小',0,54445,0,0,0,0,0),(54446,'遗迹掩体标识特效小',0,54446,0,0,0,0,0),(54450,'通用刷出特效-大',0,54450,0,0,0,0,0),(54451,'通用刷出特效-小',0,54451,0,0,0,0,0),(55001,'升级特效',0,55001,0,10109,0,0,0),(55101,'骷髅头特效',0,55101,0,0,0,0,0),(55200,'迷你经验',0,55200,0,0,0,0,0),(55201,'小经验',0,55201,0,0,0,0,0),(55202,'中经验',0,55202,0,0,0,0,0),(55203,'大经验',0,55203,0,0,0,0,0),(55204,'吃经验',0,55204,0,21043,0,0,0),(61001,'攻击1右',3002,61001,0,24001,0,0,0),(61002,'攻击1受击',0,61002,0,24002,0,0,0),(61003,'攻击1预警',0,61003,0,0,0,0,0),(61004,'攻击2左',3003,61004,0,24003,0,0,0),(61005,'攻击2受击',0,61005,0,24004,0,0,0),(61006,'攻击2预警',0,61006,0,0,0,0,0),(61007,'技能攻击1',3004,61007,0,24005,0,0,0),(61008,'技能1受击1',0,61008,0,24006,0,0,0),(61009,'技能1受击2',0,61009,0,24006,0,0,0),(61010,'技能1受击3',0,61010,0,24006,0,0,0),(61011,'技能1预警',0,61011,0,0,0,0,0),(61012,'技能攻击2',3005,61012,0,24007,0,0,0),(61013,'技能2受击',0,61013,0,24008,0,0,0),(61014,'技能2预警',0,61014,0,0,0,0,0),(61015,'特殊攻击',3006,0,0,24009,0,0,0),(61016,'特殊攻击受击',0,61016,0,24010,0,0,0),(61017,'特殊攻击爆炸',0,61017,0,0,0,0,0),(61018,'特殊攻击预警',0,61018,0,0,0,0,0),(61019,'特殊攻击2_普通',3006,0,0,24011,0,0,0),(61020,'特殊攻击2_受击',0,61020,0,24012,0,0,0),(61021,'特殊攻击2_爆炸',0,61021,0,0,0,0,0),(61022,'出场动作',0,61022,0,24013,0,0,0),(61023,'特殊攻击1_弹道',0,61015,0,0,0,0,0),(61024,'特殊攻击2_弹道',0,61019,0,0,0,0,0),(61025,'死亡表现',0,61025,0,24014,0,0,0),(71010,'突击步枪_弹道',0,71010,0,0,0,0,0),(71011,'突击步枪_枪花',0,71011,0,0,0,0,0),(71012,'突击步枪_弹壳',0,71012,0,0,0,0,0),(71013,'突击步枪_受击',0,71013,0,0,0,0,0),(71020,'机枪_弹道',0,71020,0,0,0,0,0),(71021,'机枪_枪花',0,71021,0,0,0,0,0),(71022,'机枪_弹壳',0,71022,0,0,0,0,0),(71023,'机枪_受击',0,71023,0,0,0,0,0),(71030,'散弹枪_弹道',0,71030,0,0,0,0,0),(71031,'散弹枪_枪花',0,71031,0,0,0,0,0),(71032,'散弹枪_弹壳',0,71032,0,0,0,0,0),(71033,'散弹枪_受击',0,71033,0,0,0,0,0),(71040,'狙击枪_弹道',0,71040,0,0,0,0,0),(71041,'狙击枪_枪花',0,71041,0,0,0,0,0),(71042,'狙击枪_弹壳',0,71042,0,0,0,0,0),(71043,'狙击枪_受击',0,71043,0,0,0,0,0),(71050,'手雷弹道',0,71050,0,0,0,0,0),(71060,'闪光弹弹道',0,71060,0,0,0,0,0),(71070,'双枪弹道',0,71070,0,0,0,0,0),(71071,'双枪枪花',0,71071,0,0,0,0,0),(71072,'双枪弹壳',0,71072,0,0,0,0,0),(71073,'双枪受击',0,71073,0,0,0,0,0),(71081,'喷火枪弹道',0,71081,0,0,0,0,0),(71082,'喷火枪弹壳',0,71082,0,0,0,0,0),(71083,'喷火枪受击',0,71083,0,0,0,0,0),(71090,'电磁弩枪花',0,71090,0,0,0,0,0),(71091,'电磁弩弹道',0,71091,0,0,0,0,0),(71092,'电磁弩弹壳',0,71092,0,0,0,0,0),(71093,'电磁弩受击',0,71093,0,0,0,0,0),(72011,'命中血肉小',0,72011,0,0,0,0,0),(72012,'命中血肉中',0,72012,0,0,0,0,0),(72013,'命中血肉大',0,72013,0,0,0,0,0),(72021,'命中金属小',0,72021,0,0,0,0,0),(72022,'命中金属中',0,72022,0,0,0,0,0),(72023,'命中金属大',0,72023,0,0,0,0,0),(73010,'盖亚皮肤1弹道',0,73010,0,0,0,0,0),(73011,'盖亚皮肤2弹道',0,73011,0,0,0,0,0),(73020,'壮汉皮肤1弹道',0,73020,0,0,0,0,0),(73021,'壮汉皮肤2弹道',0,73021,0,0,0,0,0),(73030,'逗比皮肤1弹道',0,73030,0,0,0,0,0),(73031,'逗比皮肤2弹道',0,73031,0,0,0,0,0),(73040,'女主皮肤1弹道',0,73040,0,0,0,0,0),(73041,'女主皮肤2弹道',0,73041,0,0,0,0,0),(73050,'护士皮肤1弹道',0,73050,0,0,0,0,0),(73051,'护士皮肤2弹道',0,73051,0,0,0,0,0),(73060,'李龙皮肤1弹道',0,73060,0,0,0,0,0),(73061,'李龙皮肤2弹道',0,73061,0,0,0,0,0),(73070,'凯瑟琳皮肤1弹道',0,73070,0,0,0,0,0),(73071,'凯瑟琳皮肤2弹道',0,73071,0,0,0,0,0),(73080,'比尔皮肤1弹道',0,73080,0,0,0,0,0),(73081,'比尔皮肤2弹道',0,73081,0,0,0,0,0),(73090,'埃米尔皮肤1弹道',0,73090,0,0,0,0,0),(73091,'埃米尔皮肤2弹道',0,73091,0,0,0,0,0),(73100,'迪亚比皮肤1弹道',0,73100,0,0,0,0,0),(73101,'迪亚比皮肤2弹道',0,73101,0,0,0,0,0),(73110,'火王皮肤1弹道',0,73110,0,0,0,0,0),(73111,'火王皮肤2弹道',0,73111,0,0,0,0,0),(73112,'火王皮肤3弹道',0,73112,0,0,0,0,0),(73120,'娜莎皮肤1弹道',0,73120,0,0,0,0,0),(73121,'娜莎皮肤2弹道',0,73121,0,0,0,0,0),(73130,'卡彭皮肤1弹道',0,73130,0,0,0,0,0),(73140,'帕蒂皮肤1弹道',0,73140,0,0,0,0,0),(74010,'盖亚皮肤1枪花',0,74010,0,0,0,0,0),(74011,'盖亚皮肤2枪花',0,74011,0,0,0,0,0),(74020,'壮汉皮肤1枪花',0,74020,0,0,0,0,0),(74021,'壮汉皮肤2枪花',0,74021,0,0,0,0,0),(74030,'逗比皮肤1枪花',0,74030,0,0,0,0,0),(74031,'逗比皮肤2枪花',0,74031,0,0,0,0,0),(74040,'女主皮肤1枪花',0,74040,0,0,0,0,0),(74041,'女主皮肤2枪花',0,74041,0,0,0,0,0),(74050,'护士皮肤1枪花',0,74050,0,0,0,0,0),(74051,'护士皮肤2枪花',0,74051,0,0,0,0,0),(74060,'李龙皮肤1枪花',0,74060,0,0,0,0,0),(74061,'李龙皮肤2枪花',0,74061,0,0,0,0,0),(74070,'凯瑟琳皮肤1枪花',0,74070,0,0,0,0,0),(74071,'凯瑟琳皮肤2枪花',0,74071,0,0,0,0,0),(74080,'比尔皮肤1枪花',0,74080,0,0,0,0,0),(74081,'比尔皮肤2枪花',0,74081,0,0,0,0,0),(74090,'埃米尔皮肤1枪花',0,74090,0,0,0,0,0),(74091,'埃米尔皮肤2枪花',0,74091,0,0,0,0,0),(74100,'迪亚比皮肤1枪花',0,74100,0,0,0,0,0),(74101,'迪亚比皮肤2枪花',0,74101,0,0,0,0,0),(74120,'娜莎皮肤1枪花',0,74120,0,0,0,0,0),(74121,'娜莎皮肤2枪花',0,74121,0,0,0,0,0),(74140,'帕蒂皮肤1枪花',0,74140,0,0,0,0,0),(75010,'盖亚皮肤1弹壳',0,75010,0,0,0,0,0),(75011,'盖亚皮肤2弹壳',0,75011,0,0,0,0,0),(75020,'壮汉皮肤1弹壳',0,75020,0,0,0,0,0),(75021,'壮汉皮肤2弹壳',0,75021,0,0,0,0,0),(75030,'逗比皮肤1弹壳',0,75030,0,0,0,0,0),(75031,'逗比皮肤2弹壳',0,75031,0,0,0,0,0),(75040,'女主皮肤1弹壳',0,75040,0,0,0,0,0),(75041,'女主皮肤2弹壳',0,75041,0,0,0,0,0),(75050,'护士皮肤1弹壳',0,75050,0,0,0,0,0),(75051,'护士皮肤2弹壳',0,75051,0,0,0,0,0),(75060,'李龙皮肤1弹壳',0,75060,0,0,0,0,0),(75061,'李龙皮肤2弹壳',0,75061,0,0,0,0,0),(75070,'凯瑟琳皮肤1弹壳',0,75070,0,0,0,0,0),(75071,'凯瑟琳皮肤2弹壳',0,75071,0,0,0,0,0),(75080,'比尔皮肤1弹壳',0,75080,0,0,0,0,0),(75081,'比尔皮肤2弹壳',0,75081,0,0,0,0,0),(75090,'埃米尔皮肤1弹壳',0,75090,0,0,0,0,0),(75091,'埃米尔皮肤2弹壳',0,75091,0,0,0,0,0),(75100,'迪亚比皮肤1弹壳',0,75100,0,0,0,0,0),(75101,'迪亚比皮肤2弹壳',0,75101,0,0,0,0,0),(75110,'火王皮肤1弹壳',0,75110,0,0,0,0,0),(75111,'火王皮肤2弹壳',0,75111,0,0,0,0,0),(75120,'娜莎皮肤1弹壳',0,75120,0,0,0,0,0),(75121,'娜莎皮肤2弹壳',0,75121,0,0,0,0,0),(75130,'卡彭皮肤1弹壳',0,75130,0,0,0,0,0),(76010,'盖亚皮肤1受击',0,76010,0,20015,0,0,0),(76011,'盖亚皮肤2受击',0,76011,0,20017,0,0,0),(76020,'壮汉皮肤1受击',0,76020,0,20015,0,0,0),(76021,'壮汉皮肤2受击',0,76021,0,20017,0,0,0),(76030,'逗比皮肤1受击',0,76030,0,20015,0,0,0),(76031,'逗比皮肤2受击',0,76031,0,20017,0,0,0),(76040,'女主皮肤1受击',0,76040,0,20015,0,0,0),(76041,'女主皮肤2受击',0,76041,0,20017,0,0,0),(76050,'护士皮肤1受击',0,76050,0,20015,0,0,0),(76051,'护士皮肤2受击',0,76051,0,20017,0,0,0),(76060,'李龙皮肤1受击',0,76060,0,20015,0,0,0),(76061,'李龙皮肤2受击',0,76061,0,20017,0,0,0),(76070,'凯瑟琳皮肤1受击',0,76070,0,20015,0,0,0),(76071,'凯瑟琳皮肤2受击',0,76071,0,20017,0,0,0),(76080,'比尔皮肤1受击',0,76080,0,20015,0,0,0),(76081,'比尔皮肤2受击',0,76081,0,20017,0,0,0),(76090,'埃米尔皮肤1受击',0,76090,0,20015,0,0,0),(76091,'埃米尔皮肤2受击',0,76091,0,20017,0,0,0),(76100,'迪亚比皮肤1受击',0,76100,0,20015,0,0,0),(76101,'迪亚比皮肤2受击',0,76101,0,20017,0,0,0),(76110,'火王皮肤1受击',0,76110,0,21009,0,0,0),(76111,'火王皮肤2受击',0,76111,0,21009,0,0,0),(76112,'火王皮肤3受击',0,76112,0,21009,0,0,0),(76120,'娜莎皮肤1受击',0,76120,0,20015,0,0,0),(76121,'娜莎皮肤2受击',0,76121,0,20017,0,0,0),(76130,'卡彭皮肤1受击',0,76130,0,51300,0,0,0),(76140,'帕蒂皮肤1受击',0,76140,0,51400,0,0,0),(77010,'盖亚皮肤1打墙',0,77010,0,20022,0,0,0),(77011,'盖亚皮肤2打墙',0,77011,0,20023,0,0,0),(77020,'壮汉皮肤1打墙',0,77020,0,20022,0,0,0),(77021,'壮汉皮肤2打墙',0,77021,0,20023,0,0,0),(77030,'逗比皮肤1打墙',0,77030,0,20022,0,0,0),(77031,'逗比皮肤2打墙',0,77031,0,20023,0,0,0),(77040,'女主皮肤1打墙',0,77040,0,20022,0,0,0),(77041,'女主皮肤2打墙',0,77041,0,20023,0,0,0),(77050,'护士皮肤1打墙',0,77050,0,20022,0,0,0),(77051,'护士皮肤2打墙',0,77051,0,20023,0,0,0),(77060,'李龙皮肤1打墙',0,77060,0,20022,0,0,0),(77061,'李龙皮肤2打墙',0,77061,0,20023,0,0,0),(77070,'凯瑟琳皮肤1打墙',0,77070,0,20022,0,0,0),(77071,'凯瑟琳皮肤2打墙',0,77071,0,20023,0,0,0),(77080,'比尔皮肤1打墙',0,77080,0,20022,0,0,0),(77081,'比尔皮肤2打墙',0,77081,0,20023,0,0,0),(77090,'埃米尔皮肤1打墙',0,77090,0,20022,0,0,0),(77091,'埃米尔皮肤2打墙',0,77091,0,20023,0,0,0),(77100,'迪亚比皮肤1打墙',0,77100,0,20022,0,0,0),(77101,'迪亚比皮肤2打墙',0,77101,0,20023,0,0,0),(77110,'火王皮肤1打墙',0,77110,0,0,0,0,0),(77111,'火王皮肤2打墙',0,77111,0,0,0,0,0),(77120,'娜莎皮肤1打墙',0,77120,0,20022,0,0,0),(77121,'娜莎皮肤2打墙',0,77121,0,20023,0,0,0),(77130,'卡彭皮肤1打墙',0,77130,0,0,0,0,0),(77140,'帕蒂皮肤1打墙',0,77140,0,0,0,0,0),(78110,'火王皮肤1穿透',0,78110,0,0,0,0,0),(78111,'火王皮肤2穿透',0,78111,0,0,0,0,0),(78112,'火王皮肤3穿透',0,78112,0,0,0,0,0),(78130,'卡彭皮肤1穿透',0,78130,0,0,0,0,0),(78131,'卡彭皮肤2穿透',0,78131,0,0,0,0,0),(79110,'火王皮肤1填弹',0,79110,0,0,0,0,0),(79111,'火王皮肤2填弹',0,79111,0,0,0,0,0),(79112,'火王皮肤3填弹',0,79112,0,0,0,0,0),(79130,'卡彭皮肤1填弹',0,79130,0,0,0,0,0),(79131,'卡彭皮肤2填弹',0,79131,0,0,0,0,0),(80001,'普通怪物攻击1',0,0,0,0,0,0,0),(80002,'普通怪物攻击2',0,0,0,0,0,0,0),(80003,'普通怪物技能攻击',0,0,0,0,0,0,0),(80004,'轻微受击',0,53002,0,0,0,0,0),(80005,'重度受击',0,53002,0,0,0,0,0),(80006,'击飞受击',0,53002,0,0,0,0,0),(80007,'眩晕受击',0,53002,0,0,0,0,0),(80008,'瘫痪受击',0,53002,0,0,0,0,0),(80009,'死亡动作',0,0,0,0,0,0,0),(80010,'出场动作',0,61022,0,0,0,0,0),(80900,'怪物BUFF测试',0,54011,0,0,0,0,0),(80901,'中毒受击测试',0,53071,0,0,0,0,0),(80902,'疯狂扫射',101,0,0,22078,0,0,0),(80903,'燃烧受击',0,53012,0,0,0,0,0),(81140,'帕蒂皮肤1落地爆炸',0,81140,0,41400,0,0,0),(81141,'帕蒂皮肤2落地爆炸',0,81141,0,41400,0,0,0),(101000,'盖亚技能1_动作',1010,0,0,22078,0,0,0),(101010,'盖亚技能1_枪花',0,101010,0,0,0,0,0),(101011,'盖亚技能1_枪花',0,101011,0,0,0,0,0),(101020,'盖亚技能1_弹道',0,101020,0,0,0,0,0),(101021,'盖亚技能1_弹道',0,101021,0,0,0,0,0),(101030,'盖亚技能1_打墙',0,101030,0,20018,0,0,0),(101031,'盖亚技能1_打墙',0,101031,0,20018,0,0,0),(101040,'盖亚技能1_受击',0,101040,0,20018,0,0,0),(101041,'盖亚技能1_受击',0,101041,0,20018,0,0,0),(101050,'盖亚技能2_释放',1020,101050,0,23020,0,0,0),(101051,'盖亚技能2_释放',1020,101051,0,23020,0,0,0),(101060,'盖亚技能2_触发器出场',3008,101060,0,0,0,0,0),(101061,'盖亚技能2_触发器出场',3008,101061,0,0,0,0,0),(101070,'盖亚技能2_触发器启动',122,101070,0,23021,0,0,0),(101071,'盖亚技能2_触发器启动',122,101071,0,23021,0,0,0),(101080,'盖亚技能2_触发器销毁',0,101080,0,23023,0,0,0),(101081,'盖亚技能2_触发器销毁',0,101081,0,23023,0,0,0),(101090,'盖亚技能2_护盾',0,101090,0,23022,0,0,0),(101091,'盖亚技能2_护盾',0,101091,0,23022,0,0,0),(101100,'盖亚技能3_翻滚_释放',1030,101100,0,23016,0,0,0),(102010,'壮汉技能1_释放',1010,102010,0,22079,0,0,0),(102011,'壮汉技能1_释放',1010,102011,0,22079,0,0,0),(102020,'壮汉技能1_BUFF',0,102020,0,0,0,0,0),(102021,'壮汉技能1_BUFF',0,102021,0,0,0,0,0),(102030,'壮汉技能1_连招2_护盾爆炸',1011,102030,0,0,0,0,0),(102031,'壮汉技能1_连招2_护盾爆炸',1011,102031,0,0,0,0,0),(102040,'壮汉技能1_连招2_受击',0,102040,0,20018,0,0,0),(102041,'壮汉技能1_连招2_受击',0,102041,0,20018,0,0,0),(102050,'壮汉技能2_释放',1020,102050,0,23024,0,0,0),(102051,'壮汉技能2_释放',1020,102051,0,23024,0,0,0),(102060,'壮汉技能2_阵壁',3008,102060,0,0,0,0,0),(102061,'壮汉技能2_阵壁',3008,102061,0,0,0,0,0),(102070,'壮汉技能2__触发器死亡',0,102070,0,23025,0,0,0),(102071,'壮汉技能2__触发器死亡',0,102071,0,23025,0,0,0),(102080,'壮汉技能3_冲锋_释放',1030,102080,0,23026,0,0,0),(102081,'壮汉技能3_冲锋_释放',1030,102081,0,23026,0,0,0),(102090,'壮汉技能3_冲锋_受击',0,102090,0,20022,0,0,0),(102091,'壮汉技能3_冲锋_受击',0,102091,0,20022,0,0,0),(103010,'塞西技能1_释放',1010,103010,0,22080,0,0,0),(103020,'塞西技能1_BUFF',0,103020,0,0,0,0,0),(103030,'塞西技能2',1020,103030,0,23036,0,0,0),(103031,'塞西技能2',1020,103031,0,23036,0,0,0),(103040,'塞西技能2_喷射',0,103040,0,0,0,0,0),(103041,'塞西技能2_喷射',0,103041,0,0,0,0,0),(103050,'塞西技能2_受击',0,103050,0,20019,0,0,0),(103051,'塞西技能2_受击',0,103051,0,20019,0,0,0),(103060,'塞西技能3_滑铲',1030,103060,0,23037,0,0,0),(104030,'女主技能1_释放',1010,104030,0,0,0,0,0),(104040,'女主技能1_BUFF',0,104040,0,0,0,0,0),(104050,'女主技能1_爆开',0,104050,0,0,0,0,0),(104060,'女主技能1_受击',0,104060,0,0,0,0,0),(104070,'女主技能2_释放',1020,104070,0,23031,0,0,0),(104071,'女主技能2_释放',1020,104071,0,23031,0,0,0),(104080,'女主技能2_传送标记',0,104080,0,0,0,0,0),(104081,'女主技能2_传送标记',0,104081,0,0,0,0,0),(104090,'女主技能2_传送效果',0,104090,0,23032,0,0,0),(104091,'女主技能2_传送效果',0,104091,0,23032,0,0,0),(104100,'女主技能2_触发器销毁效果',0,104100,0,23032,0,0,0),(104101,'女主技能2_触发器销毁效果',0,104101,0,23032,0,0,0),(104110,'女主技能3_翻滚',1030,104110,0,23032,0,0,0),(105010,'护士治疗特效',1010,105010,0,23013,0,0,0),(105011,'护士治疗特效',1010,105011,0,23013,0,0,0),(105020,'护士被治疗特效',0,105020,0,23014,0,0,0),(105021,'护士被治疗特效',0,105021,0,23014,0,0,0),(105030,'护士技能2_睡眠针_释放',1020,105030,0,0,0,0,0),(105040,'护士技能2_睡眠针_弹道',0,105040,0,0,0,0,0),(105050,'护士技能2_睡眠针_打墙',0,105050,0,0,0,0,0),(105060,'护士技能2_睡眠针_受击',0,105060,0,0,0,0,0),(105070,'护士技能3_释放',1030,105070,0,23035,0,0,0),(105080,'护士技能3_BUFF效果',0,105080,0,0,0,0,0),(106010,'侠客技能1_连招1_释放',1010,106010,0,23027,0,0,0),(106011,'侠客技能1_连招1_释放',1010,106011,0,23027,0,0,0),(106020,'侠客技能1_连招1_受击',0,106020,0,23029,0,0,0),(106021,'侠客技能1_连招1_受击',0,106021,0,23029,0,0,0),(106030,'侠客技能1_连招2_释放',1011,106030,0,0,0,0,0),(106031,'侠客技能1_连招2_释放',1011,106031,0,0,0,0,0),(106040,'侠客技能1_连招2_受击',0,106040,0,23029,0,0,0),(106041,'侠客技能1_连招2_受击',0,106041,0,23029,0,0,0),(106050,'侠客技能2_释放_刀光',1020,106050,0,23028,0,0,0),(106051,'侠客技能2_释放_刀光',1020,106051,0,23028,0,0,0),(106060,'侠客技能2_弹道_剑气',0,106060,0,0,0,0,0),(106061,'侠客技能2_弹道_剑气',0,106061,0,0,0,0,0),(106070,'侠客技能2_受击',0,106070,0,23029,0,0,0),(106071,'侠客技能2_受击',0,106071,0,23029,0,0,0),(106080,'侠客技能2_穿透表现',0,106080,0,23029,0,0,0),(106081,'侠客技能2_穿透表现',0,106081,0,23029,0,0,0),(106090,'侠客技能3_瞬闪斩杀_释放',1030,106090,0,23030,0,0,0),(106091,'侠客技能3_瞬闪斩杀_释放',1030,106091,0,23030,0,0,0),(106100,'侠客技能3_瞬闪斩杀_受击',0,106100,0,23029,0,0,0),(106101,'侠客技能3_瞬闪斩杀_受击',0,106101,0,23029,0,0,0),(106610,'侠客武器',0,106610,0,0,0,0,0),(107010,'凯瑟琳技能1_释放',1010,107010,0,22082,0,0,0),(107011,'凯瑟琳技能1_释放',1010,107011,0,22082,0,0,0),(107020,'凯瑟琳技能1_爆炸',0,107020,0,21006,0,0,0),(107021,'凯瑟琳技能1_爆炸',0,107021,0,21006,0,0,0),(107030,'凯瑟琳技能1_受击',0,107030,0,23012,0,0,0),(107031,'凯瑟琳技能1_受击',0,107031,0,23012,0,0,0),(107040,'凯瑟琳技能2_释放',1020,107040,0,23033,0,0,0),(107041,'凯瑟琳技能2_释放',1020,107041,0,23033,0,0,0),(107050,'凯瑟琳技能2_炮塔生成',3008,107050,0,0,0,0,0),(107051,'凯瑟琳技能2_炮塔生成',3008,107051,0,0,0,0,0),(107060,'凯瑟琳技能2_炮塔枪花',0,107060,0,0,0,0,0),(107061,'凯瑟琳技能2_炮塔枪花',0,107061,0,0,0,0,0),(107070,'凯瑟琳技能2_炮塔弹道',0,107070,0,0,0,0,0),(107071,'凯瑟琳技能2_炮塔弹道',0,107071,0,0,0,0,0),(107080,'凯瑟琳技能2_炮塔打墙',0,107080,0,20022,0,0,0),(107081,'凯瑟琳技能2_炮塔打墙',0,107081,0,20022,0,0,0),(107090,'凯瑟琳技能2_炮塔受击',0,107090,0,20016,0,0,0),(107091,'凯瑟琳技能2_炮塔受击',0,107091,0,20016,0,0,0),(107100,'凯瑟琳技能2_炮塔摧毁表现',0,107100,0,23034,0,0,0),(107101,'凯瑟琳技能2_炮塔摧毁表现',0,107101,0,23034,0,0,0),(107110,'凯瑟琳_技能3_释放',0,107110,0,0,0,0,0),(107120,'凯瑟琳_技能3_BUFF',0,107120,0,0,0,0,0),(108010,'比尔火箭筒',1010,108010,0,23009,0,0,0),(108020,'比尔火箭筒攻击弹道',0,108020,0,23010,0,0,0),(108030,'比尔火箭筒爆炸特效',0,108030,0,23011,0,0,0),(108031,'比尔火箭筒爆炸特效',0,108031,0,23011,0,0,0),(108040,'比尔火箭筒受击特效',0,108040,0,23012,0,0,0),(108041,'比尔火箭筒受击特效',0,108041,0,23012,0,0,0),(108050,'比尔技能2_抓钩释放',1020,108050,0,23040,0,0,0),(108051,'比尔技能2_抓钩释放',1020,108051,0,23040,0,0,0),(108060,'比尔技能2_抓钩弹道',0,108060,0,0,0,0,0),(108070,'比尔技能2_抓钩抓住',0,108070,0,23042,0,0,0),(108080,'比尔技能3_突进_释放',1030,108080,0,23043,0,0,0),(108090,'比尔技能3_突进_护盾',0,108090,0,0,0,0,0),(108610,'比尔抓钩-动作-抓回来',1021,0,0,23041,0,0,0),(109000,'中东技能1释放',1010,109010,0,23005,0,0,0),(109001,'中东技能1释放',1010,109011,0,0,0,0,0),(109010,'中东技能1弹道',0,109010,0,0,0,0,0),(109011,'中东技能1弹道',0,109011,0,0,0,0,0),(109020,'中东技能1爆炸',0,109020,0,23007,0,0,0),(109021,'中东技能1爆炸',0,109021,0,23007,0,0,0),(109030,'中东技能1受击',0,109030,0,23008,0,0,0),(109031,'中东技能1受击',0,109031,0,23008,0,0,0),(109040,'阿拉伯技能2_释放',1020,109040,0,23044,0,0,0),(109041,'阿拉伯技能2_释放',1020,109041,0,23044,0,0,0),(109050,'阿拉伯技能2_弹道',0,109050,0,0,0,0,0),(109051,'阿拉伯技能2_弹道',0,109051,0,0,0,0,0),(109060,'阿拉伯技能2_爆炸拉扯',0,109060,0,23046,0,0,0),(109061,'阿拉伯技能2_爆炸拉扯',0,109061,0,23046,0,0,0),(109070,'阿拉伯技能2_受击',0,109070,0,23045,0,0,0),(109071,'阿拉伯技能2_受击',0,109071,0,23045,0,0,0),(109080,'阿拉伯技能3跳跃_释放',1030,109080,0,23047,0,0,0),(109081,'阿拉伯技能3跳跃_释放',1030,109081,0,23047,0,0,0),(109090,'阿拉伯技能3跳跃_受击',0,109090,0,0,0,0,0),(109091,'阿拉伯技能3跳跃_受击',0,109091,0,0,0,0,0),(109610,'阿拉伯技能3_连招2',1031,0,0,0,0,0,0),(110000,'双枪技能1_动作',1010,0,0,23038,0,0,0),(110010,'双枪技能1_弹道',0,110010,0,0,0,0,0),(110011,'双枪技能1_弹道',0,110011,0,0,0,0,0),(110020,'双枪技能1_枪花',0,110020,0,0,0,0,0),(110021,'双枪技能1_枪花',0,110021,0,0,0,0,0),(110030,'双枪技能1打墙',0,110030,0,20018,0,0,0),(110031,'双枪技能1打墙',0,110031,0,20018,0,0,0),(110040,'双枪技能1_受击',0,110040,0,20018,0,0,0),(110041,'双枪技能1_受击',0,110041,0,20018,0,0,0),(110050,'双枪技能2_释放',1020,110050,0,23039,0,0,0),(110051,'双枪技能2_释放',1020,110051,0,23039,0,0,0),(110060,'双枪技能2_受击',0,110060,0,20018,0,0,0),(110061,'双枪技能2_受击',0,110061,0,20018,0,0,0),(110070,'迪亚比_技能3忍步_消失',1030,110070,0,0,0,0,0),(110071,'迪亚比_技能3忍步_消失',1030,110071,0,0,0,0,0),(110080,'迪亚比_技能3忍步_出现',0,110080,0,0,0,0,0),(110081,'迪亚比_技能3忍步_出现',0,110081,0,0,0,0,0),(111010,'火王技能1_喷火效果_0',1010,111010,0,23057,0,0,0),(111011,'火王技能1_喷火效果_1',1010,111011,0,23057,0,0,0),(111012,'火王技能1_喷火效果_2',1010,111012,0,23057,0,0,0),(111020,'火王技能1_火墙效果_0',0,111020,0,0,0,0,0),(111021,'火王技能1_火墙效果_1',0,111021,0,0,0,0,0),(111022,'火王技能1_火墙效果_2',0,111022,0,0,0,0,0),(111030,'火王技能1_灼烧效果_0',0,111030,0,23058,0,0,0),(111031,'火王技能1_灼烧效果_1',0,111031,0,23058,0,0,0),(111032,'火王技能1_灼烧效果_2',0,111032,0,23058,0,0,0),(111040,'火王技能2_释放',1020,111040,0,0,0,0,0),(111042,'火王技能2_释放',1020,111042,0,0,0,0,0),(111050,'火王技能2_油桶弹道_0',0,111050,0,0,0,0,0),(111052,'火王技能2_油桶弹道_2',0,111052,0,0,0,0,0),(111060,'火王技能2_油桶落地爆炸_0',0,111060,0,0,0,0,0),(111062,'火王技能2_油桶落地爆炸_2',0,111062,0,0,0,0,0),(111070,'火王技能2_受击叠油_0',0,111070,0,0,0,0,0),(111072,'火王技能2_受击叠油_2',0,111072,0,0,0,0,0),(111080,'火王技能3_释放_0',1030,111080,0,23055,0,0,0),(111082,'火王技能3_释放_2',1030,111082,0,23055,0,0,0),(111090,'火王技能3_盾罩效果_0',0,111090,0,0,0,0,0),(111092,'火王技能3_盾罩效果_2',0,111092,0,0,0,0,0),(111100,'火王技能3_加护盾效果',0,111100,0,23056,0,0,0),(111110,'火王技能3_盾罩灼烧效果',0,111110,0,23058,0,0,0),(111120,'火王技能2_叠油起火_0',0,111120,0,0,0,0,0),(111122,'火王技能2_叠油起火_2',0,111122,0,0,0,0,0),(112010,'女弩技能1_释放',1010,112010,0,23049,0,0,0),(112011,'女弩技能1_释放',1010,112011,0,23049,0,0,0),(112020,'女弩技能1_触发器出场+启动',0,112020,0,0,0,0,0),(112021,'女弩技能1_触发器出场+启动',0,112021,0,0,0,0,0),(112030,'女弩技能1_触发器抓住+销毁',0,112030,0,23050,0,0,0),(112031,'女弩技能1_触发器抓住+销毁',0,112031,0,23050,0,0,0),(112040,'女弩技能1_被抓住效果',0,112040,0,23051,0,0,0),(112041,'女弩技能1_被抓住效果',0,112041,0,23051,0,0,0),(112050,'女弩技能2_枪花',0,112050,0,0,0,0,0),(112051,'女弩技能2_枪花',0,112051,0,0,0,0,0),(112060,'女弩技能2_区域落地',0,112060,0,23053,0,0,0),(112061,'女弩技能2_区域落地',0,112061,0,23053,0,0,0),(112070,'女弩技能2_受击',0,112070,0,23054,0,0,0),(112071,'女弩技能2_受击',0,112071,0,23054,0,0,0),(112080,'女弩技能3_跳跃_释放',1030,112080,0,0,0,0,0),(112081,'女弩技能3_跳跃_释放',1030,112081,0,0,0,0,0),(112090,'女弩技能3_落地_范围攻击',1031,112090,0,0,0,0,0),(112091,'女弩技能3_落地_范围攻击',1031,112091,0,0,0,0,0),(112100,'女弩技能3_受击',0,112100,0,0,0,0,0),(112101,'女弩技能3_受击',0,112101,0,0,0,0,0),(112110,'女弩技能1_被抓住后的标记效果',0,112110,0,0,0,0,0),(112111,'女弩技能1_被抓住后的标记效果',0,112111,0,0,0,0,0),(112610,'女弩技能2_动作',1020,0,0,23052,0,0,0),(113010,'卡彭技能1_磁能过载_释放',1010,113010,0,0,0,0,0),(113020,'卡彭技能1_磁能过载_BUFF',0,113020,0,0,0,0,0),(113030,'卡彭技能2_自愈_释放',1020,113030,0,0,0,0,0),(113040,'卡彭技能2_自愈_Buff',0,113040,0,0,0,0,0),(113050,'卡彭技能3_泰山压顶_释放',1030,113050,0,0,0,0,0),(113060,'卡彭技能3_泰山压顶_受击',0,113060,0,0,0,0,0),(113070,'卡彭技能3_单次治愈',0,113070,0,0,0,0,0),(114010,'帕蒂技能1_爆裂榴弹_释放',1010,114010,0,0,0,0,0),(114020,'帕蒂技能1_爆裂榴弹_弹道',0,114020,0,0,0,0,0),(114030,'帕蒂技能1_爆裂榴弹_爆炸',0,114030,0,0,0,0,0),(114040,'帕蒂技能1_爆裂榴弹_受击',0,114040,0,0,0,0,0),(114050,'帕蒂技能2_击退',1020,114050,0,0,0,0,0),(114060,'帕蒂技能2_受击',0,114060,0,0,0,0,0),(114070,'帕蒂技能3_战吼释放',1030,114070,0,0,0,0,0),(114080,'帕蒂技能_循环护盾',0,114080,0,0,0,0,0),(114090,'帕蒂技能_循环加速',0,114090,0,0,0,0,0),(200100,'盖亚待机表现',2100,0,0,0,0,0,0),(200101,'盖亚展示表现',2200,200101,0,31010,0,0,0),(200111,'盖亚皮肤1的展示表现',2200,200111,0,31010,0,0,0),(200200,'壮汉待机表现',2100,0,0,0,0,0,0),(200201,'壮汉展示表现',2200,200201,0,31020,0,0,0),(200211,'壮汉皮肤1的展示表现',2200,200211,0,31020,0,0,0),(200300,'逗比待机表现',2100,0,0,0,0,0,0),(200301,'逗比展示表现1',2200,200301,0,31030,0,0,0),(200302,'逗比展示表现2',0,200302,0,0,0,0,0),(200311,'逗比皮肤1的展示表现1',2200,200311,0,31030,0,0,0),(200312,'逗比皮肤1的展示表现2',0,200312,0,0,0,0,0),(200400,'女主待机表现',2100,0,0,0,0,0,0),(200401,'女主展示表现',2200,200401,0,31040,0,0,0),(200411,'女主皮肤1的展示表现',2200,200411,0,31040,0,0,0),(200500,'护士待机表现',2100,0,0,0,0,0,0),(200501,'护士展示表现',2200,200501,0,31050,0,0,0),(200511,'护士皮肤1的展示表现',2200,200511,0,31050,0,0,0),(200600,'李龙待机表现',2100,0,0,0,0,0,0),(200601,'李龙展示表现',2200,200601,0,31060,0,0,0),(200611,'李龙皮肤1的展示表现',2200,200611,0,31060,0,0,0),(200700,'凯瑟琳待机表现',2100,0,0,0,0,0,0),(200701,'凯瑟琳的展示表现',2200,200701,0,31070,0,0,0),(200711,'凯瑟琳皮肤1的展示表现',2200,200711,0,31070,0,0,0),(200712,'凯瑟琳皮肤1的展示表现',0,200712,0,0,0,0,0),(200800,'比尔待机表现',2100,0,0,0,0,0,0),(200801,'比尔展示表现1',2200,200801,0,31080,0,0,0),(200802,'比尔展示表现2',0,200802,0,0,0,0,0),(200811,'比尔皮肤1的展示表现1',2200,200811,0,31080,0,0,0),(200812,'比尔皮肤1的展示表现2',0,200812,0,0,0,0,0),(200900,'埃米尔待机表现',2100,0,0,0,0,0,0),(200901,'埃米尔的展示表现',2200,200901,0,31090,0,0,0),(200902,'埃米尔的展示表现',0,200902,0,0,0,0,0),(200911,'埃米尔皮肤1的展示表现',2200,200911,0,31090,0,0,0),(200912,'埃米尔皮肤1的展示表现',0,200912,0,0,0,0,0),(201000,'迪亚比待机表现',2100,0,0,0,0,0,0),(201001,'迪亚比的展示表现1',2200,201001,0,31100,0,0,0),(201002,'迪亚比的展示表现2',0,201002,0,0,0,0,0),(201003,'迪亚比的展示表现3',0,201003,0,0,0,0,0),(201011,'迪亚比皮肤1的展示表现1',2200,201011,0,31100,0,0,0),(201012,'迪亚比皮肤1的展示表现2',0,201012,0,0,0,0,0),(201013,'迪亚比皮肤1的展示表现3',0,201013,0,0,0,0,0),(201100,'火王待机表现',2100,201100,0,0,0,0,0),(201101,'火王展示表现',2200,201101,0,31110,0,0,0),(201111,'火王皮肤1的展示表现',2200,201111,0,31110,0,0,0),(201121,'火王皮肤2的展示表现',2200,201121,0,0,0,0,0),(201200,'娜莎待机表现',2100,0,0,0,0,0,0),(201201,'娜莎展示表现1',2200,201201,0,31120,0,0,0),(201211,'娜莎皮肤1的展示表现1',2200,201211,0,31121,0,0,0),(201212,'娜莎皮肤1的展示表现2',0,201212,0,0,0,0,0),(201300,'卡彭待机表现',2100,0,0,0,0,0,0),(201301,'卡彭展示表现',2200,201301,0,31130,0,0,0),(201400,'帕蒂待机表现',2100,0,0,0,0,0,0),(201401,'帕蒂展示表现',2200,201401,0,31140,0,0,0),(210101,'主界面特效',0,210101,0,0,0,0,0),(210102,'零件解锁特效',0,210102,0,0,0,0,0),(210103,'零件合成2个',0,210103,0,0,0,0,0),(210104,'零件合成5个',0,210104,0,0,0,0,0),(210105,'合成成功展示',0,210105,0,0,0,0,0),(210106,'角色展示背景特效',0,210106,0,0,0,0,0),(210107,'角色展示圆盘特效',0,210107,0,0,0,0,0),(210108,'通用获取物品弹框动画特效',0,210108,0,0,0,0,0),(210109,'获取特别物品展示白色',0,210109,0,0,0,0,0),(210110,'获取特别物品展示蓝色',0,210110,0,0,0,0,0),(210111,'获取特别物品展示绿色',0,210111,0,0,0,0,0),(210112,'获取特别物品展示紫色',0,210112,0,0,0,0,0),(210113,'战斗引导箭头特效',0,210113,0,0,0,0,0),(210114,'战斗引导红屏特效',0,210114,0,0,0,0,0),(210115,'夺宝稀有特效',0,210115,0,0,0,0,0),(210116,'夺宝选中',0,210116,0,0,0,0,0),(210117,'主界面——游戏小助手',0,210117,0,0,0,0,0),(210118,'主界面——国籍图标',0,210118,0,0,0,0,0),(210119,'游戏进度条',0,210119,0,0,0,0,0),(210120,'闪光特效',0,210120,0,0,0,0,0),(210121,'零件镶嵌特效',0,210121,0,0,0,0,0),(210122,'零件研发——免费按钮',0,210122,0,0,0,0,0),(210123,'极品夺宝箱子',0,210123,0,0,0,0,0),(210124,'英雄选择界面——倒计时',0,210124,0,0,0,0,0),(210201,'累计签到3天宝箱',0,210201,0,0,0,0,0),(210202,'累计签到5天宝箱',0,210202,0,0,0,0,0),(210203,'累计签到8天宝箱',0,210203,0,0,0,0,0),(210204,'累计签到13天宝箱',0,210204,0,0,0,0,0),(210205,'累计签到21天宝箱',0,210205,0,0,0,0,0),(210301,'任务日活跃度宝箱',0,210301,0,0,0,0,0),(210302,'任务周活跃度宝箱',0,210302,0,0,0,0,0),(210401,'升级特效',0,210401,0,0,0,0,0),(210501,'获得MVP界面特效',0,210501,0,0,0,0,0),(210502,'获得五杀界面特效',0,210502,0,0,0,0,0),(210503,'获得超神界面特效',0,210503,0,0,0,0,0),(210504,'获得连胜界面特效',0,210504,0,0,0,0,0),(210505,'获得冠军界面特效',0,210505,0,0,0,0,0),(210506,'教学手册——流光特效',0,210506,0,0,0,0,0),(210507,'排行榜界面——图标特效NO.1',0,210507,0,0,0,0,0),(210508,'NO.2',0,210508,0,0,0,0,0),(210509,'NO.3',0,210509,0,0,0,0,0),(210510,'预备战斗界面——倒计时',0,210510,0,0,0,0,0),(210511,'预备战斗界面——光球特效',0,210511,0,0,0,0,0),(210512,'排位赛赛季继承-特效',0,210512,0,0,0,0,0),(210513,'段位徽章特效1',0,210513,0,0,0,0,0),(210514,'段位徽章特效2',0,210514,0,0,0,0,0),(210515,'段位徽章特效3',0,210515,0,0,0,0,0),(210516,'段位徽章特效4',0,210516,0,0,0,0,0),(210517,'段位徽章特效5',0,210517,0,0,0,0,0),(210518,'段位徽章特效6',0,210518,0,0,0,0,0),(210519,'段位徽章特效7',0,210519,0,0,0,0,0),(210520,'段位徽章特效8',0,210520,0,0,0,0,0),(210521,'零件抽奖动画和特效',0,210521,0,0,0,0,0),(210522,'段位升星-星星特效',0,210522,0,0,0,0,0),(210523,'首充按钮特效',0,210523,0,0,0,0,0),(210601,'预警特效_油桶',0,210601,0,0,0,0,0),(210602,'预警特效_火枪',0,210602,0,0,0,0,0),(210603,'预警特效_毒气',0,210603,0,0,0,0,0),(210604,'预警特效_地雷',0,210604,0,0,0,0,0),(210605,'标识特效_医疗箱子',0,210605,0,0,0,0,0),(210606,'标识特效_手雷箱子',0,210606,0,0,0,0,0),(210607,'标识特效_混战箱子',0,210607,0,0,0,0,0),(210608,'标识特效_帐篷',0,210608,0,0,0,0,0),(210609,'标识特效_草丛',0,210609,0,0,0,0,0),(210610,'光束特效_手雷',0,210610,0,0,0,0,0),(210611,'光束特效_加速',0,210611,0,0,0,0,0),(210612,'光束特效_护盾',0,210612,0,0,0,0,0),(210613,'光束特效_天赋',0,210613,0,0,0,0,0),(210614,'光束特效_经验值',0,210614,0,0,0,0,0),(210615,'光圈特效_加速',0,210615,0,0,0,0,0),(210616,'光圈特效_护盾',0,210616,0,0,0,0,0),(210617,'经验条流光特效',0,210617,0,0,0,0,0),(210618,'标识特效_生成器',0,210618,0,0,0,0,0);
/*!40000 ALTER TABLE `performance` ENABLE KEYS */;
UNLOCK TABLES;

--
-- Table structure for table `prefab_action`
--

DROP TABLE IF EXISTS `prefab_action`;
/*!40101 SET @saved_cs_client     = @@character_set_client */;
/*!40101 SET character_set_client = utf8 */;
CREATE TABLE `prefab_action` (
  `id` int(10) NOT NULL DEFAULT '0' COMMENT '动作ID',
  `type` int(10) NOT NULL DEFAULT '0' COMMENT '动作分类。1、角色 2、怪物 3、BOSS',
  `weapon_animation` int(10) NOT NULL DEFAULT '0' COMMENT '是否武器动画。0否，1是',
  `name` varchar(150) NOT NULL DEFAULT '0' COMMENT '动作片段名称',
  `intro` varchar(50) NOT NULL DEFAULT '0' COMMENT '动作中文名',
  `playspeed` float NOT NULL DEFAULT '0' COMMENT '动作播放速度',
  PRIMARY KEY (`id`)
) ENGINE=InnoDB DEFAULT CHARSET=utf8 COMMENT='[logic server no use]';
/*!40101 SET character_set_client = @saved_cs_client */;

--
-- Dumping data for table `prefab_action`
--

LOCK TABLES `prefab_action` WRITE;
/*!40000 ALTER TABLE `prefab_action` DISABLE KEYS */;
INSERT INTO `prefab_action` VALUES (1,1,1,'Move_Front','前走移动',1),(2,1,1,'Move_Back','后走移动',1),(3,1,1,'Move_Left','左走移动',1),(4,1,1,'Move_Right','右走移动',1),(5,1,1,'Move_Left_Front','左前移动',1),(6,1,1,'Move_Right_Back','右后移动',1),(7,1,1,'Sturn_Left_90','原地左转身_90度',1),(8,1,1,'Sturn_Left_180','原地左转身_180度',1),(9,1,1,'Sturn_Right_90','原地右转身_90度',1),(10,1,1,'Sturn_Right_180','原地右转身_180度',1),(11,1,1,'Idle','持枪待机',1),(12,1,1,'Idle2','端枪待机',1),(13,1,1,'Run','跑步',1),(14,1,1,'Switch_Out','换枪_出枪',1),(15,1,1,'Reload','填弹动作',1),(16,1,1,'Ready','准备动作',1),(17,1,1,'Attack_1','攻击动作',1),(18,1,1,'Attack_2','持续攻击动作',1),(19,1,1,'Battle_Leisure','战斗休闲动作',1),(20,1,1,'Melee','近战动作',1),(21,1,1,'Roll_Front','前翻滚',1),(22,1,1,'Hit_Slight','轻微受击',1),(23,1,1,'Hit_Heavy','重度受击',1),(24,1,1,'Hit_Fly','击飞受击',1),(25,1,1,'Die_1','死亡动作',1),(100,1,0,'Skill_Grenade','手雷技能',1),(120,1,0,'Skill_Dart','突进',1),(121,1,0,'Skill_Explode','自爆',1),(122,1,0,'Start','启动',1),(123,1,0,'Free','空闲',1),(200,1,0,'C4_Install','安装过程循环',1),(201,1,0,'C4_down','放下过程',1),(202,1,0,'C4_Disable_down','拆弹_蹲下过程',1),(203,1,0,'C4_Disable_loop','拆弹_蹲着输入密码的循环',1),(204,1,0,'C4_Disable_down','拆弹_起身过程',-1),(1010,1,0,'Skill_1','技能1',1),(1011,1,0,'Skill_1_2','技能1_连招2',1),(1020,1,0,'Skill_2','技能2',1),(1021,1,0,'Skill_2_2','技能2_连招2',1),(1030,1,0,'Skill_3','技能3_翻滚',1),(1031,1,0,'Skill_3_2','技能3_连招2',1),(2100,1,0,'UI_Idle','UI待机',1),(2200,1,0,'UI_Leisure','UI展示动作',1),(3001,3,0,'Idle_Normal','BOSS的普通待机',1),(3002,3,0,'Attack_1','对敌人进行的普通攻击1',1),(3003,3,0,'Attack_2','对敌人进行的普通攻击2',1),(3004,3,0,'Skill_1','对敌人进行的技能攻击',1),(3005,3,0,'Skill_2','全屏式技能攻击',1),(3006,3,0,'Skill_3','对敌人的单点攻击',1),(3007,3,0,'Die_Normal','怪物死亡时的动作',1),(3008,3,0,'Brush_Normal','怪物出场时的动作。',1);
/*!40000 ALTER TABLE `prefab_action` ENABLE KEYS */;
UNLOCK TABLES;

--
-- Table structure for table `prefab_effect`
--

DROP TABLE IF EXISTS `prefab_effect`;
/*!40101 SET @saved_cs_client     = @@character_set_client */;
/*!40101 SET character_set_client = utf8 */;
CREATE TABLE `prefab_effect` (
  `id` int(10) NOT NULL DEFAULT '0' COMMENT '特效ID',
  `prefab_name` char(50) NOT NULL DEFAULT '0' COMMENT '文件名称',
  `name` char(50) NOT NULL DEFAULT '0' COMMENT '特效名称',
  `attach_part` int(10) NOT NULL DEFAULT '0' COMMENT '挂点信息，填0只应用目标原点初始位置信息，不应用初始旋转信息。填挂点数值，应用挂点初始位置信息，也应用初始旋转信息。是否跟随由其他字段定义。',
  `follow_position` int(10) NOT NULL DEFAULT '0' COMMENT '是否跟随位置',
  `follow_rotation` int(10) NOT NULL DEFAULT '0' COMMENT '是否跟随旋转',
  `time` float NOT NULL DEFAULT '0' COMMENT '特效播放时间',
  `height` float NOT NULL DEFAULT '0' COMMENT '特效偏移高度，正：往上移，负往下移',
  PRIMARY KEY (`id`)
) ENGINE=InnoDB DEFAULT CHARSET=utf8 COMMENT='[logic server no use]';
/*!40101 SET character_set_client = @saved_cs_client */;

--
-- Dumping data for table `prefab_effect`
--

LOCK TABLES `prefab_effect` WRITE;
/*!40000 ALTER TABLE `prefab_effect` DISABLE KEYS */;
INSERT INTO `prefab_effect` VALUES (30000,'Skill_Buff_invincible','无敌BUFF',13,1,0,0,0),(30011,'Skill_Buff_Shield_Release','护盾特效起手',9,1,1,0,0),(30012,'Skill_Buff_Shield_Loop','护盾特效循环',9,1,1,0,0),(30021,'Skill_Buff_Endurance_Release','移动加速循环',9,1,1,0,0),(30022,'Skill_Buff_Endurance_Loop','移动加速循环',9,1,1,0,0),(30031,'Skill_Buff_Investigation_Release','侦查循环',9,1,1,0,0),(30032,'Skill_Buff_Investigation_Loop','侦查循环',9,1,1,0,0),(30041,'Skill_Buff_Vertigo','眩晕效果',10,1,0,0,0),(30051,'Skill_Buff_Silent','沉默效果',10,1,0,0,0),(30052,'Skill_Buff_Fire_Forbidden','禁射效果',10,1,0,0,0),(30061,'Skill_Buff_Sleep','睡眠效果',10,1,0,0,0),(30071,'Skill_Buff_Fixed','定身效果',10,1,0,0,0),(30081,'Skill_Buff_Shelter','隐蔽效果',10,1,0,0,0),(31000,'Skill_Attack_Catherine','萝莉埋陷阱特效',13,0,1,0,0),(31001,'Skill_Catherine_2_Release','凯瑟琳技能2_释放',13,1,0,0,0),(31002,'Skill_Catherine_2_Triggers_Muzzle','凯瑟琳技能2_炮塔枪花',12,1,0,0,0),(31003,'Skill_Catherine_2_Triggers_Attack','凯瑟琳技能2_炮塔弹道',0,1,0,0,0),(31004,'Skill_Catherine_2_Triggers_Hit','凯瑟琳技能2_炮塔受击',9,1,0,0,0),(31005,'Skill_Catherine_2_Triggers_Die','凯瑟琳技能2_炮塔死亡',9,0,0,0,0),(31006,'Skill_Catherine_2_Release_Brush','凯瑟琳技能2_炮塔出生',9,0,0,0,0),(31010,'Skill_Attack_Rifles_1','扫射枪花特效',12,1,1,0,0),(31011,'Skill_Attack_Rifles_2','扫射弹道特效',0,0,0,0,0),(31012,'Skill_Hit_Rifles','扫射受击特效',9,1,0,0,0),(31013,'Skill_Hit_Rifles_2','扫射打墙效果',9,1,0,0,0),(31014,'Skill_Gaia_2_Release','盖亚技能2_释放',13,1,0,0,0),(31015,'Skill_Gaia_2_Triggers_Release','盖亚技能2_触发器特效',13,1,0,0,0),(31016,'Skill_Gaia_2_Triggers_Buff','盖亚技能2_护盾',13,1,0,0,0),(31017,'Skill_Gaia_2_Release_Brush','盖亚技能2_触发器出场',9,1,0,0,0),(31018,'Skill_Gaia_2_Triggers_Die','盖亚技能2_触发器销毁',13,0,0,0,0),(31020,'Skill_Bill_Rocket','比尔火箭筒枪花',2,1,1,0,0),(31021,'Skill_Bill_Rocket_Attack','比尔火箭筒攻击弹道',0,0,0,0,0),(31022,'Skill_Bill_Rocket_Bomb','比尔火箭筒爆炸特效',0,0,0,0,0),(31023,'Skill_Bill_Rocket_Hit','比尔火箭筒受击特效',9,1,1,0,0),(31024,'Skill_Bill_2_Release','比尔抓钩表现',9,1,0,0,0),(31025,'Skill_Bill_2_Attack','比尔抓钩弹道',0,0,0,0,0),(31026,'Skill_Bill_2_Hit','比尔抓钩抓住',9,1,0,0,0),(31030,'Skill_Fox_Treatment_Attack','护士治疗特效',9,1,0,0,0),(31031,'Skill_Fox_Treatment_Hit','护士被治疗特效',10,1,0,0,0),(31032,'Skill_Fox_2_Release','护士技能2_释放',9,1,0,0,0),(31033,'Skill_Fox_2_Attack','护士技能2_弹道',1,1,0,0,0),(31034,'Skill_Fox_2_Hit','护士技能2_受击效果',9,1,0,0,0),(31040,'Skill_LiLong_Two_Attack1','侠客2段斩1',13,0,0,0,0),(31041,'Skill_LiLong_Two_Attack2','侠客2段斩2',0,0,0,0,0),(31042,'Skill_LiLong_Two_Hit','侠客2段斩受击',9,0,0,0,0),(31043,'Skill_LiLong_Two_Knife','侠客武器',2,1,1,0,0),(31045,'Skill_LiLong_Two_Through','侠客穿透表现',9,1,0,0,0),(31050,'Skill_Emil_Sandstorm_Attack','中东沙暴攻击弹道',0,0,0,0,0),(31051,'Skill_Emil_Sandstorm_Bomb','中东沙暴爆发',0,0,0,0,0),(31052,'Skill_Emil_Sandstorm_Hit','中东沙暴受击',13,1,0,0,0),(31053,'Skill_Emil_2_Release','阿拉伯技能2_释放',13,1,0,0,0),(31054,'Skill_Emil_2_Triggers_Release','阿拉伯技能2_触发器效果',13,1,0,0,0),(31055,'Skill_Emil_2_Triggers_Buff','阿拉伯技能2_BUFF效果',9,1,0,0,0),(31056,'Skill_Emil_2_Release_Brush','阿拉伯技能2__触发器出场',13,1,0,0,0),(31057,'Skill_Emil_2_Triggers_Die','阿拉伯技能2_触发器死亡',13,0,0,0,0),(31060,'Skill_Theodor_2_Release','壮汉技能2_释放',9,1,0,0,0),(31061,'Skill_Theodor_2_Triggers_Release','壮汉技能2_阵壁',13,1,0,0,0),(31064,'Skill_Theodor_2_Triggers_Die','壮汉技能2__触发器死亡',13,0,0,0,0),(31065,'Skill_Theodor_1_Bomb','壮汉技能1_连招2_护盾爆炸',9,1,0,0,0),(31066,'Skill_Theodor_1_Hit','壮汉技能1_连招2_受击',9,1,0,0,0),(31070,'Skill_Saisi_2_Release','塞西技能2',9,1,0,0,0),(31071,'Skill_Saisi_2_Attack','塞西技能2_喷射',9,1,0,0,0),(31072,'Skill_Saisi_2_Hit','塞西技能2_受击',9,1,0,0,0),(31080,'Skill_Joan_2_Release','女主技能2_释放',13,1,0,0,0),(31081,'Skill_Joan_2_Triggers_Release','女主技能2_触发器启动',13,0,0,0,0),(31082,'Skill_Joan_2_Triggers_Buff','女主技能2_传送效果',13,1,0,0,0),(31091,'Skill_Diaby_1_Attack','忍者技能1_弹道',0,1,0,0,0),(31092,'Skill_Diaby_1_Muzzle','忍者技能1_枪花',12,1,0,0,0),(31093,'Skill_Diaby_1_Hit','忍者技能1_受击',9,1,0,0,0),(31094,'Skill_Diaby_2_Release','忍者技能2_释放',13,1,0,0,0),(31095,'Skill_Diaby_2_Hit','忍者技能2_受击',9,1,0,0,0),(31101,'Skill_FireKing_1_Release','火王技能1_喷火效果',12,1,1,0,0),(31102,'Skill_FireKing_1_Brush','火王技能1_火墙效果',13,0,0,0,0),(31103,'Skill_FireKing_1_Hit','火王技能1_灼烧效果',9,1,0,0,0),(31104,'Skill_FireKing_2_Release','火王技能2_释放效果',9,1,0,0,0),(31105,'Skill_FireKing_2_Brush','火王技能2_盾罩效果',0,0,0,0,0),(31106,'Skill_FireKing_2_Hit','火王技能2_受击加护盾效果',9,1,0,0,0),(31111,'Skill_Nasha_1_Release','女弩技能1_释放',9,1,0,0,0),(31112,'Skill_Nasha_1_Brush','女弩技能1_触发器出场+启动',0,0,0,0,0),(31113,'Skill_Nasha_1_Die','女弩技能1_触发器抓住+销毁',0,0,0,0,0),(31114,'Skill_Nasha_1_Hit','女弩技能1_被抓住效果',9,1,0,0,0),(31115,'Skill_Nasha_2_Release','女弩技能2_释放',9,1,0,0,0),(31116,'Skill_Nasha_2_Brush','女弩技能2_区域落地',0,0,0,0,0),(31117,'Skill_Nasha_2_Hit','女弩技能2_受击',9,1,0,0,0),(32010,'Role_Grenade_Attack','手雷技能拖尾特效',2,1,1,350,0),(32011,'Role_Grenade_Bomb','手雷爆炸特效',0,0,0,0,0),(32012,'Role_Grenade_Hit','手雷受击特效',0,0,0,0,0),(32020,'Role_Flare_Attack','闪光弹预备特效',2,1,1,350,0),(32021,'Role_Flare_Bomb','闪光弹爆炸特效',0,0,0,0,0),(32030,'Role_Burning_Attack','燃烧弹预备特效',2,1,1,350,0),(32031,'Role_Burning_Bomb','燃烧弹爆炸特效',0,0,0,0,0),(32101,'Skill_Roll_Gaia','翻滚技能_盖亚',9,1,0,1000,0),(32111,'Skill_Roll_Theodor','翻滚技能_壮汉',9,1,0,1700,0),(32121,'Skill_Roll_Joan','翻滚技能_女主',9,1,0,1000,0),(32131,'Skill_Roll_Saisi','翻滚技能_塞西',9,1,0,1000,0),(32141,'Skill_Roll_Catherine','翻滚技能_凯瑟琳',9,1,0,1000,0),(32151,'Skill_Roll_Bill','翻滚技能_比尔',9,1,0,1000,0),(32161,'Skill_Roll_LiLong','翻滚技能_侠客',9,1,1,1000,0),(32171,'Skill_Roll_Fox','翻滚技能_护士',9,1,0,1000,0),(32181,'Skill_Roll_Emil','翻滚技能_阿拉伯',9,1,0,1000,0),(32191,'Skill_Roll_Diaby','翻滚技能_迪亚比',9,1,0,1000,0),(32201,'Skill_Roll_Nasha','翻滚技能_女弩',9,1,0,1000,0),(32211,'Skill_Roll_FireKing','翻滚技能_火男',9,1,0,1000,0),(35001,'Skill_Talent_Gaia_1','愈战愈勇',9,1,0,0,0),(35002,'Skill_Talent_Gaia_2','战术疾行',9,1,0,0,0),(35003,'Skill_Talent_Gaia_3','扫射横行',9,1,0,0,0),(35011,'Skill_Talent_Theodor_1','荆棘反制',9,1,0,0,0),(35012,'Skill_Talent_Theodor_2','孤注一掷',9,1,0,0,0),(35013,'Skill_Talent_Theodor_3','绝地反击',9,1,0,0,0),(35021,'Skill_Talent_Saisi_1','血腥屠戮',9,1,0,0,0),(35022,'Skill_Talent_Saisi_2','跃进突杀',9,1,0,0,0),(35023,'Skill_Talent_Saisi_3','冲击防护',9,1,0,0,0),(35031,'Skill_Talent_Joan_1','战场补给_循环',9,1,0,0,0),(35032,'Skill_Talent_Joan_1_Hit','战场补给_受击单次',9,1,0,0,0),(35033,'Skill_Talent_Joan_2','洞察先机',9,1,0,0,0),(35034,'Skill_Talent_Joan_3','坚忍不拔',9,1,0,0,0),(35041,'Skill_Talent_Fox_1','且战且行',9,1,0,0,0),(35042,'Skill_Talent_Fox_2','暴走治疗',9,1,0,0,0),(35043,'Skill_Talent_Fox_3','射击防护',9,1,0,0,0),(35051,'Skill_Talent_LiLong_1','以杀止杀',9,1,0,0,0),(35052,'Skill_Talent_LiLong_2','剑意衔接',9,1,0,0,0),(35053,'Skill_Talent_LiLong_3','踏雪无痕',9,1,0,0,0),(35061,'Skill_Talent_Catherine_1','手雷达人',9,1,0,0,0),(35062,'Skill_Talent_Catherine_2','投掷守护',9,1,0,0,0),(35063,'Skill_Talent_Catherine_3','暴走萝莉',9,1,0,0,0),(35071,'Skill_Talent_Emil_1','战场加速_循环',9,1,0,0,0),(35072,'Skill_Talent_Emil_1_Hit','战场加速_受击循环',9,1,0,0,0),(35073,'Skill_Talent_Emil_2','引力迟缓',9,1,0,0,0),(35074,'Skill_Talent_Emil_3','丢盔卸甲',9,1,0,0,0),(35081,'Skill_Talent_Bill_1','绝技大师',9,1,0,0,0),(35082,'Skill_Talent_Bill_2','持续作战',9,1,0,0,0),(35083,'Skill_Talent_Bill_3','穿越火线',9,1,0,0,0),(35091,'Skill_Talent_Diaby_1','伺机待发',9,1,0,0,0),(35092,'Skill_Talent_Diaby_2','敌退我进',9,1,1,0,0),(35093,'Skill_Talent_Diaby_3','余威犹在',9,1,0,0,0),(35101,'Skill_Talent_FireKing_1','勇不可挡',9,1,0,0,0),(35102,'Skill_Talent_FireKing_2','绝对防御',9,1,0,0,0),(35103,'Skill_Talent_FireKing_3','手雷护盾',9,1,0,0,0),(35111,'Skill_Talent_Nasha_1_Loop','银心箭弩-循环',9,1,0,0,0),(35112,'Skill_Talent_Nasha_1','银心箭弩-单次',9,1,0,0,0),(35113,'Skill_Talent_Nasha_2','见猎心起',9,1,1,0,0),(35114,'Skill_Talent_Nasha_3','冰封雪雨',9,1,0,0,0),(35121,'Skill_Talent_Capone_1','急速消化',9,1,0,0,0),(35122,'Skill_Talent_Capone_2','濒死坚韧',9,1,0,0,0),(35123,'Skill_Talent_Capone_3_Release_0','电磁风暴_释放',9,1,0,0,0),(35124,'Skill_Talent_Capone_3_Hit_0','电磁风暴_受击',9,1,0,0,0),(35131,'Skill_Talent_Patty_1','致命追击',9,1,0,0,0),(35132,'Skill_Talent_Patty_2','减速流弹',9,1,0,0,0),(35133,'Skill_Talent_Patty_3','战场重生',9,1,0,0,0),(35134,'Skill_Talent_Patty_3_Buff','战场重生_BUFF',9,1,0,0,0),(40100,'Vehicle_Mech01_Start','启动特效',13,1,0,0,0),(40101,'Vehicle_Mech01_Explode_1','自爆特效-预警',9,1,0,0,0),(40102,'Vehicle_Mech01_Explode_2','自爆特效-爆炸',9,1,0,0,0),(40103,'Vehicle_Mech01_Idle','待机特效',13,1,0,0,0),(40104,'Vehicle_Mech01_Reload','填弹特效',13,1,1,0,0),(40105,'Vehicle_Mech01_Attack_Muzzle','普通攻击特效_枪花',12,1,0,0,0),(40106,'Vehicle_Mech01_Attack_Ballistic','普通攻击特效_弹道',12,1,0,0,0),(40107,'Vehicle_Mech01_Attack_Hit','普通攻击特效_受击',9,1,0,0,0),(40108,'Vehicle_Mech01_Skill_1_Release','技能攻击1——火炮-炮火',1,1,1,0,0),(40109,'Vehicle_Mech01_Skill_1_Bomb','技能攻击1——火炮-爆炸',9,1,0,0,0),(40110,'Vehicle_Mech01_Skill_1_Hit','技能攻击1——火炮-受击',9,1,0,0,0),(40111,'Vehicle_Mech01_Skill_2_Release','技能攻击2——导弹—发射',6,1,0,0,0),(40112,'Vehicle_Mech01_Skill_2_Ballistic','技能攻击2——导弹—弹道',6,1,0,0,0),(40113,'Vehicle_Mech01_Skill_2_Bomb','技能攻击2——导弹—爆炸',13,1,0,0,0),(40114,'Vehicle_Mech01_Skill_2_Hit','技能攻击2——导弹—受击',13,1,0,0,0),(40115,'Vehicle_Mech01_Skill_3_Sudden','技能3——突进',13,1,0,0,0),(40116,'Vehicle_Mech01_Explode_3','自爆特效-完整',9,0,0,0,0),(40117,'Vehicle_Mech01_Standby','机甲闲置指示特效',13,1,0,0,0),(52000,'Scene_Destroy_Loop','可破坏物件标识',10,1,0,0,0),(52001,'Scene_Destroy_Drums','油桶爆炸',13,0,0,0,0),(52011,'Scene_Destroy_Box','箱子破碎',13,0,0,0,0),(52012,'Scene_Destroy_Medical','医疗箱子破碎',13,0,0,0,0),(52013,'Scene_Destroy_Grenade','手雷箱子破碎',13,0,0,0,0),(52021,'Scene_Destroy_Snowman','雪人破坏特效',13,0,0,0,0),(52031,'Scene_Destroy_Cactus','仙人掌破坏特效',13,0,0,0,0),(52041,'Scene_Destroy_Idol','石像摧毁特效',13,0,0,0,0),(52051,'Scene_Destroy_Vehicle','装卸车摧毁特效',13,0,0,0,0),(52061,'Scene_Destroy_Statue','雕像破坏特效',13,0,0,0,0),(52071,'Scene_Destroy_Nutrient','营养罐特效',13,0,0,0,0),(52081,'Scene_Destroy_Trash','垃圾桶摧毁特效',13,0,0,0,0),(52091,'Scene_Destroy_Frames','弹药架破碎效果',13,0,0,0,0),(53001,'Scene_Trap_Mine_Attack','地雷爆炸特效',13,0,0,0,0),(53002,'Scene_Trap_Mine_Hit','地雷受击特效',9,1,0,0,0),(53003,'Scene_Trap_Mine_Warning','地雷预警特效',13,0,0,0,0),(53004,'Scene_Trap_Mine_Warning_2','地雷预警特效-短',13,0,0,0,0),(53010,'Scene_Trap_Flame_Warning','火焰喷射器预警特效',13,1,1,0,0),(53011,'Scene_Trap_Flame_Attack','火焰喷射器特效',13,1,0,6000,0),(53012,'Scene_Trap_Flame_Hit','火焰灼烧特效',9,1,1,2000,0),(53013,'Scene_Trap_Flame_Attack','火焰喷射器特效-无限',13,1,0,0,0),(53021,'Scene_Trap_Frozen_Attack','冰冻冷气特效',13,1,0,6000,0),(53022,'Scene_Trap_Frozen_Hit','冰冻受击特效',9,1,1,0,0),(53031,'Scene_Trap_Quicksand_Attack','流沙攻击特效',13,0,0,6000,0),(53032,'Scene_Trap_Quicksand_Hit','流沙受击特效',9,1,0,0,0),(53040,'Scene_Trap_Thorn_Idle','地刺攻击特效',13,1,1,0,0),(53041,'Scene_Trap_Thorn_Attack','地刺攻击特效',13,1,1,0,0),(53042,'Scene_Trap_Thorn_Hit','地刺受击特效',9,1,0,0,0),(53051,'Scene_Trap_Suction_Attack','吸重盘掉落特效',13,0,0,0,0),(53052,'Scene_Trap_Suction_Hit','吸重盘受击特效',9,1,0,0,0),(53061,'Scene_Trap_Flower_Attack','食人花攻击特效',13,0,0,0,0),(53062,'Scene_Trap_Flower_Hit','食人花受击特效',9,1,0,0,0),(53070,'Scene_Trap_Gas_Warning','毒气预警特效',13,1,1,0,0),(53071,'Scene_Trap_Gas_Attack','毒气攻击特效',13,1,0,6000,0),(53072,'Scene_Trap_Gas_Hit_Loop','毒气受击特效-循环',9,1,1,0,0),(53073,'Scene_Trap_Gas_Hit','毒气受击特效-单次',9,1,1,0,0),(53081,'Scene_Trap_Bunker_Attack','碉堡射击特效',13,0,0,0,0),(53091,'Scene_Trap_Snowball_Attack','雪球触发特效',13,0,0,0,0),(53092,'Scene_Trap_Snowball_Hit','雪球受击特效',9,1,0,0,0),(53101,'Scene_Trap_Lightning_Attack','闪电触发特效',0,0,0,0,0),(53102,'Scene_Trap_Lightning_Hit','闪电受击特效',9,1,0,0,0),(53111,'Scene_Trap_Swamp_Attack','沼泽触发特效',0,0,0,0,0),(53112,'Scene_Trap_Swamp_Hit','沼泽受击特效',13,1,0,0,0),(53121,'Scene_Trap_Oil_Attack','油潭触发特效',0,0,0,0,0),(53122,'Scene_Trap_Oil_Hit','油潭受击特效',13,1,0,0,0),(53131,'Scene_Trap_Quicksand_Attack','流沙特效',0,0,0,0,0),(53132,'Scene_Trap_Quicksand_Hit','流沙受击特效',13,1,0,0,0),(53140,'Scene_Trap_Thorn_Idle','地刺待机特效',13,1,0,0,0),(53141,'Scene_Trap_Thorn_Attack','地刺特攻击效',13,1,0,0,0),(53142,'Scene_Trap_Thorn_Hit','地刺受击特效',9,1,0,0,0),(54001,'Scene_Supply_Flash_Small','闪光弹小',0,1,0,0,0),(54002,'Scene_Supply_Grenade_Small','手雷(小)',0,1,0,0,0),(54003,'Scene_Supply_Medical_Small','医疗箱（小）',0,1,0,0,0),(54004,'Scene_Supply_Grenade_Small_Open','吃手雷(小)',0,0,0,0,0),(54005,'Scene_Supply_Flash_Open','吃闪光弹小',0,0,0,0,0),(54006,'Scene_Supply_Medical_Small_Open','吃医疗箱（小）',0,0,0,0,0),(54007,'Scene_Supply_Burning_Small','燃烧弹',0,0,0,0,0),(54008,'Scene_Supply_Burning_Open','吃燃烧弹',0,0,0,0,0),(54009,'Scene_Supply_Medical_Normal','医疗箱（中）',0,1,0,0,0),(54011,'Scene_Supply_Ammunition_Loop','弹药补给箱_循环',13,1,0,0,0),(54012,'Scene_Supply_Ammunition_Open','弹药补给箱_打开',13,0,0,0,0),(54021,'Scene_Supply_Grenade_Loop','手榴弹补给箱_循环',13,1,0,0,0),(54022,'Scene_Supply_Grenade_Open','手榴弹补给箱_打开',13,0,0,0,0),(54031,'Scene_Supply_Medical_Loop','医疗箱_循环',13,1,0,0,0),(54032,'Scene_Supply_Medical_Open','医疗箱_打开',13,0,0,0,0),(54041,'Scene_Supply_Generate','生成特效',0,0,0,0,0),(54051,'Skill_Buff_Hp','持续加血特效',9,1,0,1000,0),(54061,'Skill_Buff_Ammunition','单次加子弹特效',0,0,0,0,0),(54062,'Skill_Buff_Ammunition_disappear','子弹消失特效',0,0,0,0,0),(54071,'Skill_Buff_Grenade','单次加手雷特效',0,0,0,0,0),(54072,'Skill_Buff_Grenade_disappear','手雷消失特效',0,0,0,0,0),(54081,'C4_Buried_Loop','埋弹循环特效',13,0,0,0,0),(54082,'C4_Buried_Twinkle','埋弹闪光特效',13,0,0,0,0),(54083,'C4_Loop','C4地面循环',13,1,0,0,0),(54084,'C4_pickup','C4拾取特效',13,0,0,0,0),(54085,'C4_Get_Top','C4头顶标识',10,0,0,0,0),(54086,'C4_Get_bomb','C4爆炸特效',13,0,0,0,0),(54141,'Scene_Supply_Accelerate_Loop','加速箱子',0,1,0,0,0),(54142,'Scene_Supply_Accelerate_Open','加速箱子_打开',0,0,0,0,0),(54143,'Scene_Supply_Accelerate_role','加速箱子_环绕',13,1,0,0,0),(54151,'Scene_Supply_Shield_Loop','护盾箱子',0,1,0,0,0),(54152,'Scene_Supply_Shield_Open','护盾箱子_打开',0,0,0,0,0),(54153,'Scene_Supply_Shield_role','护盾箱子_环绕',13,1,0,0,0),(54201,'Scene_Route_Curtain','光幕',0,1,0,0,0),(54202,'Scene_Route_Arrow','箭头路标',0,1,0,0,0),(54203,'Scene_Route_Instructions','范围指示器',0,1,0,0,0),(54204,'Scene_Route_Grenade','手雷范围指示器',0,1,0,0,0),(54205,'Scene_Route_Target','靶子破坏特效',9,0,0,0,0),(54206,'Scene_Route_Target_Warning','靶子警示特效',9,1,0,0,0),(54207,'Scene_Route_Target_Brush','靶子刷出特效',13,1,0,0,0),(54300,'Scene_Resource_Small_Brush','资源点_小_刷出特效',13,1,0,0,0),(54301,'Scene_Resource_Small_Before','资源点_小_占领前',13,1,0,0,0),(54302,'Scene_Resource_Small_Occupation','资源点_小_占领中',13,1,0,0,0),(54303,'Scene_Resource_Small_After1','资源点_小_占领后_蓝',13,1,0,0,0),(54304,'Scene_Resource_Small_After2','资源点_小_占领后_红',13,1,0,0,0),(54311,'Scene_Resource_Big_Before','资源点_大_占领前',13,1,0,0,0),(54312,'Scene_Resource_Big_Occupation','资源点_大_占领中',13,1,0,0,0),(54313,'Scene_Resource_Big_After1','资源点_大_占领后_蓝',13,1,0,0,0),(54314,'Scene_Resource_Big_After2','资源点_大_占领后_红',13,1,0,0,0),(54321,'Scene_Resource_Ex_Before','资源点_特大_占领前',13,0,0,0,0),(54322,'Scene_Resource_Ex_Occupation','资源点_特大_占领中',13,0,0,0,0),(54323,'Scene_Resource_Ex_After1','资源点_特大_占领后蓝',13,0,0,0,0),(54324,'Scene_Resource_Ex_After2','资源点_特大_占领后红',13,0,0,0,0),(54401,'Bunker_Desert_Big_1','沙漠掩体大-半摧毁',10,0,0,0,0),(54402,'Bunker_Desert_Big_2','沙漠掩体大-全摧毁',10,0,0,0,0),(54403,'Bunker_Desert_Small_1','沙漠掩体小-半摧毁',10,0,0,0,0),(54404,'Bunker_Desert_Small_2','沙漠掩体小-全摧毁',10,0,0,0,0),(54405,'Bunker_Desert_Idle_1','沙漠掩体标识特效大',10,1,1,0,0),(54406,'Bunker_Desert_Idle_2','沙漠掩体标识特效小',10,1,1,0,0),(54411,'Bunker_Base_Big_1','基地掩体大-半摧毁',10,0,0,0,0),(54412,'Bunker_Base_Big_2','基地掩体大-全摧毁',10,0,0,0,0),(54413,'Bunker_Base_Small_1','基地掩体小-半摧毁',10,0,0,0,0),(54414,'Bunker_Base_Small_2','基地掩体小-全摧毁',10,0,0,0,0),(54415,'Bunker_Base_Idle_1','基地掩体标识特效',10,1,1,0,0),(54416,'Bunker_Base_Idle_2','基地掩体标识特效',10,1,1,0,0),(54421,'Bunker_Carrier_Big_1','航母掩体大-半摧毁',10,0,0,0,0),(54422,'Bunker_Carrier_Big_2','航母掩体大-全摧毁',10,0,0,0,0),(54423,'Bunker_Carrier_Small_1','航母掩体小-半摧毁',10,0,0,0,0),(54424,'Bunker_Carrier_Small_2','航母掩体小-全摧毁',10,0,0,0,0),(54425,'Bunker_Carrier_Idle_1','航母掩体标识特效',10,1,1,0,0),(54426,'Bunker_Carrier_Idle_2','航母掩体标识特效',10,1,1,0,0),(54431,'Bunker_Snow_Big_1','雪地掩体大-半摧毁',10,0,0,0,0),(54432,'Bunker_Snow_Big_2','雪地掩体大-全摧毁',10,0,0,0,0),(54433,'Bunker_Snow_Small_1','雪地掩体小-半摧毁',10,0,0,0,0),(54434,'Bunker_Snow_Small_2','雪地掩体小-全摧毁',10,0,0,0,0),(54435,'Bunker_Snow_Idle_1','雪地掩体标识特效',10,1,1,0,0),(54436,'Bunker_Snow_Idle_2','雪地掩体标识特效',10,1,1,0,0),(54441,'Bunker_Ruins_Big_1','遗迹掩体大-半摧毁',10,1,1,0,0),(54442,'Bunker_Ruins_Big_2','遗迹掩体大-全摧毁',10,1,1,0,0),(54443,'Bunker_Ruins_Small_1','遗迹掩体小-半摧毁',10,1,1,0,0),(54444,'Bunker_Ruins_Small_2','遗迹掩体小-全摧毁',10,1,1,0,0),(54445,'Bunker_Ruins_Idle_1','遗迹掩体标识特效-大',10,1,1,0,0),(54446,'Bunker_Ruins_Idle_2','遗迹掩体标识特效-小',10,1,1,0,0),(54450,'Bunker_Brush_Big','通用刷出特效-大',13,1,1,0,0),(54451,'Bunker_Brush_Small','通用刷出特效-小',13,1,1,0,0),(55001,'UP_Level','升级特效',13,1,0,0,0),(55101,'UP_Skull','骷髅头特效',9,1,0,0,0),(55201,'UP_Experience_Loop_1','经验包1',0,0,0,0,0),(55202,'UP_Experience_Loop_2','经验包2',0,0,0,0,0),(55203,'UP_Experience_Loop_3','经验包3',0,0,0,0,0),(55204,'UP_Experience_Open','吃经验包',0,0,0,0,0),(61001,'BOSS_Desert_Attack_1','攻击1右',13,1,0,0,0),(61002,'BOSS_Desert_Attack_1_hit','攻击1受击',9,1,0,0,0),(61003,'BOSS_Desert_Attack_1_Warning','攻击1预警',0,0,0,2000,0),(61004,'BOSS_Desert_Attack_2','攻击2左',13,1,0,0,0),(61005,'BOSS_Desert_Attack_2_hit','攻击2受击',9,1,0,0,0),(61006,'BOSS_Desert_Attack_2_Warning','攻击2预警',0,0,0,2000,0),(61007,'BOSS_Desert_Skill_1','技能攻击1',13,1,0,0,0),(61008,'BOSS_Desert_Skill_1_hit_1','技能1受击',9,1,0,0,0),(61009,'BOSS_Desert_Skill_1_hit_2','技能2受击',9,1,0,0,0),(61010,'BOSS_Desert_Skill_1_hit_3','技能3受击',9,1,0,0,0),(61011,'BOSS_Desert_Skill_1_Warning','技能1预警',0,0,0,2000,0),(61012,'BOSS_Desert_Skill_2','技能攻击2',13,1,0,0,0),(61013,'BOSS_Desert_Skill_2_hit','技能2受击',9,1,0,0,0),(61014,'BOSS_Desert_Skill_2_Warning','技能2预警',0,0,0,2000,0),(61015,'BOSS_Desert_Skill_3','特殊攻击',10,1,0,0,0),(61016,'BOSS_Desert_Skill_3_hit','特殊攻击受击',9,1,0,0,0),(61017,'BOSS_Desert_Skill_3_bomb','特殊攻击爆炸',13,0,0,0,0),(61018,'BOSS_Desert_Skill_3_Warning','特殊攻击预警',13,1,0,2000,0),(61019,'BOSS_Desert_Skill_4','特殊攻击2_普通',10,1,0,0,0),(61020,'BOSS_Desert_Skill_4_hit','特殊攻击2_受击',9,0,0,0,0),(61021,'BOSS_Desert_Skill_4_bomb','特殊攻击2_爆炸',13,0,0,0,0),(61022,'BOSS_Desert_Brush_Normal','出场动作',13,0,0,0,0),(61025,'BOSS_Desert_Die_Normal','死亡表现',13,0,0,0,0),(71010,'ProjectileContrail','突击步枪_弹道',0,0,0,0,0),(71011,'Rifle_Muzzle','突击步枪_枪花',12,0,0,0,0),(71012,'Rifle_Shell','突击步枪_弹壳',11,0,0,0,0),(71013,'Rifle_Hit','突击步枪_受击',0,0,0,0,0),(71020,'ProjectileContrail2','机枪_弹道',0,0,0,0,0),(71021,'Gun_Muzzle','机枪_枪花',12,0,0,0,0),(71022,'Gun_Shell','机枪_弹壳',11,0,0,0,0),(71023,'Gun_Hit','机枪_受击',0,0,0,0,0),(71030,'ProjectileContrail4','散弹枪_弹道',0,0,0,0,0),(71031,'Shotgun_Muzzle','散弹枪_枪花',12,0,0,0,0),(71032,'Shotgun_Shell','散弹枪_弹壳',11,0,0,0,0),(71033,'Shotgun_Hit','散弹枪_受击',0,0,0,0,0),(71040,'ProjectileContrail3','狙击枪_弹道',0,0,0,0,0),(71041,'Sniper_Muzzle','狙击枪_枪花',12,0,0,0,0),(71042,'Sniper_Shell','狙击枪_弹壳',11,0,0,0,0),(71043,'Sniper_Hit','狙击枪_受击',0,0,0,0,0),(71050,'Projectile_GrenadeM26','手雷弹道',0,0,0,0,0),(71060,'Projectile_Flashbang','闪光弹弹道',0,0,0,0,0),(71070,'ProjectileContrail5','双枪弹道',0,0,0,0,0),(71071,'Double_Muzzle','双枪枪花',12,0,0,0,0),(71072,'Double_Shell','双枪弹壳',11,0,0,0,0),(71073,'Double_Hit','双枪受击',0,0,0,0,0),(71081,'Fire_Attack','喷火枪弹道',0,0,0,0,0),(71082,'Fire_Shell','喷火枪弹壳',11,1,1,0,0),(71083,'Fire_Hit','喷火枪受击',0,0,0,0,0),(71090,'EleCross_Muzzle','电磁弩枪花',12,0,0,0,0),(71091,'EleCross_Attack','电磁弩弹道',0,0,0,0,0),(71092,'EleCross_Shell','电磁弩弹壳',11,1,0,0,0),(71093,'EleCross_Hit','电磁弩受击',0,0,0,0,0),(72011,'Role_Hit_Flesh_small','命中血肉小',0,0,0,0,0),(72012,'Role_Hit_Flesh_Normal','命中血肉中',0,0,0,0,0),(72013,'Role_Hit_Flesh_big','命中血肉大',0,0,0,0,0),(72021,'Role_Hit_Metal_small','命中金属小',0,0,0,0,0),(72022,'Role_Hit_Metal_Normal','命中金属中',0,0,0,0,0),(72023,'Role_Hit_Metal_big','命中金属大',0,0,0,0,0),(73010,'Role_PC_Gaia_0','盖亚皮肤1弹道',0,0,0,0,0),(73011,'Role_PC_Gaia_1','盖亚皮肤2弹道',0,0,0,0,0),(73020,'Role_PC_Theodor_0','壮汉皮肤1弹道',0,0,0,0,0),(73021,'Role_PC_Theodor_1','壮汉皮肤2弹道',0,0,0,0,0),(73030,'Role_PC_Saisi_0','逗比皮肤1弹道',0,0,0,0,0),(73031,'Role_PC_Saisi_1','逗比皮肤2弹道',0,0,0,0,0),(73040,'Role_PC_Joan_0','女主皮肤1弹道',0,0,0,0,0),(73041,'Role_PC_Joan_1','女主皮肤2弹道',0,0,0,0,0),(73050,'Role_PC_Fox_0','护士皮肤1弹道',0,0,0,0,0),(73051,'Role_PC_Fox_1','护士皮肤2弹道',0,0,0,0,0),(73060,'Role_PC_LiLong_0','李龙皮肤1弹道',0,0,0,0,0),(73061,'Role_PC_LiLong_1','李龙皮肤2弹道',0,0,0,0,0),(73070,'Role_PC_Catherine_0','凯瑟琳皮肤1弹道',0,0,0,0,0),(73071,'Role_PC_Catherine_1','凯瑟琳皮肤2弹道',0,0,0,0,0),(73080,'Role_PC_Bill_0','比尔皮肤1弹道',0,0,0,0,0),(73081,'Role_PC_Bill_1','比尔皮肤2弹道',0,0,0,0,0),(73090,'Role_PC_Emil_0','埃米尔皮肤1弹道',0,0,0,0,0),(73091,'Role_PC_Emil_1','埃米尔皮肤2弹道',0,0,0,0,0),(73100,'Role_PC_Diaby_0','迪亚比皮肤1弹道',0,0,0,0,0),(73101,'Role_PC_Diaby_1','迪亚比皮肤2弹道',0,0,0,0,0),(73110,'Role_PC_FireKing_0','火王皮肤1弹道',0,0,0,0,0),(73111,'Role_PC_FireKing_1','火王皮肤2弹道',0,0,0,0,0),(73112,'Role_PC_FireKing_2','火王皮肤3弹道',0,0,0,0,0),(73120,'Role_PC_Nasha_0','娜莎皮肤1弹道',0,0,0,0,0),(73121,'Role_PC_Nasha_1','娜莎皮肤2弹道',0,0,0,0,0),(73130,'Role_PC_Capone_0','卡彭皮肤1弹道',0,0,0,0,0),(73140,'Role_PC_Patty_0','帕蒂皮肤1弹道',0,0,0,0,0),(74010,'Role_Muzzle_Gaia_0','盖亚皮肤1枪花',12,0,0,0,0),(74011,'Role_Muzzle_Gaia_1','盖亚皮肤2枪花',12,0,0,0,0),(74020,'Role_Muzzle_Theodor_0','壮汉皮肤1枪花',12,0,0,0,0),(74021,'Role_Muzzle_Theodor_1','壮汉皮肤2枪花',12,0,0,0,0),(74030,'Role_Muzzle_Saisi_0','逗比皮肤1枪花',12,0,0,0,0),(74031,'Role_Muzzle_Saisi_1','逗比皮肤2枪花',12,0,0,0,0),(74040,'Role_Muzzle_Joan_0','女主皮肤1枪花',12,0,0,0,0),(74041,'Role_Muzzle_Joan_1','女主皮肤2枪花',12,0,0,0,0),(74050,'Role_Muzzle_Fox_0','护士皮肤1枪花',12,0,0,0,0),(74051,'Role_Muzzle_Fox_1','护士皮肤2枪花',12,0,0,0,0),(74060,'Role_Muzzle_LiLong_0','李龙皮肤1枪花',12,0,0,0,0),(74061,'Role_Muzzle_LiLong_1','李龙皮肤2枪花',12,0,0,0,0),(74070,'Role_Muzzle_Catherine_0','凯瑟琳皮肤1枪花',12,0,0,0,0),(74071,'Role_Muzzle_Catherine_1','凯瑟琳皮肤2枪花',12,0,0,0,0),(74080,'Role_Muzzle_Bill_0','比尔皮肤1枪花',12,0,0,0,0),(74081,'Role_Muzzle_Bill_1','比尔皮肤2枪花',12,0,0,0,0),(74090,'Role_Muzzle_Emil_0','埃米尔皮肤1枪花',12,0,0,0,0),(74091,'Role_Muzzle_Emil_1','埃米尔皮肤2枪花',12,0,0,0,0),(74100,'Role_Muzzle_Diaby_0','迪亚比皮肤1枪花',12,0,0,0,0),(74101,'Role_Muzzle_Diaby_1','迪亚比皮肤2枪花',12,0,0,0,0),(74120,'Role_Muzzle_Nasha_0','娜莎皮肤1枪花',12,0,0,0,0),(74121,'Role_Muzzle_Nasha_1','娜莎皮肤2枪花',12,0,0,0,0),(74140,'Role_Muzzle_Patty_0','帕蒂皮肤1枪花',12,0,0,0,0),(75010,'Role_Shell_Gaia_0','盖亚皮肤1弹壳',11,0,0,0,0),(75011,'Role_Shell_Gaia_1','盖亚皮肤2弹壳',11,0,0,0,0),(75020,'Role_Shell_Theodor_0','壮汉皮肤1弹壳',11,0,0,0,0),(75021,'Role_Shell_Theodor_1','壮汉皮肤2弹壳',11,0,0,0,0),(75030,'Role_Shell_Saisi_0','逗比皮肤1弹壳',11,0,0,0,0),(75031,'Role_Shell_Saisi_1','逗比皮肤2弹壳',11,0,0,0,0),(75040,'Role_Shell_Joan_0','女主皮肤1弹壳',11,0,0,0,0),(75041,'Role_Shell_Joan_1','女主皮肤2弹壳',11,0,0,0,0),(75050,'Role_Shell_Fox_0','护士皮肤1弹壳',11,0,0,0,0),(75051,'Role_Shell_Fox_1','护士皮肤2弹壳',11,0,0,0,0),(75060,'Role_Shell_LiLong_0','李龙皮肤1弹壳',11,0,0,0,0),(75061,'Role_Shell_LiLong_1','李龙皮肤2弹壳',11,0,0,0,0),(75070,'Role_Shell_Catherine_0','凯瑟琳皮肤1弹壳',11,0,0,0,0),(75071,'Role_Shell_Catherine_1','凯瑟琳皮肤2弹壳',11,0,0,0,0),(75080,'Role_Shell_Bill_0','比尔皮肤1弹壳',11,0,0,0,0),(75081,'Role_Shell_Bill_1','比尔皮肤2弹壳',11,0,0,0,0),(75090,'Role_Shell_Emil_0','埃米尔皮肤1弹壳',11,0,0,0,0),(75091,'Role_Shell_Emil_1','埃米尔皮肤2弹壳',11,0,0,0,0),(75100,'Role_Shell_Diaby_0','迪亚比皮肤1弹壳',11,0,0,0,0),(75101,'Role_Shell_Diaby_1','迪亚比皮肤2弹壳',11,0,0,0,0),(75110,'Role_Shell_FireKing_0','火王皮肤1弹壳',11,1,1,0,0),(75111,'Role_Shell_FireKing_1','火王皮肤2弹壳',11,1,1,0,0),(75120,'Role_Shell_Nasha_0','娜莎皮肤1弹壳',11,0,0,0,0),(75121,'Role_Shell_Nasha_1','娜莎皮肤2弹壳',11,0,0,0,0),(75130,'Role_Shell_Capone_0','卡彭皮肤1弹壳',11,0,0,0,0),(76010,'Role_Hit_Gaia_0','盖亚皮肤1受击',9,1,0,0,0),(76011,'Role_Hit_Gaia_1','盖亚皮肤2受击',9,1,0,0,0),(76020,'Role_Hit_Theodor_0','壮汉皮肤1受击',9,1,0,0,0),(76021,'Role_Hit_Theodor_1','壮汉皮肤2受击',9,1,0,0,0),(76030,'Role_Hit_Saisi_0','逗比皮肤1受击',9,1,0,0,0),(76031,'Role_Hit_Saisi_1','逗比皮肤2受击',9,1,0,0,0),(76040,'Role_Hit_Joan_0','女主皮肤1受击',9,1,0,0,0),(76041,'Role_Hit_Joan_1','女主皮肤2受击',9,1,0,0,0),(76050,'Role_Hit_Fox_0','护士皮肤1受击',9,1,0,0,0),(76051,'Role_Hit_Fox_1','护士皮肤2受击',9,1,0,0,0),(76060,'Role_Hit_LiLong_0','李龙皮肤1受击',9,1,0,0,0),(76061,'Role_Hit_LiLong_1','李龙皮肤2受击',9,1,0,0,0),(76070,'Role_Hit_Catherine_0','凯瑟琳皮肤1受击',9,1,0,0,0),(76071,'Role_Hit_Catherine_1','凯瑟琳皮肤2受击',9,1,0,0,0),(76080,'Role_Hit_Bill_0','比尔皮肤1受击',9,1,0,0,0),(76081,'Role_Hit_Bill_1','比尔皮肤2受击',9,1,0,0,0),(76090,'Role_Hit_Emil_0','埃米尔皮肤1受击',9,1,0,0,0),(76091,'Role_Hit_Emil_1','埃米尔皮肤2受击',9,1,0,0,0),(76100,'Role_Hit_Diaby_0','迪亚比皮肤1受击',9,1,0,0,0),(76101,'Role_Hit_Diaby_1','迪亚比皮肤2受击',9,1,0,0,0),(76110,'Role_Hit_FireKing_0','火王皮肤1受击',9,1,0,0,0),(76111,'Role_Hit_FireKing_1','火王皮肤2受击',9,1,0,0,0),(76112,'Role_Hit_FireKing_2','火王皮肤3受击',9,1,0,0,0),(76120,'Role_Hit_Nasha_0','娜莎皮肤1受击',9,1,0,0,0),(76121,'Role_Hit_Nasha_1','娜莎皮肤2受击',9,1,0,0,0),(76130,'Role_Hit_Capone_0','卡彭皮肤1受击',9,1,0,0,0),(76140,'Role_Hit_Patty_0','帕蒂皮肤1受击',9,1,0,0,0),(77010,'Role_Wall_Gaia_0','盖亚皮肤1打墙',0,0,0,0,0),(77011,'Role_Wall_Gaia_1','盖亚皮肤2打墙',0,0,0,0,0),(77020,'Role_Wall_Theodor_0','壮汉皮肤1打墙',0,0,0,0,0),(77021,'Role_Wall_Theodor_1','壮汉皮肤2打墙',0,0,0,0,0),(77030,'Role_Wall_Saisi_0','逗比皮肤1打墙',0,0,0,0,0),(77031,'Role_Wall_Saisi_1','逗比皮肤2打墙',0,0,0,0,0),(77040,'Role_Wall_Joan_0','女主皮肤1打墙',0,0,0,0,0),(77041,'Role_Wall_Joan_1','女主皮肤2打墙',0,0,0,0,0),(77050,'Role_Wall_Fox_0','护士皮肤1打墙',0,0,0,0,0),(77051,'Role_Wall_Fox_1','护士皮肤2打墙',0,0,0,0,0),(77060,'Role_Wall_LiLong_0','李龙皮肤1打墙',0,0,0,0,0),(77061,'Role_Wall_LiLong_1','李龙皮肤2打墙',0,0,0,0,0),(77070,'Role_Wall_Catherine_0','凯瑟琳皮肤1打墙',0,0,0,0,0),(77071,'Role_Wall_Catherine_1','凯瑟琳皮肤2打墙',0,0,0,0,0),(77080,'Role_Wall_Bill_0','比尔皮肤1打墙',0,0,0,0,0),(77081,'Role_Wall_Bill_1','比尔皮肤2打墙',0,0,0,0,0),(77090,'Role_Wall_Emil_0','埃米尔皮肤1打墙',0,0,0,0,0),(77091,'Role_Wall_Emil_1','埃米尔皮肤2打墙',0,0,0,0,0),(77100,'Role_Wall_Diaby_0','迪亚比皮肤1打墙',0,0,0,0,0),(77101,'Role_Wall_Diaby_1','迪亚比皮肤2打墙',0,0,0,0,0),(77110,'Role_Wall_FireKing_0','火王皮肤1打墙',0,0,0,0,0),(77111,'Role_Wall_FireKing_1','火王皮肤2打墙',0,0,0,0,0),(77120,'Role_Wall_Nasha_0','娜莎皮肤1打墙',0,0,0,0,0),(77121,'Role_Wall_Nasha_1','娜莎皮肤2打墙',0,0,0,0,0),(77130,'Role_Wall_Capone_0','卡彭皮肤1打墙',0,0,0,0,0),(77140,'Role_Wall_Patty_0','帕蒂皮肤1打墙',0,0,0,0,0),(78110,'Role_Through_FireKing_0','火王皮肤1穿透',0,0,0,0,0),(78111,'Role_Through_FireKing_1','火王皮肤2穿透',0,0,0,0,0),(78112,'Role_Through_FireKing_2','火王皮肤3穿透',0,0,0,0,0),(78130,'Role_Through_Capone_0','卡彭皮肤1穿透',0,0,0,0,0),(78131,'Role_Through_Capone_1','卡彭皮肤2穿透',0,0,0,0,0),(79110,'Role_Reload_FireKing_0','火王皮肤1填弹',11,1,1,0,0),(79111,'Role_Reload_FireKing_1','火王皮肤2填弹',11,1,1,0,0),(79112,'Role_Reload_FireKing_2','火王皮肤3填弹',11,1,1,0,0),(79130,'Role_Reload_Capone_0','卡彭皮肤1填弹',11,1,1,0,0),(79131,'Role_Reload_Capone_1','卡彭皮肤2填弹',11,1,1,0,0),(81140,'Role_Floor_Patty_0','帕蒂皮肤1落地爆炸',0,0,0,0,0),(81141,'Role_Floor_Patty_1','帕蒂皮肤2落地爆炸',0,0,0,0,0),(101010,'Skill_Gaia_1_Release_0','盖亚技能1_释放',12,1,1,0,0),(101011,'Skill_Gaia_1_Release_1','盖亚技能1_释放',12,1,1,0,0),(101020,'Skill_Gaia_1_Attack_0','盖亚技能1_弹道',12,0,0,0,0),(101021,'Skill_Gaia_1_Attack_1','盖亚技能1_弹道',12,0,0,0,0),(101030,'Skill_Gaia_1_Hit_Wall_0','盖亚技能1_打墙',0,0,0,0,0),(101031,'Skill_Gaia_1_Hit_Wall_1','盖亚技能1_打墙',0,0,0,0,0),(101040,'Skill_Gaia_1_Hit_0','盖亚技能1_受击',9,1,0,0,0),(101041,'Skill_Gaia_1_Hit_1','盖亚技能1_受击',9,1,0,0,0),(101050,'Skill_Gaia_2_Release_0','盖亚技能2_释放',13,1,0,0,0),(101051,'Skill_Gaia_2_Release_1','盖亚技能2_释放',13,1,0,0,0),(101060,'Skill_Gaia_2_Release_Brush_0','盖亚技能2_触发器出场',9,0,0,0,0),(101061,'Skill_Gaia_2_Release_Brush_1','盖亚技能2_触发器出场',9,0,0,0,0),(101070,'Skill_Gaia_2_Triggers_Release_0','盖亚技能2_触发器启动',9,0,0,0,0),(101071,'Skill_Gaia_2_Triggers_Release_1','盖亚技能2_触发器启动',9,0,0,0,0),(101080,'Skill_Gaia_2_Triggers_Die_0','盖亚技能2_触发器销毁',9,0,0,0,0),(101081,'Skill_Gaia_2_Triggers_Die_1','盖亚技能2_触发器销毁',9,0,0,0,0),(101090,'Skill_Gaia_2_Triggers_Buff_0','盖亚技能2_护盾',13,1,0,0,0),(101091,'Skill_Gaia_2_Triggers_Buff_1','盖亚技能2_护盾',13,1,0,0,0),(101100,'Skill_Gaia_3_Release_0','盖亚技能3_翻滚_释放',9,1,0,0,0),(102010,'Skill_Theodor_1_Release_0','壮汉技能1_释放',9,1,1,0,0),(102011,'Skill_Theodor_1_Release_1','壮汉技能1_释放',9,1,1,0,0),(102020,'Skill_Theodor_1_Buff_0','壮汉技能1_BUFF',9,1,1,0,0),(102021,'Skill_Theodor_1_Buff_1','壮汉技能1_BUFF',9,1,1,0,0),(102030,'Skill_Theodor_1_Bomb_0','壮汉技能1_连招2_护盾爆炸',9,1,0,0,0),(102031,'Skill_Theodor_1_Bomb_1','壮汉技能1_连招2_护盾爆炸',9,1,0,0,0),(102040,'Skill_Theodor_1_Hit_0','壮汉技能1_连招2_受击',9,1,0,0,0),(102041,'Skill_Theodor_1_Hit_1','壮汉技能1_连招2_受击',9,1,0,0,0),(102050,'Skill_Theodor_2_Release_0','壮汉技能2_释放',9,1,0,0,0),(102051,'Skill_Theodor_2_Release_1','壮汉技能2_释放',9,1,0,0,0),(102060,'Skill_Theodor_2_Triggers_Release_0','壮汉技能2_阵壁',13,1,0,0,0),(102061,'Skill_Theodor_2_Triggers_Release_1','壮汉技能2_阵壁',13,1,0,0,0),(102070,'Skill_Theodor_2_Triggers_Die_0','壮汉技能2__触发器死亡',13,0,0,0,0),(102071,'Skill_Theodor_2_Triggers_Die_1','壮汉技能2__触发器死亡',13,0,0,0,0),(102080,'Skill_Theodor_3_Release_0','壮汉技能3_冲锋_释放',9,1,0,0,0),(102081,'Skill_Theodor_3_Release_1','壮汉技能3_冲锋_释放',9,1,0,0,0),(102090,'Skill_Theodor_3_Hit_0','壮汉技能3_冲锋_受击',10,1,0,0,0),(102091,'Skill_Theodor_3_Hit_1','壮汉技能3_冲锋_受击',10,1,0,0,0),(103010,'Skill_Saisi_1_Release_0','塞西技能1_释放',9,1,0,0,0),(103020,'Skill_Saisi_1_Hit_0','塞西技能1_BUFF',9,1,0,0,0),(103030,'Skill_Saisi_2_Release_0','塞西技能2',9,1,0,0,0),(103031,'Skill_Saisi_2_Release_1','塞西技能2',9,1,0,0,0),(103040,'Skill_Saisi_2_Attack_0','塞西技能2_喷射',9,0,0,0,0),(103041,'Skill_Saisi_2_Attack_1','塞西技能2_喷射',9,0,0,0,0),(103050,'Skill_Saisi_2_Hit_0','塞西技能2_受击',9,1,0,0,0),(103051,'Skill_Saisi_2_Hit_1','塞西技能2_受击',9,1,0,0,0),(103060,'Skill_Saisi_3_Release_0','塞西技能3_滑铲',9,1,0,0,0),(104030,'Skill_Joan_1_Release_0','女主技能1_释放',9,1,0,0,0),(104040,'Skill_Joan_1_Buff_0','女主技能1_BUFF',9,1,0,0,0),(104050,'Skill_Joan_1_Triggers_Release_0','女主技能1_爆开',9,1,0,0,0),(104060,'Skill_Joan_1_Hit_0','女主技能1_受击',9,1,0,0,0),(104070,'Skill_Joan_2_Release_0','女主技能2_释放',13,0,0,0,0),(104071,'Skill_Joan_2_Release_1','女主技能2_释放',13,0,0,0,0),(104080,'Skill_Joan_2_Triggers_Release_0','女主技能2_传送标记',0,0,0,0,0),(104081,'Skill_Joan_2_Triggers_Release_1','女主技能2_传送标记',0,0,0,0,0),(104090,'Skill_Joan_2_Triggers_Buff_0','女主技能2_传送效果',13,0,0,0,0),(104091,'Skill_Joan_2_Triggers_Buff_1','女主技能2_传送效果',13,0,0,0,0),(104100,'Skill_Joan_2_Triggers_Die_0','女主技能2_触发器销毁效果',13,1,0,0,0),(104101,'Skill_Joan_2_Triggers_Die_1','女主技能2_触发器销毁效果',13,1,0,0,0),(104110,'Skill_Joan_3_Release_0','女主技能3_翻滚',9,1,0,0,0),(105010,'Skill_Fox_1_Release_0','护士治疗特效',9,1,0,0,0),(105011,'Skill_Fox_1_Release_1','护士治疗特效',9,1,0,0,0),(105020,'Skill_Fox_1_Hit_0','护士被治疗特效',10,1,0,0,0),(105021,'Skill_Fox_1_Hit_1','护士被治疗特效',10,1,0,0,0),(105030,'Skill_Fox_2_Release_0','护士技能2_睡眠针_释放',9,1,0,0,0),(105040,'Skill_Fox_2_Attack_0','护士技能2_睡眠针_弹道',0,0,0,0,0),(105050,'Skill_Fox_2_Hit_Wall_0','护士技能2_睡眠针_打墙',0,0,0,0,0),(105060,'Skill_Fox_2_Hit_0','护士技能2_睡眠针_受击',9,1,0,0,0),(105070,'Skill_Fox_3_Release_0','护士技能3_释放',9,1,0,0,0),(105080,'Skill_Fox_3_Buff_0','护士技能3_BUFF效果',9,1,1,0,0),(106010,'Skill_LiLong_1_1_Release_0','侠客技能1_连招1_释放',13,1,0,0,0),(106011,'Skill_LiLong_1_1_Release_1','侠客技能1_连招1_释放',13,1,0,0,0),(106020,'Skill_LiLong_1_1_Hit_0','侠客技能1_连招1_受击',9,1,0,0,0),(106021,'Skill_LiLong_1_1_Hit_1','侠客技能1_连招1_受击',9,1,0,0,0),(106030,'Skill_LiLong_1_2_Release_0','侠客技能1_连招2_释放',13,1,0,0,0),(106031,'Skill_LiLong_1_2_Release_1','侠客技能1_连招2_释放',13,1,0,0,0),(106040,'Skill_LiLong_1_2_Hit_0','侠客技能1_连招2_受击',9,1,0,0,0),(106041,'Skill_LiLong_1_2_Hit_1','侠客技能1_连招2_受击',9,1,0,0,0),(106050,'Skill_LiLong_2_Release_0','侠客技能2_释放_刀光',9,1,0,0,0),(106051,'Skill_LiLong_2_Release_1','侠客技能2_释放_刀光',9,1,0,0,0),(106060,'Skill_LiLong_2_Attack_0','侠客技能2_弹道_剑气',0,0,0,0,0),(106061,'Skill_LiLong_2_Attack_1','侠客技能2_弹道_剑气',0,0,0,0,0),(106070,'Skill_LiLong_2_Hit_0','侠客技能2_受击',9,1,0,0,0),(106071,'Skill_LiLong_2_Hit_1','侠客技能2_受击',9,1,0,0,0),(106080,'Skill_LiLong_2_Through_0','侠客技能2_穿透表现',0,0,0,0,0),(106081,'Skill_LiLong_2_Through_1','侠客技能2_穿透表现',0,0,0,0,0),(106090,'Skill_LiLong_3_Release_0','侠客技能3_瞬闪斩杀_释放',9,1,0,0,0),(106091,'Skill_LiLong_3_Release_1','侠客技能3_瞬闪斩杀_释放',9,1,0,0,0),(106100,'Skill_LiLong_3_Hit_0','侠客技能3_瞬闪斩杀_受击',9,1,0,0,0),(106101,'Skill_LiLong_3_Hit_1','侠客技能3_瞬闪斩杀_受击',9,1,0,0,0),(106610,'Skill_LiLong_Knife','侠客武器',2,1,1,0,0),(107010,'Skill_Catherine_1_Release_0','凯瑟琳技能1_释放',13,1,1,0,0),(107011,'Skill_Catherine_1_Release_1','凯瑟琳技能1_释放',13,1,1,0,0),(107020,'Skill_Catherine_1_Bomb_0','凯瑟琳技能1_爆炸',0,0,0,0,0),(107021,'Skill_Catherine_1_Bomb_1','凯瑟琳技能1_爆炸',0,0,0,0,0),(107030,'Skill_Catherine_1_Hit_0','凯瑟琳技能1_受击',9,1,0,0,0),(107031,'Skill_Catherine_1_Hit_1','凯瑟琳技能1_受击',9,1,0,0,0),(107040,'Skill_Catherine_2_Release_0','凯瑟琳技能2_释放',13,1,0,0,0),(107041,'Skill_Catherine_2_Release_1','凯瑟琳技能2_释放',13,1,0,0,0),(107050,'Skill_Catherine_2_Release_Brush_0','凯瑟琳技能2_炮塔生成',13,0,0,0,0),(107051,'Skill_Catherine_2_Release_Brush_1','凯瑟琳技能2_炮塔生成',13,0,0,0,0),(107060,'Skill_Catherine_2_Triggers_Muzzle_0','凯瑟琳技能2_炮塔枪花',10,0,0,0,0),(107061,'Skill_Catherine_2_Triggers_Muzzle_1','凯瑟琳技能2_炮塔枪花',10,0,0,0,0),(107070,'Skill_Catherine_2_Triggers_Attack_0','凯瑟琳技能2_炮塔弹道',0,0,0,0,0),(107071,'Skill_Catherine_2_Triggers_Attack_1','凯瑟琳技能2_炮塔弹道',0,0,0,0,0),(107080,'Skill_Catherine_2_Triggers_Hit_Wall_0','凯瑟琳技能2_炮塔打墙',0,0,0,0,0),(107081,'Skill_Catherine_2_Triggers_Hit_Wall_1','凯瑟琳技能2_炮塔打墙',0,0,0,0,0),(107090,'Skill_Catherine_2_Triggers_Hit_0','凯瑟琳技能2_炮塔受击',9,1,0,0,0),(107091,'Skill_Catherine_2_Triggers_Hit_1','凯瑟琳技能2_炮塔受击',9,1,0,0,0),(107100,'Skill_Catherine_2_Triggers_Die_0','凯瑟琳技能2_炮塔摧毁表现',9,0,0,0,0),(107101,'Skill_Catherine_2_Triggers_Die_1','凯瑟琳技能2_炮塔摧毁表现',9,0,0,0,0),(107110,'Skill_Catherine_3_Release_0','凯瑟琳_技能3_释放',13,0,0,0,0),(107120,'Skill_Catherine_3_Buff_0','凯瑟琳_技能3_BUFF',9,1,0,0,0),(108010,'Skill_Bill_1_Release_0','比尔火箭筒',2,1,1,0,0),(108020,'Skill_Bill_1_Attack_0','比尔火箭筒攻击弹道',0,0,0,0,0),(108030,'Skill_Bill_1_Bomb_0','比尔火箭筒爆炸特效',0,0,0,0,0),(108031,'Skill_Bill_1_Bomb_1','比尔火箭筒爆炸特效',0,0,0,0,0),(108040,'Skill_Bill_1_Hit_0','比尔火箭筒受击特效',9,1,0,0,0),(108041,'Skill_Bill_1_Hit_1','比尔火箭筒受击特效',9,1,0,0,0),(108050,'Skill_Bill_2_Release_0','比尔技能2_抓钩释放',9,1,0,0,0),(108051,'Skill_Bill_2_Release_1','比尔技能2_抓钩释放',9,1,0,0,0),(108060,'Skill_Bill_2_Attack_0','比尔技能2_抓钩弹道',0,0,0,0,0),(108070,'Skill_Bill_2_Hit_0','比尔技能2_抓钩抓住',9,1,0,0,0),(108080,'Skill_Bill_3_Release_0','比尔技能3_突进_释放',9,1,0,1000,0),(108090,'Skill_Bill_3_Buff_0','比尔技能3_突进_护盾',9,1,0,0,0),(109010,'Skill_Emil_1_Attack_0','中东技能1弹道',0,0,0,0,0),(109011,'Skill_Emil_1_Attack_1','中东技能1弹道',0,0,0,0,0),(109020,'Skill_Emil_1_Bomb_0','中东技能1爆炸',0,0,0,0,0),(109021,'Skill_Emil_1_Bomb_1','中东技能1爆炸',0,0,0,0,0),(109030,'Skill_Emil_1_Hit_0','中东技能1受击',13,1,0,0,0),(109031,'Skill_Emil_1_Hit_1','中东技能1受击',13,1,0,0,0),(109040,'Skill_Emil_2_Release_0','阿拉伯技能2_释放',13,1,0,0,0),(109041,'Skill_Emil_2_Release_1','阿拉伯技能2_释放',13,1,0,0,0),(109050,'Skill_Emil_2_Attack_0','阿拉伯技能2_弹道',0,0,0,0,0),(109051,'Skill_Emil_2_Attack_1','阿拉伯技能2_弹道',0,0,0,0,0),(109060,'Skill_Emil_2_Bomb_0','阿拉伯技能2_爆炸拉扯',0,0,0,0,0),(109061,'Skill_Emil_2_Bomb_1','阿拉伯技能2_爆炸拉扯',0,0,0,0,0),(109070,'Skill_Emil_2_Hit_0','阿拉伯技能2_受击',9,1,0,0,0),(109071,'Skill_Emil_2_Hit_1','阿拉伯技能2_受击',9,1,0,0,0),(109080,'Skill_Emil_3_Release_0','阿拉伯技能3跳跃_释放',13,1,0,0,0),(109081,'Skill_Emil_3_Release_1','阿拉伯技能3跳跃_释放',13,1,0,0,0),(109090,'Skill_Emil_3_Hit_0','阿拉伯技能3跳跃_受击',13,1,0,0,0),(109091,'Skill_Emil_3_Hit_1','阿拉伯技能3跳跃_受击',13,1,0,0,0),(110010,'Skill_Diaby_1_Attack_0','双枪技能1_弹道',0,0,0,0,0),(110011,'Skill_Diaby_1_Attack_1','双枪技能1_弹道',0,0,0,0,0),(110020,'Skill_Diaby_1_Muzzle_0','双枪技能1_枪花',12,0,0,0,0),(110021,'Skill_Diaby_1_Muzzle_1','双枪技能1_枪花',12,0,0,0,0),(110030,'Skill_Diaby_1_Hit_Wall_0','双枪技能1打墙',0,0,0,0,0),(110031,'Skill_Diaby_1_Hit_Wall_1','双枪技能1打墙',0,0,0,0,0),(110040,'Skill_Diaby_1_Hit_0','双枪技能1_受击',9,1,0,0,0),(110041,'Skill_Diaby_1_Hit_1','双枪技能1_受击',9,1,0,0,0),(110050,'Skill_Diaby_2_Release_0','双枪技能2_释放',13,1,0,0,0),(110051,'Skill_Diaby_2_Release_1','双枪技能2_释放',13,1,0,0,0),(110060,'Skill_Diaby_2_Hit_0','双枪技能2_受击',9,1,0,0,0),(110061,'Skill_Diaby_2_Hit_1','双枪技能2_受击',9,1,0,0,0),(110070,'Skill_Diaby_3_Release_0','迪亚比_技能3忍步_消失',13,1,0,0,0),(110071,'Skill_Diaby_3_Release_1','迪亚比_技能3忍步_消失',13,1,0,0,0),(110080,'Skill_Diaby_3_Brush_0','迪亚比_技能3忍步_出现',13,1,0,0,0),(110081,'Skill_Diaby_3_Brush_1','迪亚比_技能3忍步_出现',13,1,0,0,0),(111010,'Skill_FireKing_1_Release_0','火王技能1_喷火效果_0',12,1,1,0,0),(111011,'Skill_FireKing_1_Release_1','火王技能1_喷火效果_1',12,1,1,0,0),(111012,'Skill_FireKing_1_Release_2','火王技能1_喷火效果_2',12,1,1,0,0),(111020,'Skill_FireKing_1_Brush_0','火王技能1_火墙效果_0',13,1,1,0,0),(111021,'Skill_FireKing_1_Brush_1','火王技能1_火墙效果_1',13,1,1,0,0),(111022,'Skill_FireKing_1_Brush_2','火王技能1_火墙效果_2',13,1,1,0,0),(111030,'Skill_FireKing_1_Hit_0','火王技能1_灼烧效果_0',9,1,0,0,0),(111031,'Skill_FireKing_1_Hit_1','火王技能1_灼烧效果_1',9,1,0,0,0),(111032,'Skill_FireKing_1_Hit_2','火王技能1_灼烧效果_2',9,1,0,0,0),(111040,'Skill_FireKing_2_Attack_0','火王技能2_释放',2,1,1,600,0),(111042,'Skill_FireKing_2_Attack_2','火王技能2_释放',2,1,1,600,0),(111050,'Skill_FireKing_2_Attack_0','火王技能2_油桶弹道_0',0,0,0,0,0),(111052,'Skill_FireKing_2_Attack_2','火王技能2_油桶弹道_2',0,0,0,0,0),(111060,'Skill_FireKing_2_Bomb_0','火王技能2_油桶落地爆炸_0',0,0,0,0,0),(111062,'Skill_FireKing_2_Bomb_2','火王技能2_油桶落地爆炸_2',0,0,0,0,0),(111070,'Skill_FireKing_2_Hit_0','火王技能2_受击叠油_0',9,1,0,0,0),(111072,'Skill_FireKing_2_Hit_2','火王技能2_受击叠油_2',9,1,0,0,0),(111080,'Skill_FireKing_3_Release_0','火王技能3_释放_0',9,0,0,0,0),(111082,'Skill_FireKing_3_Release_2','火王技能3_释放_2',9,0,0,0,0),(111090,'Skill_FireKing_3_Brush_0','火王技能3_盾罩效果_0',13,1,0,0,0),(111092,'Skill_FireKing_3_Brush_2','火王技能3_盾罩效果_2',13,1,0,0,0),(111100,'Skill_FireKing_3_Buff_0','火王技能3_加护盾效果',9,1,0,0,0),(111110,'Skill_FireKing_3_Hit_0','火王技能3_盾罩灼烧效果',9,1,1,0,0),(111120,'Skill_FireKing_2_Hit_loop_0','火王技能2_叠油起火_0',9,1,0,0,0),(111122,'Skill_FireKing_2_Hit_loop_2','火王技能2_叠油起火_2',9,1,0,0,0),(112010,'Skill_Nasha_1_Release_0','女弩技能1_释放',9,1,0,0,0),(112011,'Skill_Nasha_1_Release_1','女弩技能1_释放',9,1,0,0,0),(112020,'Skill_Nasha_1_Brush_0','女弩技能1_触发器出场+启动',13,0,0,0,0),(112021,'Skill_Nasha_1_Brush_1','女弩技能1_触发器出场+启动',13,0,0,0,0),(112030,'Skill_Nasha_1_Die_0','女弩技能1_触发器抓住+销毁',13,0,0,0,0),(112031,'Skill_Nasha_1_Die_1','女弩技能1_触发器抓住+销毁',13,0,0,0,0),(112040,'Skill_Nasha_1_Hit_0','女弩技能1_被抓住效果',9,1,0,0,0),(112041,'Skill_Nasha_1_Hit_1','女弩技能1_被抓住效果',9,1,0,0,0),(112050,'Skill_Nasha_2_Release_0','女弩技能2_释放',9,1,0,0,0),(112051,'Skill_Nasha_2_Release_1','女弩技能2_释放',9,1,0,0,0),(112060,'Skill_Nasha_2_Brush_0','女弩技能2_区域落地',0,0,0,0,0),(112061,'Skill_Nasha_2_Brush_1','女弩技能2_区域落地',0,0,0,0,0),(112070,'Skill_Nasha_2_Hit_0','女弩技能2_受击',9,1,0,0,0),(112071,'Skill_Nasha_2_Hit_1','女弩技能2_受击',9,1,0,0,0),(112080,'Skill_Nasha_3_Release_0','女弩技能3_跳跃_释放',9,1,0,0,0),(112081,'Skill_Nasha_3_Release_1','女弩技能3_跳跃_释放',9,1,0,0,0),(112090,'Skill_Nasha_3_Brush_0','女弩技能3_落地_范围攻击',9,1,0,0,0),(112091,'Skill_Nasha_3_Brush_1','女弩技能3_落地_范围攻击',9,1,0,0,0),(112100,'Skill_Nasha_3_Hit_0','女弩技能3_受击',9,1,0,0,0),(112101,'Skill_Nasha_3_Hit_1','女弩技能3_受击',9,1,0,0,0),(112110,'Skill_Nasha_1_Hit_loop_0','女弩技能1_被抓住后的标记效果',9,1,0,0,0),(112111,'Skill_Nasha_1_Hit_loop_1','女弩技能1_被抓住后的标记效果',9,1,0,0,0),(113010,'Skill_Capone_1_Release_0','卡彭技能1_磁能过载_释放',13,1,1,0,0),(113020,'Skill_Capone_1_Buff_0','卡彭技能1_磁能过载_BUFF',12,1,1,0,0),(113030,'Skill_Capone_2_Release_0','卡彭技能2_自愈_释放',1,1,0,0,0),(113040,'Skill_Capone_2_Buff_0','卡彭技能2_自愈_Buff',9,1,0,0,0),(113050,'Skill_Capone_3_Release_0','卡彭技能3_泰山压顶_释放',13,1,1,0,0),(113060,'Skill_Capone_3_Hit_0','卡彭技能3_泰山压顶_受击',10,1,0,0,0),(113070,'Skill_Capone_2_Hit_0','卡彭技能2_治愈单次加血',9,1,0,0,0),(114010,'Skill_Patty_1_Release_0','帕蒂技能1_爆裂榴弹_释放',12,1,1,0,0),(114020,'Skill_Patty_1_Attack_0','帕蒂技能1_爆裂榴弹_弹道',0,1,0,0,0),(114030,'Skill_Patty_1_Bomb_0','帕蒂技能1_爆裂榴弹_爆炸',0,1,0,0,0),(114040,'Skill_Patty_1_Hit_0','帕蒂技能1_爆裂榴弹_受击',9,1,0,0,0),(114050,'Skill_Patty_2_Release_0','帕蒂技能2_击退',13,1,0,0,0),(114060,'Skill_Patty_2_Hit_0','帕蒂技能2_受击',9,1,0,0,0),(114070,'Skill_Patty_3_Release_0','帕蒂技能3_战吼释放',13,1,0,0,0),(114080,'Skill_Patty_3_Buff_0','帕蒂技能_循环护盾',13,1,0,0,0),(114090,'Skill_Patty_3_Speed_0','帕蒂技能_循环加速',13,1,0,0,0),(200101,'UI_effect_standby_Gaia_0','盖亚UI特效',2,1,1,0,0),(200111,'UI_effect_standby_Gaia_1','盖亚皮肤1的UI特效',2,1,1,0,0),(200201,'UI_effect_standby_Theodor_0','春哥技能_循环加速',2,1,1,0,0),(200211,'UI_effect_standby_Theodor_1','壮汉皮肤1的UI特效',2,1,1,0,0),(200301,'UI_effect_standby_Saisi_0-1','塞西UI特效',0,1,1,0,0),(200302,'UI_effect_standby_Saisi_0-2','塞西UI特效',2,1,1,0,0),(200311,'UI_effect_standby_Saisi_1-1','塞西皮肤UI特效',0,1,1,0,0),(200312,'UI_effect_standby_Saisi_1-2','塞西皮肤UI特效',2,1,1,0,0),(200401,'UI_effect_standby_Joan_0-1','女主UI特效',0,1,1,0,0),(200411,'UI_effect_standby_Joan_1-1','女主皮肤1的UI特效',0,1,1,0,0),(200501,'UI_effect_standby_Fox_0','护士UI特效',0,1,1,0,0),(200511,'UI_effect_standby_Fox_1','护士皮肤1的UI特效',0,1,1,0,0),(200601,'UI_effect_standby_LiLong_0','李龙UI特效',0,1,1,0,0),(200611,'UI_effect_standby_LiLong_1','李龙皮肤1的UI特效',0,1,1,0,0),(200701,'UI_effect_standby_Catherine_0-1','凯瑟琳UI特效',0,1,1,0,0),(200711,'UI_effect_standby_Catherine_1-1','凯瑟琳皮肤1的UI特效',0,1,1,0,0),(200712,'UI_effect_standby_Catherine_1-2','凯瑟琳皮肤1的UI特效',8,1,1,0,0),(200801,'UI_effect_standby_Bill_0-1','比尔UI特效1',10,1,1,0,0),(200802,'UI_effect_standby_Bill_0-2','比尔UI特效2',1,1,1,0,0),(200811,'UI_effect_standby_Bill_1-1','比尔皮肤的UI特效1',10,1,1,0,0),(200812,'UI_effect_standby_Bill_1-2','比尔皮肤的UI特效2',1,1,1,0,0),(200901,'UI_effect_standby_Emil_0-1','阿拉伯UI特效',0,1,1,0,0),(200902,'UI_effect_standby_Emil_0-2','阿拉伯UI特效',9,1,1,0,0),(200911,'UI_effect_standby_Emil_1-1','阿拉伯皮肤1的UI特效',0,1,1,0,0),(200912,'UI_effect_standby_Emil_1-2','阿拉伯皮肤1的UI特效',9,1,1,0,0),(201001,'UI_effect_standby_Diaby_0-1','迪亚比的UI特效',1,1,1,0,0),(201002,'UI_effect_standby_Diaby_0-2','迪亚比的UI特效',2,1,1,0,0),(201003,'UI_effect_standby_Diaby_0-3','迪亚比的UI特效',0,1,1,0,0),(201011,'UI_effect_standby_Diaby_1-1','迪亚比皮肤1的UI特效',1,1,1,0,0),(201012,'UI_effect_standby_Diaby_1-2','迪亚比皮肤1的UI特效',2,1,1,0,0),(201013,'UI_effect_standby_Diaby_1-3','迪亚比皮肤1的UI特效',0,1,1,0,0),(201100,'UI_effect_idle_fireKing','火王待机特效',2,1,1,0,0),(201101,'UI_effect_standby_FireKing_0','火王的UI特效',0,1,1,0,0),(201111,'UI_effect_standby_FireKing_1','火王皮肤1的UI特效',0,1,1,0,0),(201121,'UI_effect_standby_FireKing_2','火王皮肤2的UI特效',0,1,1,0,0),(201201,'UI_effect_standby_Nasha_0','娜莎的UI特效1',1,1,1,0,0),(201211,'UI_effect_standby_Nasha_1-1','娜莎的皮肤1的UI特效1',9,1,1,0,0),(201212,'UI_effect_standby_Nasha_1-2','娜莎的皮肤1的UI特效2',2,1,1,0,0),(201301,'UI_effect_standby_Capone_0','卡彭的UI特效1',0,1,1,0,0),(201401,'UI_effect_standby_Patty_0','帕蒂的UI特效1',10,1,1,0,0),(210101,'UI_effect_MainUI','主界面特效',0,0,0,0,0),(210102,'UI_effect_deblocking','零件解锁特效',0,0,0,0,0),(210103,'UI_effect_synthesis2','零件合成2个',0,0,0,0,0),(210104,'UI_effect_synthesis','零件合成5个',0,0,0,0,0),(210105,'UI_effect_synthesis_loop','合成成功展示',0,0,0,0,0),(210106,'UI_effect_dust','角色展示背景特效',0,0,0,0,0),(210107,'UI_effect_transmit','角色展示圆盘特效',0,0,0,0,0),(210108,'UI_effect_bingo_normal','通用获取物品弹框动画特效',0,0,0,0,0),(210109,'UI_effect_bingowhite','获取特别物品展示白色',0,0,0,0,0),(210110,'UI_effect_bingoblue','获取特别物品展示蓝色',0,0,0,0,0),(210111,'UI_effect_bingogreen','获取特别物品展示绿色',0,0,0,0,0),(210112,'UI_effect_bingopurple','获取特别物品展示紫色',0,0,0,0,0),(210113,'UI_effect_maparrow','战斗引导箭头特效',0,0,0,0,0),(210114,'UI_effect_blood','战斗引导红屏特效',0,0,0,0,0),(210115,'UI_effect_rare','夺宝稀有特效',0,0,0,0,0),(210116,'UI_effect_obtain','夺宝选中',0,0,0,0,0),(210117,'UI_effect_main_helper','主界面——游戏小助手',0,0,0,0,0),(210118,'UI_effect_main_citizenship','主界面——国籍图标',0,0,0,0,0),(210119,'UI_effect_bar','游戏进度条',0,0,0,0,0),(210120,'UI_effect_flash','闪光特效',0,0,0,0,0),(210121,'UI_effect_mosaic','零件镶嵌特效',0,0,0,0,0),(210122,'UI_effect_development_free','零件研发——免费按钮',0,0,0,0,0),(210123,'UI_effect_treasure_box','极品夺宝箱子',0,0,0,0,0),(210124,'UI_effect_hero_countdown','英雄选择界面——倒计时',0,0,0,0,0),(210201,'UI_effect_box_480001','累计签到宝箱480001',0,0,0,0,0),(210202,'UI_effect_box_480002','累计签到宝箱480002',0,0,0,0,0),(210203,'UI_effect_box_480003','累计签到宝箱480003',0,0,0,0,0),(210204,'UI_effect_box_480004','累计签到宝箱480004',0,0,0,0,0),(210205,'UI_effect_box_480005','累计签到宝箱480005',0,0,0,0,0),(210301,'UI_effect_task_active','任务日活跃度宝箱',0,0,0,0,0),(210302,'UI_effect_task_weekActive','任务周活跃度宝箱',0,0,0,0,0),(210401,'UI_effect_level','升级特效',0,0,0,0,0),(210501,'UI_effect_MVP','获得MVP界面特效',0,0,0,0,0),(210502,'UI_effect_Pentakill','获得五杀界面特效',0,0,0,0,0),(210503,'UI_effect_Legendary','获得超神界面特效',0,0,0,0,0),(210504,'UI_effect_WS','获得连胜界面特效',0,0,0,0,0),(210505,'UI_effect_Champion','获得冠军界面特效',0,0,0,0,0),(210506,'UI_effect_teaching_streamer','教学手册——流光特效',0,0,0,0,0),(210507,'UI_effect_ranking_icon_1','排行榜界面——图标特效NO.1',0,0,0,0,0),(210508,'UI_effect_ranking_icon_2','NO.2',0,0,0,0,0),(210509,'UI_effect_ranking_icon_3','NO.3',0,0,0,0,0),(210510,'UI_effect_fighting_countdown','预备战斗界面——倒计时',0,0,0,0,0),(210511,'UI_effect_fighting_photosphere','预备战斗界面——光球特效',0,0,0,0,0),(210512,'UI_effect_inherit','排位赛赛季继承-特效',0,0,0,0,0),(210513,'UI_effect_Qualifying_1','段位徽章特效1',0,0,0,0,0),(210514,'UI_effect_Qualifying_2','段位徽章特效2',0,0,0,0,0),(210515,'UI_effect_Qualifying_3','段位徽章特效3',0,0,0,0,0),(210516,'UI_effect_Qualifying_4','段位徽章特效4',0,0,0,0,0),(210517,'UI_effect_Qualifying_5','段位徽章特效5',0,0,0,0,0),(210518,'UI_effect_Qualifying_6','段位徽章特效6',0,0,0,0,0),(210519,'UI_effect_Qualifying_7','段位徽章特效7',0,0,0,0,0),(210520,'UI_effect_Qualifying_8','段位徽章特效8',0,0,0,0,0),(210521,'UI_effect_Components','零件抽奖动画和特效',0,0,0,0,0),(210522,'UI_effect_star','段位升星-星星特效',0,0,0,0,0),(210523,'UI_effect_first','首充按钮特效',0,0,0,0,0),(210601,'Guide_Warning_Oil','预警特效_油桶',0,0,0,0,0),(210602,'Guide_Warning_Guns','预警特效_火枪',0,0,0,0,0),(210603,'Guide_Warning_Poison','预警特效_毒气',0,0,0,0,0),(210604,'Guide_Warning_Landmines','预警特效_地雷',0,0,0,0,0),(210605,'Guide_Logo_Box_Medical','标识特效_医疗箱子',0,0,0,0,0),(210606,'Guide_Logo_Box_Grenade','标识特效_手雷箱子',0,0,0,0,0),(210607,'Guide_Logo_Box_Non_Melee','标识特效_混战箱子',0,0,0,0,0),(210608,'Guide_Logo_Tent','标识特效_帐篷',0,0,0,0,0),(210609,'Guide_Logo_Grass','标识特效_草丛',0,0,0,0,0),(210610,'Guide_Beam_Grenade','光束特效_手雷',0,0,0,0,0),(210611,'Guide_Beam_Accelerate','光束特效_加速',0,0,0,0,0),(210612,'Guide_Beam_Shield','光束特效_护盾',0,0,0,0,0),(210613,'Guide_Beam_Talent','光束特效_天赋',0,0,0,0,0),(210614,'Guide_Beam_Experience','光束特效_经验值',0,0,0,0,0),(210615,'Guide_Aperture_Accelerate','光圈特效_加速',0,0,0,0,0),(210616,'Guide_Aperture_Shieldaw','光圈特效_护盾',0,0,0,0,0),(210617,'Guide_Streamer','经验条流光特效',0,0,0,0,0),(210618,'Guide_Logo_Creater','标识特效_生成器',0,0,0,0,0);
/*!40000 ALTER TABLE `prefab_effect` ENABLE KEYS */;
UNLOCK TABLES;

--
-- Table structure for table `prefab_shape`
--

DROP TABLE IF EXISTS `prefab_shape`;
/*!40101 SET @saved_cs_client     = @@character_set_client */;
/*!40101 SET character_set_client = utf8 */;
CREATE TABLE `prefab_shape` (
  `id` int(11) NOT NULL DEFAULT '0' COMMENT '外观ID',
  `prefab_name` char(50) NOT NULL DEFAULT '0' COMMENT '模型名称',
  `name` char(50) NOT NULL DEFAULT '0' COMMENT '外观名称',
  `scale` float NOT NULL DEFAULT '1' COMMENT '缩放比例',
  PRIMARY KEY (`id`,`prefab_name`)
) ENGINE=InnoDB DEFAULT CHARSET=utf8 COMMENT='[logic server no use]';
/*!40101 SET character_set_client = @saved_cs_client */;

--
-- Dumping data for table `prefab_shape`
--

LOCK TABLES `prefab_shape` WRITE;
/*!40000 ALTER TABLE `prefab_shape` DISABLE KEYS */;
INSERT INTO `prefab_shape` VALUES (10101,'Gaia','盖亚',1),(10102,'Gaia_Star','盖亚-星际骑兵',1),(10201,'Theodor','壮汉',1),(10202,'Theodor_Star','壮汉-杀戮堡垒',1),(10301,'Saisi','逗比',1),(10302,'Saisi_Clown','逗比',1),(10401,'Joan','琼恩',1),(10402,'Joan_Star','琼恩',1),(10501,'Fox','护士',1),(10502,'Fox_Nurse','护士',1),(10601,'LiLong','侠客',1),(10602,'LiLong_Guards','侠客',1),(10701,'Catherine','凯瑟琳',1),(10702,'Catherine_Repair','凯瑟琳',1),(10801,'Bill','比尔',1),(10802,'Bill_Killer','比尔',1),(10901,'Emil','埃米尔',1),(10902,'Emil_Death','埃米尔',1),(11001,'Diaby','迪亚比',1),(11002,'Diaby_Cowboy','迪亚比',1),(11101,'FireKing','火王',1),(11102,'FireKing_Heavy','火王',1),(11103,'FireKing_Christmas','火王圣诞皮肤',1),(11201,'Nasha','娜莎',1),(11202,'Nasha_Electric','娜莎',1),(11301,'Capone','卡彭',1),(11401,'Patty','帕蒂',1),(15001,'Beckon_Vehicle_Mech01','机甲',1),(21001,'Rifles_MP5','MP5',1),(21002,'Rifles_TAR-21','TAR-21',1),(21003,'Rifles_F2000','F2000',1),(21004,'Rifles_AK47','AK47',1),(21005,'Rifles_M4A1','M4A1',1),(21006,'Rifles_ACR','ACR',1),(21007,'Rifles_AUG','AUG',1),(21008,'Rifles_SCAR-S','SCAR-S',1),(21009,'Rifles_AK47_Star','星际AK',1),(21010,'Rifles_MP5_Repair','凯瑟琳皮肤枪械',1),(22001,'Guns_M60','M60',1),(22002,'Guns_RPD','RPD',1),(22003,'Guns_M249','M249',1),(22004,'Guns_Gatling','加特林',1),(22005,'Guns_Gatling_Star','杀戮加特林',1),(22006,'Guns_M60_Guards','M60禁军版',1),(22007,'Guns_M249_Death','M249死神版',1),(22011,'Guns_Vehicle_Mech01','机甲空武器',1),(22021,'Guns_Beckon_Turret','炮塔空武器',1),(23001,'Lens_AWM','AWM',1),(23002,'Lens_SVD','SVD',1),(23003,'Lens_PSG-1','PSG-1',1),(23004,'Lens_M82A1','M82A1',1),(23005,'Lens_M82A1_Star','星际巴特雷',1),(23006,'Lens_PSG-1_Nurse','护士PSG-1',1),(24001,'Shotgun_M1014','M1014',1),(24002,'Shotgun_Striker','打击者',1),(24003,'Shotgun_M870','M870',1),(24004,'Shotgun_Jackhammer','气锤',1),(24005,'Shotgun_AA12','AA12',1),(24006,'Shotgun_M870_Clown','M870-小丑',1),(24007,'Shotgun_AA12_Killer','AA12杀手版',1),(25001,'Grenade_M26','手雷',1),(25002,'Grenade_Flash','闪光弹',1),(25003,'Grenade_Smoke','烟雾弹',1),(25004,'Scene_Supply_Clip','弹匣',1),(25005,'Scene_Supply_grenade','随机手雷包',1),(25006,'Grenade_Shock','震撼弹',1),(25007,'Grenade_C4','C4炸药',1),(26001,'Double_Silver','银之回响',1),(26002,'Double_Cowboy','牛仔佩枪',1),(27001,'Fire_01','喷火枪',1),(27002,'Fire_Heavy','喷火枪',1),(27003,'Fire_Christmas','喷火枪圣诞版',1),(28001,'Crossbow','弩',1),(28002,'Crossbow_Electric','电磁弩',1),(29011,'Electric','电磁炮',1),(29021,'Shrapnel','榴弹炮',1),(30000,'Monster_Zombie_A','普通僵尸A',1),(30001,'Monster_Zombie_B','普通僵尸B',1),(30002,'Monster_Zombie_C','普通僵尸C',1),(51001,'mod_Scene_Thing_Bunker','普通掩体',1),(52001,'mod_Scene_Destroy_Drums','油桶',1),(52002,'mod_Scene_Destroy_Box','箱子',1),(52003,'mod_Scene_Destroy_Grenade','可破坏手雷箱子',1),(52004,'mod_Scene_Destroy_Medical','可破坏医疗箱子',1),(53001,'mod_Scene_Trap_Mine','地雷_黄色',1),(53002,'mod_Scene_Trap_Mine_red','地雷红色',1),(53003,'mod_Scene_Trap_Mine_blue','地雷蓝色',1),(53011,'mod_Scene_Trap_Flame','火焰喷射器',1),(55001,'mod_Scene_Thing_Bunker','普通掩体',1),(61001,'mod_Scene_Supply_Medical_Small','医疗包小',1),(61011,'mod_Scene_Supply_Ammunition_Small','弹药包小',1),(61021,'mod_Scene_Supply_Grenade_Small','手雷包小',1),(61031,'mod_Scene_Supply_Medical','医疗包大',1),(61041,'mod_Scene_Supply_Ammunition','弹药包大',1),(61051,'mod_Scene_Supply_Grenade','手雷包大',1),(61061,'mod_Scene_Destroy_Cactus','仙人掌',1),(61071,'mod_Scene_Destroy_Nutrient','营养罐',1),(61081,'mod_Scene_Destroy_Trash','垃圾桶',1),(61091,'mod_Scene_Destroy_Vehicle','装卸车',1),(61101,'mod_Scene_Trap_Frozen','冰冻特效',1),(61201,'mod_Scene_Trap_Gas','毒气陷阱',1),(61301,'mod_Scene_Trap_Suction','吸重盘',1),(61401,'UP_Experience_Loop_0','微型经验包',1),(61501,'mod_Scene_Trap_Snowball','雪球',1),(61601,'Scene_Trap_Thorn_Idle','地刺',1),(62001,'mod_Scene_Destroy_F_target','固定训练靶子',1),(62002,'mod_Scene_Destroy_F_target','移动训练靶子1',1),(62003,'mod_Scene_Frame','触发框',1),(62004,'mod_Scene_Destroy_M_target_2','移动训练靶子',1),(62101,'Scene_Resource_Small','临时资源点小',1),(62102,'Scene_Resource_Big','固定资源点大',1),(64001,'Scene_Bunker_Tent_White','帐篷-绿',1),(64002,'Scene_Bunker_Tent_Green','帐篷-白',1),(64003,'Scene_Bunker_Tent_Yellow','帐篷-黄',1),(64004,'Scene_Bunker_Grass_1','草丛-绿',1),(70101,'Beckon_Turret','召唤物-炮塔',1),(70102,'Beckon_Turret_Repair','召唤物-炮塔-皮肤',1),(70111,'Scene_Beckon_Charge','充能装置',1),(70121,'Scene_Beckon_Frontwall','阵壁',1),(70131,'Scene_Beckon_Shield','护盾装置',1),(70141,'Scene_Beckon_Suppoi','传送装置',1),(70151,'Scene_Beckon_Trap_1','定身陷阱_黄',1),(70152,'Scene_Beckon_Trap_2','定身陷阱_红',1),(71001,'Scene_Beckon_Vehicle_Mech01','机甲-场景',1),(72001,'Prefab_Bunker_Desert_Big','沙漠掩体（大）',1),(72002,'Prefab_Bunker_Desert_Big_Destroy','沙漠掩体（大）-破损版',1),(72003,'Prefab_Bunker_Desert_Small','沙漠掩体（小）',1),(72004,'Prefab_Bunker_Desert_Small_Destroy','沙漠掩体（小）-破损版',1),(72011,'Prefab_Bunker_Base_Big','基地掩体（大）',1),(72012,'Prefab_Bunker_Base_Big_Destroy','基地掩体（大）-破损版',1),(72013,'Prefab_Bunker_Base_Small','基地掩体（小）',1),(72014,'Prefab_Bunker_Base_Small_Destroy','基地掩体（小）-破损版',1),(72021,'Prefab_Bunker_Carrier_Big','航母掩体（大）',1),(72022,'Prefab_Bunker_Carrier_Big_Destroy','航母掩体（大）-破损版',1),(72023,'Prefab_Bunker_Carrier_Small','航母掩体（小）',1),(72024,'Prefab_Bunker_Carrier_Small_Destroy','航母掩体（小）-破损版',1),(72031,'Prefab_Bunker_Snow_Big','雪地掩体（大）',1),(72032,'Prefab_Bunker_Snow_Big_Destroy','雪地掩体（大）-破损版',1),(72033,'Prefab_Bunker_Snow_Small','雪地掩体（小）',1),(72034,'Prefab_Bunker_Snow_Small_Destroy','雪地掩体（小）-破损版',1),(72041,'Prefab_Bunker_Ruins_Big','遗迹掩体（大）',1),(72042,'Prefab_Bunker_Ruins_Big_Destroy','遗迹掩体（小）-破损版',1),(72043,'Prefab_Bunker_Ruins_Small','遗迹掩体（大）',1),(72044,'Prefab_Bunker_Ruins_Small_Destroy','遗迹掩体（小）-破损版',1),(80101,'BOSS_Animals_Desert','沙漠异兽BOSS',1);
/*!40000 ALTER TABLE `prefab_shape` ENABLE KEYS */;
UNLOCK TABLES;

--
-- Table structure for table `prefab_sound`
--

DROP TABLE IF EXISTS `prefab_sound`;
/*!40101 SET @saved_cs_client     = @@character_set_client */;
/*!40101 SET character_set_client = utf8 */;
CREATE TABLE `prefab_sound` (
  `id` int(11) NOT NULL COMMENT '音效ID',
  `prefab_name` char(50) NOT NULL DEFAULT '0' COMMENT '音效文件名',
  `name` char(50) NOT NULL DEFAULT '0' COMMENT '音效名称',
  PRIMARY KEY (`id`)
) ENGINE=InnoDB DEFAULT CHARSET=utf8 COMMENT='[logic server no use]';
/*!40101 SET character_set_client = @saved_cs_client */;

--
-- Dumping data for table `prefab_sound`
--

LOCK TABLES `prefab_sound` WRITE;
/*!40000 ALTER TABLE `prefab_sound` DISABLE KEYS */;
INSERT INTO `prefab_sound` VALUES (10001,'BGM_UI_Room','登录背景音乐'),(10002,'BGM_UI_Room','主菜单背景音乐'),(10003,'BGM_UI_Room','房间内等待音乐'),(10004,'BGM_Military_A','基地非战斗音乐'),(10005,'BGM_Military_B','基地战斗音乐'),(10006,'bgm_810000','沙漠非战斗音乐'),(10007,'bgm_battle_810000','沙漠战斗音乐'),(10008,'BGM_Scene_Snow_A','雪地主题BGM'),(10009,'BGM_Scene_Snow_B','雪地主题BGM'),(10010,'BGM_Scene_Carrier_A','航母主题BGM'),(10011,'BGM_Scene_Carrier_B','航母主题BGM'),(10012,'BGM_Scene_817000_A','遗迹主题BGM'),(10013,'BGM_Scene_817000_B','遗迹主题BGM'),(10101,'sound_UI_Clickitem','手指点击物品音效'),(10102,'sound_UI_Openinterface','打开界面音效'),(10103,'sound_UI_Closeinterface','关闭界面音效'),(10104,'sound_UI_Clickbutton','手指点击按钮音效'),(10105,'sound_UI_Sell','交易时获得金币的声音'),(10106,'sound_UI_Get1','获得道具时的播放的音效（除枪械外的其他物品）'),(10107,'sound_UI_Get2','获得枪械时的播放的音效'),(10108,'sound_UI_Get3','获得英雄时候的音效'),(10109,'sound_UI_level_1','角色升级时的音效'),(10110,'sound_UI_level_2','天赋加点升级的音效'),(10111,'sound_UI_level_3','武器升级的音效'),(10112,'sound_UI_level_4','武器部件升级的音效'),(10113,'sound_UI_treasure_1','在UI上打开宝箱的音效，一开始的声音'),(10114,'sound_UI_treasure_2','单独叮的声音'),(10115,'sound_UI_OpenUI','新功能开启时的音效'),(10116,'sound_UI_win','关卡胜利时的音效'),(10117,'sound_UI_lose','关卡失败时的音效'),(10118,'sound_UI_message','当有新的私聊消息（包含好友聊天）时，需有提示音效'),(10119,'sound_UI_Part_Set','零件镶嵌'),(10120,'sound_UI_Part_Down','零件取下'),(10121,'sound_UI_Part_Up','2合一升级'),(10122,'sound_UI_Part_Synthesis','5合1升级'),(20001,'sound_Switch_Rifles_Out','突击步枪出枪'),(20002,'sound_Switch_Lens_Out','狙击枪出枪'),(20003,'sound_Switch_Guns_Out','机关枪出枪'),(20004,'sound_Switch_Flat_Out','平端出枪'),(20005,'sound_Switch_Grenade_Out','手雷出枪'),(20006,'sound_Switch_Shotgun_Out','散弹枪出枪'),(20007,'sound_Grenade_Normal_Fuze','高爆手雷_拉开引信声音'),(20008,'sound_Grenade_Normal_Ballistic','高爆手雷_弹道音效'),(20009,'sound_Grenade_Normal_Explode','高爆手雷_爆炸声'),(20010,'sound_Grenade_Flare_Explode','闪光弹爆破声'),(20011,'sound_Grenade_Flare_Tinnitus','闪光弹耳鸣声'),(20012,'sound_Grenade_Smoke_Ground','烟雾弹落地声'),(20013,'sound_Grenade_Smoke_Tinnitus','烟雾弹烟雾释放声'),(20014,'sound_Hit_Flesh_1','血肉击打声'),(20015,'sound_Hit_Flesh_2','血肉击打声'),(20016,'sound_Hit_Bone_1','子弹击中骨头'),(20017,'sound_Hit_Bone_2','子弹击中骨头'),(20018,'sound_Hit_Metal_1','子弹击中金属'),(20019,'sound_Hit_Metal_2','子弹击中金属'),(20020,'sound_Hit_Board_1','子弹击中木板'),(20021,'sound_Hit_Board_2','子弹击中木板'),(20022,'sound_Hit_Stone_1','子弹击中石头'),(20023,'sound_Hit_Stone_2','子弹击中石头'),(21001,'sound_Trap_C4_Install','C4安装过程'),(21002,'sound_Trap_C4_Disable','C4拆弹过程'),(21003,'sound_Trap_C4_Countdown','C4倒计时'),(21004,'sound_Trap_C4_Boom','C4爆炸声'),(21005,'sound_Trap_Mine_Warning','地雷预警'),(21006,'sound_Trap_Mine_Attack','地雷爆炸'),(21007,'sound_Trap_Mine_Hit','地雷受击'),(21008,'sound_Trap_Flame_Attack','火焰喷射器喷射音效'),(21009,'sound_Trap_Flame_Hit','火焰喷射器灼烧'),(21010,'sound_Trap_Frozen_Attack','冰冻冷气喷射'),(21011,'sound_Trap_Frozen_Hit','冰冻冷气受击'),(21012,'sound_Trap_Quicksand_Attack','流沙攻击'),(21013,'sound_Trap_Quicksand_Hit','流沙受击'),(21014,'sound_Trap_Thorn_Attack','地刺攻击'),(21015,'sound_Trap_Thorn_Hit','地刺受击'),(21016,'sound_Trap_Suction_Attack','吸重盘攻击'),(21017,'sound_Trap_Suction_Hit','吸重盘受击'),(21018,'sound_Trap_Flower_Attack','食人花攻击'),(21019,'sound_Trap_Flower_Hit','食人花受击'),(21020,'sound_Trap_Gas_Attack','毒气攻击'),(21021,'sound_Trap_Gas_Hit','毒气受击'),(21022,'sound_Trap_Bunker_Attack','碉堡射击'),(21023,'sound_Destroy_Drums','油桶爆开'),(21024,'sound_Destroy_Box','箱子破碎'),(21025,'sound_Destroy_Snowman','雪人'),(21026,'sound_Destroy_Cactus','仙人掌'),(21027,'sound_Destroy_Idol','石像'),(21028,'sound_Destroy_Vehicle','装卸车'),(21029,'sound_Destroy_Statue','木质雕像'),(21030,'sound_Destroy_Nutrient','营养罐'),(21031,'sound_Destroy_Trash','垃圾桶'),(21032,'sound_Destroy_Frames','弹药架'),(21033,'sound_Footsteps_Snow_1','雪地脚步声'),(21034,'sound_Footsteps_Snow_2','雪地脚步声'),(21035,'sound_Footsteps_Desert_1','沙漠脚步声'),(21036,'sound_Footsteps_Desert_2','沙漠脚步声'),(21037,'sound_Footsteps_Stone_1','石板脚步声'),(21038,'sound_Footsteps_Stone_2','石板脚步声'),(21039,'sound_Footsteps_Metal_1','金属脚步声'),(21040,'sound_Footsteps_Metal_2','金属脚步声'),(21041,'sound_Footsteps_Board_1','木板脚步声'),(21042,'sound_Footsteps_Board_2','木板脚步声'),(21043,'sound_Objects_Pickup','拾取物品音效'),(21044,'sound_Objects_Discard','丢弃物品音效'),(21045,'sound_Switch_Door_1','开关门1'),(21046,'sound_Switch_Door_2','开关门2'),(21047,'sound_Switch_Door_3','开关门3'),(21048,'sound_Switch_Door_4','开关门4'),(21049,'sound_Switch_Console','激活控制台'),(21050,'sound_Switch_Instruction','输入指令'),(22001,'CombatVoice_Hit_Gaia','暴击受伤类'),(22002,'CombatVoice_Hit_Theodore','暴击受伤类'),(22003,'CombatVoice_Hit_Sise','暴击受伤类'),(22004,'CombatVoice_Hit_Lilong','暴击受伤类'),(22005,'CombatVoice_Hit_BILL','暴击受伤类'),(22006,'CombatVoice_Hit_Qiongensi','暴击受伤类'),(22007,'CombatVoice_Hit_FOX','暴击受伤类'),(22008,'CombatVoice_Hit_Amir','暴击受伤类'),(22009,'CombatVoice_Hit_Catherine','暴击受伤类'),(22010,'CombatVoice_Die_Gaia','死亡音效'),(22011,'CombatVoice_Die_Theodore','死亡音效'),(22012,'CombatVoice_Die_Sise','死亡音效'),(22013,'CombatVoice_Die_Lilong','死亡音效'),(22014,'CombatVoice_Die_BILL','死亡音效'),(22015,'CombatVoice_Die_Qiongensi','死亡音效'),(22016,'CombatVoice_Die_FOX','死亡音效'),(22017,'CombatVoice_Die_Amir','死亡音效'),(22018,'CombatVoice_Die_Catherine','死亡音效'),(22019,'CombatVoice_Excited_Gaia','亢奋音效'),(22020,'CombatVoice_Excited_Theodore','亢奋音效'),(22021,'CombatVoice_Excited_Sise','亢奋音效'),(22022,'CombatVoice_Excited_Lilong','亢奋音效'),(22023,'CombatVoice_Excited_BILL','亢奋音效'),(22024,'CombatVoice_Excited_Qiongensi','亢奋音效'),(22025,'CombatVoice_Excited_FOX','亢奋音效'),(22026,'CombatVoice_Excited_Amir','亢奋音效'),(22027,'CombatVoice_Excited_Catherine','亢奋音效'),(22028,'CombatVoice_Breathing_Gaia','喘息音效'),(22029,'CombatVoice_Breathing_Theodore','喘息音效'),(22030,'CombatVoice_Breathing_Sise','喘息音效'),(22031,'CombatVoice_Breathing_Lilong','喘息音效'),(22032,'CombatVoice_Breathing_BILL','喘息音效'),(22033,'CombatVoice_Breathing_Qiongensi','喘息音效'),(22034,'CombatVoice_Breathing_FOX','喘息音效'),(22035,'CombatVoice_Breathing_Amir','喘息音效'),(22036,'CombatVoice_Breathing_Catherine','喘息音效'),(22037,'CombatVoice_firstblood','一血'),(22038,'CombatVoice_Doublekill','双杀'),(22039,'CombatVoice_TribleKill','三杀'),(22040,'CombatVoice_quadrakill','四杀'),(22041,'CombatVoice_PentaKill','五杀'),(22042,'CombatVoice_aced','团灭'),(22043,'CombatVoice_ownage','向胜利迈进'),(22044,'CombatVoice_killingspree','大杀特杀'),(22045,'CombatVoice_rampage','暴走'),(22046,'CombatVoice_unstoppable','无人能挡'),(22047,'CombatVoice_dominating!','主宰比赛'),(22048,'CombatVoice_godlike','如同神一样'),(22049,'CombatVoice_legendary','超神'),(22050,'CombatVoice_shutdown','终结'),(22051,'ClassicVoice_Fire_Gaia','Fire_in_the_Hole'),(22052,'ClassicVoice_Fire_Theodore','Fire_in_the_Hole'),(22053,'ClassicVoice_Fire_Sise','Fire_in_the_Hole'),(22054,'ClassicVoice_Fire_Lilong','Fire_in_the_Hole'),(22055,'ClassicVoice_Fire_BILL','Fire_in_the_Hole'),(22056,'ClassicVoice_Fire_Qiongensi','Fire_in_the_Hole'),(22057,'ClassicVoice_Fire_FOX','Fire_in_the_Hole'),(22058,'ClassicVoice_Fire_Amir','Fire_in_the_Hole'),(22059,'ClassicVoice_Fire_Catherine','Fire_in_the_Hole'),(22060,'ClassicVoice_Go_Gaia','gogogo'),(22061,'ClassicVoice_Go_Theodore','gogogo'),(22062,'ClassicVoice_Go_Sise','gogogo'),(22063,'ClassicVoice_Go_Lilong','gogogo'),(22064,'ClassicVoice_Go_BILL','gogogo'),(22065,'ClassicVoice_Go_Qiongensi','gogogo'),(22066,'ClassicVoice_Go_FOX','gogogo'),(22067,'ClassicVoice_Go_Amir','gogogo'),(22068,'ClassicVoice_Go_Catherine','gogogo'),(22069,'ClassicVoice_Ok_Gaia','Ok,Let\'s_go!'),(22070,'ClassicVoice_Ok_Theodore','Ok,Let\'s_go!'),(22071,'ClassicVoice_Ok_Sise','Ok,Let\'s_go!'),(22072,'ClassicVoice_Ok_Lilong','Ok,Let\'s_go!'),(22073,'ClassicVoice_Ok_BILL','Ok,Let\'s_go!'),(22074,'ClassicVoice_Ok_Qiongensi','Ok,Let\'s_go!'),(22075,'ClassicVoice_Ok_FOX','Ok,Let\'s_go!'),(22076,'ClassicVoice_Ok_Amir','Ok,Let\'s_go!'),(22077,'ClassicVoice_Ok_Catherine','Ok,Let\'s_go!'),(22078,'sound_skill_Gaia','主角技能'),(22079,'sound_skill_Theodore','壮汉技能'),(22080,'sound_skill_Sise','逗比技能'),(22081,'sound_skill_Qiongensi','女主技能'),(22082,'sound_skill_Catherine','萝莉技能'),(23001,'sound_Grenade_Firebombs_Out','准备投掷'),(23002,'sound_Grenade_Firebombs_Ballistic','弹道声音'),(23003,'sound_Grenade_Firebombs_burning','燃烧声音'),(23004,'sound_Grenade_Firebombs_Hit','受击灼烧的声音'),(23005,'sound_skill_Emil_Out','中东_沙暴准备投掷'),(23006,'sound_skill_Emil_Ballistic','中东_沙暴弹道'),(23007,'sound_skill_Emil_Bomb','中东_沙暴爆发'),(23008,'sound_skill_Emil_Hit','中东_沙暴受击'),(23009,'sound_skill_Bill_Out','比尔_火箭筒准备发射'),(23010,'sound_skill_Bill_Ballistic','火箭筒弹道'),(23011,'sound_skill_Bill_Bomb','火箭筒爆炸'),(23012,'sound_skill_Bill_Hit','火箭筒受击'),(23013,'sound_skill_Fox_Treat','护士_治疗音效'),(23014,'sound_skill_Fox_Treated','护士_被治疗'),(23015,'sound_skill_Gaia','盖亚_扫射'),(23016,'sound_skill_Roll','角色翻滚'),(23017,'sound_skill_LiLong_1','侠客二段斩刀声1'),(23018,'sound_skill_LiLong_2','侠客二段斩刀声2'),(23019,'sound_skill_LiLong_hit','侠客二段斩受击'),(23020,'sound_Skill_Gaia_2_Release','盖亚技能2_释放'),(23021,'sound_Skill_Gaia_2_Trigger','盖亚技能2_装置触发'),(23022,'sound_Skill_Gaia_2_Buff','盖亚技能2_加持护盾'),(23023,'sound_Skill_Gaia_2_Die','盖亚技能2_装置销毁'),(23024,'sound_Skill_Theodor_2_Release','壮汉技能2_释放'),(23025,'sound_Skill_Theodor_2_Die','壮汉技能2_墙壁销毁'),(23026,'sound_Skill_Theodor_Roll','壮汉翻滚-冲锋'),(23027,'sound_Skill_LiLong_1_Release','侠客技能1_刀光破空声'),(23028,'sound_Skill_LiLong_2_Release','侠客技能2_刀光破空声'),(23029,'sound_Skill_LiLong_1_Hit','侠客—剑气命中声音'),(23030,'sound_Skill_LiLong_Roll','侠客翻滚-闪现'),(23031,'sound_Skill_Joan_2_Release','女主技能2_释放'),(23032,'sound_Skill_Joan_2_Trigger','女主技能2_传送'),(23033,'sound_Skill_Catherine_2_Release','萝莉技能2_释放'),(23034,'sound_Skill_Catherine_2_Die','萝莉技能2_炮塔摧毁'),(23035,'sound_Skill_Fox_2_Release','护士技能2_兴奋剂释放'),(23036,'sound_Skill_Saisi_2_Release','逗比技能2_释放'),(23037,'sound_Skill_Saisi_Roll','逗比翻滚-滑铲'),(23038,'sound_Skill_Diaby_1_Release','迪亚比技能1_双枪直射'),(23039,'sound_Skill_Diaby_2_Release','迪亚比技能2_跳跃扫射'),(23040,'sound_Skill_Bill_2_Release','比尔技能2_抓钩释放'),(23041,'sound_Skill_Bill_2_Back','比尔技能2_抓钩收回'),(23042,'sound_Skill_Bill_2_Hit','比尔技能2_抓住音效'),(23043,'sound_Skill_Bill_Roll','比尔翻滚-突进'),(23044,'sound_Skill_Emil_2_Release','阿拉伯技能2_释放装置'),(23045,'sound_Skill_Emil_2_Buff','阿拉伯技能2_加持BUFF'),(23046,'sound_Skill_Emil_2_Die','阿拉伯技能2_装置摧毁'),(23047,'sound_Skill_Emil_Roll','阿拉伯翻滚-跳跃'),(23048,'sound_Skill_Catherine_2_Fire','萝莉炮塔枪声'),(23049,'sound_Skill_Nasha_1_Release','女弩技能1定身陷阱_释放'),(23050,'sound_Skill_Nasha_1_Trigger','女弩技能1定身陷阱_踩中触发'),(23051,'sound_Skill_Nasha_1_Hit','女弩技能1_玩家被定住'),(23052,'sound_Skill_Nasha_2_Release','女弩技能2_释放'),(23053,'sound_Skill_Nasha_2_Trigger','女弩技能2_落地'),(23054,'sound_Skill_Nasha_2_Hit','女弩技能2_受击'),(23055,'sound_Skill_FireKing_1_Release','火王技能1盾罩_释放'),(23056,'sound_Skill_FireKing_1_Buff','火王技能1盾罩_BUFF'),(23057,'sound_Skill_FireKing_2_Release','火王技能2火墙_释放'),(23058,'sound_Skill_FireKing_2_Hit','火王技能2_灼烧受击效果'),(24001,'sound_Boss_Desert_Attack_1','普通攻击1_释放'),(24002,'sound_Boss_Desert_Attack_1_Hit','普通攻击1_受击'),(24003,'sound_Boss_Desert_Attack_2','普通攻击2_释放'),(24004,'sound_Boss_Desert_Attack_2_Hit','普通攻击2_受击'),(24005,'sound_Boss_Desert_Skill_1','技能攻击1_释放'),(24006,'sound_Boss_Desert_Skill_1_Hit','技能攻击1_受击'),(24007,'sound_Boss_Desert_Skill_2','技能攻击2_释放'),(24008,'sound_Boss_Desert_Skill_2_Hit','技能攻击2_受击'),(24009,'sound_Boss_Desert_Skill_3','喷毒_释放'),(24010,'sound_Boss_Desert_Skill_3_Hit','喷毒_受击'),(24011,'sound_Boss_Desert_Skill_4','喷风刃_释放'),(24012,'sound_Boss_Desert_Skill_4_Hit','喷风刃_受击'),(24013,'sound_Boss_Desert_Brush','BOSS出场音效'),(24014,'sound_Boss_Desert_Die','BOSS死亡音效'),(31010,'UI_Show_Sound_Gaia_1','盖亚UI音效'),(31020,'UI_Show_Sound_Theodor_1','西奥多UI音效'),(31030,'UI_Show_Sound_Saisi_1','塞西UI音效'),(31040,'UI_Show_Sound_Joan_1','琼恩UI音效'),(31050,'UI_Show_Sound_Fox_1','FoxUI音效'),(31060,'UI_Show_Sound_LiLong_1','李龙UI音效'),(31070,'UI_Show_Sound_Catherine_1','凯瑟琳UI音效'),(31080,'UI_Show_Sound_Bill_1','比尔UI音效'),(31090,'UI_Show_Sound_Emil_1','埃米尔UI音效'),(31100,'UI_Show_Sound_Diaby_1','迪亚比UI音效'),(31110,'UI_Show_Sound_FireKing_1','火王UI音效'),(31120,'UI_Show_Sound_Nasha_1','娜莎UI音效'),(31121,'UI_Show_Sound_Nasha_2','娜莎UI音效2'),(31130,'UI_Show_Sound_Capone_1','卡彭UI音效'),(31140,'UI_Show_Sound_Patty_1','帕蒂UI音效'),(41400,'Fire_arms_Shrapnel_Bomb','帕蒂普通攻击爆炸音效'),(51300,'Fire_arms_Electric_Hit','卡彭电磁枪受击'),(51400,'Fire_arms_Shrapnel_Hit','帕蒂榴弹炮受击');
/*!40000 ALTER TABLE `prefab_sound` ENABLE KEYS */;
UNLOCK TABLES;

--
-- Table structure for table `projectile`
--

DROP TABLE IF EXISTS `projectile`;
/*!40101 SET @saved_cs_client     = @@character_set_client */;
/*!40101 SET character_set_client = utf8 */;
CREATE TABLE `projectile` (
  `id` int(10) NOT NULL COMMENT 'id',
  `name` varchar(20) NOT NULL COMMENT '弹道名称',
  `performance` int(10) NOT NULL COMMENT '弹道表现',
  `hit_performance` int(10) NOT NULL DEFAULT '0' COMMENT '弹道的受击表现，索引到performance表。',
  `hit_role_performance` int(10) NOT NULL DEFAULT '0' COMMENT '角色受击表现',
  `impulse` float NOT NULL COMMENT '弹道力度',
  `speed` float NOT NULL COMMENT '弹道速度',
  `projectile_type` int(10) NOT NULL COMMENT '弹道类型（0：bullet，1：步枪，2、机枪,4、散弹，5、狙击，6、手雷，7、闪光，8、普通直线，9、普通抛物线，10、导弹，11、抓钩，12、喷火枪,13、追踪弹）',
  `project_launch_angle` float NOT NULL COMMENT '弹道初始发射角度',
  `projectile_launch_direction` int(10) NOT NULL COMMENT '弹道方向（0=瞄准方向，1=枪口的方向 2=目标方向）',
  `project_width` int(10) NOT NULL COMMENT '弹道宽度',
  `collision_type` varchar(20) NOT NULL COMMENT '是否阻挡(索引到scene_layer)',
  `through_performance` int(10) NOT NULL COMMENT '穿透表现',
  `dummy` int(11) NOT NULL COMMENT '挂点位置。1左手，2右手，3左脚，4右脚，5左肩，6右肩，7左胯部，8右胯部，9胸，10头，11枪身，12枪口，13原点，',
  `trigger_type` varchar(20) NOT NULL COMMENT '是否触发(索引到scene_layer)',
  `end_performance` int(10) NOT NULL DEFAULT '0' COMMENT '弹道结束表现，配置爆炸表现，索引到performance表',
  PRIMARY KEY (`id`)
) ENGINE=InnoDB DEFAULT CHARSET=utf8 COMMENT='[logic server no use]';
/*!40101 SET character_set_client = @saved_cs_client */;

--
-- Dumping data for table `projectile`
--

LOCK TABLES `projectile` WRITE;
/*!40000 ALTER TABLE `projectile` DISABLE KEYS */;
INSERT INTO `projectile` VALUES (1010,'AK47',73010,77010,76010,2000,65,1,0,1,0,'1,4',77010,12,'1,3,4',0),(1011,'AK47-星际型',73011,77011,76011,2000,65,1,0,1,0,'1,4',77011,12,'1,3,4',0),(1020,'加特林',73020,77020,76020,2000,75,2,0,1,0,'1,4',77020,12,'1,3,4',0),(1021,'加特林-杀戮型',73021,77021,76021,2000,75,2,0,1,0,'1,4',77021,12,'1,3,4',0),(1030,'雷明顿M870',73030,77030,76030,2000,70,4,0,1,0,'1,4',77030,12,'1,3,4',0),(1031,'M870-小丑型',73031,77031,76031,2000,70,4,0,1,0,'1,4',77031,12,'1,3,4',0),(1040,'巴雷特M82A1',73040,77040,76040,2000,90,5,0,0,0,'1,4',77040,12,'1,3,4',0),(1041,'M82A1-星际型',73041,77041,76041,2000,90,5,0,0,0,'1,4',77041,12,'1,3,4',0),(1050,'PSG-1',73050,77050,76050,2000,90,5,0,0,0,'1,4',77050,12,'1,3,4',0),(1051,'PSG-护士型',73051,77051,76051,2000,90,5,0,0,0,'1,4',77051,12,'1,3,4',0),(1060,'M60',73060,77060,76060,2000,75,2,0,1,0,'1,4',77060,12,'1,3,4',0),(1061,'M60-禁军',73061,77061,76061,2000,75,2,0,1,0,'1,4',77061,12,'1,3,4',0),(1070,'MP5',73070,77070,76070,2000,65,1,0,1,0,'1,4',77070,12,'1,3,4',0),(1071,'MP5-维修型',73071,77071,76071,2000,65,1,0,1,0,'1,4',77071,12,'1,3,4',0),(1080,'AA12',73080,77080,76080,2000,70,4,0,1,0,'1,4',77080,12,'1,3,4',0),(1081,'AA12-杀手版',73081,77081,76081,2000,70,4,0,1,0,'1,4',77081,12,'1,3,4',0),(1090,'M249',73090,77090,76090,2000,75,2,0,1,0,'1,4',77090,12,'1,3,4',0),(1091,'M249-死神版',73091,77091,76091,2000,75,2,0,1,0,'1,4',77091,12,'1,3,4',0),(1100,'银之回响',73100,77100,76100,2000,65,1,0,1,0,'1,4',77100,12,'1,3,4',0),(1101,'银之回响-牛仔型',73101,77101,76101,2000,65,1,0,1,0,'1,4',77101,12,'1,3,4',0),(1110,'毁灭之焰',73110,78110,76110,2000,65,12,0,1,0,'1',78110,12,'1,3,4',0),(1111,'毁灭之焰-重装型',73111,78111,76111,2000,65,12,0,1,0,'1',78111,12,'1,3,4',0),(1112,'毁灭之焰-圣诞版',73112,78112,76112,2000,65,12,0,1,0,'1',78112,12,'1,3,4',0),(1120,'电磁弩P-0',73120,77120,76120,2000,70,1,0,1,0,'1',77120,12,'1,3,4',0),(1121,'电磁弩P-1',73121,77121,76121,2000,70,1,0,1,0,'1',77121,12,'1,3,4',0),(1130,'电磁炮',73130,78130,76130,100,20,12,45,0,0,'0',78130,12,'1,3,4',0),(1140,'榴弹枪',73140,0,76140,100,20,6,0,0,0,'0',0,12,'0',81140),(2001,'手雷弹道',32010,0,0,100,20,6,45,0,0,'0',0,2,'0',0),(2002,'闪光弹弹道',32020,0,0,100,20,7,45,0,0,'0',0,2,'0',0),(2003,'燃烧弹弹道',32030,0,0,100,20,6,45,0,0,'0',0,2,'0',0),(5001,'炮塔弹道',107070,107080,107090,2000,75,1,0,1,0,'1,4',107080,12,'1,3,4',0),(5002,'炮塔皮肤1弹道',107071,107081,107091,2000,75,1,0,1,0,'1,4',107081,12,'1,3,4',0),(6001,'机甲01弹道',40111,72023,40112,2000,75,2,0,1,0,'1,4',72023,12,'1,3,4',0),(6002,'机甲01导弹弹道',40117,0,0,2000,10,10,0,0,2,'1,3,4',0,6,'1,3,4',0),(8001,'BOSS特殊攻击弹道1',61023,0,0,100,30,8,0,2,0,'1',0,10,'1,4',0),(8002,'BOSS特殊攻击弹道2',61024,0,0,100,30,8,0,2,0,'1',0,10,'1,4',0),(9001,'空直线弹道',0,0,0,2000,45,8,0,0,2,'0',0,2,'0',0),(10110,'扫射',101020,101030,101040,2000,70,1,0,1,0,'1,4',101030,12,'1,3,4',0),(10111,'扫射',101021,101031,101041,2000,70,1,0,1,0,'1,4',101031,12,'1,3,4',0),(10520,'护士技能2_睡眠针_弹道',105040,105050,0,2000,70,13,0,0,1,'0',105050,1,'1,3,4',0),(10620,'侠客剑气',106060,0,0,2000,28,8,0,0,2,'0',106080,2,'1,3,4',0),(10621,'侠客剑气',106061,0,0,2000,28,8,0,0,2,'0',106081,2,'1,3,4',0),(10810,'比尔火箭筒弹道',108020,72021,72021,2000,45,8,0,0,1,'1,3,4',72021,2,'1,3,4',0),(10811,'比尔火箭筒弹道',108020,72021,72021,2000,45,8,0,0,1,'1,3,4',72021,2,'1,3,4',0),(10820,'比尔抓钩弹道',108060,108070,108070,2000,55,11,0,0,1,'3',72021,1,'1,3,4',0),(10821,'比尔抓钩弹道',108060,108070,108070,2000,55,11,0,0,1,'3',72021,1,'1,3,4',0),(10910,'中东',109010,0,72021,100,20,6,30,0,0,'0',72021,1,'1,3,4',0),(10911,'中东',109011,0,72021,100,20,6,45,0,0,'0',72021,1,'1,3,4',0),(10920,'中东技能2',109050,0,72021,800,25,8,0,0,0,'0',72021,2,'1,3,4',0),(10921,'中东技能2',109051,0,72021,800,25,8,0,0,0,'0',72021,2,'1,3,4',0),(11010,'双枪技能1弹道',110010,110030,110040,2000,60,1,0,1,0,'1,3,4',110030,12,'1,3,4',0),(11011,'双枪技能1弹道',110011,110031,110041,2000,60,1,0,1,0,'1,3,4',110031,12,'1,3,4',0),(11120,'火王技能2弹道',111050,0,0,100,20,6,30,0,0,'1,3,4',0,2,'1,3,4',0),(11121,'火王技能2弹道',111050,0,0,100,20,6,45,0,0,'1,3,4',0,2,'1,3,4',0),(11122,'火王技能2弹道',111052,0,0,100,20,6,45,0,0,'1,3,4',0,2,'1,3,4',0),(11310,'帕蒂技能1弹道',114020,0,0,100,20,6,45,0,0,'0',0,12,'0',0);
/*!40000 ALTER TABLE `projectile` ENABLE KEYS */;
UNLOCK TABLES;

--
-- Table structure for table `rank_info`
--

DROP TABLE IF EXISTS `rank_info`;
/*!40101 SET @saved_cs_client     = @@character_set_client */;
/*!40101 SET character_set_client = utf8 */;
CREATE TABLE `rank_info` (
  `rank_index` int(11) NOT NULL COMMENT '用于计算平均段位',
  `rank_lv` int(11) NOT NULL DEFAULT '0' COMMENT '排位大段：1=青铜，2=白银，3=黄金，4=铂金，5=钻石，6=王者',
  `rank_sub_lv` int(11) NOT NULL DEFAULT '0' COMMENT '排位小段 （一个大段下的小段位等级，为0表示该大段没有小段区分）',
  `name` varchar(50) NOT NULL DEFAULT '' COMMENT '[Language]段位名称',
  `rank_lv_name` varchar(50) NOT NULL DEFAULT '' COMMENT '[Language]大段名称',
  `icon` int(11) NOT NULL COMMENT '图标ID',
  `image` int(11) NOT NULL COMMENT '图片ID',
  `rank_star` int(11) NOT NULL DEFAULT '0' COMMENT '该小段对应的星级数',
  `extra_star_series` int(11) NOT NULL COMMENT '该段位额外增加1星所需的连胜场次',
  `brave_score` int(11) NOT NULL COMMENT '对应段位额外加星所需勇者积分',
  `protect_score` int(11) NOT NULL DEFAULT '0' COMMENT '对应段位的段位保护勇者积分',
  PRIMARY KEY (`rank_index`)
) ENGINE=InnoDB DEFAULT CHARSET=utf8;
/*!40101 SET character_set_client = @saved_cs_client */;

--
-- Dumping data for table `rank_info`
--

LOCK TABLES `rank_info` WRITE;
/*!40000 ALTER TABLE `rank_info` DISABLE KEYS */;
INSERT INTO `rank_info` VALUES (1,1,3,'Bronze Ⅲ','Bronze',1000,1100,3,3,20,0),(2,1,2,'Bronze Ⅱ','Bronze',1000,1100,3,3,20,0),(3,1,1,'Bronze Ⅰ','Bronze',1000,1100,3,3,20,0),(4,2,3,'Silver Ⅲ','Silver',2000,2100,3,3,40,20),(5,2,2,'Silver Ⅱ','Silver',2000,2100,3,3,40,20),(6,2,1,'Silver Ⅰ','Silver',2000,2100,3,3,40,20),(7,3,4,'Gold Ⅳ','Gold',3000,3100,4,4,60,30),(8,3,3,'Gold Ⅲ','Gold',3000,3100,4,4,60,30),(9,3,2,'Gold Ⅱ','Gold',3000,3100,4,4,60,30),(10,3,1,'Gold Ⅰ','Gold',3000,3100,4,4,60,30),(11,4,5,'Platinum Ⅴ','Platinum',4000,4100,4,5,70,35),(12,4,4,'Platinum Ⅳ','Platinum',4000,4100,4,5,70,35),(13,4,3,'Platinum Ⅲ','Platinum',4000,4100,4,5,70,35),(14,4,2,'Platinum Ⅱ','Platinum',4000,4100,4,5,70,35),(15,4,1,'Platinum Ⅰ','Platinum',4000,4100,4,5,70,35),(16,5,5,'Diamond Ⅴ','Diamond',5000,5100,5,0,80,40),(17,5,4,'Diamond Ⅳ','Diamond',5000,5100,5,0,80,40),(18,5,3,'Diamond Ⅲ','Diamond',5000,5100,5,0,80,40),(19,5,2,'Diamond Ⅱ','Diamond',5000,5100,5,0,80,40),(20,5,1,'Diamond Ⅰ','Diamond',5000,5100,5,0,80,40),(21,6,0,'Legend','Legend',6000,6100,99999,0,0,0),(22,7,0,'Eternal Legend','Legend',7000,6100,99999,0,0,0);
/*!40000 ALTER TABLE `rank_info` ENABLE KEYS */;
UNLOCK TABLES;

--
-- Table structure for table `rank_inherit`
--

DROP TABLE IF EXISTS `rank_inherit`;
/*!40101 SET @saved_cs_client     = @@character_set_client */;
/*!40101 SET character_set_client = utf8 */;
CREATE TABLE `rank_inherit` (
  `id` int(11) NOT NULL COMMENT '没用的主键',
  `rank_lv` int(11) NOT NULL DEFAULT '0' COMMENT '排位大段：1=青铜，2=白银，3=黄金，4=铂金，5=钻石，6=王者',
  `rank_sub_lv` int(11) NOT NULL DEFAULT '0' COMMENT '排位小段（一个大段下的小段位等级，为0表示该大段没有小段区分，1=Ⅰ、2=Ⅱ、3=Ⅲ、4=Ⅳ、5=Ⅴ）',
  `start_star` int(11) NOT NULL DEFAULT '0' COMMENT '起始星级数',
  `end_star` int(11) NOT NULL DEFAULT '5' COMMENT '终止星级数',
  `inherit_rank` varchar(10) NOT NULL DEFAULT '' COMMENT '对应段位及星级被继承后的段位（rank_index，rank_star）',
  PRIMARY KEY (`id`)
) ENGINE=InnoDB DEFAULT CHARSET=utf8;
/*!40101 SET character_set_client = @saved_cs_client */;

--
-- Dumping data for table `rank_inherit`
--

LOCK TABLES `rank_inherit` WRITE;
/*!40000 ALTER TABLE `rank_inherit` DISABLE KEYS */;
INSERT INTO `rank_inherit` VALUES (1,1,3,0,5,'1,1'),(2,1,2,0,5,'1,1'),(3,1,1,0,5,'2,1'),(4,2,3,0,5,'3,1'),(5,2,2,0,5,'4,1'),(6,2,1,0,5,'4,1'),(7,3,4,0,5,'5,1'),(8,3,3,0,5,'5,1'),(9,3,2,0,5,'6,1'),(10,3,1,0,5,'6,1'),(11,4,5,0,5,'7,1'),(12,4,4,0,5,'9,1'),(13,4,3,0,5,'9,1'),(14,4,2,0,5,'9,1'),(15,4,1,0,5,'10,1'),(16,5,5,0,5,'10,1'),(17,5,4,0,5,'11,1'),(18,5,3,0,5,'12,1'),(19,5,2,0,5,'13,1'),(20,5,1,0,5,'14,1'),(21,6,0,0,50,'15,1'),(22,6,0,51,100,'16,1'),(23,6,0,101,150,'17,1'),(24,6,0,151,99999,'18,1');
/*!40000 ALTER TABLE `rank_inherit` ENABLE KEYS */;
UNLOCK TABLES;

--
-- Table structure for table `rank_reward`
--

DROP TABLE IF EXISTS `rank_reward`;
/*!40101 SET @saved_cs_client     = @@character_set_client */;
/*!40101 SET character_set_client = utf8 */;
CREATE TABLE `rank_reward` (
  `lv` int(10) NOT NULL DEFAULT '1' COMMENT '玩家等级',
  `box_id1` int(10) NOT NULL DEFAULT '0' COMMENT '宝箱1的id',
  `rate1` int(11) NOT NULL DEFAULT '0' COMMENT '宝箱1掉落几率 万分比',
  `box_id2` int(10) NOT NULL DEFAULT '0' COMMENT '宝箱2的id',
  `rate2` int(11) NOT NULL DEFAULT '0' COMMENT '宝箱2掉落几率 万分比',
  `box_id3` int(10) NOT NULL DEFAULT '0' COMMENT '宝箱3的id',
  `rate3` int(11) NOT NULL DEFAULT '0' COMMENT '宝箱3掉落几率 万分比',
  `reward_coin` int(10) NOT NULL DEFAULT '0' COMMENT '金币奖励基础值',
  `reward_exp` int(10) NOT NULL DEFAULT '0' COMMENT '经验奖励基础值',
  PRIMARY KEY (`lv`)
) ENGINE=InnoDB DEFAULT CHARSET=utf8;
/*!40101 SET character_set_client = @saved_cs_client */;

--
-- Dumping data for table `rank_reward`
--

LOCK TABLES `rank_reward` WRITE;
/*!40000 ALTER TABLE `rank_reward` DISABLE KEYS */;
INSERT INTO `rank_reward` VALUES (1,0,0,0,0,0,0,55,388),(2,0,0,0,0,0,0,55,388),(3,0,0,0,0,0,0,55,388),(4,0,0,0,0,0,0,55,388),(5,0,0,0,0,0,0,55,388),(6,0,0,0,0,0,0,55,388),(7,0,0,0,0,0,0,55,388),(8,0,0,0,0,0,0,55,388),(9,0,0,0,0,0,0,55,388),(10,0,0,0,0,0,0,55,388),(11,0,0,0,0,0,0,55,388),(12,0,0,0,0,0,0,55,388),(13,0,0,0,0,0,0,55,388),(14,0,0,0,0,0,0,55,388),(15,0,0,0,0,0,0,55,388),(16,0,0,0,0,0,0,55,388),(17,0,0,0,0,0,0,55,388),(18,0,0,0,0,0,0,55,388),(19,0,0,0,0,0,0,55,388),(20,0,0,0,0,0,0,55,388),(21,0,0,0,0,0,0,55,388),(22,0,0,0,0,0,0,55,388),(23,0,0,0,0,0,0,55,388),(24,0,0,0,0,0,0,55,388),(25,0,0,0,0,0,0,55,388),(26,0,0,0,0,0,0,55,388),(27,0,0,0,0,0,0,55,388),(28,0,0,0,0,0,0,55,388),(29,0,0,0,0,0,0,55,388),(30,0,0,0,0,0,0,55,388),(31,0,0,0,0,0,0,55,388),(32,0,0,0,0,0,0,55,388),(33,0,0,0,0,0,0,55,388),(34,0,0,0,0,0,0,55,388),(35,0,0,0,0,0,0,55,388),(36,0,0,0,0,0,0,55,388),(37,0,0,0,0,0,0,55,388),(38,0,0,0,0,0,0,55,388),(39,0,0,0,0,0,0,55,388),(40,0,0,0,0,0,0,55,388),(41,0,0,0,0,0,0,55,388),(42,0,0,0,0,0,0,55,388),(43,0,0,0,0,0,0,55,388),(44,0,0,0,0,0,0,55,388),(45,0,0,0,0,0,0,55,388),(46,0,0,0,0,0,0,55,388),(47,0,0,0,0,0,0,55,388),(48,0,0,0,0,0,0,55,388),(49,0,0,0,0,0,0,55,388),(50,0,0,0,0,0,0,55,388),(51,0,0,0,0,0,0,55,388),(52,0,0,0,0,0,0,55,388),(53,0,0,0,0,0,0,55,388),(54,0,0,0,0,0,0,55,388),(55,0,0,0,0,0,0,55,388),(56,0,0,0,0,0,0,55,388),(57,0,0,0,0,0,0,55,388),(58,0,0,0,0,0,0,55,388),(59,0,0,0,0,0,0,55,388),(60,0,0,0,0,0,0,55,388);
/*!40000 ALTER TABLE `rank_reward` ENABLE KEYS */;
UNLOCK TABLES;

--
-- Table structure for table `rank_season`
--

DROP TABLE IF EXISTS `rank_season`;
/*!40101 SET @saved_cs_client     = @@character_set_client */;
/*!40101 SET character_set_client = utf8 */;
CREATE TABLE `rank_season` (
  `season_id` int(11) NOT NULL DEFAULT '0' COMMENT '第几赛季',
  `season_name` varchar(10) NOT NULL DEFAULT '' COMMENT '赛季名称',
  `start_time` varchar(20) NOT NULL DEFAULT '2017-06-12' COMMENT '开始时间 (2017-07-12)',
  `end_time` varchar(20) NOT NULL DEFAULT '2017-07-12' COMMENT '结束时间(2017-07-12)',
  PRIMARY KEY (`season_id`)
) ENGINE=InnoDB DEFAULT CHARSET=utf8;
/*!40101 SET character_set_client = @saved_cs_client */;

--
-- Dumping data for table `rank_season`
--

LOCK TABLES `rank_season` WRITE;
/*!40000 ALTER TABLE `rank_season` DISABLE KEYS */;
INSERT INTO `rank_season` VALUES (1,'s1','2017-11','2017-12'),(2,'s2','2017-12','2018-01'),(3,'s3','2018-01','2018-02'),(4,'s4','2018-02','2018-03'),(5,'s5','2018-03','2018-04'),(6,'s6','2018-04','2018-05'),(7,'s7','2018-05','2018-06'),(8,'s8','2018-06','2018-07'),(9,'s9','2018-07','2018-08'),(10,'s10','2018-08','2018-09'),(11,'s11','2018-09','2018-10'),(12,'s12','2018-10','2018-11');
/*!40000 ALTER TABLE `rank_season` ENABLE KEYS */;
UNLOCK TABLES;

--
-- Table structure for table `rank_season_reward`
--

DROP TABLE IF EXISTS `rank_season_reward`;
/*!40101 SET @saved_cs_client     = @@character_set_client */;
/*!40101 SET character_set_client = utf8 */;
CREATE TABLE `rank_season_reward` (
  `id` int(11) NOT NULL,
  `season` int(11) NOT NULL DEFAULT '0' COMMENT '第几个赛季',
  `rank_lv` int(11) NOT NULL DEFAULT '0' COMMENT '排位大段：1=青铜，2=白银，3=黄金，4=铂金，5=钻石，6=王者',
  `box_id` int(11) NOT NULL DEFAULT '0' COMMENT '宝箱id(历史最高大段)',
  `box_amount` int(11) NOT NULL DEFAULT '0' COMMENT '宝箱数量',
  PRIMARY KEY (`season`,`rank_lv`)
) ENGINE=InnoDB DEFAULT CHARSET=utf8;
/*!40101 SET character_set_client = @saved_cs_client */;

--
-- Dumping data for table `rank_season_reward`
--

LOCK TABLES `rank_season_reward` WRITE;
/*!40000 ALTER TABLE `rank_season_reward` DISABLE KEYS */;
INSERT INTO `rank_season_reward` VALUES (1,1,1,411001,1),(2,1,2,411002,1),(3,1,3,411003,1),(4,1,4,411004,1),(5,1,5,411005,1),(6,1,6,411006,1),(7,2,1,411001,1),(8,2,2,411002,1),(9,2,3,411003,1),(10,2,4,411004,1),(11,2,5,411005,1),(12,2,6,411006,1),(13,3,1,411001,1),(14,3,2,411002,1),(15,3,3,411003,1),(16,3,4,411004,1),(17,3,5,411005,1),(18,3,6,411006,1),(19,4,1,411001,1),(20,4,2,411002,1),(21,4,3,411003,1),(22,4,4,411004,1),(23,4,5,411005,1),(24,4,6,411006,1),(25,5,1,411001,1),(26,5,2,411002,1),(27,5,3,411003,1),(28,5,4,411004,1),(29,5,5,411005,1),(30,5,6,411006,1),(31,6,1,411001,1),(32,6,2,411002,1),(33,6,3,411003,1),(34,6,4,411004,1),(35,6,5,411005,1),(36,6,6,411006,1),(37,7,1,411001,1),(38,7,2,411002,1),(39,7,3,411003,1),(40,7,4,411004,1),(41,7,5,411005,1),(42,7,6,411006,1),(43,8,1,411001,1),(44,8,2,411002,1),(45,8,3,411003,1),(46,8,4,411004,1),(47,8,5,411005,1),(48,8,6,411006,1),(49,9,1,411001,1),(50,9,2,411002,1),(51,9,3,411003,1),(52,9,4,411004,1),(53,9,5,411005,1),(54,9,6,411006,1),(55,10,1,411001,1),(56,10,2,411002,1),(57,10,3,411003,1),(58,10,4,411004,1),(59,10,5,411005,1),(60,10,6,411006,1),(61,11,1,411001,1),(62,11,2,411002,1),(63,11,3,411003,1),(64,11,4,411004,1),(65,11,5,411005,1),(66,11,6,411006,1);
/*!40000 ALTER TABLE `rank_season_reward` ENABLE KEYS */;
UNLOCK TABLES;

--
-- Table structure for table `ranking_list`
--

DROP TABLE IF EXISTS `ranking_list`;
/*!40101 SET @saved_cs_client     = @@character_set_client */;
/*!40101 SET character_set_client = utf8 */;
CREATE TABLE `ranking_list` (
  `list_id` int(10) NOT NULL DEFAULT '0',
  `list_type` int(10) NOT NULL DEFAULT '0' COMMENT '排行榜类型：1=战斗排行，2=兵团排行',
  `name` varchar(200) DEFAULT '0' COMMENT '[Language]排行榜名称',
  `intro` varchar(500) NOT NULL DEFAULT '0' COMMENT '[Language]排行规则',
  `show_num` int(10) NOT NULL DEFAULT '1' COMMENT '客户端需要显示的排名数量上限',
  `record_num` int(10) NOT NULL DEFAULT '1' COMMENT '动态库需要记录的排名数量',
  PRIMARY KEY (`list_id`)
) ENGINE=InnoDB DEFAULT CHARSET=utf8;
/*!40101 SET character_set_client = @saved_cs_client */;

--
-- Dumping data for table `ranking_list`
--

LOCK TABLES `ranking_list` WRITE;
/*!40000 ALTER TABLE `ranking_list` DISABLE KEYS */;
INSERT INTO `ranking_list` VALUES (1,1,'Team Battle','1. The team battle leaderboard is ranked based on the final scores aquired in team battles (Custom Mode, Entertainment Mode and Newbie Area are not counted). \n2. The final score = average score*2000+MVP times. If two players have the same final score, the rank is based on the average scores, and if they have the same average score, the tiebreaker will be the number of MVP acquired.\n3. Only players who participated in more than 50 team battles are qualified to be ranked in this leaderboard.',50,10000),(2,1,'Level','1. The Level Leaderboards are based on the level of each player. \n2. If two players are at the same level, the one who acquired more exp will get a higher rank.\n3. If two players are at the same level and EXP amount, the time it took them to reach that level will serve as a tiebreaker.',50,1000),(3,1,'Deathmatch\nChampion','1. The Deathmatch leaderboards are based on the champion score of each player getting the champion title from Deathmatch and Team Deathmatch. The champion score = champion rate*2000+killings/20.\n2. If players gets the same champion score, the tiebreaker is the number of kills each player has in these modes.\n3. Only the players who acquired champion title at least 50 times are qualified to be ranked in this leaderboard.',50,1000),(4,1,'Deathmatch\nMaster','1. The Deathmatch Master leaderboard ranks are determined by hero operating level during the Deathmatch combats.\n2. Hero Score = champion times with the hero/deathmatch times*2,000+killings/20. If players gets the same hero score, the tiebreaker is the number of killings each player achieved.\n3. Only the players who got at least 20 times of champions with specific heroes are qualified to be ranked in this leaderboard.',50,1000),(5,1,'Battle Master','1. The Battle Master leaderboard ranks are determined by hero operating level during the battles.\n2. Hero Score = winning rate of specific hero*2,000+winning times.\n3. Only the players who got at least 20 wins with specific heroes are qualified to be ranked in this leaderboard.',50,10000),(6,1,'Qualifying\nMatch','1. This Leaderboard is ranked by the Qualifying Match ranking of each player. \n2. The top 50 players of Legend rank will be entitled as Eternal Legend.\n3. The Eternal Legend list refreshes everyday at 5:00 AM.\n4. Players who haven\'t participated in Qualifying Match combat will not be ranked in this leaderboard.',100,99999),(7,1,'Eternal Legend','Top 50 players of Legend rank.',50,50),(11,2,'Last Week\'s Legion Activity Rankings','Last Week\'s Legion Activity Rankings',50,99999),(12,2,'Weekly Legion Activity Rankings','Weekly Legion Activity Rankings',50,99999),(13,2,'Legion Activity Rankings (Season)','Seasonal Legion Activity Rankings',50,99999),(14,2,'Seasonal Legion Battle Score Ranking','Seasonal Legion Battle Score Ranking',50,50),(15,2,'Weekly Legion Battle Score Ranking','Weekly Legion Battle Score Ranking',50,50),(16,2,'Seasonal Corps Battle Individual Score Ranking','Seasonal Legion Battle of Individual Score Ranking',50,50),(17,2,'Weekly Corps Battle Individual Score Ranking','Weekly Legion Battle of Individual Score Ranking',50,50);
/*!40000 ALTER TABLE `ranking_list` ENABLE KEYS */;
UNLOCK TABLES;

--
-- Table structure for table `recharge`
--

DROP TABLE IF EXISTS `recharge`;
/*!40101 SET @saved_cs_client     = @@character_set_client */;
/*!40101 SET character_set_client = utf8 */;
CREATE TABLE `recharge` (
  `id` int(11) NOT NULL DEFAULT '0' COMMENT 'id(！！不自增)',
  `goods_code` varchar(64) NOT NULL COMMENT '后台商品唯一ID',
  `icon` int(10) NOT NULL COMMENT '图标',
  `name` char(50) NOT NULL DEFAULT '0' COMMENT '[Language]名称',
  `type` int(11) NOT NULL DEFAULT '0' COMMENT '商品类型0=点券，1=周卡，2=月卡',
  `value` int(11) NOT NULL DEFAULT '0' COMMENT '购买点券或者周卡月卡数量',
  `intro` varchar(200) NOT NULL DEFAULT '0' COMMENT '说明信息',
  `money` float NOT NULL COMMENT '费用',
  `currency` int(11) NOT NULL DEFAULT '0' COMMENT '货币单位 1=人民币 2=美元',
  `need_vip` int(11) NOT NULL DEFAULT '0' COMMENT '购买商品要求的最低vip等级',
  `first_buy_extra` int(11) NOT NULL DEFAULT '0' COMMENT '每个角色第一次购买该档次奖励可以获得的额外数量',
  PRIMARY KEY (`id`)
) ENGINE=InnoDB DEFAULT CHARSET=utf8 COMMENT='商品';
/*!40101 SET character_set_client = @saved_cs_client */;

--
-- Dumping data for table `recharge`
--

LOCK TABLES `recharge` WRITE;
/*!40000 ALTER TABLE `recharge` DISABLE KEYS */;
INSERT INTO `recharge` VALUES (1,'com.youzhu.cs.ticket.t1',1,'60 Tickets',0,60,'0',0.99,2,0,0),(2,'com.youzhu.cs.ticket.t5',2,'300 Tickets',0,300,'0',4.99,2,0,0),(3,'com.youzhu.cs.ticket.t10',3,'680 Tickets',0,680,'0',9.99,2,0,0),(4,'com.youzhu.cs.ticket.t20',4,'1280 Tickets',0,1280,'0',19.99,2,0,0),(5,'com.youzhu.cs.ticket.t50',5,'3280 Tickets',0,3280,'0',49.99,2,0,0),(6,'com.youzhu.cs.ticket.t60',6,'6480 Tickets',0,6480,'0',99.99,2,0,0);
/*!40000 ALTER TABLE `recharge` ENABLE KEYS */;
UNLOCK TABLES;

--
-- Table structure for table `refresh_in_time`
--

DROP TABLE IF EXISTS `refresh_in_time`;
/*!40101 SET @saved_cs_client     = @@character_set_client */;
/*!40101 SET character_set_client = utf8 */;
CREATE TABLE `refresh_in_time` (
  `id` int(11) NOT NULL DEFAULT '0' COMMENT '代表要刷新的区服ID',
  `refresh_table_list` varchar(255) NOT NULL COMMENT '要刷新的表名，用逗号分隔',
  `cnt` int(11) NOT NULL COMMENT '同id的服务器有几个（一般填2就好：逻辑服一个，房间服一个）',
  PRIMARY KEY (`id`)
) ENGINE=InnoDB DEFAULT CHARSET=utf8 COMMENT='[local no use]';
/*!40101 SET character_set_client = @saved_cs_client */;

--
-- Dumping data for table `refresh_in_time`
--

LOCK TABLES `refresh_in_time` WRITE;
/*!40000 ALTER TABLE `refresh_in_time` DISABLE KEYS */;
INSERT INTO `refresh_in_time` VALUES (13,'',0),(20,'',0);
/*!40000 ALTER TABLE `refresh_in_time` ENABLE KEYS */;
UNLOCK TABLES;

--
-- Table structure for table `relation_point`
--

DROP TABLE IF EXISTS `relation_point`;
/*!40101 SET @saved_cs_client     = @@character_set_client */;
/*!40101 SET character_set_client = utf8 */;
CREATE TABLE `relation_point` (
  `point_source` int(11) NOT NULL DEFAULT '0' COMMENT '亲密度点数来源:1=赠送金币;2=组队;3=排位赛',
  `point_inc` int(11) NOT NULL DEFAULT '0' COMMENT '亲密度增加值',
  PRIMARY KEY (`point_source`)
) ENGINE=InnoDB DEFAULT CHARSET=utf8;
/*!40101 SET character_set_client = @saved_cs_client */;

--
-- Dumping data for table `relation_point`
--

LOCK TABLES `relation_point` WRITE;
/*!40000 ALTER TABLE `relation_point` DISABLE KEYS */;
INSERT INTO `relation_point` VALUES (1,2),(2,3),(3,6);
/*!40000 ALTER TABLE `relation_point` ENABLE KEYS */;
UNLOCK TABLES;

--
-- Table structure for table `relationship`
--

DROP TABLE IF EXISTS `relationship`;
/*!40101 SET @saved_cs_client     = @@character_set_client */;
/*!40101 SET character_set_client = utf8 */;
CREATE TABLE `relationship` (
  `relationship_id` int(11) NOT NULL COMMENT '编号',
  `relationship_type` int(11) NOT NULL COMMENT '关系类型',
  `relationship_lv` int(11) NOT NULL COMMENT '关系等级',
  `relationship_name` varchar(50) NOT NULL DEFAULT '' COMMENT '[Language]关系名称',
  `relationship_icon` int(11) NOT NULL,
  `relationship_value` int(11) NOT NULL COMMENT '所需亲密度值',
  `num_limit` int(11) NOT NULL COMMENT '数量限制',
  PRIMARY KEY (`relationship_id`)
) ENGINE=InnoDB DEFAULT CHARSET=utf8;
/*!40101 SET character_set_client = @saved_cs_client */;

--
-- Dumping data for table `relationship`
--

LOCK TABLES `relationship` WRITE;
/*!40000 ALTER TABLE `relationship` DISABLE KEYS */;
INSERT INTO `relationship` VALUES (1,1,1,'Lover',701000,100,1),(2,1,2,'Lover',701001,600,1),(3,1,3,'Lover',701002,1200,1),(4,1,4,'Lover',701003,2000,1),(5,2,1,'Female Partner',702000,100,5),(6,2,2,'Female Partner',702001,600,5),(7,2,3,'Female Partner',702002,1200,5),(8,2,4,'Female Partner',702003,2000,5),(9,3,1,'Best Friend',703000,100,5),(10,3,2,'Best Friend',703001,600,5),(11,3,3,'Best Friend',703002,1200,5),(12,3,4,'Best Friend',703003,2000,5),(13,4,1,'Buddy',704000,100,5),(14,4,2,'Buddy',704001,600,5),(15,4,3,'Buddy',704002,1200,5),(16,4,4,'Buddy',704003,2000,5);
/*!40000 ALTER TABLE `relationship` ENABLE KEYS */;
UNLOCK TABLES;

--
-- Table structure for table `remould`
--

DROP TABLE IF EXISTS `remould`;
/*!40101 SET @saved_cs_client     = @@character_set_client */;
/*!40101 SET character_set_client = utf8 */;
CREATE TABLE `remould` (
  `id` int(11) NOT NULL DEFAULT '0',
  `name` varchar(45) NOT NULL DEFAULT '0' COMMENT '物品名称',
  `type` int(11) NOT NULL DEFAULT '1' COMMENT '1.红色改造页 2.黄色改造页 3.蓝色改造页',
  `price_type` int(11) NOT NULL DEFAULT '1' COMMENT '价格类型0=免费，1=金币，2=钻石，3=点券，4=兵团荣誉点数，5=零件碎片',
  `price` int(11) NOT NULL DEFAULT '1' COMMENT '价格',
  `unlock_lv` int(11) NOT NULL DEFAULT '0' COMMENT '解锁等级',
  `position` varchar(50) NOT NULL COMMENT '改造位置',
  PRIMARY KEY (`id`)
) ENGINE=InnoDB DEFAULT CHARSET=utf8;
/*!40101 SET character_set_client = @saved_cs_client */;

--
-- Dumping data for table `remould`
--

LOCK TABLES `remould` WRITE;
/*!40000 ALTER TABLE `remould` DISABLE KEYS */;
INSERT INTO `remould` VALUES (3101,'枪械改造1',1,2,10,2,'-375, 150, 0'),(3102,'枪械改造2',1,2,40,8,'-292, 150, 0'),(3103,'枪械改造3',1,2,90,14,'-211, 150, 0'),(3104,'枪械改造4',1,2,150,20,'-127, 150, 0'),(3105,'枪械改造5',1,2,240,26,'-335, 77, 0'),(3106,'枪械改造6',1,2,340,32,'-252, 77, 0'),(3107,'枪械改造7',1,2,460,38,'-169, 77, 0'),(3108,'枪械改造8',1,2,600,44,'-292, 4, 0'),(3109,'枪械改造9',1,2,750,50,'-209, 4, 0'),(3110,'枪械改造10',1,2,930,56,'-252, -69, 0'),(3201,'装备改造1',2,2,20,4,'-45, 150, 0'),(3202,'装备改造2',2,2,50,10,'38, 150, 0'),(3203,'装备改造3',2,2,110,16,'121, 150, 0'),(3204,'装备改造4',2,2,180,22,'204, 150, 0'),(3205,'装备改造5',2,2,270,28,'-3, 77, 0'),(3206,'装备改造6',2,2,380,34,'80, 77, 0'),(3207,'装备改造7',2,2,500,40,'163, 77, 0'),(3208,'装备改造8',2,2,650,46,'38, 4, 0'),(3209,'装备改造9',2,2,810,52,'121, 4, 0'),(3210,'装备改造10',2,2,990,58,'80, -69, 0'),(3301,'精神改造1',3,2,30,6,'-86, -69, 0'),(3302,'精神改造2',3,2,70,12,'-209, -142, 0'),(3303,'精神改造3',3,2,130,18,'-127, -142, 0'),(3304,'精神改造4',3,2,210,24,'-45, -142, 0'),(3305,'精神改造5',3,2,300,30,'38, -142, 0'),(3306,'精神改造6',3,2,420,36,'-252, -215, 0'),(3307,'精神改造7',3,2,550,42,'-169, -215,0'),(3308,'精神改造8',3,2,700,48,'-86, -215, 0'),(3309,'精神改造9',3,2,870,54,'-3, -215, 0'),(3310,'精神改造10',3,2,1050,60,'80, -215, 0');
/*!40000 ALTER TABLE `remould` ENABLE KEYS */;
UNLOCK TABLES;

--
-- Table structure for table `remould_compose`
--

DROP TABLE IF EXISTS `remould_compose`;
/*!40101 SET @saved_cs_client     = @@character_set_client */;
/*!40101 SET character_set_client = utf8 */;
CREATE TABLE `remould_compose` (
  `id` int(11) NOT NULL DEFAULT '0',
  `compose_lv` int(10) NOT NULL DEFAULT '0' COMMENT '零件等级',
  `compose_num` int(10) NOT NULL DEFAULT '0' COMMENT '零件数量',
  `part_point_num` int(10) NOT NULL DEFAULT '0' COMMENT '生成的碎片点数',
  PRIMARY KEY (`id`)
) ENGINE=InnoDB DEFAULT CHARSET=utf8;
/*!40101 SET character_set_client = @saved_cs_client */;

--
-- Dumping data for table `remould_compose`
--

LOCK TABLES `remould_compose` WRITE;
/*!40000 ALTER TABLE `remould_compose` DISABLE KEYS */;
INSERT INTO `remould_compose` VALUES (1,1,2,2),(2,1,5,8),(3,2,2,10),(4,2,5,40),(5,3,2,50),(6,3,5,160),(7,4,2,200),(8,4,5,640),(9,5,2,800);
/*!40000 ALTER TABLE `remould_compose` ENABLE KEYS */;
UNLOCK TABLES;

--
-- Table structure for table `rule`
--

DROP TABLE IF EXISTS `rule`;
/*!40101 SET @saved_cs_client     = @@character_set_client */;
/*!40101 SET character_set_client = utf8 */;
CREATE TABLE `rule` (
  `id` int(11) NOT NULL COMMENT '系统编号',
  `rule_type` int(10) NOT NULL COMMENT 'rule_type：1=战斗规则（除了娱乐模式），2=娱乐模式规则，3=夺宝规则，4=兵团规则，5=零件规则，6=排位规则，7=兵团战规则',
  `sub_rule_type` int(10) NOT NULL COMMENT '当rule_type=1时，sub_rule_type表示map表中modetype字段 当rule_type=3时，sub_rule_type=1表示金币夺宝规则，=2表示钻石夺宝规则，=3表示极品夺宝规则  当rule_type=4时，sub_rule_type=1表示兵团基本规则，=2表示兵团贡献获取，=3表示兵团功勋等级，4=兵团竞技排名 当rule_type=5时，sub_rule_type=1零件合成规则',
  `title` varchar(50) NOT NULL COMMENT '[Language]标题',
  `word_para` text NOT NULL COMMENT '[Language]规则说明文字参数。',
  PRIMARY KEY (`id`)
) ENGINE=InnoDB DEFAULT CHARSET=utf8;
/*!40101 SET character_set_client = @saved_cs_client */;

--
-- Dumping data for table `rule`
--

LOCK TABLES `rule` WRITE;
/*!40000 ALTER TABLE `rule` DISABLE KEYS */;
INSERT INTO `rule` VALUES (1002,1,10,'Deathmatch','1. Deathmatch is a mode where 10 people engage in a free-for-all and everyone is an enemy. \n2. Every round of Deathmatch lasts 8 minutes. Once it ends, players will be ranked on their Battle Score. The higher their rank, the better the rewards. \n3. Battle Scores are increased through kills and grabbing EXP Badges. Players who get more kills will earn a higher Battle Score. \n4. Kill enemies and grab EXP Badges to increase your Battle Score. Every time you increase it 3 levels, you\'ll get to choose a Talent. \n5. After the battle has gone on for 4 minutes, a power vehicle will randomly appear on the map - the Mech. \n6. If the player\'s hero dies, they will receive a punishment: Some EXP and Battle Score will be deducted.'),(1003,1,11,'Newbie Area','1. Auto-aiming available in this mode. Tap the right joystick to aim at the opponent automatically.\n2. 10 people engage in a free-for-all and everyone is an enemy. \n3. Every round of Deathmatch lasts 8 minutes. Once it ends, players will be ranked on their Battle Score. The higher their rank, the better the rewards. \n4. Battle Scores are increased through kills and grabbing EXP Badges. Players who get more kills will earn a higher Battle Score. \n5. Kill enemies and grab EXP Badges to increase your Battle Score. Every time you increase it 3 levels, you\'ll get to choose a Talent. \n6. After the battle has gone on for 4 minutes, a power vehicle will randomly appear on the map - the Mech. \n7. If the player\'s hero dies, they will receive a punishment: Some EXP and Battle Score will be deducted.\n8. The rewards in this mode is halved compare to normal Deathmatch.'),(1004,1,1,'Team Mode','1. Team Mode is a 5v5 battle. Two teams go head-to-head and each team has 5 members. \n2. Victory Condition: Team Kills reach 40. \n3. In this mode, the same hero can only be chosen a maximum of 1 time for the same camp.'),(1005,1,4,'Burst Mode','1. Burst mode adopts the best-of-5 rule, and there are 2 camps named Dawn of Darkness and Hand of God.\n2. The Dawn of Darkness will win the game after achieving any of the following requirements.\n- Kill all opponents;\n- C4 explodes.\n3. The Hand of God will win the game after achieving any of the following requirements.\n- Kill all opponents;\n- C4 didn\'t explode before the battle ends;\n- C4 defused;\n4. If you die, you\'re won\'t be revived until next round.\n5. C4 will drop if the carrier dies, and it can be picked up by other teammates.\n6. Best of five sets.\n7. The same hero can not be chosen more than 1 time in a same camp.'),(1006,1,5,'Control Mode','1. The target for control mode battle is to control and collect enough resources to win the battle.\n2. The players will be separated to Red and Blue camp.\n3. There are 2 kinds of resources: one-time resource and fixed resource. One-time resource provides certain resource points and will disappear once it\'s occupied. Resources will refresh randomly on the map. Fixed resources provide continuous resource points after being occupied.\n4. How to occupy resource: get into the effective area of the resource, and you will get the resource for your camp automatically. The speed of occupying resource depends one the number of players in a same camp involved in the effective area.\n5. If the progress bar reaches the end, then the camp with the same color as the end point will own the resource.\n6. The fixed resource may be seized by other camp after being occupied, so you got to protect it.\n7. The camp that collects certain amount of resource points first wins the battle.\n8.  The same hero can not be chosen more than 1 time in a same camp.'),(1007,1,20,'Boss Rules','1. Boss Mode involves a 5-person team battling a giant monster. \n2. This mode lasts for 10 minutes. If the boss is killed in time, the battle will be won. \n3. If the team can\'t kill the boss within 10 minutes, the battle will be lost. \n4. If you die in Boss mode you can respawn an unlimited number of times, but every respawn will extend the waiting time for the next one. \n5. After the boss is killed, different scores will be assigned based on output, deaths and battle time. The higher the score, the greater the rewards.'),(1008,1,13,'Team Deathmatch','1. For Team Deathmatch, 4 teams battle each other. There are 4 teams of 3 people each. \n2. Every round of Team Chaos Battle lasts 8 minutes. Once it ends, players will be ranked on their Battle Score. The higher their rank, the better the rewards. \n3. Battle Scores are increased through kills and grabbing EXP Badges. Players who get more kills will earn a higher Battle Score. \n4. Kill enemies and grab EXP Badges to increase your Battle Score. Every time you increase it 3 levels, you\'ll get to choose a Talent. \n5. After the battle has gone on for 4 minutes, a power vehicle will randomly appear on the map - the Mech. \n6. If the player\'s hero dies, they will receive a punishment: Some EXP and Battle Score will be deducted.'),(2001,2,100001,'Sniper Deathmatch (TEAM)','1. Only Joan, Fox and Nasha are available in this mode.\n2. Team Battle mode. Map: Ancient Ruins. First team to 40 kills wins.'),(2002,2,100002,'Sniper Deathmatch (SOLO)','1. Only Joan, Fox and Nasha are available in this mode.\n2. Deathmatch mode. Map: Military Base.'),(2003,2,100003,'Skill Master','1. Only Li Long and Goro are available in this mode.\n2. The DMG of normal attack will be reduced, and skill DMG will be increased. Cooldown of skills will be shortened.\n3. Deathmatch mode. Map: CV – Rear'),(2004,2,100004,'Mystery Mercenaries','1. If you die, you will switch to a different random hero and respawn;\n2. Team Battle mode. Map: CV - Middle. First team to 40 kills wins.'),(2005,2,100005,'Melee of Tanks','1. Only Theodor, Logan and FireKing are available in this mode.\n2. Deathmatch mode. Map: Desert Stronghold.'),(2006,2,100006,'Li Long\'s Clone War','1. Can only use Li Long as you character.\n2. The DMG of normal attack will be reduced, and skill DMG will be increased. Furthermore, the CD of skills will be shorten.\n3. Team Battle mode. Map: Military Base. First team to 40 kills wins.'),(2007,2,100007,'Arena of Swift Fighters','1. Only Saisi, Li Long and Goro are available in this mode.\n2. Deathmatch mode. Map: CV – Rear.'),(2008,2,100008,'Unlimited Deathmatch','1. If you die, you will switch to a different random hero and respawn;\n2. Deathmatch mode. Map: CV – Rear'),(2009,2,100009,'Strategy without Limits','1. This is a duel where you have the freedom to set your lineup.\n2. If you die, you can choose a hero to respawn as.\n3. Control mode. Map: Frozen Wasteland. \n4. First to get certain amount of Resource Pts wins.'),(3001,3,2,'Diamond Lottery','1. Spend 60 diamonds to buy a lv.1 component, and draw diamond lottery once.\n2. The heroes and skins you already owned will not be drawn.\n3. Each draw brings you 1 luck point, if your points reach 200, you will definitely get a rare item from the new draw. If rare item you drew is a hero or skin which you already have, it will be exchanged to 5 heroes pcs or skin pcs automatically. The luck points will reset after you got the item with full luck points.\n4. The rewards in the Lottery will be refreshed regularly.'),(3002,3,3,'Ticket Lottery','1. Spend 60 tickets to buy a lv.1 component, and draw ticket lottery once.\n2. The heroes and skins you already owned will not be drawn.\n3. Each draw brings you 1 luck point, if your points reach 300, you will definitely get a rare item from the new draw. If rare item you drew is a hero or skin which you already have, it will be exchanged to 5 heroes pcs or skin pcs automatically. The luck points will reset after you got the item with full luck points.\n4. The rewards in the Lottery will be refreshed regularly.'),(4001,4,1,'Legions Basic Rules','1. Players who reach Lv. 20 will unlock the Legions system. \n2. It costs 50 Tickets to create a Legion. \n3. Initially, the Legion\'s roster is limited to 20 people where 1 person is designated as the Chief and 2 others are designated as Vice Chiefs. \n4. Corps members can use Tickets to expand their roster. As the roster maximum goes up, more Vice Chiefss can be added.'),(4002,4,2,'Earning Legion Contribution','Methods to earn Legion Contribution Points:\n1. Joining qualifying match battles will grant you contribution points. You\'ll get 100 points if you win the battle and 50 point if you failed.\n2. Joining Deathmatch and getting ranked as top 3 will bring you 50 contribution points.\n3. Joining Team Deathmatch combats, the members of rank 2 teams will get 50 points.\n4. Each Matching Battle brings you 30 contribution points.\n5. The point you will get from each combat of Entertainment Mode will be halved compared to normal modes.\n6. You\'ll get 1 contribution point for every 10 tickets consumed.\n7. You\'ll get 10 contribution points by signing up in Legion.\nThe daily ceiling of contribution points is 4000.\nIf a player quits the legion, his contribution record of current week and season will be deleted. '),(4003,4,3,'Legions Merit Level','1. The Legion Merit Level signifies the glorious history of the Legion. \n2. Every time a Legion member earns Contributions, the Legion Merit EXP will increase by 1. Once it becomes full, the Legion can level up. \n3. The Legion Merit Level is maintained for a long time.'),(4004,4,4,'Legion Ranking','Weekly Ranking:\nStatistics for legion contribution is calculated at 5:00 AM (UTC+8) each Monday, all the players in a legion will get corresponding rewards.\n- 1st place Legion: 1500 gold for each member\n- 2nd place Legion: 1000 gold for each member\n- 3rd place Legion: 700 gold for each member\n- 4-10 place Legions: 600 gold for each member\n- 11-50 place Legions: 500 gold for each member\n- Unranked Legions: 150 gold for each member\n\nSeason Ranking:\nStatistics for legion contribution is calculated at 5:00 AM (UTC+8) on the first day of each month, all the players in a legion will get corresponding rewards.\n- 1st place Legion: 500 diamonds for each member\n- 2nd place Legion: 350 diamonds for each member\n- 3rd place Legion: 250 diamonds for each member\n- 4-10 place Legions: 200 diamonds for each member\n- 11-50 place Legions: 150 diamonds for each member\n- Unranked Legions: 50 diamonds for each member\nThe contribution record will be deleted after the season ends.'),(5001,5,1,'Component Combination Rules','2 lv.1 components can be combined into 1 random lv.1 component, plus 2 extra component fragments.\n2 lv.2 components can be combined into 1 random lv.2 component, plus 10 extra component fragments.\n2 lv.3 components can be combined into 1 random lv.3 component, plus 50 extra component fragments.\n2 lv.4 components can be combined into 1 random lv.4 component, plus 200 extra component fragments.\n2 lv.5 components can be combined into 1 random lv.5 component, plus 800 extra component fragments.\n5 lv.1 components can be combined into 1 random lv.2 component, plus 8 extra component fragments.\n5 lv.2 components can be combined into 1 random lv.3 component, plus 40 extra component fragments.\n5 lv.3 components can be combined into 1 random lv.4 component, plus 160 extra component fragments.\n5 lv.4 components can be combined into 1 random lv.5 component, plus 640 extra component fragments.'),(6001,6,1,'Rules of Qualifying Match','1. Qualifying Match Season:\nEach season lasts for 1 month, the players will be ranked according to their performance, and be rewarded by the highest rank they achieved for the current season.\n\n2. To join qualifying match, you have to get at least 5 heroes.\n\n3. Ranking intro：\n- There are 6 tiers of ranks called Bronze, Silver, Gold, Platinum, Diamond, and Legend.\n- The tiers of Bronze and Silver will be divided into 3 levels, Gold will be devided to 4 levels, and 5 levels for Platinum and Diamond.\n- All the Legend players will be ranked according to the stars they get.\n\n4. Rewards：\n- Legend: 1000 Diamonds\n- Diamond: 700 Diamonds\n- Platinum: 500 Diamonds\n- Gold: 300 Diamonds\n- Silver: 200 Diamonds\n- Bronze: 100 Diamonds\n\n5. When your stars are full, you\'ll be leveled up or ranked up with the winning of next combat; and when your stars are empty, your level or rank will be downgraded with the loss of next combat.\n\n6. Party: you can\'t team up with other players if the gap between you is bigger than 1 tier.\n\n7. Winning streak brings you extra stars.\n\n8. Legend:\n- Legend ranked players will be level up once they get 50 stars.\n- 1 star will be deducted automatically if Legend ranked players did not join qualifying matches for 7 days.\n- The top 50 Legend ranked players will be entitled as Eternal Legend, this title refreshes every day on 5:00 AM (UTC+8).'),(6002,6,2,'Rules of Fighter Points','1. Fighter Points system works alongside the general rule of \"+1 star for victory, -1 star for losing\". \n2. At the end of each match, Fighter Points are determined from all aspects of player performance: \n Extra points for non-AFKer \n Extra points for winning streaks,\n Extra points for ranked matches,\n Extra points for extremely powerful opponent (only when the difference is extreme)\n Extra points for a valiant loss (benefits a losing party that performed well) \n [FF7F00]Players do not gain Fighter Points for being AFK in the match. [-]\n3. When Fighter Points reach the maximum value of the current rank (which increases with rank), a player will get a star. \n4. Rank Protection: Losing one more match at 0 stars when Fighter\'s Points equal to or are higher than the safe point of the rank will keep the player\'s rank but all Fighter\'s Points will be lost.'),(7001,7,1,'Rules of Legion Battle','1. Open time: 20:00 - 22:00 PM (UTC+8) for each Friday and Saturday.\n\n2. Battle intro:\n- Legion Battle gets 2 combat methods of 5V5 and Team Deathmatch.\n- There are 2 5-men teams fighting in 5V5 combat, and the combat modes include Team Battle, Burst Mode and Control Mode.\n- There are 4 3-men teams fighting in Team Deathmatch combat. The combat will last for 10 mins, and the teams will be ranked according to the score they acquired in the combat.\n\n3. Matching rule:\n- The combat will only start after all the slots are filled.\n- There are no restriction between teammates, and you\'ll match up the opponents with similar power.\n\n4. Rewards:\n- You will only get reward from your first 5 legion battles every week.\n- Everyone will be awarded according to the battle result.\n- If you win 5v5 battle: each player will get 50 score of legion battle and 600 legion contribution points.\n-  If you lose 5v5 battle: each player will get 20 score of legion battle and 300 legion contribution points.\n- 1st place of Team Deathmatch combat: each player will get 50 score of legion battle and 600 legion contribution points.\n- 2nd place of Team Deathmatch combat: each player will get 40 score of legion battle and 400 legion contribution points.\n- 3rd place of Team Deathmatch combat: each player will get 30 score of legion battle and 300 legion contribution points.\n- 4th place of Team Deathmatch combat: each player will get 20 score of legion battle and 200 legion contribution points.\n\n5. Legion Battle Score will get exchanged to Legion Contribution automatically with 1:10 rate.\n\n6. Legion Contribution is the currency for Legion Store.'),(8001,8,1,'Rules of Morality','1. Players start with full morality of 100. \n2. Violation of rules deducts morality: \n- 2 points are deducted for being AFK in multiplayer matches;\n- 3 points are deducted for being reported in a multiplayer match and confirmed by the system;\n- 1 point is deducted for not confirming the matching \n3. You regain Morality for performing well in a match. \n- 1 point is gained for completing a match, regardless of the result;\n- 1 point is gained for winning a multiplayer match \n4. Players reaching the daily limit of Morality loss are banned from matches for a period of time (increases with more offenses and resets weekly) 2 deducted points are returned for completing at least one versus player match without further Morality loss \n5. Weekly Morality loss is reset the following week. \n6. Players are banned from Ranked Mode when Morality is less than 90! \n7. Players are banned from Power Play and Ranked Mode when Morality is less than 60! \n8. Morality is a grading of your behavior as a player. \n- 100: 3-stars/excellent;\n- 90-99: 2-stars/good;\n- 60-89: 1-star/fair; \n- 0-59: bad;\nGood luck, dear players!'),(9001,9,1,'Rules of Relationship','1. Interact with your friends in the game to obtain Relationship \n2. Improve your Relationship with your friends through the following: \nGifting gold +2; matching together/teaming up/creating a game room together +3, playing a rank match together  +6\n(up to 20 Relationship from a friend a day)\n3. Relationship Grading\nRelationship is graded as G1, G2, G3 and G4. Your Relationship with a friend is grayed out when there is no interaction for more than two weeks. \n4. What you can do with Relationship\n- At 100 Relationship, you can name your friend as your love/lover, female partner, buddy or best friend, and obtain relationship badges accordingly. Your friend is also shown in your player details. \n- At 600, 1200 and 2000 Relationship, your relationship badge is upgraded accordingly. At 2000 Relationship, you obtain a Relationship Portrait Frame. \n- Relationship do not upgrade beyond 2000, but the actual value is shown, which can be gained up to 9999. \n- Creating and dissolving a relationship requires the approval of both sides, and the relationship cannot be re-established within 24 hours following prior dissolution. Relationship is not reset to 0 when a prior relationship is dissolved. \n- Removing your fiend from the list dissolves the current relationship and resets it to 0.'),(10001,10,1,'Newbie Area','1. Auto-aiming available in this mode. Tap the right joystick to aim at the opponent automatically.\n2. The battle mode here is 5V5 team match battle.\n3. Victory Condition: Team Kills reach 30. \n4. The opponent will earn 1 kill no matter how you died.\n5. The rewards in this mode is halved compare to normal team match.');
/*!40000 ALTER TABLE `rule` ENABLE KEYS */;
UNLOCK TABLES;

--
-- Table structure for table `scene_layer`
--

DROP TABLE IF EXISTS `scene_layer`;
/*!40101 SET @saved_cs_client     = @@character_set_client */;
/*!40101 SET character_set_client = utf8 */;
CREATE TABLE `scene_layer` (
  `id` int(11) NOT NULL DEFAULT '0',
  `layer` int(11) NOT NULL DEFAULT '0' COMMENT '层级',
  `scene` varchar(200) NOT NULL DEFAULT '0' COMMENT '场景',
  `name` varchar(50) NOT NULL COMMENT '名字',
  PRIMARY KEY (`id`)
) ENGINE=InnoDB DEFAULT CHARSET=utf8;
/*!40101 SET character_set_client = @saved_cs_client */;

--
-- Dumping data for table `scene_layer`
--

LOCK TABLES `scene_layer` WRITE;
/*!40000 ALTER TABLE `scene_layer` DISABLE KEYS */;
INSERT INTO `scene_layer` VALUES (1,0,'Default','默认静态环境'),(2,31,'Shadow15','矮的墙'),(3,8,'Actor','角色'),(4,13,'Trigger','触发器'),(5,9,'Metal','金属物'),(6,10,'Model','UI模型'),(7,14,'load_ui','UI读取'),(8,15,'Cloud','云'),(9,1,'TransparentFX','FX'),(10,4,'Water','水'),(11,5,'UI','UI'),(12,11,'Bg','UI背景');
/*!40000 ALTER TABLE `scene_layer` ENABLE KEYS */;
UNLOCK TABLES;

--
-- Table structure for table `sensitive_word`
--

DROP TABLE IF EXISTS `sensitive_word`;
/*!40101 SET @saved_cs_client     = @@character_set_client */;
/*!40101 SET character_set_client = utf8 */;
CREATE TABLE `sensitive_word` (
  `word` varchar(50) NOT NULL
) ENGINE=InnoDB DEFAULT CHARSET=utf8;
/*!40101 SET character_set_client = @saved_cs_client */;

--
-- Dumping data for table `sensitive_word`
--

LOCK TABLES `sensitive_word` WRITE;
/*!40000 ALTER TABLE `sensitive_word` DISABLE KEYS */;
INSERT INTO `sensitive_word` VALUES ('*李*洪*志*阿扁'),('*法*轮*功*'),('3P'),('8 仙'),('8仙'),('AIDS'),('AV电影下载'),('Aids'),('Bitch'),('CAO'),('DICK'),('Dick'),('FUCK'),('Fuck'),('J8'),('JB'),('K他命'),('K粉'),('ML'),('NMD'),('NND'),('NPC'),('SHIT'),('SM'),('SUCK'),('Suck'),('T.M.D'),('TMD'),('U R'),('U-R'),('U/R'),('UR'),('WEB战牌'),('WEB牌戰'),('aids'),('bt'),('dick'),('fuck'),('h站'),('j8'),('jb'),('k粉'),('penis'),('rivals'),('sb'),('sex'),('shit'),('tmd'),('tnnd'),('u r'),('ur'),('urban'),('urban-rivals'),('webgame.com.cn'),('weelaa'),('㈠'),('㈡'),('㈢'),('㈣'),('㈥'),('㈧'),('㈨'),('㈩'),('㈱'),('㊣'),('一中一台'),('一党专制'),('一党专政'),('一国两制'),('一夜情'),('一贯道'),('一边一国'),('一陀糞'),('丁关根'),('丁子霖'),('丁關根'),('万税'),('三K黨'),('三个代婊'),('三个呆婊'),('三個代表'),('三去車侖工力'),('三去车仑'),('三唑仑'),('三民主义'),('三級片'),('三级片'),('三陪'),('三陪女'),('上你'),('上妳'),('上海孤兒院'),('上海幫'),('上訪'),('下注'),('下賤'),('下體'),('不滅帝王'),('不爽不要錢'),('不玩了'),('专制'),('专政'),('世界經濟導報'),('世界维吾尔大会'),('丘垂貞'),('东亚病夫'),('东北独立'),('东升'),('东方闪电'),('东条英机'),('东正教'),('东突'),('东突暴动和独立'),('东突组织'),('两个中国'),('两国论'),('两腿之间'),('严方军'),('丬'),('中俄邊界'),('中共'),('中华民国'),('中南海'),('中国之春'),('中国恐怖组织'),('中國之春'),('中國共産黨'),('中國和平'),('中國問題論壇'),('中國威脅論'),('中國孤兒院'),('中國復興論壇'),('中國猪'),('中國真實內容'),('中國社會論壇'),('中國社會進步黨'),('中國移動通信'),('中國論壇'),('中央委员'),('中央電視臺'),('中宣部'),('中毒圖騰'),('中毒的圖騰'),('中華人民實話實說'),('中華人民正邪'),('中華大地'),('中華大衆'),('中華時事'),('中華民國'),('中華真實報道'),('中華講清'),('中華養生益智功'),('主席'),('主攻指揮官'),('主義'),('乔石'),('习仲勋'),('习近平'),('习远平'),('乡巴佬'),('买卖枪支'),('买毒品'),('买财富'),('乱交'),('乱伦'),('乳'),('乳交'),('乳头'),('乳峰'),('乳房'),('乳晕'),('乳暈'),('乳波臀浪'),('乳頭'),('亂交'),('亂倫'),('亂輪'),('事實獨立'),('二B'),('二乙基酰胺发抡'),('二奶'),('二屄'),('二逼'),('于幼軍'),('五星红旗'),('亚历山大'),('交媾'),('交通部'),('交配'),('产权局'),('亲民党'),('人代会'),('人体炸弹'),('人大'),('人大代表'),('人弹'),('人權'),('人民'),('人民之聲論壇'),('人民內情真相'),('人民報'),('人民大会堂'),('人民大會堂'),('人民广场'),('人民报'),('人民日报'),('人民真實'),('人民银行'),('仆街'),('他嗎的'),('他妈'),('他妈的'),('他娘'),('他媽'),('他媽的'),('他干'),('他母亲'),('他母親'),('他爹'),('他祖宗'),('他马的'),('以茎至洞'),('伊拉克'),('伊斯兰'),('伊斯蘭'),('伊斯蘭亞格林尼斯'),('伊朗'),('伊莎貝爾'),('伟哥'),('伱妈'),('何候华'),('余英時'),('佛展千手法'),('佛教'),('佛祖'),('作愛'),('作爱'),('作秀'),('你二大爷'),('你大爷'),('你妈'),('你妈了妹'),('你妈的'),('你妈逼'),('你姥'),('你姥姥的'),('你娘'),('你媽'),('你媽了妹'),('你媽比'),('你媽的'),('你媽逼'),('你爷爷的'),('你爸'),('你爺'),('你老味'),('你老母'),('你說我說論壇'),('侍從倫斯韋'),('侍從貝赫爾特'),('侦探设备'),('侧那'),('侨办'),('俄國'),('保密局'),('保监会'),('保釣'),('保钓'),('俞正声'),('信用危機'),('修煉'),('倪育賢'),('倫功'),('倬'),('倭国'),('倭寇'),('假庆林'),('假青林'),('做愛'),('做爱'),('偬'),('偷窥'),('偷窥图片'),('傅作义'),('傅作義'),('傅鹏'),('催情药'),('傳染性病'),('傴'),('傻B'),('傻卵'),('傻吊'),('傻子'),('傻屄'),('傻比'),('傻逼'),('傻鳥'),('僉'),('僵賊'),('僵賊民'),('僵贼民'),('儂著卵拋'),('儂著岡巒'),('儺'),('元老蘭提(沃德）'),('先奸后杀'),('克勞森'),('克林顿'),('克萊恩'),('克萊特'),('党中央'),('党中央”'),('党主席'),('內衣'),('內褲'),('全国人大'),('全國人大'),('全國兩會'),('全能神'),('兩個中國'),('兩岸三地論壇'),('兩岸關係'),('兩會'),('兩會報道'),('兩會新聞'),('八九'),('八九风波'),('公安'),('公安局'),('公安部'),('六-四'),('六.四'),('六?四'),('六。四'),('六合彩'),('六四'),('六四事件'),('六四真相'),('六四运动'),('共产主义'),('共产党'),('共党'),('共匪'),('共榮圈'),('共狗'),('共産'),('共産主義'),('共産黨'),('共軍'),('共黨'),('兴奋剂'),('冈村宁次'),('冈村秀树'),('册那'),('册那娘餓比'),('再奸'),('军国主义'),('军妓'),('军长发威'),('农业部'),('冰後'),('冰毒'),('冰粉'),('凱奧勒尼什'),('凱爾本'),('凱爾雷斯'),('凱特切爾'),('出售假币'),('出售手枪'),('出售枪支'),('出售此号'),('出售神符'),('出售账号'),('分裂中国'),('分裂祖国'),('分隊長施蒂文'),('切七'),('列宁'),('刘　淇'),('刘云山'),('刘伯承'),('刘军'),('刘少奇'),('刘淇'),('删号'),('則民'),('剛比'),('剛比樣子'),('劉俊國'),('劉凱中'),('劉剛'),('劉千石'),('劉國凱'),('劉士賢'),('劉山青'),('劉文勝'),('劉文雄'),('劉曉波'),('劉曉竹'),('劉永川'),('劉華清'),('劉賓深'),('劉賓雁'),('劉青'),('劌'),('办理文凭'),('办理证件'),('助手威爾特'),('劳+教+所'),('劳动保障部'),('劳拉'),('動亂'),('勞動教養所'),('勞改'),('勞教'),('勱'),('包皮'),('北京之春'),('北京當局'),('北大三角地論壇'),('北美自由論壇'),('北韓'),('十八摸'),('十年动乱石进'),('午夜'),('华国锋'),('华建敏'),('华盛顿'),('卓伯源'),('卖.国'),('卖B'),('卖ID'),('卖QQ'),('卖党求荣'),('卖卡'),('卖号'),('卖国'),('卖国求荣'),('卖毒品'),('卖比'),('卖淫'),('卖财富'),('卖软件'),('卖逼'),('南华早报'),('南大自由論壇'),('南联盟'),('南蛮'),('南蛮子'),('南蠻子'),('博訊'),('博讯'),('卡斯特罗'),('卫生部'),('卵'),('卵子'),('厙'),('原子弹'),('原子能机构'),('去他妈'),('去你妈'),('去你妈的'),('去你媽的'),('去你的'),('去她妈'),('去妳妈'),('去妳的'),('去死'),('参事室'),('友好的魯德'),('双峰微颤'),('双飞'),('反人類'),('反党'),('反共'),('反动'),('反华'),('反封鎖'),('反封鎖技術'),('反恐委员会'),('反政府'),('反日'),('反社會'),('反腐敗論壇'),('反革命'),('发伦'),('发伦功'),('发展与改革委员会'),('发展和改革委员会'),('发抡功'),('发改委'),('发票'),('发论'),('发论公'),('发论功'),('发轮'),('发骚'),('受虐狂'),('变态'),('口交'),('古柯碱'),('古龍祭壇'),('叫小姐'),('叫床'),('叫春'),('叫鸡'),('可卡叶'),('可卡因'),('可待因'),('台办'),('台湾党'),('台湾共产党'),('台湾共和国'),('台湾国'),('台湾岛国'),('台湾帝国'),('台湾民国'),('台湾狗'),('台湾独立'),('台独'),('台独万岁'),('台独分子'),('台联'),('史萊姆'),('史萊姆王'),('叶剑英'),('司徒華'),('司法部'),('司馬晋'),('司馬璐'),('叼你'),('叼你妈'),('叼你媽'),('吃大便'),('吃屎'),('吉跋猫'),('后庭'),('吕秀莲'),('吗啡'),('吗啡片'),('吗啡碱'),('吗的'),('吟稻雁'),('吳仁華'),('吳學燦'),('吳學璨'),('吳宏達'),('吳弘達'),('吳志芳'),('吳敦義'),('吳方城'),('吳淑珍'),('吳百益'),('吳育升'),('吴　仪'),('吴仪'),('吴官正'),('吴帮国'),('吴邦国'),('吸收的圖騰'),('吸毒'),('吸血獸'),('吹喇叭'),('吹箫'),('吹簫'),('呂京花'),('呂秀蓮'),('呆卵'),('周健康'),('周守訓'),('周小康'),('周总理'),('周恩來'),('周恩来'),('周永康'),('周鋒鎖'),('和锅枪'),('咼'),('哈爾羅尼'),('唐家璇'),('唐柏橋'),('唚'),('售ID'),('售号'),('售软件'),('商务部'),('啊無卵'),('善惡有報'),('喬伊'),('喬石'),('喷你'),('嗎啡'),('嗎的'),('嗑药'),('嘵'),('嘸'),('噦'),('噴你'),('嚳'),('嚴家其'),('嚴家祺'),('囅'),('四人帮'),('四人幫'),('四川独立'),('四川獨'),('四川獨立'),('回回'),('回教'),('回族人吃猪肉'),('回民吃猪肉'),('回民暴动'),('回民暴動'),('回良玉'),('国内动态清样'),('国内动态详情'),('国务委员'),('国务院'),('国外政要人物：'),('国安局'),('国家主席'),('国家主要部委'),('国家发展与改革委员会'),('国家发展和改革委员会'),('国家民委'),('国民党'),('国民党万岁'),('国管局'),('国防科工委'),('国防部'),('国际法院'),('國家安全'),('國家機密'),('國賊'),('國軍'),('圓滿'),('圖書管理員卡特'),('團員馬爾汀'),('團長戈登'),('圣女峰'),('圣战'),('地下教會'),('坐台'),('坐台的'),('坐庄'),('垃圾游戏'),('垵'),('埃斯萬'),('埃裏克蘇特勤'),('基地组织'),('基督'),('基督教'),('塔內'),('塔利班'),('塔烏'),('塞你公'),('塞你娘'),('塞你母'),('塞你爸'),('塞你老师'),('塞你老母'),('塞白'),('墨索里尼'),('士兵管理員瓦爾臣'),('处女'),('处男'),('外-挂'),('外/挂'),('外\\挂'),('外_挂'),('外—挂'),('外　挂'),('外专局'),('外交與方略'),('外交論壇'),('外交部'),('外挂'),('外汇局'),('多维'),('夜情'),('夜話紫禁城'),('大B'),('大中國論壇'),('大中華論壇'),('大便'),('大卫教'),('大参考'),('大參考'),('大史紀'),('大史記'),('大奶媽'),('大学骚乱'),('大家論壇'),('大师'),('大東亞'),('大東亞共榮'),('大法'),('大波波'),('大紀元'),('大紀元新聞網'),('大紀園'),('大纪元'),('大纪元新闻网'),('大血B'),('大血比'),('大衆真人真事'),('大衛教'),('大逼'),('大鶏巴'),('大麻'),('大麻树脂'),('大麻油'),('天主教'),('天安門'),('天安門一代'),('天安門事件'),('天安門屠殺'),('天安門錄影帶'),('天安门事件'),('天皇陛下'),('天閹'),('太子党'),('太监'),('太監'),('夫妻床上激情自拍'),('央視內部晚會'),('奥巴马'),('奥马尔'),('奧倫'),('奧克拉'),('奧利弗'),('奧拉德'),('奧特蘭'),('奧魯奇'),('奩'),('女主人羅姬馬莉'),('女幹'),('奴隸魔族士兵'),('奶娘'),('奶子'),('奶頭'),('奸'),('奸一奸'),('奸他'),('奸你'),('奸夫淫妇'),('奸她'),('奸暴'),('奸淫'),('她妈'),('她妈的金日成'),('她娘'),('她媽'),('妈B'),('妈卖妈屁'),('妈批'),('妈比'),('妈的'),('妈祖'),('妈逼'),('妓'),('妓女'),('妓院'),('妳妈的'),('妳娘的'),('妳老母的'),('妳马的'),('姚文元'),('姚月謙'),('姚羅'),('姣西'),('姬勝德'),('威而柔'),('威而钢'),('娘餓比'),('婊'),('婊子'),('婊子養的'),('媽B'),('媽批'),('媽比'),('媽的'),('嫖娼'),('嫖客'),('嫩B'),('嫩b'),('嬀'),('子女任职名单'),('子宫'),('子宮'),('孙中山'),('孙文'),('孙逸仙'),('学潮'),('学运'),('孫中山'),('孫大千'),('學潮'),('學聯'),('學自聯'),('學運'),('宇明網'),('安倍晋三'),('安全局'),('安南'),('安非他命'),('宋書元'),('宋楚瑜'),('宋祖英'),('宗教'),('官商勾结'),('官逼民反'),('实际神'),('客戶服務'),('宾周'),('密宗'),('密洞'),('寇晓伟'),('富兰克林'),('寶石商人'),('导弹'),('封印的靈魂騎士'),('封從德'),('封殺'),('射了還說要'),('射精'),('將則民'),('專制'),('專政'),('尉健行'),('導師'),('小B樣'),('小乳头'),('小参考'),('小參考'),('小姐兼职'),('小日本'),('小比樣'),('小泉'),('小泉純一郎'),('小泉纯一郎'),('小穴'),('小肉粒'),('小靈通'),('小鶏鶏'),('小鸡鸡'),('尖阁列岛'),('尤比亞'),('尹慶民'),('尻'),('尼克松'),('尼奧夫'),('尾申鲸'),('尿'),('屁眼'),('屄'),('屄毛'),('届中央政治局委員'),('屌'),('屌7'),('屌七'),('屌妳'),('屌毛'),('屌西'),('屌鸠'),('屎'),('屎你娘'),('屎妳娘'),('屙'),('屠杀'),('屠殺'),('屨'),('山口組'),('山本五十六'),('岡巒'),('峴'),('崗哨士兵'),('嶠'),('嶴'),('工自聯'),('巨槌騎兵'),('巨鐵角哈克'),('巴倫侍從'),('巴倫坦'),('巹'),('布什'),('布莱尔'),('布萊爾'),('布雷尔'),('布雷爾'),('希拉克'),('希望之声'),('希特勒'),('帝国主义'),('帝國主義'),('帝顺'),('帳號'),('常勁'),('干'),('干GM'),('干Gm'),('干X'),('干gM'),('干gm'),('干一干'),('干七八'),('干他'),('干他妈'),('干你'),('干你妈'),('干你妈B'),('干你妈b'),('干你妈逼'),('干你娘'),('干入'),('干到'),('干勒'),('干啦'),('干她'),('干她妈'),('干妳'),('干妳妈'),('干妳娘'),('干妳老母'),('干它'),('干尼'),('干干'),('干您'),('干我'),('干拎娘'),('干机'),('干林'),('干死'),('干死你'),('干汝'),('干爆'),('干爽'),('干牠'),('干鸡'),('幹bi'),('幹一家'),('幹他'),('幹你'),('幹你娘'),('幹你老母'),('幹你老比'),('幹全家'),('幹她'),('幹幹幹'),('幹死'),('幹死你'),('幹比'),('幹的你'),('幹逼'),('幼齒'),('幼龍'),('废物'),('庭院警衛兵'),('廉政大論壇'),('廖錫龍'),('廢墟守護者'),('廣聞'),('建國黨'),('异型叛軍'),('异見人士'),('异議人士'),('弓虽女干'),('弓雖'),('引導'),('张小平'),('张德江'),('张春桥'),('张朝阳'),('张潮阳'),('张磊'),('张立昌'),('张高丽'),('張伯笠'),('張偉國'),('張健'),('張博雅'),('張志清'),('張昭富'),('張林'),('張清芳'),('張溫鷹'),('張鋼'),('强卫'),('强奸'),('强奸犯'),('强效失意药'),('强硬发言'),('彈劾'),('彭丽媛'),('彭德怀'),('彭真'),('徐光春'),('徐向前'),('徐國舅'),('德維爾'),('思科羅'),('性事'),('性交'),('性奴'),('性愛'),('性无能'),('性欲'),('性無能'),('性爱'),('性病'),('性虐'),('性虐待'),('性高潮'),('总局'),('总理'),('恐怖主义'),('恐怖主義'),('恐怖份子'),('恐怖组织'),('恩格斯'),('情婦'),('情獸'),('情色'),('想上你'),('意志不堅的圖騰'),('愛滋'),('愛滋病'),('愨'),('慶紅'),('憂鬱的艾拉'),('懂文华'),('懒教'),('懷特'),('戈揚'),('戈瑞爾德'),('成人影片'),('成人片'),('成人电影'),('我咧干'),('我奸'),('我妳老爸'),('我干'),('我操'),('我操你'),('我日'),('我日你'),('戔'),('战牌'),('戳你'),('戳那嗎B'),('戳那嗎比'),('戳那嗎逼'),('戴晶'),('戴海静'),('戴相龍'),('戴維教'),('戴红'),('戴维教'),('房事'),('手淫'),('扎卡維是英雄'),('扎卡维'),('扎卡维是英雄'),('打倒共产党'),('打炮'),('打飛機'),('抑制剂'),('投毒杀人'),('抢劫'),('押大'),('押小'),('押注'),('抽你丫的'),('抽头'),('抽插'),('拉姆斯菲尔德'),('拉姆斯菲爾德'),('拉登'),('拉皮條'),('拍肩神药'),('拐卖'),('招鶏'),('拿破仑'),('持不同政見'),('指點江山論壇'),('挨球'),('捏你鶏巴'),('换妻'),('掄功'),('排泄'),('推油'),('掯'),('插'),('插GM'),('插Gm'),('插gM'),('插gm'),('插你'),('插你妈'),('插你媽'),('插你爺爺'),('插妳'),('插深些'),('插那嗎B'),('插那嗎比'),('插那嗎逼'),('揭批書'),('援交'),('援交妹'),('搖頭丸'),('搞基'),('搞栗棒'),('摇头丸'),('摇头玩'),('摩门教'),('摶'),('摸你鶏巴'),('摸咪咪'),('撒切尔'),('撒尿'),('撟'),('撸管子'),('擇民'),('擊倒圖騰'),('擊傷的圖騰'),('操'),('操GM'),('操Gm'),('操XX'),('操gM'),('操gm'),('操他'),('操他妈'),('操你'),('操你八辈祖宗'),('操你妈'),('操你妈屄'),('操你媽'),('操你爺爺'),('操她'),('操她妈'),('操妳妈'),('操尼'),('操林'),('操比'),('操蛋'),('操逼'),('操逼毛'),('操那嗎B'),('操那嗎比'),('操那嗎逼'),('操鶏'),('攄'),('支那'),('放蕩'),('政变'),('政府'),('政權'),('政治'),('政治反对派'),('政治反對派'),('政治犯'),('敏感人物名称或代号：'),('教育部'),('教養院'),('敬国神社'),('數據中國'),('文化部'),('文物局'),('斧头镰刀'),('斫'),('斯大林'),('斯皮爾德'),('斯諾'),('新党'),('新手訓練營'),('新生網'),('新疆7.5事件'),('新疆分裂'),('新疆国'),('新疆独立'),('新疆獨'),('新義安'),('新聞出版總署'),('新聞封鎖'),('新華內情'),('新華舉報'),('新華通論壇'),('新觀察論壇'),('新語絲'),('新闻出版总署'),('新闻出版署'),('新闻管制'),('方勵之'),('旅游局'),('无帮国'),('无帮过'),('无界浏览器'),('无邦国'),('日'),('日GM'),('日Gm'),('日X妈'),('日gM'),('日gm'),('日他娘'),('日你'),('日你妈'),('日你娘'),('日你媽'),('日你爺爺'),('日內瓦金融'),('日本RING'),('日本帝國'),('日本鬼子'),('日朱駿'),('日死'),('日軍'),('早泄'),('昆圖'),('明慧网'),('昏药'),('昏迷圖騰'),('易丹軒'),('春夏自由論壇'),('春药'),('是鸡'),('時事論壇'),('時代論壇'),('晚年周恩來'),('晚年周恩来'),('普京'),('暗黑法師'),('暴乱'),('暴亂'),('暴动'),('暴徒'),('暴熱的戰士'),('暴躁的城塔野獸'),('暴躁的警衛兵靈魂'),('暴躁的馬杜克'),('暴風亡靈'),('曰GM'),('曰Gm'),('曰gM'),('曰gm'),('曰你'),('曹刚川'),('曹剛川'),('曹長青'),('曼德拉'),('曾培炎'),('曾庆红'),('月經'),('月经'),('月经不调'),('朝鮮'),('朝鲜'),('木子論壇'),('本?拉登'),('本拉登'),('朱容基'),('朱容鸡'),('朱德'),('朱总理'),('朱溶剂'),('朱溶劑'),('朱熔基'),('朱狨基'),('朱立倫'),('朱镕基'),('朱駿'),('朱鳳芝'),('机八'),('机叭'),('机巴'),('机掰'),('杀人'),('杀人犯'),('杂种'),('李先念'),('李克强'),('李大师'),('李大钊'),('李宏志'),('李宏旨'),('李小鵬'),('李山'),('李岚清'),('李弘旨'),('李志綏'),('李慶安'),('李慶華'),('李旺陽'),('李月月鳥'),('李洪寬'),('李洪志'),('李淑嫻'),('李瑞环'),('李登辉'),('李磕墙'),('李祿'),('李紅痔'),('李總理'),('李總統'),('李繼耐'),('李红志'),('李老師'),('李肇星务'),('李蘭菊'),('李錄'),('李鐵映'),('李铁映'),('李长春'),('李鹏'),('李鹏*'),('杜冷丁'),('杜鲁门'),('来干'),('来插我'),('来爽我'),('東亞'),('東北獨立'),('東升'),('東南西北論談'),('東土耳其斯坦'),('東方時空'),('東方紅時空'),('東條'),('東條英機'),('東社'),('東突暴動'),('東突獨立'),('東西南北論壇'),('東部地下水路'),('東院看守'),('林业局'),('林佳龍'),('林保華'),('林信義'),('林彪'),('林正勝'),('林肯'),('林重謨'),('林長盛'),('枪决女犯'),('枪决现场'),('枪支弹药'),('柯建銘'),('柯賜海'),('柴玲'),('核工业基地'),('核武器'),('核潜艇'),('格雷(關卡排名管理者)'),('格魯'),('格魯(城鎮移動)'),('档案局'),('梅毒'),('梅花网'),('梦遗'),('棬'),('楊周'),('楊巍'),('楊建利'),('楊懷安'),('楊月清'),('槧'),('橋侵襲兵'),('檾'),('櫬'),('欠人骑'),('欠干'),('欠骑'),('欲火焚身'),('欽本立'),('歌功頌德'),('正義黨論壇'),('正見網'),('死GD'),('死GM'),('死gd'),('死gm'),('死全家'),('殺人犯'),('殺你一家'),('殺你全家'),('毀滅射手'),('毀滅步兵'),('毀滅騎士'),('比樣'),('比毛'),('毛XX'),('毛一鲜'),('毛主席'),('毛厕洞'),('毛厠洞'),('毛泽东'),('毛片'),('毛盘'),('毛賊'),('毛賊東'),('毛贼东'),('毿'),('民主'),('民主党'),('民主墻'),('民主潮'),('民国'),('民國'),('民意論壇'),('民政部'),('民聯'),('民航局'),('民运'),('民进党'),('民進黨'),('民陣'),('气象局'),('氢弹'),('水利部'),('水去车仑'),('氵去'),('氵去車侖工力'),('氵去車侖工力?'),('氹'),('江Core'),('江主席'),('江八'),('江八点'),('江八點'),('江則民'),('江戏子'),('江戲子'),('江折民'),('江择民'),('江核心'),('江泽民'),('江澤慧'),('江独裁'),('江猪'),('江猪媳'),('江綿恒'),('江羅'),('江賊'),('江賊民'),('江贼民'),('江青'),('沃尔开西'),('沉睡圖騰'),('河殇'),('河殤'),('法(轮)功'),('法*轮*功'),('法~倫'),('法~淪'),('法~綸'),('法~論'),('法~輪'),('法仑'),('法侖'),('法克鱿'),('法制办'),('法功'),('法十輪十功'),('法愣'),('法掄'),('法掄功'),('法淪'),('法爾卡'),('法綸'),('法西斯'),('法謫'),('法謫功'),('法輪功'),('法輪大法'),('法轮'),('法轮功'),('法轮大法'),('泡沫經濟'),('波霸'),('泰奴橋掠奪者'),('泰奴橋警衛兵'),('洗脑班'),('洗腦'),('洛克菲爾特'),('洪傳'),('洪兴'),('洪哲勝'),('洪志'),('洪興'),('活動'),('流氓'),('测拿'),('测绘局'),('海洋局'),('海洛因'),('淋病'),('淘宝'),('淩鋒'),('淫'),('淫乱'),('淫叫'),('淫娃'),('淫欲'),('淫毛'),('淫水'),('淫汁'),('淫洞'),('淫液'),('淫湿'),('淫秽'),('淫穢'),('淫穴'),('淫荡'),('淫蕩'),('淫语连连'),('淫貨'),('淫賤'),('淫货'),('淫贱'),('淫靡'),('混 沌决'),('混亂的圖騰'),('混沌决'),('渣波波'),('温假饱'),('温加宝'),('温家保'),('温家宝'),('温家饱'),('温总理'),('温馨'),('港澳办'),('游戏发奖员'),('游戏宫理员'),('游戏管理员'),('游戲管理員'),('游蕩爪牙'),('游蕩的僵尸'),('游蕩的士兵'),('游行'),('游錫坤'),('湖岸哨兵隊長'),('湖岸警衛兵'),('湖岸護衛兵'),('湣'),('湯光中'),('湿了'),('溫B'),('溫元凱'),('溫家寶'),('溫比'),('溫逼'),('滚'),('滥交'),('滾那嗎'),('滾那嗎B'),('滾那嗎瘟比'),('滾那嗎老比'),('滾那嗎錯比'),('漁夫菲斯曼'),('漢奸'),('潑婦'),('潘國平'),('潜烈蟹'),('澠'),('澤夫'),('澤民'),('澩'),('澳洲光明网'),('激情小电影'),('激情电影'),('濕了還說不要'),('濕了還說要'),('濫B'),('濫交'),('濫比'),('濫貨'),('濫逼'),('濼'),('灄'),('灝'),('火棒'),('烂B'),('烂人'),('烂屄'),('烂屌'),('烂比'),('烂游戏'),('烂货'),('烂逼'),('烂鸟'),('烟草局'),('热比娅'),('热那亚'),('無界瀏覽器'),('煉功'),('煞笔'),('煞筆'),('煞逼'),('熱比婭'),('熱站政論網'),('燕玲论坛'),('爛B'),('爛比'),('爛袋'),('爛貨'),('爛逼'),('爭鳴論壇'),('爱液'),('爱滋'),('爽你'),('牛B'),('牛头马面'),('牛比'),('牛逼'),('犬'),('狂操'),('狂操你全家'),('狗b'),('狗卵'),('狗娘'),('狗娘养的'),('狗娘養的'),('狗屁'),('狗屎'),('狗干'),('狗操'),('狗操卖逼'),('狗日'),('狗日的'),('狗狼養的'),('狗誠'),('狗雜種'),('狗養'),('狡猾的達夫'),('独立'),('独立台湾会'),('猥亵'),('猥琐'),('猥褻'),('猪容基'),('猪操'),('猪毛'),('猪毛1'),('猪猡'),('猪聋畸'),('猪聾畸'),('獨夫'),('獨立臺灣會'),('獨裁'),('獨裁政治'),('獫'),('獻祭的圖騰'),('玉杵'),('王世勛'),('王世堅'),('王丹'),('王乐泉'),('王兆国'),('王兆國'),('王八蛋'),('王刚'),('王剛'),('王太华'),('王宝森'),('王寶森'),('王岐山'),('王昊'),('王樂泉'),('王洪文'),('王涵萬'),('王滬寧'),('王潤生'),('王秀麗'),('王超華'),('王軍濤'),('王輔臣'),('王震'),('班禅'),('班禪'),('現金'),('現金交易'),('瑞士金融大學'),('瑪雅'),('瑪麗亞'),('生命分流的圖騰'),('生孩子沒屁眼'),('生鸦片'),('田紀雲'),('田纪云'),('由喜貴'),('甲庆林'),('电监会'),('疆独'),('痴拈'),('痴鳩'),('瘃'),('瘞'),('瘟家宝'),('瘸腿帮'),('瘸腿幫'),('癤'),('登輝'),('發倫'),('發倫功'),('發掄'),('發掄功'),('發楞'),('發正念'),('發論'),('發論公'),('發論功'),('發輪'),('發騷'),('白夢'),('白痴'),('白皮書'),('白立樸'),('白粉'),('白莲教'),('皇軍'),('皮条'),('皮條客'),('盗窃犯'),('盛華仁'),('盜竊犯'),('監視塔'),('監視塔哨兵'),('監視塔哨兵隊長'),('盧卡'),('盧西德'),('看下'),('看中國'),('真主安拉'),('真善忍'),('真理教'),('睾'),('睾丸'),('瞘'),('瞞報'),('矯健的馬努爾'),('石化圖騰'),('石拳戰鬥兵'),('砍翻一條街'),('破坏'),('破鞋'),('硬挺'),('硬直圖騰'),('碎片製造商人蘇克'),('碎片製造商人馬克'),('碡'),('磧'),('示威'),('社會主義'),('社科院'),('祚'),('神婆'),('神汉'),('神經病'),('神经病'),('神通加持法'),('禁书'),('禰'),('离长春'),('禽獸'),('私-服'),('私/服'),('私?服'),('私\\服'),('私—服'),('私服'),('私處'),('科萊爾'),('秭'),('稅力'),('程凱'),('程鐵軍'),('税务总局'),('穆斯林'),('穆罕默德'),('積克館'),('穴'),('空氣精靈'),('空虛之地'),('空虛的伊坤'),('窀'),('突尼斯'),('窃听器'),('窃听器材'),('章孝嚴'),('笨屄'),('笨蛋'),('笨逼'),('筹码'),('篋'),('簡肇棟'),('籀'),('籜'),('粉飾太平'),('粗制吗啡'),('粥健康'),('粥永康'),('粮食局'),('精子'),('精液'),('糝'),('糞便'),('糴'),('系統'),('系統公告'),('系统'),('系统公告'),('系统消息'),('系统讯息'),('紅炎猛獸'),('紅燈區'),('紅色恐怖'),('納粹'),('紱'),('紿'),('絕望之地'),('統戰'),('統獨'),('統獨論壇'),('經文'),('經血'),('綣'),('綰'),('網特'),('網禪'),('綿恒'),('緄'),('緙'),('緡'),('緣圈圈'),('緱'),('縶'),('總理'),('繢'),('繰'),('纘'),('纠察员'),('红卫兵'),('约炮'),('纯一郎'),('纳粹'),('经济社会理事会'),('经社理事会'),('缔顺'),('缵'),('罂粟'),('网管'),('罗　干'),('罗干'),('罗荣桓'),('羅幹'),('羅志明'),('羅文嘉'),('羅福助'),('羅禮詩'),('羆'),('羋'),('美利坚'),('美国'),('美国之音'),('美国佬'),('美國'),('美國之音'),('美國佬'),('美國參考'),('群P'),('群交'),('翥'),('老土'),('老母'),('老毛子'),('老虎机'),('老逼'),('耶和华'),('耶稣'),('耶穌'),('耶苏'),('聂荣臻'),('联合国'),('联合国大会'),('联大'),('联易'),('联易互动'),('聖射手'),('聖戰'),('聯總'),('肉体'),('肉壁'),('肉壶'),('肉棍'),('肉棍子'),('肉棒'),('肉欲'),('肉洞'),('肉穴'),('肉缝'),('肏'),('肘永康'),('肛'),('肛交'),('肛門'),('肛门'),('胡XX'),('胡主席'),('胡乔木'),('胡喬木'),('胡志明'),('胡总书记'),('胡惊涛'),('胡景涛'),('胡景濤'),('胡紧套'),('胡紧掏'),('胡紧涛'),('胡緊掏'),('胡總書記'),('胡耀邦'),('胡錦淘'),('胡錦滔'),('胡锦涛'),('胡锦淘'),('能樣'),('腡'),('膁'),('膃'),('膏药旗'),('膏藥旗'),('自制手枪'),('自已的故事'),('自慰'),('自杀手册'),('自杀指南'),('自民党'),('自民黨'),('自治机关'),('自焚'),('自由民主論壇'),('自由民主论坛'),('臭化西'),('臭机'),('臭机八'),('臭西'),('臭鸡'),('臭鸡巴'),('臺灣共産黨'),('臺灣帝國'),('臺灣建國運動組織'),('臺灣政論區'),('臺灣民國'),('臺灣狗'),('臺灣獨'),('臺灣獨立'),('臺灣自由聯盟'),('臺灣青年獨立聯盟'),('臺盟'),('舆论钳制'),('舊斗篷哨兵'),('舔西'),('舳'),('色情'),('色情小电影'),('色情服务'),('色情电影'),('艾森豪威尔'),('艾滋病'),('艾麗絲'),('花柳'),('苏家屯'),('苯比'),('英雄纪念碑'),('苹果日报'),('茉莉花'),('茉莉花革命'),('茎'),('草'),('草你'),('草你妈'),('草你媽'),('草妈'),('草拟妈'),('草擬媽'),('草泥马'),('草的你妈'),('荊棘護衛兵'),('荡妇'),('莖候佳陰'),('莫偉强'),('莫索里尼'),('菊花蚕'),('華夏文摘'),('華岳時事論壇'),('華建敏'),('華語世界論壇'),('華通時事論壇'),('萊特'),('萨达姆'),('萨马兰奇'),('萬曉東'),('萬潤南'),('萬維讀者論壇'),('萬里'),('葉菊蘭'),('董建华'),('董文华'),('董贱华'),('蒂顺'),('蒋中正'),('蒋介石'),('蒋经国'),('蒙古独立'),('蒙古獨'),('蒙古獨立'),('蒙古达子'),('蒙古達子'),('蒙古鞑子'),('蒙尘药'),('蒙独'),('蒙獨'),('蔡啓芳'),('蔡崇國'),('蔣中正'),('蔣介石'),('蕆'),('蕩婦'),('薄一波'),('薄熙来'),('薑春雲'),('薛偉'),('薟'),('薩達姆'),('藏妇会'),('藏独'),('藏青会'),('藥材商人蘇耐得'),('藥水'),('藪'),('蘇南成'),('蘇拉'),('蘇曉康'),('蘇特勒守護兵'),('蘇特勤'),('蘇特勤護衛兵'),('蘇特勤魔法師'),('蘇盈貴'),('蘇紹智'),('蘇菲爾'),('蘇貞昌'),('蘭迪'),('虎门'),('虐待'),('處女膜'),('虛弱圖騰'),('虛無的飽食者'),('蜆'),('蠢猪'),('血腥图片'),('血逼'),('街头对抗'),('袭近平'),('装B'),('装屄'),('装逼'),('裏菲斯'),('襆'),('西哈努克'),('西藏314事件'),('西藏分裂'),('西藏国'),('西藏天葬'),('西藏独立'),('西藏獨'),('覘'),('覡'),('親日'),('親民黨'),('親美'),('覯'),('覿'),('观世音'),('览叫'),('觶'),('訁'),('訐'),('許信良'),('許家屯'),('許財利'),('訾'),('詘'),('詵'),('詿'),('誄'),('誶'),('諏'),('諑'),('論壇管理員'),('諗'),('諞'),('諶'),('諼'),('諾姆'),('謄'),('講法'),('謝中之'),('謝深山'),('謝選駿'),('謝長廷'),('譎'),('譖'),('譙'),('警匪一家'),('議員斯格文德'),('議長阿茵斯塔'),('護法'),('讓你操'),('讖'),('讞'),('计牌软件'),('计生委'),('诹'),('诼'),('谋杀'),('豐饒的果實'),('貝尤爾'),('貞操'),('貫通兩極法'),('貰'),('貺'),('費良勇'),('費鴻泰'),('賀國强'),('賀龍'),('資本主義'),('賈廷安'),('賈育台'),('賊民'),('賓周'),('賣國'),('賣比'),('賣淫'),('賣逼'),('賣騷'),('賤B'),('賤bi'),('賤人'),('賤比'),('賤種'),('賤貨'),('賤逼'),('賫'),('賬號'),('賴士葆'),('賾'),('贝肉'),('财政部'),('贩毒'),('贱'),('贱人'),('贱货'),('贱逼'),('贺国强'),('贺过墙'),('贺龙'),('贾庆林'),('赌博'),('赌球'),('赌马'),('赖昌星'),('赛他娘'),('赛你娘'),('赛她娘'),('赛妳娘'),('赤匪'),('赤色戰士'),('赤色騎士'),('赫鲁晓夫'),('走向圆满'),('走私'),('赵紫阳'),('起义'),('趕你娘'),('趙南'),('趙品潞'),('趙建銘'),('趙曉微'),('趙海青'),('趙紫陽'),('跳大神'),('蹕'),('蹣'),('躅'),('躑'),('躒'),('躓'),('躚'),('躜'),('躦'),('躪'),('身份生成器'),('車侖'),('車侖女幹'),('軍妓'),('軺'),('輅'),('輕舟快訊'),('輪功'),('輪大'),('輪奸'),('輳'),('輿論'),('輿論反制'),('轂'),('轉化'),('轡'),('轢'),('车仑'),('车臣'),('转法轮'),('轮功'),('轮奸'),('轮干'),('轮流干'),('轮盘赌'),('轴永康'),('辛灝年'),('达菲鸡'),('达赖'),('达赖喇嘛'),('远程偷拍'),('连战'),('迟浩田'),('迪裏夏提'),('迷信：'),('迷奸药'),('迷幻药'),('迷歼药'),('迷药'),('迷魂药'),('追查国际'),('透视软件'),('造反'),('造愛'),('連勝德'),('連勝文'),('連惠心'),('連戰'),('連方瑀'),('逼'),('逼你老母'),('逼样'),('逼樣'),('逼毛'),('道教'),('達夫侍從'),('達夫警衛兵'),('達癩'),('遗精'),('遠志明'),('遲鈍的圖騰'),('遺精'),('邓小平'),('邢錚'),('那嗎B'),('那嗎瘟比'),('那嗎老比'),('那嗎逼'),('那嗎錯比'),('那娘錯比'),('邪教'),('邮政局'),('邾'),('郁慕明'),('郤'),('郭伯雄'),('郭俊銘'),('郭岩華'),('郭羅基'),('鄧笑貧'),('鄭寶清'),('鄭源'),('鄭義'),('鄭運鵬'),('鄭餘鎮'),('鄭麗文'),('鄹'),('鄺錦文'),('酱猪媳'),('醬猪媳'),('釃'),('释迦牟尼'),('里根'),('野鶏'),('金堯如'),('金日成'),('金槍不倒'),('金正恩'),('金正日'),('金澤辰'),('釣魚島'),('鈐'),('銚'),('鋝'),('鋸齒通道被遺弃的骷髏'),('鋸齒通道骷髏'),('錆'),('錢其琛'),('錢國梁'),('錢達'),('錦濤'),('錯B'),('錯比'),('錯逼'),('錯那嗎B'),('錯那嗎比'),('錯那嗎逼'),('鍃'),('鍰'),('鎮壓'),('鏨'),('鐘山風雨論壇'),('鑣'),('钓鱼台'),('钓鱼岛'),('钓鱼岛不属于中国'),('钱其琛'),('铀'),('镇压'),('長官沙塔特'),('開放雜志'),('開苞'),('閶'),('閹狗'),('閻明複'),('閿'),('闃'),('關卓中'),('闞'),('闥'),('阎王'),('阝月'),('防衛指揮官'),('阳具'),('阳物'),('阳痿'),('阳精'),('阴唇'),('阴小撕大'),('阴户'),('阴核'),('阴毛'),('阴水'),('阴茎'),('阴蒂'),('阴道'),('阴部'),('阴门'),('阼'),('阿弥陀佛'),('阿扁'),('阿扁万岁'),('阿扁萬歲'),('阿拉'),('阿拉法特'),('阿罗约'),('阿萊娜'),('陈丽媛'),('陈云'),('陈功'),('陈希同'),('陈晓宁'),('陈毅'),('陈水扁'),('陈独秀'),('陈至立'),('陈良宇'),('降低命中的圖騰'),('陬'),('陰唇'),('陰囊'),('陰戶'),('陰毛'),('陰水'),('陰精'),('陰莖'),('陰蒂'),('陰道'),('陰部'),('陰門'),('陳一諮'),('陳博志'),('陳唐山'),('陳學聖'),('陳定南'),('陳宣良'),('陳小同'),('陳希同'),('陳建銘'),('陳景俊'),('陳水扁'),('陳炳基'),('陳破空'),('陳總統'),('陳良宇'),('陳菊'),('陳蒙'),('陳軍'),('陸委會'),('陽具'),('陽物'),('陽痿'),('隱者之路'),('隹'),('雅蠛蝶'),('雙十節'),('雜種'),('雷尼亞'),('電視流氓'),('青天白日'),('靖国神社'),('靖國神社'),('静坐'),('靠'),('靠你妈'),('靠你媽'),('靠腰'),('革命'),('鞀'),('鞽'),('韉'),('韓東方'),('韓正'),('韓聯潮'),('韝'),('韞'),('項小吉'),('項懷誠'),('頇'),('頊'),('頭領墳墓管理員'),('頭領奧馬'),('顓'),('顔射'),('顔慶章'),('顔清標'),('顥'),('顬'),('颛'),('颜射'),('额尔德尼'),('風雨神州'),('風雨神州論壇'),('颮'),('飛揚論壇'),('食屎'),('食捻屎'),('飫'),('餼'),('馬三家'),('馬克思'),('馬大維'),('馬時敏'),('馬永成'),('馬特斯'),('馬良駿'),('馬英九'),('馮東海'),('馮素英'),('騎你'),('騭'),('騷B'),('騷包'),('騷卵'),('騷棍'),('騷棒'),('騷貨'),('騷逼'),('騷鶏'),('驏'),('马克思'),('马加爵'),('马勒戈壁'),('马卖马屁'),('马拉戈壁'),('马的'),('马英九'),('驶你公'),('驶你娘'),('驶你母'),('驶你爸'),('驶你老师'),('驶你老母'),('骑他'),('骑你'),('骑她'),('骚'),('骚B'),('骚货'),('骚逼'),('骡干'),('骨獅'),('高丽朴'),('高丽棒子'),('高俊'),('高文謙'),('高校暴乱'),('高校群体事件'),('高校骚乱'),('高治联'),('高自联'),('高自聯'),('高薪養廉'),('高麗棒子'),('髭'),('鬥士哈夫拉蘇'),('鬥士霍克'),('鬧事'),('鬼村'),('鮐'),('鮑伊'),('鮑彤'),('鮑戈'),('鮞'),('鮪'),('鮮族'),('鯀'),('鯁'),('鯔'),('鯗'),('鯝'),('鯢'),('鯫'),('鯴'),('鰣'),('鰨'),('鰳'),('鰵'),('鰷'),('鰹'),('鱝'),('鱟'),('鱧'),('鱭'),('鲍威尔'),('鲍岳桥'),('鲜族'),('鲰'),('鲻'),('鴟'),('鴰'),('鴿派'),('鵒'),('鶏8'),('鶏八'),('鶏吧'),('鶏女'),('鶏奸'),('鶏巴'),('鶏毛信文匯'),('鶏院'),('鶏鶏'),('鷚'),('鷹眼派氏族'),('鸌'),('鸟GM'),('鸟Gm'),('鸟gM'),('鸟gm'),('鸟你'),('鸠'),('鸠屎'),('鸡'),('鸡八'),('鸡叭'),('鸡奸'),('鸡巴'),('鸡掰'),('鸡歪'),('鸡芭'),('鸡鸡'),('鸦片'),('鸦片液'),('鸦片渣'),('鸨'),('鹺'),('麥克斯'),('麦角酸'),('麻醉乙醚'),('麻醉枪'),('麻醉药'),('麻醉钢枪'),('黃仲生'),('黃伯源'),('黃劍輝'),('黃慈萍'),('黃片'),('黃禍'),('黃義交'),('黃翔'),('黃菊'),('黃金幼龍'),('黄'),('黄　菊'),('黄大仙'),('黄片'),('黄盘'),('黄色'),('黄色小电影'),('黄色电影'),('黄菊'),('黌'),('黎阳评'),('黑手党'),('黑手黨'),('黑白无常'),('黑社会'),('黑社會'),('默克尔'),('黲'),('黽'),('鼉'),('齊墨'),('齊諾'),('齔'),('齟'),('齠'),('齬'),('龍火之心'),('龍虎豹'),('龐建國'),('龙新民'),('龙虎'),('龙虎门'),('龜兒子'),('龜公'),('龜孫子'),('龜投'),('龜頭'),('龟儿子'),('龟公'),('龟头'),('龟孙子'),('ＵＲ'),('abian'),('abianwansui'),('baichi'),('baifen'),('biaozi'),('biaoziyangde'),('bimao'),('bingdu'),('bingfen'),('cao'),('caonima'),('caonimabi'),('chanima'),('2g1c'),('2 girls 1 cup'),('acrotomophilia'),('alabama hot pocket'),('alaskan pipeline'),('anal'),('anilingus'),('anus'),('apeshit'),('arsehole'),('ass'),('asshole'),('assmunch'),('auto erotic'),('autoerotic'),('babeland'),('baby batter'),('baby juice'),('ball gag'),('ball gravy'),('ball kicking'),('ball licking'),('ball sack'),('ball sucking'),('bangbros'),('bareback'),('barely legal'),('barenaked'),('bastard'),('bastardo'),('bastinado'),('bbw'),('bdsm'),('beaner'),('beaners'),('beaver cleaver'),('beaver lips'),('bestiality'),('big black'),('big breasts'),('big knockers'),('big tits'),('bimbos'),('birdlock'),('bitch'),('bitches'),('black cock'),('blonde action'),('blonde on blonde action'),('blowjob'),('blow job'),('blow your load'),('blue waffle'),('blumpkin'),('bollocks'),('bondage'),('boner'),('boob'),('boobs'),('booty call'),('brown showers'),('brunette action'),('bukkake'),('bulldyke'),('bullet vibe'),('bullshit'),('bung hole'),('bunghole'),('busty'),('butt'),('buttcheeks'),('butthole'),('camel toe'),('camgirl'),('camslut'),('camwhore'),('carpet muncher'),('carpetmuncher'),('chocolate rosebuds'),('circlejerk'),('cleveland steamer'),('clit'),('clitoris'),('clover clamps'),('clusterfuck'),('cock'),('cocks'),('coprolagnia'),('coprophilia'),('cornhole'),('coon'),('coons'),('creampie'),('cum'),('cumming'),('cunnilingus'),('cunt'),('darkie'),('date rape'),('daterape'),('deep throat'),('deepthroat'),('dendrophilia'),('dildo'),('dingleberry'),('dingleberries'),('dirty pillows'),('dirty sanchez'),('doggie style'),('doggiestyle'),('doggy style'),('doggystyle'),('dog style'),('dolcett'),('domination'),('dominatrix'),('dommes'),('donkey punch'),('double dong'),('double penetration'),('dp action'),('dry hump'),('dvda'),('eat my ass'),('ecchi'),('ejaculation'),('erotic'),('erotism'),('escort'),('eunuch'),('faggot'),('fecal'),('felch'),('fellatio'),('feltch'),('female squirting'),('femdom'),('figging'),('fingerbang'),('fingering'),('fisting'),('foot fetish'),('footjob'),('frotting'),('fuck buttons'),('fuckin'),('fucking'),('fucktards'),('fudge packer'),('fudgepacker'),('futanari'),('gang bang'),('gay sex'),('genitals'),('giant cock'),('girl on'),('girl on top'),('girls gone wild'),('goatcx'),('goatse'),('god damn'),('gokkun'),('golden shower'),('goodpoop'),('goo girl'),('goregasm'),('grope'),('group sex'),('g-spot'),('guro'),('hand job'),('handjob'),('hard core'),('hardcore'),('hentai'),('homoerotic'),('honkey'),('hooker'),('hot carl'),('hot chick'),('how to kill'),('how to murder'),('huge fat'),('humping'),('incest'),('intercourse'),('jack off'),('jail bait'),('jailbait'),('jelly donut'),('jerk off'),('jigaboo'),('jiggaboo'),('jiggerboo'),('jizz'),('juggs'),('kike'),('kkk'),('kinbaku'),('kinkster'),('kinky'),('knobbing'),('leather restraint'),('leather straight jacket'),('lemon party'),('lolita'),('lovemaking'),('make me come'),('male squirting'),('masturbate'),('menage a trois'),('milf'),('missionary position'),('motherfucker'),('mound of venus'),('mr hands'),('muff diver'),('muffdiving'),('nambla'),('nawashi'),('negro'),('neonazi'),('nigga'),('nigger'),('nig nog'),('nimphomania'),('nipple'),('nipples'),('nsfw images'),('nude'),('nudity'),('nympho'),('nymphomania'),('octopussy'),('omorashi'),('one cup two girls'),('one guy one jar'),('orgasm'),('orgy'),('paedophile'),('paki'),('panties'),('panty'),('pedobear'),('pedophile'),('pegging'),('phone sex'),('piece of shit'),('pissing'),('piss pig'),('pisspig'),('playboy'),('pleasure chest'),('pole smoker'),('ponyplay'),('poof'),('poon'),('poontang'),('punany'),('poop chute'),('poopchute'),('porn'),('porno'),('pornography'),('prince albert piercing'),('pthc'),('pubes'),('pussy'),('queaf'),('queef'),('quim'),('raghead'),('raging boner'),('rape'),('raping'),('rapist'),('rectum'),('reverse cowgirl'),('rimjob'),('rimming'),('rosy palm'),('rosy palm and her 5 sisters'),('rusty trombone'),('sadism'),('santorum'),('scat'),('schlong'),('scissoring'),('semen'),('sexo'),('sexy'),('shaved beaver'),('shaved pussy'),('shemale'),('shibari'),('shitblimp'),('shitty'),('shota'),('shrimping'),('skeet'),('slanteye'),('slut'),('s&m'),('smut'),('snatch'),('snowballing'),('sodomize'),('sodomy'),('spic'),('splooge'),('splooge moose'),('spooge'),('spread legs'),('spunk'),('strap on'),('strapon'),('strappado'),('strip club'),('style doggy'),('suck'),('sucks'),('suicide girls'),('sultry women'),('swastika'),('swinger'),('tainted love'),('taste my'),('tea bagging'),('threesome'),('throating'),('tied up'),('tight white'),('tit'),('tits'),('titties'),('titty'),('tongue in a'),('topless'),('tosser'),('towelhead'),('tranny'),('tribadism'),('tub girl'),('tubgirl'),('tushy'),('twat'),('twink'),('twinkie'),('two girls one cup'),('undressing'),('upskirt'),('urethra play'),('urophilia'),('vagina'),('venus mound'),('vibrator'),('violet wand'),('vorarephilia'),('voyeur'),('vulva'),('wank'),('wetback'),('wet dream'),('white power'),('wrapping men'),('wrinkled starfish'),('xx'),('xxx'),('yaoi'),('yellow showers'),('yiffy'),('zoophilia'),('*李*洪*志*阿扁'),('*法*轮*功*'),('3P'),('8 仙'),('8仙'),('AIDS'),('AV电影下载'),('Aids'),('Bitch'),('CAO'),('DICK'),('Dick'),('FUCK'),('Fuck'),('J8'),('JB'),('K他命'),('K粉'),('ML'),('NMD'),('NND'),('NPC'),('SHIT'),('SM'),('SUCK'),('Suck'),('T.M.D'),('TMD'),('U R'),('U-R'),('U/R'),('UR'),('WEB战牌'),('WEB牌戰'),('aids'),('bt'),('dick'),('fuck'),('h站'),('j8'),('jb'),('k粉'),('penis'),('rivals'),('sb'),('sex'),('shit'),('tmd'),('tnnd'),('u r'),('ur'),('urban'),('urban-rivals'),('webgame.com.cn'),('weelaa'),('㈠'),('㈡'),('㈢'),('㈣'),('㈥'),('㈧'),('㈨'),('㈩'),('㈱'),('㊣'),('一中一台'),('一党专制'),('一党专政'),('一国两制'),('一夜情'),('一贯道'),('一边一国'),('一陀糞'),('丁关根'),('丁子霖'),('丁關根'),('万税'),('三K黨'),('三个代婊'),('三个呆婊'),('三個代表'),('三去車侖工力'),('三去车仑'),('三唑仑'),('三民主义'),('三級片'),('三级片'),('三陪'),('三陪女'),('上你'),('上妳'),('上海孤兒院'),('上海幫'),('上訪'),('下注'),('下賤'),('下體'),('不滅帝王'),('不爽不要錢'),('不玩了'),('专制'),('专政'),('世界經濟導報'),('世界维吾尔大会'),('丘垂貞'),('东亚病夫'),('东北独立'),('东升'),('东方闪电'),('东条英机'),('东正教'),('东突'),('东突暴动和独立'),('东突组织'),('两个中国'),('两国论'),('两腿之间'),('严方军'),('丬'),('中俄邊界'),('中共'),('中华民国'),('中南海'),('中国之春'),('中国恐怖组织'),('中國之春'),('中國共産黨'),('中國和平'),('中國問題論壇'),('中國威脅論'),('中國孤兒院'),('中國復興論壇'),('中國猪'),('中國真實內容'),('中國社會論壇'),('中國社會進步黨'),('中國移動通信'),('中國論壇'),('中央委员'),('中央電視臺'),('中宣部'),('中毒圖騰'),('中毒的圖騰'),('中華人民實話實說'),('中華人民正邪'),('中華大地'),('中華大衆'),('中華時事'),('中華民國'),('中華真實報道'),('中華講清'),('中華養生益智功'),('主席'),('主攻指揮官'),('主義'),('乔石'),('习仲勋'),('习近平'),('习远平'),('乡巴佬'),('买卖枪支'),('买毒品'),('买财富'),('乱交'),('乱伦'),('乳'),('乳交'),('乳头'),('乳峰'),('乳房'),('乳晕'),('乳暈'),('乳波臀浪'),('乳頭'),('亂交'),('亂倫'),('亂輪'),('事實獨立'),('二B'),('二乙基酰胺发抡'),('二奶'),('二屄'),('二逼'),('于幼軍'),('五星红旗'),('亚历山大'),('交媾'),('交通部'),('交配'),('产权局'),('亲民党'),('人代会'),('人体炸弹'),('人大'),('人大代表'),('人弹'),('人權'),('人民'),('人民之聲論壇'),('人民內情真相'),('人民報'),('人民大会堂'),('人民大會堂'),('人民广场'),('人民报'),('人民日报'),('人民真實'),('人民银行'),('仆街'),('他嗎的'),('他妈'),('他妈的'),('他娘'),('他媽'),('他媽的'),('他干'),('他母亲'),('他母親'),('他爹'),('他祖宗'),('他马的'),('以茎至洞'),('伊拉克'),('伊斯兰'),('伊斯蘭'),('伊斯蘭亞格林尼斯'),('伊朗'),('伊莎貝爾'),('伟哥'),('伱妈'),('何候华'),('余英時'),('佛展千手法'),('佛教'),('佛祖'),('作愛'),('作爱'),('作秀'),('你二大爷'),('你大爷'),('你妈'),('你妈了妹'),('你妈的'),('你妈逼'),('你姥'),('你姥姥的'),('你娘'),('你媽'),('你媽了妹'),('你媽比'),('你媽的'),('你媽逼'),('你爷爷的'),('你爸'),('你爺'),('你老味'),('你老母'),('你說我說論壇'),('侍從倫斯韋'),('侍從貝赫爾特'),('侦探设备'),('侧那'),('侨办'),('俄國'),('保密局'),('保监会'),('保釣'),('保钓'),('俞正声'),('信用危機'),('修煉'),('倪育賢'),('倫功'),('倬'),('倭国'),('倭寇'),('假庆林'),('假青林'),('做愛'),('做爱'),('偬'),('偷窥'),('偷窥图片'),('傅作义'),('傅作義'),('傅鹏'),('催情药'),('傳染性病'),('傴'),('傻B'),('傻卵'),('傻吊'),('傻子'),('傻屄'),('傻比'),('傻逼'),('傻鳥'),('僉'),('僵賊'),('僵賊民'),('僵贼民'),('儂著卵拋'),('儂著岡巒'),('儺'),('元老蘭提(沃德）'),('先奸后杀'),('克勞森'),('克林顿'),('克萊恩'),('克萊特'),('党中央'),('党中央”'),('党主席'),('內衣'),('內褲'),('全国人大'),('全國人大'),('全國兩會'),('全能神'),('兩個中國'),('兩岸三地論壇'),('兩岸關係'),('兩會'),('兩會報道'),('兩會新聞'),('八九'),('八九风波'),('公安'),('公安局'),('公安部'),('六-四'),('六.四'),('六?四'),('六。四'),('六合彩'),('六四'),('六四事件'),('六四真相'),('六四运动'),('共产主义'),('共产党'),('共党'),('共匪'),('共榮圈'),('共狗'),('共産'),('共産主義'),('共産黨'),('共軍'),('共黨'),('兴奋剂'),('冈村宁次'),('冈村秀树'),('册那'),('册那娘餓比'),('再奸'),('军国主义'),('军妓'),('军长发威'),('农业部'),('冰後'),('冰毒'),('冰粉'),('凱奧勒尼什'),('凱爾本'),('凱爾雷斯'),('凱特切爾'),('出售假币'),('出售手枪'),('出售枪支'),('出售此号'),('出售神符'),('出售账号'),('分裂中国'),('分裂祖国'),('分隊長施蒂文'),('切七'),('列宁'),('刘　淇'),('刘云山'),('刘伯承'),('刘军'),('刘少奇'),('刘淇'),('删号'),('則民'),('剛比'),('剛比樣子'),('劉俊國'),('劉凱中'),('劉剛'),('劉千石'),('劉國凱'),('劉士賢'),('劉山青'),('劉文勝'),('劉文雄'),('劉曉波'),('劉曉竹'),('劉永川'),('劉華清'),('劉賓深'),('劉賓雁'),('劉青'),('劌'),('办理文凭'),('办理证件'),('助手威爾特'),('劳+教+所'),('劳动保障部'),('劳拉'),('動亂'),('勞動教養所'),('勞改'),('勞教'),('勱'),('包皮'),('北京之春'),('北京當局'),('北大三角地論壇'),('北美自由論壇'),('北韓'),('十八摸'),('十年动乱石进'),('午夜'),('华国锋'),('华建敏'),('华盛顿'),('卓伯源'),('卖.国'),('卖B'),('卖ID'),('卖QQ'),('卖党求荣'),('卖卡'),('卖号'),('卖国'),('卖国求荣'),('卖毒品'),('卖比'),('卖淫'),('卖财富'),('卖软件'),('卖逼'),('南华早报'),('南大自由論壇'),('南联盟'),('南蛮'),('南蛮子'),('南蠻子'),('博訊'),('博讯'),('卡斯特罗'),('卫生部'),('卵'),('卵子'),('厙'),('原子弹'),('原子能机构'),('去他妈'),('去你妈'),('去你妈的'),('去你媽的'),('去你的'),('去她妈'),('去妳妈'),('去妳的'),('去死'),('参事室'),('友好的魯德'),('双峰微颤'),('双飞'),('反人類'),('反党'),('反共'),('反动'),('反华'),('反封鎖'),('反封鎖技術'),('反恐委员会'),('反政府'),('反日'),('反社會'),('反腐敗論壇'),('反革命'),('发伦'),('发伦功'),('发展与改革委员会'),('发展和改革委员会'),('发抡功'),('发改委'),('发票'),('发论'),('发论公'),('发论功'),('发轮'),('发骚'),('受虐狂'),('变态'),('口交'),('古柯碱'),('古龍祭壇'),('叫小姐'),('叫床'),('叫春'),('叫鸡'),('可卡叶'),('可卡因'),('可待因'),('台办'),('台湾党'),('台湾共产党'),('台湾共和国'),('台湾国'),('台湾岛国'),('台湾帝国'),('台湾民国'),('台湾狗'),('台湾独立'),('台独'),('台独万岁'),('台独分子'),('台联'),('史萊姆'),('史萊姆王'),('叶剑英'),('司徒華'),('司法部'),('司馬晋'),('司馬璐'),('叼你'),('叼你妈'),('叼你媽'),('吃大便'),('吃屎'),('吉跋猫'),('后庭'),('吕秀莲'),('吗啡'),('吗啡片'),('吗啡碱'),('吗的'),('吟稻雁'),('吳仁華'),('吳學燦'),('吳學璨'),('吳宏達'),('吳弘達'),('吳志芳'),('吳敦義'),('吳方城'),('吳淑珍'),('吳百益'),('吳育升'),('吴　仪'),('吴仪'),('吴官正'),('吴帮国'),('吴邦国'),('吸收的圖騰'),('吸毒'),('吸血獸'),('吹喇叭'),('吹箫'),('吹簫'),('呂京花'),('呂秀蓮'),('呆卵'),('周健康'),('周守訓'),('周小康'),('周总理'),('周恩來'),('周恩来'),('周永康'),('周鋒鎖'),('和锅枪'),('咼'),('哈爾羅尼'),('唐家璇'),('唐柏橋'),('唚'),('售ID'),('售号'),('售软件'),('商务部'),('啊無卵'),('善惡有報'),('喬伊'),('喬石'),('喷你'),('嗎啡'),('嗎的'),('嗑药'),('嘵'),('嘸'),('噦'),('噴你'),('嚳'),('嚴家其'),('嚴家祺'),('囅'),('四人帮'),('四人幫'),('四川独立'),('四川獨'),('四川獨立'),('回回'),('回教'),('回族人吃猪肉'),('回民吃猪肉'),('回民暴动'),('回民暴動'),('回良玉'),('国内动态清样'),('国内动态详情'),('国务委员'),('国务院'),('国外政要人物：'),('国安局'),('国家主席'),('国家主要部委'),('国家发展与改革委员会'),('国家发展和改革委员会'),('国家民委'),('国民党'),('国民党万岁'),('国管局'),('国防科工委'),('国防部'),('国际法院'),('國家安全'),('國家機密'),('國賊'),('國軍'),('圓滿'),('圖書管理員卡特'),('團員馬爾汀'),('團長戈登'),('圣女峰'),('圣战'),('地下教會'),('坐台'),('坐台的'),('坐庄'),('垃圾游戏'),('垵'),('埃斯萬'),('埃裏克蘇特勤'),('基地组织'),('基督'),('基督教'),('塔內'),('塔利班'),('塔烏'),('塞你公'),('塞你娘'),('塞你母'),('塞你爸'),('塞你老师'),('塞你老母'),('塞白'),('墨索里尼'),('士兵管理員瓦爾臣'),('处女'),('处男'),('外-挂'),('外/挂'),('外\\挂'),('外_挂'),('外—挂'),('外　挂'),('外专局'),('外交與方略'),('外交論壇'),('外交部'),('外挂'),('外汇局'),('多维'),('夜情'),('夜話紫禁城'),('大B'),('大中國論壇'),('大中華論壇'),('大便'),('大卫教'),('大参考'),('大參考'),('大史紀'),('大史記'),('大奶媽'),('大学骚乱'),('大家論壇'),('大师'),('大東亞'),('大東亞共榮'),('大法'),('大波波'),('大紀元'),('大紀元新聞網'),('大紀園'),('大纪元'),('大纪元新闻网'),('大血B'),('大血比'),('大衆真人真事'),('大衛教'),('大逼'),('大鶏巴'),('大麻'),('大麻树脂'),('大麻油'),('天主教'),('天安門'),('天安門一代'),('天安門事件'),('天安門屠殺'),('天安門錄影帶'),('天安门事件'),('天皇陛下'),('天閹'),('太子党'),('太监'),('太監'),('夫妻床上激情自拍'),('央視內部晚會'),('奥巴马'),('奥马尔'),('奧倫'),('奧克拉'),('奧利弗'),('奧拉德'),('奧特蘭'),('奧魯奇'),('奩'),('女主人羅姬馬莉'),('女幹'),('奴隸魔族士兵'),('奶娘'),('奶子'),('奶頭'),('奸'),('奸一奸'),('奸他'),('奸你'),('奸夫淫妇'),('奸她'),('奸暴'),('奸淫'),('她妈'),('她妈的金日成'),('她娘'),('她媽'),('妈B'),('妈卖妈屁'),('妈批'),('妈比'),('妈的'),('妈祖'),('妈逼'),('妓'),('妓女'),('妓院'),('妳妈的'),('妳娘的'),('妳老母的'),('妳马的'),('姚文元'),('姚月謙'),('姚羅'),('姣西'),('姬勝德'),('威而柔'),('威而钢'),('娘餓比'),('婊'),('婊子'),('婊子養的'),('媽B'),('媽批'),('媽比'),('媽的'),('嫖娼'),('嫖客'),('嫩B'),('嫩b'),('嬀'),('子女任职名单'),('子宫'),('子宮'),('孙中山'),('孙文'),('孙逸仙'),('学潮'),('学运'),('孫中山'),('孫大千'),('學潮'),('學聯'),('學自聯'),('學運'),('宇明網'),('安倍晋三'),('安全局'),('安南'),('安非他命'),('宋書元'),('宋楚瑜'),('宋祖英'),('宗教'),('官商勾结'),('官逼民反'),('实际神'),('客戶服務'),('宾周'),('密宗'),('密洞'),('寇晓伟'),('富兰克林'),('寶石商人'),('导弹'),('封印的靈魂騎士'),('封從德'),('封殺'),('射了還說要'),('射精'),('將則民'),('專制'),('專政'),('尉健行'),('導師'),('小B樣'),('小乳头'),('小参考'),('小參考'),('小姐兼职'),('小日本'),('小比樣'),('小泉'),('小泉純一郎'),('小泉纯一郎'),('小穴'),('小肉粒'),('小靈通'),('小鶏鶏'),('小鸡鸡'),('尖阁列岛'),('尤比亞'),('尹慶民'),('尻'),('尼克松'),('尼奧夫'),('尾申鲸'),('尿'),('屁眼'),('屄'),('屄毛'),('届中央政治局委員'),('屌'),('屌7'),('屌七'),('屌妳'),('屌毛'),('屌西'),('屌鸠'),('屎'),('屎你娘'),('屎妳娘'),('屙'),('屠杀'),('屠殺'),('屨'),('山口組'),('山本五十六'),('岡巒'),('峴'),('崗哨士兵'),('嶠'),('嶴'),('工自聯'),('巨槌騎兵'),('巨鐵角哈克'),('巴倫侍從'),('巴倫坦'),('巹'),('布什'),('布莱尔'),('布萊爾'),('布雷尔'),('布雷爾'),('希拉克'),('希望之声'),('希特勒'),('帝国主义'),('帝國主義'),('帝顺'),('帳號'),('常勁'),('干'),('干GM'),('干Gm'),('干X'),('干gM'),('干gm'),('干一干'),('干七八'),('干他'),('干他妈'),('干你'),('干你妈'),('干你妈B'),('干你妈b'),('干你妈逼'),('干你娘'),('干入'),('干到'),('干勒'),('干啦'),('干她'),('干她妈'),('干妳'),('干妳妈'),('干妳娘'),('干妳老母'),('干它'),('干尼'),('干干'),('干您'),('干我'),('干拎娘'),('干机'),('干林'),('干死'),('干死你'),('干汝'),('干爆'),('干爽'),('干牠'),('干鸡'),('幹bi'),('幹一家'),('幹他'),('幹你'),('幹你娘'),('幹你老母'),('幹你老比'),('幹全家'),('幹她'),('幹幹幹'),('幹死'),('幹死你'),('幹比'),('幹的你'),('幹逼'),('幼齒'),('幼龍'),('废物'),('庭院警衛兵'),('廉政大論壇'),('廖錫龍'),('廢墟守護者'),('廣聞'),('建國黨'),('异型叛軍'),('异見人士'),('异議人士'),('弓虽女干'),('弓雖'),('引導'),('张小平'),('张德江'),('张春桥'),('张朝阳'),('张潮阳'),('张磊'),('张立昌'),('张高丽'),('張伯笠'),('張偉國'),('張健'),('張博雅'),('張志清'),('張昭富'),('張林'),('張清芳'),('張溫鷹'),('張鋼'),('强卫'),('强奸'),('强奸犯'),('强效失意药'),('强硬发言'),('彈劾'),('彭丽媛'),('彭德怀'),('彭真'),('徐光春'),('徐向前'),('徐國舅'),('德維爾'),('思科羅'),('性事'),('性交'),('性奴'),('性愛'),('性无能'),('性欲'),('性無能'),('性爱'),('性病'),('性虐'),('性虐待'),('性高潮'),('总局'),('总理'),('恐怖主义'),('恐怖主義'),('恐怖份子'),('恐怖组织'),('恩格斯'),('情婦'),('情獸'),('情色'),('想上你'),('意志不堅的圖騰'),('愛滋'),('愛滋病'),('愨'),('慶紅'),('憂鬱的艾拉'),('懂文华'),('懒教'),('懷特'),('戈揚'),('戈瑞爾德'),('成人影片'),('成人片'),('成人电影'),('我咧干'),('我奸'),('我妳老爸'),('我干'),('我操'),('我操你'),('我日'),('我日你'),('戔'),('战牌'),('戳你'),('戳那嗎B'),('戳那嗎比'),('戳那嗎逼'),('戴晶'),('戴海静'),('戴相龍'),('戴維教'),('戴红'),('戴维教'),('房事'),('手淫'),('扎卡維是英雄'),('扎卡维'),('扎卡维是英雄'),('打倒共产党'),('打炮'),('打飛機'),('抑制剂'),('投毒杀人'),('抢劫'),('押大'),('押小'),('押注'),('抽你丫的'),('抽头'),('抽插'),('拉姆斯菲尔德'),('拉姆斯菲爾德'),('拉登'),('拉皮條'),('拍肩神药'),('拐卖'),('招鶏'),('拿破仑'),('持不同政見'),('指點江山論壇'),('挨球'),('捏你鶏巴'),('换妻'),('掄功'),('排泄'),('推油'),('掯'),('插'),('插GM'),('插Gm'),('插gM'),('插gm'),('插你'),('插你妈'),('插你媽'),('插你爺爺'),('插妳'),('插深些'),('插那嗎B'),('插那嗎比'),('插那嗎逼'),('揭批書'),('援交'),('援交妹'),('搖頭丸'),('搞基'),('搞栗棒'),('摇头丸'),('摇头玩'),('摩门教'),('摶'),('摸你鶏巴'),('摸咪咪'),('撒切尔'),('撒尿'),('撟'),('撸管子'),('擇民'),('擊倒圖騰'),('擊傷的圖騰'),('操'),('操GM'),('操Gm'),('操XX'),('操gM'),('操gm'),('操他'),('操他妈'),('操你'),('操你八辈祖宗'),('操你妈'),('操你妈屄'),('操你媽'),('操你爺爺'),('操她'),('操她妈'),('操妳妈'),('操尼'),('操林'),('操比'),('操蛋'),('操逼'),('操逼毛'),('操那嗎B'),('操那嗎比'),('操那嗎逼'),('操鶏'),('攄'),('支那'),('放蕩'),('政变'),('政府'),('政權'),('政治'),('政治反对派'),('政治反對派'),('政治犯'),('敏感人物名称或代号：'),('教育部'),('教養院'),('敬国神社'),('數據中國'),('文化部'),('文物局'),('斧头镰刀'),('斫'),('斯大林'),('斯皮爾德'),('斯諾'),('新党'),('新手訓練營'),('新生網'),('新疆7.5事件'),('新疆分裂'),('新疆国'),('新疆独立'),('新疆獨'),('新義安'),('新聞出版總署'),('新聞封鎖'),('新華內情'),('新華舉報'),('新華通論壇'),('新觀察論壇'),('新語絲'),('新闻出版总署'),('新闻出版署'),('新闻管制'),('方勵之'),('旅游局'),('无帮国'),('无帮过'),('无界浏览器'),('无邦国'),('日'),('日GM'),('日Gm'),('日X妈'),('日gM'),('日gm'),('日他娘'),('日你'),('日你妈'),('日你娘'),('日你媽'),('日你爺爺'),('日內瓦金融'),('日本RING'),('日本帝國'),('日本鬼子'),('日朱駿'),('日死'),('日軍'),('早泄'),('昆圖'),('明慧网'),('昏药'),('昏迷圖騰'),('易丹軒'),('春夏自由論壇'),('春药'),('是鸡'),('時事論壇'),('時代論壇'),('晚年周恩來'),('晚年周恩来'),('普京'),('暗黑法師'),('暴乱'),('暴亂'),('暴动'),('暴徒'),('暴熱的戰士'),('暴躁的城塔野獸'),('暴躁的警衛兵靈魂'),('暴躁的馬杜克'),('暴風亡靈'),('曰GM'),('曰Gm'),('曰gM'),('曰gm'),('曰你'),('曹刚川'),('曹剛川'),('曹長青'),('曼德拉'),('曾培炎'),('曾庆红'),('月經'),('月经'),('月经不调'),('朝鮮'),('朝鲜'),('木子論壇'),('本?拉登'),('本拉登'),('朱容基'),('朱容鸡'),('朱德'),('朱总理'),('朱溶剂'),('朱溶劑'),('朱熔基'),('朱狨基'),('朱立倫'),('朱镕基'),('朱駿'),('朱鳳芝'),('机八'),('机叭'),('机巴'),('机掰'),('杀人'),('杀人犯'),('杂种'),('李先念'),('李克强'),('李大师'),('李大钊'),('李宏志'),('李宏旨'),('李小鵬'),('李山'),('李岚清'),('李弘旨'),('李志綏'),('李慶安'),('李慶華'),('李旺陽'),('李月月鳥'),('李洪寬'),('李洪志'),('李淑嫻'),('李瑞环'),('李登辉'),('李磕墙'),('李祿'),('李紅痔'),('李總理'),('李總統'),('李繼耐'),('李红志'),('李老師'),('李肇星务'),('李蘭菊'),('李錄'),('李鐵映'),('李铁映'),('李长春'),('李鹏'),('李鹏*'),('杜冷丁'),('杜鲁门'),('来干'),('来插我'),('来爽我'),('東亞'),('東北獨立'),('東升'),('東南西北論談'),('東土耳其斯坦'),('東方時空'),('東方紅時空'),('東條'),('東條英機'),('東社'),('東突暴動'),('東突獨立'),('東西南北論壇'),('東部地下水路'),('東院看守'),('林业局'),('林佳龍'),('林保華'),('林信義'),('林彪'),('林正勝'),('林肯'),('林重謨'),('林長盛'),('枪决女犯'),('枪决现场'),('枪支弹药'),('柯建銘'),('柯賜海'),('柴玲'),('核工业基地'),('核武器'),('核潜艇'),('格雷(關卡排名管理者)'),('格魯'),('格魯(城鎮移動)'),('档案局'),('梅毒'),('梅花网'),('梦遗'),('棬'),('楊周'),('楊巍'),('楊建利'),('楊懷安'),('楊月清'),('槧'),('橋侵襲兵'),('檾'),('櫬'),('欠人骑'),('欠干'),('欠骑'),('欲火焚身'),('欽本立'),('歌功頌德'),('正義黨論壇'),('正見網'),('死GD'),('死GM'),('死gd'),('死gm'),('死全家'),('殺人犯'),('殺你一家'),('殺你全家'),('毀滅射手'),('毀滅步兵'),('毀滅騎士'),('比樣'),('比毛'),('毛XX'),('毛一鲜'),('毛主席'),('毛厕洞'),('毛厠洞'),('毛泽东'),('毛片'),('毛盘'),('毛賊'),('毛賊東'),('毛贼东'),('毿'),('民主'),('民主党'),('民主墻'),('民主潮'),('民国'),('民國'),('民意論壇'),('民政部'),('民聯'),('民航局'),('民运'),('民进党'),('民進黨'),('民陣'),('气象局'),('氢弹'),('水利部'),('水去车仑'),('氵去'),('氵去車侖工力'),('氵去車侖工力?'),('氹'),('江Core'),('江主席'),('江八'),('江八点'),('江八點'),('江則民'),('江戏子'),('江戲子'),('江折民'),('江择民'),('江核心'),('江泽民'),('江澤慧'),('江独裁'),('江猪'),('江猪媳'),('江綿恒'),('江羅'),('江賊'),('江賊民'),('江贼民'),('江青'),('沃尔开西'),('沉睡圖騰'),('河殇'),('河殤'),('法(轮)功'),('法*轮*功'),('法~倫'),('法~淪'),('法~綸'),('法~論'),('法~輪'),('法仑'),('法侖'),('法克鱿'),('法制办'),('法功'),('法十輪十功'),('法愣'),('法掄'),('法掄功'),('法淪'),('法爾卡'),('法綸'),('法西斯'),('法謫'),('法謫功'),('法輪功'),('法輪大法'),('法轮'),('法轮功'),('法轮大法'),('泡沫經濟'),('波霸'),('泰奴橋掠奪者'),('泰奴橋警衛兵'),('洗脑班'),('洗腦'),('洛克菲爾特'),('洪傳'),('洪兴'),('洪哲勝'),('洪志'),('洪興'),('活動'),('流氓'),('测拿'),('测绘局'),('海洋局'),('海洛因'),('淋病'),('淘宝'),('淩鋒'),('淫'),('淫乱'),('淫叫'),('淫娃'),('淫欲'),('淫毛'),('淫水'),('淫汁'),('淫洞'),('淫液'),('淫湿'),('淫秽'),('淫穢'),('淫穴'),('淫荡'),('淫蕩'),('淫语连连'),('淫貨'),('淫賤'),('淫货'),('淫贱'),('淫靡'),('混 沌决'),('混亂的圖騰'),('混沌决'),('渣波波'),('温假饱'),('温加宝'),('温家保'),('温家宝'),('温家饱'),('温总理'),('温馨'),('港澳办'),('游戏发奖员'),('游戏宫理员'),('游戏管理员'),('游戲管理員'),('游蕩爪牙'),('游蕩的僵尸'),('游蕩的士兵'),('游行'),('游錫坤'),('湖岸哨兵隊長'),('湖岸警衛兵'),('湖岸護衛兵'),('湣'),('湯光中'),('湿了'),('溫B'),('溫元凱'),('溫家寶'),('溫比'),('溫逼'),('滚'),('滥交'),('滾那嗎'),('滾那嗎B'),('滾那嗎瘟比'),('滾那嗎老比'),('滾那嗎錯比'),('漁夫菲斯曼'),('漢奸'),('潑婦'),('潘國平'),('潜烈蟹'),('澠'),('澤夫'),('澤民'),('澩'),('澳洲光明网'),('激情小电影'),('激情电影'),('濕了還說不要'),('濕了還說要'),('濫B'),('濫交'),('濫比'),('濫貨'),('濫逼'),('濼'),('灄'),('灝'),('火棒'),('烂B'),('烂人'),('烂屄'),('烂屌'),('烂比'),('烂游戏'),('烂货'),('烂逼'),('烂鸟'),('烟草局'),('热比娅'),('热那亚'),('無界瀏覽器'),('煉功'),('煞笔'),('煞筆'),('煞逼'),('熱比婭'),('熱站政論網'),('燕玲论坛'),('爛B'),('爛比'),('爛袋'),('爛貨'),('爛逼'),('爭鳴論壇'),('爱液'),('爱滋'),('爽你'),('牛B'),('牛头马面'),('牛比'),('牛逼'),('犬'),('狂操'),('狂操你全家'),('狗b'),('狗卵'),('狗娘'),('狗娘养的'),('狗娘養的'),('狗屁'),('狗屎'),('狗干'),('狗操'),('狗操卖逼'),('狗日'),('狗日的'),('狗狼養的'),('狗誠'),('狗雜種'),('狗養'),('狡猾的達夫'),('独立'),('独立台湾会'),('猥亵'),('猥琐'),('猥褻'),('猪容基'),('猪操'),('猪毛'),('猪毛1'),('猪猡'),('猪聋畸'),('猪聾畸'),('獨夫'),('獨立臺灣會'),('獨裁'),('獨裁政治'),('獫'),('獻祭的圖騰'),('玉杵'),('王世勛'),('王世堅'),('王丹'),('王乐泉'),('王兆国'),('王兆國'),('王八蛋'),('王刚'),('王剛'),('王太华'),('王宝森'),('王寶森'),('王岐山'),('王昊'),('王樂泉'),('王洪文'),('王涵萬'),('王滬寧'),('王潤生'),('王秀麗'),('王超華'),('王軍濤'),('王輔臣'),('王震'),('班禅'),('班禪'),('現金'),('現金交易'),('瑞士金融大學'),('瑪雅'),('瑪麗亞'),('生命分流的圖騰'),('生孩子沒屁眼'),('生鸦片'),('田紀雲'),('田纪云'),('由喜貴'),('甲庆林'),('电监会'),('疆独'),('痴拈'),('痴鳩'),('瘃'),('瘞'),('瘟家宝'),('瘸腿帮'),('瘸腿幫'),('癤'),('登輝'),('發倫'),('發倫功'),('發掄'),('發掄功'),('發楞'),('發正念'),('發論'),('發論公'),('發論功'),('發輪'),('發騷'),('白夢'),('白痴'),('白皮書'),('白立樸'),('白粉'),('白莲教'),('皇軍'),('皮条'),('皮條客'),('盗窃犯'),('盛華仁'),('盜竊犯'),('監視塔'),('監視塔哨兵'),('監視塔哨兵隊長'),('盧卡'),('盧西德'),('看下'),('看中國'),('真主安拉'),('真善忍'),('真理教'),('睾'),('睾丸'),('瞘'),('瞞報'),('矯健的馬努爾'),('石化圖騰'),('石拳戰鬥兵'),('砍翻一條街'),('破坏'),('破鞋'),('硬挺'),('硬直圖騰'),('碎片製造商人蘇克'),('碎片製造商人馬克'),('碡'),('磧'),('示威'),('社會主義'),('社科院'),('祚'),('神婆'),('神汉'),('神經病'),('神经病'),('神通加持法'),('禁书'),('禰'),('离长春'),('禽獸'),('私-服'),('私/服'),('私?服'),('私\\服'),('私—服'),('私服'),('私處'),('科萊爾'),('秭'),('稅力'),('程凱'),('程鐵軍'),('税务总局'),('穆斯林'),('穆罕默德'),('積克館'),('穴'),('空氣精靈'),('空虛之地'),('空虛的伊坤'),('窀'),('突尼斯'),('窃听器'),('窃听器材'),('章孝嚴'),('笨屄'),('笨蛋'),('笨逼'),('筹码'),('篋'),('簡肇棟'),('籀'),('籜'),('粉飾太平'),('粗制吗啡'),('粥健康'),('粥永康'),('粮食局'),('精子'),('精液'),('糝'),('糞便'),('糴'),('系統'),('系統公告'),('系统'),('系统公告'),('系统消息'),('系统讯息'),('紅炎猛獸'),('紅燈區'),('紅色恐怖'),('納粹'),('紱'),('紿'),('絕望之地'),('統戰'),('統獨'),('統獨論壇'),('經文'),('經血'),('綣'),('綰'),('網特'),('網禪'),('綿恒'),('緄'),('緙'),('緡'),('緣圈圈'),('緱'),('縶'),('總理'),('繢'),('繰'),('纘'),('纠察员'),('红卫兵'),('约炮'),('纯一郎'),('纳粹'),('经济社会理事会'),('经社理事会'),('缔顺'),('缵'),('罂粟'),('网管'),('罗　干'),('罗干'),('罗荣桓'),('羅幹'),('羅志明'),('羅文嘉'),('羅福助'),('羅禮詩'),('羆'),('羋'),('美利坚'),('美国'),('美国之音'),('美国佬'),('美國'),('美國之音'),('美國佬'),('美國參考'),('群P'),('群交'),('翥'),('老土'),('老母'),('老毛子'),('老虎机'),('老逼'),('耶和华'),('耶稣'),('耶穌'),('耶苏'),('聂荣臻'),('联合国'),('联合国大会'),('联大'),('联易'),('联易互动'),('聖射手'),('聖戰'),('聯總'),('肉体'),('肉壁'),('肉壶'),('肉棍'),('肉棍子'),('肉棒'),('肉欲'),('肉洞'),('肉穴'),('肉缝'),('肏'),('肘永康'),('肛'),('肛交'),('肛門'),('肛门'),('胡XX'),('胡主席'),('胡乔木'),('胡喬木'),('胡志明'),('胡总书记'),('胡惊涛'),('胡景涛'),('胡景濤'),('胡紧套'),('胡紧掏'),('胡紧涛'),('胡緊掏'),('胡總書記'),('胡耀邦'),('胡錦淘'),('胡錦滔'),('胡锦涛'),('胡锦淘'),('能樣'),('腡'),('膁'),('膃'),('膏药旗'),('膏藥旗'),('自制手枪'),('自已的故事'),('自慰'),('自杀手册'),('自杀指南'),('自民党'),('自民黨'),('自治机关'),('自焚'),('自由民主論壇'),('自由民主论坛'),('臭化西'),('臭机'),('臭机八'),('臭西'),('臭鸡'),('臭鸡巴'),('臺灣共産黨'),('臺灣帝國'),('臺灣建國運動組織'),('臺灣政論區'),('臺灣民國'),('臺灣狗'),('臺灣獨'),('臺灣獨立'),('臺灣自由聯盟'),('臺灣青年獨立聯盟'),('臺盟'),('舆论钳制'),('舊斗篷哨兵'),('舔西'),('舳'),('色情'),('色情小电影'),('色情服务'),('色情电影'),('艾森豪威尔'),('艾滋病'),('艾麗絲'),('花柳'),('苏家屯'),('苯比'),('英雄纪念碑'),('苹果日报'),('茉莉花'),('茉莉花革命'),('茎'),('草'),('草你'),('草你妈'),('草你媽'),('草妈'),('草拟妈'),('草擬媽'),('草泥马'),('草的你妈'),('荊棘護衛兵'),('荡妇'),('莖候佳陰'),('莫偉强'),('莫索里尼'),('菊花蚕'),('華夏文摘'),('華岳時事論壇'),('華建敏'),('華語世界論壇'),('華通時事論壇'),('萊特'),('萨达姆'),('萨马兰奇'),('萬曉東'),('萬潤南'),('萬維讀者論壇'),('萬里'),('葉菊蘭'),('董建华'),('董文华'),('董贱华'),('蒂顺'),('蒋中正'),('蒋介石'),('蒋经国'),('蒙古独立'),('蒙古獨'),('蒙古獨立'),('蒙古达子'),('蒙古達子'),('蒙古鞑子'),('蒙尘药'),('蒙独'),('蒙獨'),('蔡啓芳'),('蔡崇國'),('蔣中正'),('蔣介石'),('蕆'),('蕩婦'),('薄一波'),('薄熙来'),('薑春雲'),('薛偉'),('薟'),('薩達姆'),('藏妇会'),('藏独'),('藏青会'),('藥材商人蘇耐得'),('藥水'),('藪'),('蘇南成'),('蘇拉'),('蘇曉康'),('蘇特勒守護兵'),('蘇特勤'),('蘇特勤護衛兵'),('蘇特勤魔法師'),('蘇盈貴'),('蘇紹智'),('蘇菲爾'),('蘇貞昌'),('蘭迪'),('虎门'),('虐待'),('處女膜'),('虛弱圖騰'),('虛無的飽食者'),('蜆'),('蠢猪'),('血腥图片'),('血逼'),('街头对抗'),('袭近平'),('装B'),('装屄'),('装逼'),('裏菲斯'),('襆'),('西哈努克'),('西藏314事件'),('西藏分裂'),('西藏国'),('西藏天葬'),('西藏独立'),('西藏獨'),('覘'),('覡'),('親日'),('親民黨'),('親美'),('覯'),('覿'),('观世音'),('览叫'),('觶'),('訁'),('訐'),('許信良'),('許家屯'),('許財利'),('訾'),('詘'),('詵'),('詿'),('誄'),('誶'),('諏'),('諑'),('論壇管理員'),('諗'),('諞'),('諶'),('諼'),('諾姆'),('謄'),('講法'),('謝中之'),('謝深山'),('謝選駿'),('謝長廷'),('譎'),('譖'),('譙'),('警匪一家'),('議員斯格文德'),('議長阿茵斯塔'),('護法'),('讓你操'),('讖'),('讞'),('计牌软件'),('计生委'),('诹'),('诼'),('谋杀'),('豐饒的果實'),('貝尤爾'),('貞操'),('貫通兩極法'),('貰'),('貺'),('費良勇'),('費鴻泰'),('賀國强'),('賀龍'),('資本主義'),('賈廷安'),('賈育台'),('賊民'),('賓周'),('賣國'),('賣比'),('賣淫'),('賣逼'),('賣騷'),('賤B'),('賤bi'),('賤人'),('賤比'),('賤種'),('賤貨'),('賤逼'),('賫'),('賬號'),('賴士葆'),('賾'),('贝肉'),('财政部'),('贩毒'),('贱'),('贱人'),('贱货'),('贱逼'),('贺国强'),('贺过墙'),('贺龙'),('贾庆林'),('赌博'),('赌球'),('赌马'),('赖昌星'),('赛他娘'),('赛你娘'),('赛她娘'),('赛妳娘'),('赤匪'),('赤色戰士'),('赤色騎士'),('赫鲁晓夫'),('走向圆满'),('走私'),('赵紫阳'),('起义'),('趕你娘'),('趙南'),('趙品潞'),('趙建銘'),('趙曉微'),('趙海青'),('趙紫陽'),('跳大神'),('蹕'),('蹣'),('躅'),('躑'),('躒'),('躓'),('躚'),('躜'),('躦'),('躪'),('身份生成器'),('車侖'),('車侖女幹'),('軍妓'),('軺'),('輅'),('輕舟快訊'),('輪功'),('輪大'),('輪奸'),('輳'),('輿論'),('輿論反制'),('轂'),('轉化'),('轡'),('轢'),('车仑'),('车臣'),('转法轮'),('轮功'),('轮奸'),('轮干'),('轮流干'),('轮盘赌'),('轴永康'),('辛灝年'),('达菲鸡'),('达赖'),('达赖喇嘛'),('远程偷拍'),('连战'),('迟浩田'),('迪裏夏提'),('迷信：'),('迷奸药'),('迷幻药'),('迷歼药'),('迷药'),('迷魂药'),('追查国际'),('透视软件'),('造反'),('造愛'),('連勝德'),('連勝文'),('連惠心'),('連戰'),('連方瑀'),('逼'),('逼你老母'),('逼样'),('逼樣'),('逼毛'),('道教'),('達夫侍從'),('達夫警衛兵'),('達癩'),('遗精'),('遠志明'),('遲鈍的圖騰'),('遺精'),('邓小平'),('邢錚'),('那嗎B'),('那嗎瘟比'),('那嗎老比'),('那嗎逼'),('那嗎錯比'),('那娘錯比'),('邪教'),('邮政局'),('邾'),('郁慕明'),('郤'),('郭伯雄'),('郭俊銘'),('郭岩華'),('郭羅基'),('鄧笑貧'),('鄭寶清'),('鄭源'),('鄭義'),('鄭運鵬'),('鄭餘鎮'),('鄭麗文'),('鄹'),('鄺錦文'),('酱猪媳'),('醬猪媳'),('釃'),('释迦牟尼'),('里根'),('野鶏'),('金堯如'),('金日成'),('金槍不倒'),('金正恩'),('金正日'),('金澤辰'),('釣魚島'),('鈐'),('銚'),('鋝'),('鋸齒通道被遺弃的骷髏'),('鋸齒通道骷髏'),('錆'),('錢其琛'),('錢國梁'),('錢達'),('錦濤'),('錯B'),('錯比'),('錯逼'),('錯那嗎B'),('錯那嗎比'),('錯那嗎逼'),('鍃'),('鍰'),('鎮壓'),('鏨'),('鐘山風雨論壇'),('鑣'),('钓鱼台'),('钓鱼岛'),('钓鱼岛不属于中国'),('钱其琛'),('铀'),('镇压'),('長官沙塔特'),('開放雜志'),('開苞'),('閶'),('閹狗'),('閻明複'),('閿'),('闃'),('關卓中'),('闞'),('闥'),('阎王'),('阝月'),('防衛指揮官'),('阳具'),('阳物'),('阳痿'),('阳精'),('阴唇'),('阴小撕大'),('阴户'),('阴核'),('阴毛'),('阴水'),('阴茎'),('阴蒂'),('阴道'),('阴部'),('阴门'),('阼'),('阿弥陀佛'),('阿扁'),('阿扁万岁'),('阿扁萬歲'),('阿拉'),('阿拉法特'),('阿罗约'),('阿萊娜'),('陈丽媛'),('陈云'),('陈功'),('陈希同'),('陈晓宁'),('陈毅'),('陈水扁'),('陈独秀'),('陈至立'),('陈良宇'),('降低命中的圖騰'),('陬'),('陰唇'),('陰囊'),('陰戶'),('陰毛'),('陰水'),('陰精'),('陰莖'),('陰蒂'),('陰道'),('陰部'),('陰門'),('陳一諮'),('陳博志'),('陳唐山'),('陳學聖'),('陳定南'),('陳宣良'),('陳小同'),('陳希同'),('陳建銘'),('陳景俊'),('陳水扁'),('陳炳基'),('陳破空'),('陳總統'),('陳良宇'),('陳菊'),('陳蒙'),('陳軍'),('陸委會'),('陽具'),('陽物'),('陽痿'),('隱者之路'),('隹'),('雅蠛蝶'),('雙十節'),('雜種'),('雷尼亞'),('電視流氓'),('青天白日'),('靖国神社'),('靖國神社'),('静坐'),('靠'),('靠你妈'),('靠你媽'),('靠腰'),('革命'),('鞀'),('鞽'),('韉'),('韓東方'),('韓正'),('韓聯潮'),('韝'),('韞'),('項小吉'),('項懷誠'),('頇'),('頊'),('頭領墳墓管理員'),('頭領奧馬'),('顓'),('顔射'),('顔慶章'),('顔清標'),('顥'),('顬'),('颛'),('颜射'),('额尔德尼'),('風雨神州'),('風雨神州論壇'),('颮'),('飛揚論壇'),('食屎'),('食捻屎'),('飫'),('餼'),('馬三家'),('馬克思'),('馬大維'),('馬時敏'),('馬永成'),('馬特斯'),('馬良駿'),('馬英九'),('馮東海'),('馮素英'),('騎你'),('騭'),('騷B'),('騷包'),('騷卵'),('騷棍'),('騷棒'),('騷貨'),('騷逼'),('騷鶏'),('驏'),('马克思'),('马加爵'),('马勒戈壁'),('马卖马屁'),('马拉戈壁'),('马的'),('马英九'),('驶你公'),('驶你娘'),('驶你母'),('驶你爸'),('驶你老师'),('驶你老母'),('骑他'),('骑你'),('骑她'),('骚'),('骚B'),('骚货'),('骚逼'),('骡干'),('骨獅'),('高丽朴'),('高丽棒子'),('高俊'),('高文謙'),('高校暴乱'),('高校群体事件'),('高校骚乱'),('高治联'),('高自联'),('高自聯'),('高薪養廉'),('高麗棒子'),('髭'),('鬥士哈夫拉蘇'),('鬥士霍克'),('鬧事'),('鬼村'),('鮐'),('鮑伊'),('鮑彤'),('鮑戈'),('鮞'),('鮪'),('鮮族'),('鯀'),('鯁'),('鯔'),('鯗'),('鯝'),('鯢'),('鯫'),('鯴'),('鰣'),('鰨'),('鰳'),('鰵'),('鰷'),('鰹'),('鱝'),('鱟'),('鱧'),('鱭'),('鲍威尔'),('鲍岳桥'),('鲜族'),('鲰'),('鲻'),('鴟'),('鴰'),('鴿派'),('鵒'),('鶏8'),('鶏八'),('鶏吧'),('鶏女'),('鶏奸'),('鶏巴'),('鶏毛信文匯'),('鶏院'),('鶏鶏'),('鷚'),('鷹眼派氏族'),('鸌'),('鸟GM'),('鸟Gm'),('鸟gM'),('鸟gm'),('鸟你'),('鸠'),('鸠屎'),('鸡'),('鸡八'),('鸡叭'),('鸡奸'),('鸡巴'),('鸡掰'),('鸡歪'),('鸡芭'),('鸡鸡'),('鸦片'),('鸦片液'),('鸦片渣'),('鸨'),('鹺'),('麥克斯'),('麦角酸'),('麻醉乙醚'),('麻醉枪'),('麻醉药'),('麻醉钢枪'),('黃仲生'),('黃伯源'),('黃劍輝'),('黃慈萍'),('黃片'),('黃禍'),('黃義交'),('黃翔'),('黃菊'),('黃金幼龍'),('黄'),('黄　菊'),('黄大仙'),('黄片'),('黄盘'),('黄色'),('黄色小电影'),('黄色电影'),('黄菊'),('黌'),('黎阳评'),('黑手党'),('黑手黨'),('黑白无常'),('黑社会'),('黑社會'),('默克尔'),('黲'),('黽'),('鼉'),('齊墨'),('齊諾'),('齔'),('齟'),('齠'),('齬'),('龍火之心'),('龍虎豹'),('龐建國'),('龙新民'),('龙虎'),('龙虎门'),('龜兒子'),('龜公'),('龜孫子'),('龜投'),('龜頭'),('龟儿子'),('龟公'),('龟头'),('龟孙子'),('ＵＲ'),('abian'),('abianwansui'),('baichi'),('baifen'),('biaozi'),('biaoziyangde'),('bimao'),('bingdu'),('bingfen'),('cao'),('caonima'),('caonimabi'),('chanima'),('2g1c'),('2 girls 1 cup'),('acrotomophilia'),('alabama hot pocket'),('alaskan pipeline'),('anal'),('anilingus'),('anus'),('apeshit'),('arsehole'),('ass'),('asshole'),('assmunch'),('auto erotic'),('autoerotic'),('babeland'),('baby batter'),('baby juice'),('ball gag'),('ball gravy'),('ball kicking'),('ball licking'),('ball sack'),('ball sucking'),('bangbros'),('bareback'),('barely legal'),('barenaked'),('bastard'),('bastardo'),('bastinado'),('bbw'),('bdsm'),('beaner'),('beaners'),('beaver cleaver'),('beaver lips'),('bestiality'),('big black'),('big breasts'),('big knockers'),('big tits'),('bimbos'),('birdlock'),('bitch'),('bitches'),('black cock'),('blonde action'),('blonde on blonde action'),('blowjob'),('blow job'),('blow your load'),('blue waffle'),('blumpkin'),('bollocks'),('bondage'),('boner'),('boob'),('boobs'),('booty call'),('brown showers'),('brunette action'),('bukkake'),('bulldyke'),('bullet vibe'),('bullshit'),('bung hole'),('bunghole'),('busty'),('butt'),('buttcheeks'),('butthole'),('camel toe'),('camgirl'),('camslut'),('camwhore'),('carpet muncher'),('carpetmuncher'),('chocolate rosebuds'),('circlejerk'),('cleveland steamer'),('clit'),('clitoris'),('clover clamps'),('clusterfuck'),('cock'),('cocks'),('coprolagnia'),('coprophilia'),('cornhole'),('coon'),('coons'),('creampie'),('cum'),('cumming'),('cunnilingus'),('cunt'),('darkie'),('date rape'),('daterape'),('deep throat'),('deepthroat'),('dendrophilia'),('dildo'),('dingleberry'),('dingleberries'),('dirty pillows'),('dirty sanchez'),('doggie style'),('doggiestyle'),('doggy style'),('doggystyle'),('dog style'),('dolcett'),('domination'),('dominatrix'),('dommes'),('donkey punch'),('double dong'),('double penetration'),('dp action'),('dry hump'),('dvda'),('eat my ass'),('ecchi'),('ejaculation'),('erotic'),('erotism'),('escort'),('eunuch'),('faggot'),('fecal'),('felch'),('fellatio'),('feltch'),('female squirting'),('femdom'),('figging'),('fingerbang'),('fingering'),('fisting'),('foot fetish'),('footjob'),('frotting'),('fuck buttons'),('fuckin'),('fucking'),('fucktards'),('fudge packer'),('fudgepacker'),('futanari'),('gang bang'),('gay sex'),('genitals'),('giant cock'),('girl on'),('girl on top'),('girls gone wild'),('goatcx'),('goatse'),('god damn'),('gokkun'),('golden shower'),('goodpoop'),('goo girl'),('goregasm'),('grope'),('group sex'),('g-spot'),('guro'),('hand job'),('handjob'),('hard core'),('hardcore'),('hentai'),('homoerotic'),('honkey'),('hooker'),('hot carl'),('hot chick'),('how to kill'),('how to murder'),('huge fat'),('humping'),('incest'),('intercourse'),('jack off'),('jail bait'),('jailbait'),('jelly donut'),('jerk off'),('jigaboo'),('jiggaboo'),('jiggerboo'),('jizz'),('juggs'),('kike'),('kkk'),('kinbaku'),('kinkster'),('kinky'),('knobbing'),('leather restraint'),('leather straight jacket'),('lemon party'),('lolita'),('lovemaking'),('make me come'),('male squirting'),('masturbate'),('menage a trois'),('milf'),('missionary position'),('motherfucker'),('mound of venus'),('mr hands'),('muff diver'),('muffdiving'),('nambla'),('nawashi'),('negro'),('neonazi'),('nigga'),('nigger'),('nig nog'),('nimphomania'),('nipple'),('nipples'),('nsfw images'),('nude'),('nudity'),('nympho'),('nymphomania'),('octopussy'),('omorashi'),('one cup two girls'),('one guy one jar'),('orgasm'),('orgy'),('paedophile'),('paki'),('panties'),('panty'),('pedobear'),('pedophile'),('pegging'),('phone sex'),('piece of shit'),('pissing'),('piss pig'),('pisspig'),('playboy'),('pleasure chest'),('pole smoker'),('ponyplay'),('poof'),('poon'),('poontang'),('punany'),('poop chute'),('poopchute'),('porn'),('porno'),('pornography'),('prince albert piercing'),('pthc'),('pubes'),('pussy'),('queaf'),('queef'),('quim'),('raghead'),('raging boner'),('rape'),('raping'),('rapist'),('rectum'),('reverse cowgirl'),('rimjob'),('rimming'),('rosy palm'),('rosy palm and her 5 sisters'),('rusty trombone'),('sadism'),('santorum'),('scat'),('schlong'),('scissoring'),('semen'),('sexo'),('sexy'),('shaved beaver'),('shaved pussy'),('shemale'),('shibari'),('shitblimp'),('shitty'),('shota'),('shrimping'),('skeet'),('slanteye'),('slut'),('s&m'),('smut'),('snatch'),('snowballing'),('sodomize'),('sodomy'),('spic'),('splooge'),('splooge moose'),('spooge'),('spread legs'),('spunk'),('strap on'),('strapon'),('strappado'),('strip club'),('style doggy'),('suck'),('sucks'),('suicide girls'),('sultry women'),('swastika'),('swinger'),('tainted love'),('taste my'),('tea bagging'),('threesome'),('throating'),('tied up'),('tight white'),('tit'),('tits'),('titties'),('titty'),('tongue in a'),('topless'),('tosser'),('towelhead'),('tranny'),('tribadism'),('tub girl'),('tubgirl'),('tushy'),('twat'),('twink'),('twinkie'),('two girls one cup'),('undressing'),('upskirt'),('urethra play'),('urophilia'),('vagina'),('venus mound'),('vibrator'),('violet wand'),('vorarephilia'),('voyeur'),('vulva'),('wank'),('wetback'),('wet dream'),('white power'),('wrapping men'),('wrinkled starfish'),('xx'),('xxx'),('yaoi'),('yellow showers'),('yiffy'),('zoophilia'),('特朗普'),('马克隆'),('ISIS'),('ISIL');
/*!40000 ALTER TABLE `sensitive_word` ENABLE KEYS */;
UNLOCK TABLES;

--
-- Table structure for table `shop`
--

DROP TABLE IF EXISTS `shop`;
/*!40101 SET @saved_cs_client     = @@character_set_client */;
/*!40101 SET character_set_client = utf8 */;
CREATE TABLE `shop` (
  `id` int(11) NOT NULL DEFAULT '0' COMMENT '系统编号',
  `shop_type` int(11) NOT NULL DEFAULT '0' COMMENT '商店类型1=英雄，2=皮肤，3=零件抽取，4=极品夺宝，5=日常，6=兵团商店，7=零件商店（零件碎片购买）',
  `name` char(50) NOT NULL DEFAULT '0' COMMENT '[Language]商店名称',
  `sub_type` int(11) NOT NULL DEFAULT '0' COMMENT '商店子选项类型，0=不区分',
  `sub_name` char(50) NOT NULL DEFAULT '0' COMMENT '[Language]子商店名称',
  `goods_type` int(11) NOT NULL DEFAULT '0' COMMENT '商品id类型：1=金币，2=钻石，3=点券，4=兵团荣誉点数，5=零件碎片，100=任务活跃、101=经验，102=道具，103=英雄、104=皮肤、105=战斗星星、106=头像框、201=宝箱',
  `goods_id` int(11) NOT NULL DEFAULT '0' COMMENT '如是普通商品，则填物品ID就可，如是礼包，则填礼包box_id',
  `img_id` int(11) NOT NULL DEFAULT '0' COMMENT '商品图片id',
  `quality` int(11) NOT NULL DEFAULT '0' COMMENT '商品品质，1=白色，2=绿色，3=蓝色，4=紫色，5=橙色，0默认无颜色',
  `price_type` int(11) NOT NULL DEFAULT '0' COMMENT '1=金币，2=钻石，3=点券，4=兵团荣誉点数，5=零件碎片',
  `price` int(11) NOT NULL DEFAULT '0' COMMENT '价格',
  `min` int(11) NOT NULL DEFAULT '0' COMMENT '宝箱/物品出现的最小值',
  `max` int(11) NOT NULL DEFAULT '0' COMMENT '宝箱/物品出现的最大值',
  `b_limited_times` int(11) NOT NULL DEFAULT '0' COMMENT '商品限购次数0=没有次数限制，1=限购一次，3=限购3次，5=限购5次',
  `b_limited_time` int(11) NOT NULL DEFAULT '0' COMMENT '商品限时抢购（作废）',
  `used_time` int(11) NOT NULL DEFAULT '0' COMMENT '使用有效期（0=无限制，1=1天，2=2天，3=3天）',
  `need_vip_lv` int(11) NOT NULL DEFAULT '0' COMMENT '购买商品所需VIP等级',
  `is_new` int(11) NOT NULL DEFAULT '0' COMMENT '是否是新物品，0=否，1=是',
  `sell_way` int(11) NOT NULL DEFAULT '0' COMMENT '获得方式：0=游戏币购买，1=首充获得，2=限时出售，3=活动获得，4=点券夺宝获得，5=VIP赠送，6=钻石夺宝获得',
  PRIMARY KEY (`id`)
) ENGINE=InnoDB DEFAULT CHARSET=utf8;
/*!40101 SET character_set_client = @saved_cs_client */;

--
-- Dumping data for table `shop`
--

LOCK TABLES `shop` WRITE;
/*!40000 ALTER TABLE `shop` DISABLE KEYS */;
INSERT INTO `shop` VALUES (11021,1,'Hero Shop',0,'0',103,300002,310201,0,1,13888,1,1,1,0,0,0,0,0),(11022,1,'Hero Shop',0,'0',103,300002,310201,0,3,488,1,1,1,0,0,0,0,0),(11031,1,'Hero Shop',0,'0',103,300003,310301,0,1,8888,1,1,1,0,0,0,0,3),(11041,1,'Hero Shop',0,'0',103,300004,310401,0,1,5888,1,1,1,0,0,0,0,0),(11042,1,'Hero Shop',0,'0',103,300004,310401,0,3,288,1,1,1,0,0,0,0,0),(11051,1,'Hero Shop',0,'0',103,300005,310501,0,1,18888,1,1,1,0,0,0,0,0),(11052,1,'Hero Shop',0,'0',103,300005,310501,0,3,688,1,1,1,0,0,0,0,0),(11061,1,'Hero Shop',0,'0',103,300006,310601,0,1,8888,1,1,1,0,0,0,0,0),(11062,1,'Hero Shop',0,'0',103,300006,310601,0,2,388,1,1,1,0,0,0,0,0),(11071,1,'Hero Shop',0,'0',103,300007,310701,0,1,13888,1,1,1,0,0,0,0,4),(11081,1,'Hero Shop',0,'0',103,300008,310801,0,1,8888,1,1,1,0,0,0,0,0),(11082,1,'Hero Shop',0,'0',103,300008,310801,0,2,388,1,1,1,0,0,0,0,0),(11091,1,'Hero Shop',0,'0',103,300009,310901,0,1,13888,1,1,1,0,0,0,0,1),(11101,1,'Hero Shop',0,'0',103,300010,311001,0,1,18888,1,1,1,0,0,0,0,0),(11102,1,'Hero Shop',0,'0',103,300010,311001,0,3,688,1,1,1,0,0,0,0,0),(11111,1,'Hero Shop',0,'0',103,300011,311101,0,3,28888,1,1,1,0,0,0,0,6),(11121,1,'Hero Shop',0,'0',103,300012,311201,0,1,18888,1,1,1,0,0,0,0,0),(11122,1,'Hero Shop',0,'0',103,300012,311201,0,3,688,1,1,1,0,0,0,0,0),(11131,1,'Hero Shop',0,'0',103,300013,311301,0,1,18888,1,1,1,0,0,0,0,0),(11132,1,'Hero Shop',0,'0',103,300013,311301,0,3,688,1,1,1,0,0,0,0,0),(12001,2,'Skin Shop',0,'0',104,310002,310002,0,3,1300,1,1,1,0,0,0,0,3),(12002,2,'Skin Shop',0,'0',104,310102,310102,0,3,888,1,1,1,0,0,0,0,0),(12003,2,'Skin Shop',0,'0',104,310202,310202,0,3,288,1,1,1,0,0,0,0,0),(12004,2,'Skin Shop',0,'0',104,310302,310302,0,3,288,1,1,1,0,0,0,0,0),(12005,2,'Skin Shop',0,'0',104,310402,310402,0,3,288,1,1,1,0,0,0,0,0),(12006,2,'Skin Shop',0,'0',104,310502,310502,0,3,888,1,1,1,0,0,0,0,0),(12007,2,'Skin Shop',0,'0',104,310602,310602,0,3,288,1,1,1,0,0,0,0,0),(12008,2,'Skin Shop',0,'',104,310702,310702,0,3,288,1,1,1,0,0,0,0,0),(12009,2,'Skin Shop',0,'0',104,310802,310802,0,3,388,1,1,1,0,0,0,0,0),(12010,2,'Skin Shop',0,'0',104,310902,310902,0,3,288,1,1,1,0,0,0,0,0),(12011,2,'Skin Shop',0,'0',104,311002,311002,0,3,288,1,1,1,0,0,0,0,0),(12012,2,'Skin Shop',0,'0',104,311102,311102,0,3,288,1,1,1,0,0,0,0,0),(12013,2,'Skin Shop',0,'0',104,311003,311003,0,3,888,1,1,1,0,0,0,0,3),(15002,5,'Daily Needs',0,'0',102,273101,273101,4,3,60,1,1,1,0,0,0,0,0),(15003,5,'Daily Needs',0,'0',102,274201,274201,4,3,120,1,1,1,0,0,0,0,0),(15004,5,'Daily Needs',0,'0',102,275301,275301,4,3,320,1,1,1,0,0,0,0,0),(15005,5,'Daily Needs',0,'0',201,431001,400022,4,3,168,1,1,1,0,0,0,0,0),(15006,5,'Daily Needs',0,'0',201,431002,400022,4,3,168,1,1,1,0,0,0,0,0),(15007,5,'Daily Needs',0,'0',201,432001,400024,4,3,300,1,1,1,0,0,0,0,0),(15008,5,'Daily Needs',0,'0',201,433001,400021,4,3,20,1,1,0,0,0,0,0,0),(15009,5,'Daily Needs',0,'0',201,433002,400021,4,3,20,1,1,0,0,0,0,0,0),(15010,5,'Daily Needs',0,'0',201,433003,400021,4,3,20,1,1,0,0,0,0,0,0),(15011,5,'Daily Needs',0,'0',201,433004,400021,4,3,20,1,1,0,0,0,0,0,0),(15012,5,'Daily Needs',0,'0',201,434001,400023,4,3,20,1,1,0,0,0,0,0,0),(15013,5,'Daily Needs',0,'0',201,434002,400023,4,3,20,1,1,0,0,0,0,0,0),(15014,5,'Daily Needs',0,'0',201,434003,400023,4,3,20,1,1,0,0,0,0,0,0),(15015,5,'Daily Needs',0,'0',201,434004,400023,4,3,20,1,1,0,0,0,0,0,0),(15016,5,'Daily Needs',0,'0',201,433005,400021,4,3,20,1,1,0,0,0,0,0,0),(15017,5,'Daily Needs',0,'0',201,433006,400021,4,3,20,1,1,0,0,0,0,0,0),(15101,5,'Daily Needs',0,'0',102,209001,209001,4,3,90,1,1,0,0,0,0,0,0),(16001,61,'Corps Store',0,'Item',201,400003,0,1,4,1000,1,1,1,0,0,0,0,0),(16002,61,'Corps Store',0,'Item',201,400004,0,2,4,4000,1,1,1,0,0,0,0,0),(16003,61,'Corps Store',0,'Item',201,431003,0,3,4,1000,1,1,1,0,0,0,0,0),(16004,61,'Corps Store',0,'Item',201,431004,0,1,4,1000,1,1,1,0,0,0,0,0),(16005,61,'Corps Store',0,'Item',201,431005,0,2,4,4000,1,1,1,0,0,0,0,0),(16006,61,'Corps Store',0,'Item',201,431006,0,3,4,1000,1,1,1,0,0,0,0,0),(16007,61,'Corps Store',0,'Item',201,431007,0,4,4,1000,1,1,1,0,0,0,0,0),(16008,61,'Corps Store',0,'Item',201,400002,0,0,4,500,1,1,1,0,0,0,0,0),(16009,62,'Corps Store',0,'Avatar Frame',106,213501,213501,0,4,4000,1,1,1,0,0,0,0,0),(17001,7,'Part',0,'0',102,271101,271101,1,5,10,1,1,0,0,0,0,0,0),(17002,7,'Part',0,'0',102,271102,271102,1,5,10,1,1,0,0,0,0,0,0),(17003,7,'Part',0,'0',102,271103,271103,1,5,10,1,1,0,0,0,0,0,0),(17004,7,'Part',0,'0',102,271104,271103,1,5,10,1,1,0,0,0,0,0,0),(17005,7,'Part',0,'0',102,271201,271201,1,5,10,1,1,0,0,0,0,0,0),(17006,7,'Part',0,'0',102,271202,271202,1,5,10,1,1,0,0,0,0,0,0),(17007,7,'Part',0,'0',102,271203,271203,1,5,10,1,1,0,0,0,0,0,0),(17008,7,'Part',0,'0',102,271204,271204,1,5,10,1,1,0,0,0,0,0,0),(17009,7,'Part',0,'0',102,271301,271301,1,5,10,1,1,0,0,0,0,0,0),(17010,7,'Part',0,'0',102,271302,271301,1,5,10,1,1,0,0,0,0,0,0),(17011,7,'Part',0,'0',102,271303,271302,1,5,10,1,1,0,0,0,0,0,0),(17012,7,'Part',0,'0',102,271304,271303,1,5,10,1,1,0,0,0,0,0,0),(17013,7,'Part',0,'0',102,272101,272101,2,5,25,1,1,0,0,0,0,0,0),(17014,7,'Part',0,'0',102,272102,272102,2,5,25,1,1,0,0,0,0,0,0),(17015,7,'Part',0,'0',102,272103,272102,2,5,25,1,1,0,0,0,0,0,0),(17016,7,'Part',0,'0',102,272104,272103,2,5,25,1,1,0,0,0,0,0,0),(17017,7,'Part',0,'0',102,272105,272103,2,5,25,1,1,0,0,0,0,0,0),(17018,7,'Part',0,'0',102,272201,272201,2,5,25,1,1,0,0,0,0,0,0),(17019,7,'Part',0,'0',102,272202,272202,2,5,25,1,1,0,0,0,0,0,0),(17020,7,'Part',0,'0',102,272203,272202,2,5,25,1,1,0,0,0,0,0,0),(17021,7,'Part',0,'0',102,272204,272203,2,5,25,1,1,0,0,0,0,0,0),(17022,7,'Part',0,'0',102,272205,272204,2,5,25,1,1,0,0,0,0,0,0),(17023,7,'Part',0,'0',102,272301,272301,2,5,25,1,1,0,0,0,0,0,0),(17024,7,'Part',0,'0',102,272302,272301,2,5,25,1,1,0,0,0,0,0,0),(17025,7,'Part',0,'0',102,272303,272302,2,5,25,1,1,0,0,0,0,0,0),(17026,7,'Part',0,'0',102,272304,272302,2,5,25,1,1,0,0,0,0,0,0),(17027,7,'Part',0,'0',102,272305,272303,2,5,25,1,1,0,0,0,0,0,0),(17028,7,'Part',0,'0',102,273101,273101,3,5,100,1,1,0,0,0,0,0,0),(17029,7,'Part',0,'0',102,273103,273102,3,5,100,1,1,0,0,0,0,0,0),(17030,7,'Part',0,'0',102,273104,273103,3,5,100,1,1,0,0,0,0,0,0),(17031,7,'Part',0,'0',102,273105,273103,3,5,100,1,1,0,0,0,0,0,0),(17032,7,'Part',0,'0',102,273106,273103,3,5,100,1,1,0,0,0,0,0,0),(17033,7,'Part',0,'0',102,273201,273204,3,5,100,1,1,0,0,0,0,0,0),(17034,7,'Part',0,'0',102,273203,273202,3,5,100,1,1,0,0,0,0,0,0),(17035,7,'Part',0,'0',102,273204,273201,3,5,100,1,1,0,0,0,0,0,0),(17036,7,'Part',0,'0',102,273205,273204,3,5,100,1,1,0,0,0,0,0,0),(17037,7,'Part',0,'0',102,273206,273203,3,5,100,1,1,0,0,0,0,0,0),(17038,7,'Part',0,'0',102,273301,273301,3,5,100,1,1,0,0,0,0,0,0),(17039,7,'Part',0,'0',102,273302,273301,3,5,100,1,1,0,0,0,0,0,0),(17040,7,'Part',0,'0',102,273303,273301,3,5,100,1,1,0,0,0,0,0,0),(17041,7,'Part',0,'0',102,273304,273302,3,5,100,1,1,0,0,0,0,0,0),(17042,7,'Part',0,'0',102,273306,273303,3,5,100,1,1,0,0,0,0,0,0),(17043,7,'Part',0,'0',102,274101,274101,3,5,400,1,1,0,0,0,0,0,0),(17044,7,'Part',0,'0',102,274102,274101,3,5,400,1,1,0,0,0,0,0,0),(17045,7,'Part',0,'0',102,274103,274102,3,5,400,1,1,0,0,0,0,0,0),(17046,7,'Part',0,'0',102,274105,274103,4,5,400,1,1,0,0,0,0,0,0),(17047,7,'Part',0,'0',102,274106,274103,4,5,400,1,1,0,0,0,0,0,0),(17048,7,'Part',0,'0',102,274107,274103,4,5,400,1,1,0,0,0,0,0,0),(17049,7,'Part',0,'0',102,274201,274201,4,5,400,1,1,0,0,0,0,0,0),(17050,7,'Part',0,'0',102,274202,274201,4,5,400,1,1,0,0,0,0,0,0),(17051,7,'Part',0,'0',102,274203,274202,4,5,400,1,1,0,0,0,0,0,0),(17052,7,'Part',0,'0',102,274204,274203,4,5,400,1,1,0,0,0,0,0,0),(17053,7,'Part',0,'0',102,274205,274204,4,5,400,1,1,0,0,0,0,0,0),(17054,7,'Part',0,'0',102,274207,274203,4,5,400,1,1,0,0,0,0,0,0),(17055,7,'Part',0,'0',102,274301,274301,4,5,400,1,1,0,0,0,0,0,0),(17056,7,'Part',0,'0',102,274302,274301,4,5,400,1,1,0,0,0,0,0,0),(17057,7,'Part',0,'0',102,274303,274301,4,5,400,1,1,0,0,0,0,0,0),(17058,7,'Part',0,'0',102,274304,274302,4,5,400,1,1,0,0,0,0,0,0),(17059,7,'Part',0,'0',102,274305,274302,4,5,400,1,1,0,0,0,0,0,0),(17060,7,'Part',0,'0',102,274307,274303,4,5,400,1,1,0,0,0,0,0,0),(17061,7,'Part',0,'0',102,275101,275101,4,5,1600,1,1,0,0,0,0,0,0),(17062,7,'Part',0,'0',102,275102,275101,4,5,1600,1,1,0,0,0,0,0,0),(17063,7,'Part',0,'0',102,275103,275102,4,5,1600,1,1,0,0,0,0,0,0),(17064,7,'Part',0,'0',102,275104,275102,4,5,1600,1,1,0,0,0,0,0,0),(17065,7,'Part',0,'0',102,275106,275103,4,5,1600,1,1,0,0,0,0,0,0),(17066,7,'Part',0,'0',102,275107,275103,4,5,1600,1,1,0,0,0,0,0,0),(17067,7,'Part',0,'0',102,275108,275103,5,5,1600,1,1,0,0,0,0,0,0),(17068,7,'Part',0,'0',102,275201,275201,5,5,1600,1,1,0,0,0,0,0,0),(17069,7,'Part',0,'0',102,275203,275201,5,5,1600,1,1,0,0,0,0,0,0),(17070,7,'Part',0,'0',102,275204,275202,5,5,1600,1,1,0,0,0,0,0,0),(17071,7,'Part',0,'0',102,275205,275202,5,5,1600,1,1,0,0,0,0,0,0),(17072,7,'Part',0,'0',102,275206,275203,5,5,1600,1,1,0,0,0,0,0,0),(17073,7,'Part',0,'0',102,275207,275204,5,5,1600,1,1,0,0,0,0,0,0),(17074,7,'Part',0,'0',102,275208,275204,5,5,1600,1,1,0,0,0,0,0,0),(17075,7,'Part',0,'0',102,275301,275301,5,5,1600,1,1,0,0,0,0,0,0),(17076,7,'Part',0,'0',102,275302,275301,5,5,1600,1,1,0,0,0,0,0,0),(17077,7,'Part',0,'0',102,275303,275301,5,5,1600,1,1,0,0,0,0,0,0),(17078,7,'Part',0,'0',102,275304,275302,5,5,1600,1,1,0,0,0,0,0,0),(17079,7,'Part',0,'0',102,275305,275301,5,5,1600,1,1,0,0,0,0,0,0),(17080,7,'Part',0,'0',102,275306,275302,5,5,1600,1,1,0,0,0,0,0,0),(17081,7,'Part',0,'0',102,275307,275303,5,5,1600,1,1,0,0,0,0,0,0);
/*!40000 ALTER TABLE `shop` ENABLE KEYS */;
UNLOCK TABLES;

--
-- Table structure for table `sign_in`
--

DROP TABLE IF EXISTS `sign_in`;
/*!40101 SET @saved_cs_client     = @@character_set_client */;
/*!40101 SET character_set_client = utf8 */;
CREATE TABLE `sign_in` (
  `id` int(11) NOT NULL DEFAULT '0' COMMENT '系统编号',
  `month` int(11) NOT NULL DEFAULT '0' COMMENT '月份',
  `day` int(11) NOT NULL DEFAULT '0' COMMENT '签到累计天数',
  `item_type` int(11) NOT NULL DEFAULT '0' COMMENT '物品类型：1=金币，2=钻石，3=点券，4=兵团荣誉点数，5=零件碎片，101=经验，102=道具，103=英雄、104=皮肤、105=战斗星星、201=宝箱',
  `item_id` int(11) NOT NULL DEFAULT '0' COMMENT '奖励物品id',
  `amount` int(11) NOT NULL DEFAULT '0' COMMENT '奖励物品数量',
  `mul_drop_vip_lv` int(11) NOT NULL DEFAULT '0' COMMENT '可多倍领取的VIP等级',
  `multiple` int(11) NOT NULL DEFAULT '0' COMMENT '额外可多领的倍数',
  PRIMARY KEY (`month`,`day`),
  KEY `id` (`id`)
) ENGINE=InnoDB DEFAULT CHARSET=utf8;
/*!40101 SET character_set_client = @saved_cs_client */;

--
-- Dumping data for table `sign_in`
--

LOCK TABLES `sign_in` WRITE;
/*!40000 ALTER TABLE `sign_in` DISABLE KEYS */;
INSERT INTO `sign_in` VALUES (1,1,1,2,0,10,0,0),(2,1,2,1,0,30,0,0),(3,1,3,102,210051,1,0,0),(4,1,4,102,203090,1,0,0),(5,1,5,102,204090,1,0,0),(6,1,6,5,0,20,0,0),(7,1,7,102,210052,1,0,0),(8,1,8,2,0,10,0,0),(9,1,9,1,0,30,0,0),(10,1,10,102,210051,1,0,0),(11,1,11,102,203090,1,0,0),(12,1,12,102,204090,1,0,0),(13,1,13,5,0,20,0,0),(14,1,14,102,210052,1,0,0),(15,1,15,2,0,10,0,0),(16,1,16,1,0,30,0,0),(17,1,17,102,210051,1,0,0),(18,1,18,102,203090,1,0,0),(19,1,19,102,204090,1,0,0),(20,1,20,5,0,20,0,0),(21,1,21,102,210052,1,0,0),(22,1,22,2,0,10,0,0),(23,1,23,1,0,30,0,0),(24,1,24,102,210051,1,0,0),(25,1,25,102,203090,1,0,0),(26,1,26,102,204090,1,0,0),(27,1,27,5,0,20,0,0),(28,1,28,102,210052,1,0,0),(29,1,29,2,0,10,0,0),(30,1,30,1,0,30,0,0),(31,1,31,102,210051,1,0,0),(32,2,1,2,0,10,0,0),(33,2,2,1,0,30,0,0),(34,2,3,102,210051,1,0,0),(35,2,4,102,203090,1,0,0),(36,2,5,102,204090,1,0,0),(37,2,6,5,0,20,0,0),(38,2,7,102,210052,1,0,0),(39,2,8,2,0,10,0,0),(40,2,9,1,0,30,0,0),(41,2,10,102,210051,1,0,0),(42,2,11,102,203090,1,0,0),(43,2,12,102,204090,1,0,0),(44,2,13,5,0,20,0,0),(45,2,14,102,210052,1,0,0),(46,2,15,2,0,10,0,0),(47,2,16,1,0,30,0,0),(48,2,17,102,210051,1,0,0),(49,2,18,102,203090,1,0,0),(50,2,19,102,204090,1,0,0),(51,2,20,5,0,20,0,0),(52,2,21,102,210052,1,0,0),(53,2,22,2,0,10,0,0),(54,2,23,1,0,30,0,0),(55,2,24,102,210051,1,0,0),(56,2,25,102,203090,1,0,0),(57,2,26,102,204090,1,0,0),(58,2,27,5,0,20,0,0),(59,2,28,102,210052,1,0,0),(60,2,29,2,0,10,0,0),(61,3,1,2,0,10,0,0),(62,3,2,1,0,30,0,0),(63,3,3,102,210051,1,0,0),(64,3,4,102,203090,1,0,0),(65,3,5,102,204090,1,0,0),(66,3,6,5,0,20,0,0),(67,3,7,102,210052,1,0,0),(68,3,8,2,0,10,0,0),(69,3,9,1,0,30,0,0),(70,3,10,102,210051,1,0,0),(71,3,11,102,203090,1,0,0),(72,3,12,102,204090,1,0,0),(73,3,13,5,0,20,0,0),(74,3,14,102,210052,1,0,0),(75,3,15,2,0,10,0,0),(76,3,16,1,0,30,0,0),(77,3,17,102,210051,1,0,0),(78,3,18,102,203090,1,0,0),(79,3,19,102,204090,1,0,0),(80,3,20,5,0,20,0,0),(81,3,21,102,210052,1,0,0),(82,3,22,2,0,10,0,0),(83,3,23,1,0,30,0,0),(84,3,24,102,210051,1,0,0),(85,3,25,102,203090,1,0,0),(86,3,26,102,204090,1,0,0),(87,3,27,5,0,20,0,0),(88,3,28,102,210052,1,0,0),(89,3,29,2,0,10,0,0),(90,3,30,1,0,30,0,0),(91,3,31,102,210051,1,0,0),(92,4,1,2,0,10,0,0),(93,4,2,1,0,30,0,0),(94,4,3,102,210051,1,0,0),(95,4,4,102,203090,1,0,0),(96,4,5,102,204090,1,0,0),(97,4,6,5,0,20,0,0),(98,4,7,102,210052,1,0,0),(99,4,8,2,0,10,0,0),(100,4,9,1,0,30,0,0),(101,4,10,102,210051,1,0,0),(102,4,11,102,203090,1,0,0),(103,4,12,102,204090,1,0,0),(104,4,13,5,0,20,0,0),(105,4,14,102,210052,1,0,0),(106,4,15,2,0,10,0,0),(107,4,16,1,0,30,0,0),(108,4,17,102,210051,1,0,0),(109,4,18,102,203090,1,0,0),(110,4,19,102,204090,1,0,0),(111,4,20,5,0,20,0,0),(112,4,21,102,210052,1,0,0),(113,4,22,2,0,10,0,0),(114,4,23,1,0,30,0,0),(115,4,24,102,210051,1,0,0),(116,4,25,102,203090,1,0,0),(117,4,26,102,204090,1,0,0),(118,4,27,5,0,20,0,0),(119,4,28,102,210052,1,0,0),(120,4,29,2,0,10,0,0),(121,4,30,1,0,30,0,0),(122,5,1,2,0,10,0,0),(123,5,2,1,0,30,0,0),(124,5,3,102,210051,1,0,0),(125,5,4,102,203090,1,0,0),(126,5,5,102,204090,1,0,0),(127,5,6,5,0,20,0,0),(128,5,7,102,210052,1,0,0),(129,5,8,2,0,10,0,0),(130,5,9,1,0,30,0,0),(131,5,10,102,210051,1,0,0),(132,5,11,102,203090,1,0,0),(133,5,12,102,204090,1,0,0),(134,5,13,5,0,20,0,0),(135,5,14,102,210052,1,0,0),(136,5,15,2,0,10,0,0),(137,5,16,1,0,30,0,0),(138,5,17,102,210051,1,0,0),(139,5,18,102,203090,1,0,0),(140,5,19,102,204090,1,0,0),(141,5,20,5,0,20,0,0),(142,5,21,102,210052,1,0,0),(143,5,22,2,0,10,0,0),(144,5,23,1,0,30,0,0),(145,5,24,102,210051,1,0,0),(146,5,25,102,203090,1,0,0),(147,5,26,102,204090,1,0,0),(148,5,27,5,0,20,0,0),(149,5,28,102,210052,1,0,0),(150,5,29,2,0,10,0,0),(151,5,30,1,0,30,0,0),(152,5,31,102,210051,1,0,0),(153,6,1,2,0,10,0,0),(154,6,2,1,0,30,0,0),(155,6,3,102,210051,1,0,0),(156,6,4,102,203090,1,0,0),(157,6,5,102,204090,1,0,0),(158,6,6,5,0,20,0,0),(159,6,7,102,210052,1,0,0),(160,6,8,2,0,10,0,0),(161,6,9,1,0,30,0,0),(162,6,10,102,210051,1,0,0),(163,6,11,102,203090,1,0,0),(164,6,12,102,204090,1,0,0),(165,6,13,5,0,20,0,0),(166,6,14,102,210052,1,0,0),(167,6,15,2,0,10,0,0),(168,6,16,1,0,30,0,0),(169,6,17,102,210051,1,0,0),(170,6,18,102,203090,1,0,0),(171,6,19,102,204090,1,0,0),(172,6,20,5,0,20,0,0),(173,6,21,102,210052,1,0,0),(174,6,22,2,0,10,0,0),(175,6,23,1,0,30,0,0),(176,6,24,102,210051,1,0,0),(177,6,25,102,203090,1,0,0),(178,6,26,102,204090,1,0,0),(179,6,27,5,0,20,0,0),(180,6,28,102,210052,1,0,0),(181,6,29,2,0,10,0,0),(182,6,30,1,0,30,0,0),(183,7,1,2,0,10,0,0),(184,7,2,1,0,30,0,0),(185,7,3,102,210051,1,0,0),(186,7,4,102,203090,1,0,0),(187,7,5,102,204090,1,0,0),(188,7,6,5,0,20,0,0),(189,7,7,102,210052,1,0,0),(190,7,8,2,0,10,0,0),(191,7,9,1,0,30,0,0),(192,7,10,102,210051,1,0,0),(193,7,11,102,203090,1,0,0),(194,7,12,102,204090,1,0,0),(195,7,13,5,0,20,0,0),(196,7,14,102,210052,1,0,0),(197,7,15,2,0,10,0,0),(198,7,16,1,0,30,0,0),(199,7,17,102,210051,1,0,0),(200,7,18,102,203090,1,0,0),(201,7,19,102,204090,1,0,0),(202,7,20,5,0,20,0,0),(203,7,21,102,210052,1,0,0),(204,7,22,2,0,10,0,0),(205,7,23,1,0,30,0,0),(206,7,24,102,210051,1,0,0),(207,7,25,102,203090,1,0,0),(208,7,26,102,204090,1,0,0),(209,7,27,5,0,20,0,0),(210,7,28,102,210052,1,0,0),(211,7,29,2,0,10,0,0),(212,7,30,1,0,30,0,0),(213,7,31,102,210051,1,0,0),(214,8,1,2,0,10,0,0),(215,8,2,1,0,30,0,0),(216,8,3,102,210051,1,0,0),(217,8,4,102,203090,1,0,0),(218,8,5,102,204090,1,0,0),(219,8,6,5,0,20,0,0),(220,8,7,102,210052,1,0,0),(221,8,8,2,0,10,0,0),(222,8,9,1,0,30,0,0),(223,8,10,102,210051,1,0,0),(224,8,11,102,203090,1,0,0),(225,8,12,102,204090,1,0,0),(226,8,13,5,0,20,0,0),(227,8,14,102,210052,1,0,0),(228,8,15,2,0,10,0,0),(229,8,16,1,0,30,0,0),(230,8,17,102,210051,1,0,0),(231,8,18,102,203090,1,0,0),(232,8,19,102,204090,1,0,0),(233,8,20,5,0,20,0,0),(234,8,21,102,210052,1,0,0),(235,8,22,2,0,10,0,0),(236,8,23,1,0,30,0,0),(237,8,24,102,210051,1,0,0),(238,8,25,102,203090,1,0,0),(239,8,26,102,204090,1,0,0),(240,8,27,5,0,20,0,0),(241,8,28,102,210052,1,0,0),(242,8,29,2,0,10,0,0),(243,8,30,1,0,30,0,0),(244,8,31,102,210051,1,0,0),(245,9,1,2,0,10,0,0),(246,9,2,1,0,30,0,0),(247,9,3,102,210051,1,0,0),(248,9,4,102,203090,1,0,0),(249,9,5,102,204090,1,0,0),(250,9,6,5,0,20,0,0),(251,9,7,102,210052,1,0,0),(252,9,8,2,0,10,0,0),(253,9,9,1,0,30,0,0),(254,9,10,102,210051,1,0,0),(255,9,11,102,203090,1,0,0),(256,9,12,102,204090,1,0,0),(257,9,13,5,0,20,0,0),(258,9,14,102,210052,1,0,0),(259,9,15,2,0,10,0,0),(260,9,16,1,0,30,0,0),(261,9,17,102,210051,1,0,0),(262,9,18,102,203090,1,0,0),(263,9,19,102,204090,1,0,0),(264,9,20,5,0,20,0,0),(265,9,21,102,210052,1,0,0),(266,9,22,2,0,10,0,0),(267,9,23,1,0,30,0,0),(268,9,24,102,210051,1,0,0),(269,9,25,102,203090,1,0,0),(270,9,26,102,204090,1,0,0),(271,9,27,5,0,20,0,0),(272,9,28,102,210052,1,0,0),(273,9,29,2,0,10,0,0),(274,9,30,1,0,30,0,0),(275,10,1,2,0,10,0,0),(276,10,2,1,0,30,0,0),(277,10,3,102,210051,1,0,0),(278,10,4,102,203090,1,0,0),(279,10,5,102,204090,1,0,0),(280,10,6,5,0,20,0,0),(281,10,7,102,210052,1,0,0),(282,10,8,2,0,10,0,0),(283,10,9,1,0,30,0,0),(284,10,10,102,210051,1,0,0),(285,10,11,102,203090,1,0,0),(286,10,12,102,204090,1,0,0),(287,10,13,5,0,20,0,0),(288,10,14,102,210052,1,0,0),(289,10,15,2,0,10,0,0),(290,10,16,1,0,30,0,0),(291,10,17,102,210051,1,0,0),(292,10,18,102,203090,1,0,0),(293,10,19,102,204090,1,0,0),(294,10,20,5,0,20,0,0),(295,10,21,102,210052,1,0,0),(296,10,22,2,0,10,0,0),(297,10,23,1,0,30,0,0),(298,10,24,102,210051,1,0,0),(299,10,25,102,203090,1,0,0),(300,10,26,102,204090,1,0,0),(301,10,27,5,0,20,0,0),(302,10,28,102,210052,1,0,0),(303,10,29,2,0,10,0,0),(304,10,30,1,0,30,0,0),(305,10,31,102,210051,1,0,0),(306,11,1,2,0,10,0,0),(307,11,2,1,0,30,0,0),(308,11,3,102,210051,1,0,0),(309,11,4,102,203090,1,0,0),(310,11,5,102,204090,1,0,0),(311,11,6,5,0,20,0,0),(312,11,7,102,210052,1,0,0),(313,11,8,2,0,10,0,0),(314,11,9,1,0,30,0,0),(315,11,10,102,210051,1,0,0),(316,11,11,102,203090,1,0,0),(317,11,12,102,204090,1,0,0),(318,11,13,5,0,20,0,0),(319,11,14,102,210052,1,0,0),(320,11,15,2,0,10,0,0),(321,11,16,1,0,30,0,0),(322,11,17,102,210051,1,0,0),(323,11,18,102,203090,1,0,0),(324,11,19,102,204090,1,0,0),(325,11,20,5,0,20,0,0),(326,11,21,102,210052,1,0,0),(327,11,22,2,0,10,0,0),(328,11,23,1,0,30,0,0),(329,11,24,102,210051,1,0,0),(330,11,25,102,203090,1,0,0),(331,11,26,102,204090,1,0,0),(332,11,27,5,0,20,0,0),(333,11,28,102,210052,1,0,0),(334,11,29,2,0,10,0,0),(335,11,30,1,0,30,0,0),(336,12,1,2,0,10,0,0),(337,12,2,1,0,30,0,0),(338,12,3,102,210051,1,0,0),(339,12,4,102,203090,1,0,0),(340,12,5,102,204090,1,0,0),(341,12,6,5,0,20,0,0),(342,12,7,102,210052,1,0,0),(343,12,8,2,0,10,0,0),(344,12,9,1,0,30,0,0),(345,12,10,102,210051,1,0,0),(346,12,11,102,203090,1,0,0),(347,12,12,102,204090,1,0,0),(348,12,13,5,0,20,0,0),(349,12,14,102,210052,1,0,0),(350,12,15,2,0,10,0,0),(351,12,16,1,0,30,0,0),(352,12,17,102,210051,1,0,0),(353,12,18,102,203090,1,0,0),(354,12,19,102,204090,1,0,0),(355,12,20,5,0,20,0,0),(356,12,21,102,210052,1,0,0),(357,12,22,2,0,10,0,0),(358,12,23,1,0,30,0,0),(359,12,24,102,210051,1,0,0),(360,12,25,102,203090,1,0,0),(361,12,26,102,204090,1,0,0),(362,12,27,5,0,20,0,0),(363,12,28,102,210052,1,0,0),(364,12,29,2,0,10,0,0),(365,12,30,1,0,30,0,0),(366,12,31,102,210051,1,0,0);
/*!40000 ALTER TABLE `sign_in` ENABLE KEYS */;
UNLOCK TABLES;

--
-- Table structure for table `skill`
--

DROP TABLE IF EXISTS `skill`;
/*!40101 SET @saved_cs_client     = @@character_set_client */;
/*!40101 SET character_set_client = utf8 */;
CREATE TABLE `skill` (
  `id` int(100) NOT NULL COMMENT 'id',
  `skill_id` int(10) NOT NULL DEFAULT '0' COMMENT '技能ID',
  `lv` int(10) NOT NULL DEFAULT '0' COMMENT '技能等级',
  `name` varchar(50) NOT NULL DEFAULT '0' COMMENT '[Language]技能名称',
  `intro` varchar(150) NOT NULL DEFAULT '0' COMMENT '[Language]介绍',
  `intro2` varchar(150) DEFAULT '0' COMMENT '[Language]介绍2',
  `intro3` varchar(150) DEFAULT '0' COMMENT '介绍3',
  `img_id` int(10) NOT NULL DEFAULT '0' COMMENT '图片id',
  `skill_performance_id` int(10) NOT NULL DEFAULT '0' COMMENT '技能表现ID（索引到skill_performance）',
  `type` int(10) NOT NULL DEFAULT '0' COMMENT '0=被动，1=普通主动技能，2=行为技能，（1不走skill_action表）',
  `talent_id` int(10) NOT NULL DEFAULT '0' COMMENT '天赋id',
  `skill_action_id` int(20) NOT NULL DEFAULT '0' COMMENT '技能行为ID，索引到skill_action表',
  `group_id` int(20) NOT NULL DEFAULT '0' COMMENT '连招分组ID',
  `group_step` int(20) NOT NULL DEFAULT '0' COMMENT '连招阶段',
  `next_time` int(10) NOT NULL DEFAULT '0' COMMENT '连招响应结束时间',
  `charge` int(10) NOT NULL DEFAULT '0' COMMENT '充能次数上限。为0时表示非充能技能，大于0时，为充能次数上限',
  `category` int(10) NOT NULL DEFAULT '0' COMMENT '0：点击释放，1：点击选定目标释放，2：偏移直线释放，3：偏移范围释放4：偏移扇形释放',
  `arng` int(10) NOT NULL DEFAULT '0' COMMENT '0：自身1：指定目标位置2：单体目标3：扇形目标4：范围目标5：直线目标6：触发器7：弹道方向8：弹道目标点9扇形随机目标10十字交叉斩',
  `target_camp` int(10) NOT NULL DEFAULT '0' COMMENT '目标阵营。0：无视敌我。1我方。2敌方',
  `special_type` int(10) NOT NULL DEFAULT '0' COMMENT '1=手雷爆炸，中心最高，边缘递减',
  `special_type_param` int(10) NOT NULL DEFAULT '0' COMMENT '特殊伤害机制参数',
  `cd_time` int(10) NOT NULL DEFAULT '0' COMMENT '技能冷却时间',
  `var_1_effect` int(10) NOT NULL DEFAULT '0' COMMENT 'Effect类型',
  `var_2_effect` int(10) NOT NULL DEFAULT '0' COMMENT 'Effect类型',
  `var_3_effect` int(10) NOT NULL DEFAULT '0' COMMENT 'Effect类型',
  `effect_delay` int(10) NOT NULL DEFAULT '0' COMMENT '实际效果延迟时间，以skill_acion的生效时间开始计算。',
  `effect_times` int(10) NOT NULL DEFAULT '0' COMMENT '效果次数',
  `mutieffect_time` int(10) NOT NULL DEFAULT '0' COMMENT '如技能造成多次效果，还应有后一次伤害距离前一次效果的时间',
  `target_range` float NOT NULL DEFAULT '0' COMMENT '作用目标点最大距离',
  `target_angle` float NOT NULL DEFAULT '0' COMMENT '技能作用的扇形区域角度',
  `target_area` float NOT NULL DEFAULT '0' COMMENT '作用范围半径',
  `target_width` float NOT NULL DEFAULT '0' COMMENT '作用宽度',
  `run_away_del` int(10) NOT NULL DEFAULT '0' COMMENT '离开是否删除buff0=不删除，1删除',
  `deviation_x` float NOT NULL DEFAULT '0' COMMENT '技能释放时，相对中心点的X轴偏移量',
  `deviation_z` float NOT NULL DEFAULT '0' COMMENT '技能释放时，相对中心点的Z轴偏移量，Z是角色方向',
  `deviation_rotation` float NOT NULL DEFAULT '0' COMMENT '技能释放时，相对中心点产生的旋转值',
  `group_auto` int(11) NOT NULL DEFAULT '0' COMMENT '0表示不自动 1表示自动',
  PRIMARY KEY (`skill_id`,`lv`),
  UNIQUE KEY `skill_id` (`id`)
) ENGINE=InnoDB DEFAULT CHARSET=utf8 COMMENT='[logic server no use]';
/*!40101 SET character_set_client = @saved_cs_client */;

--
-- Dumping data for table `skill`
--

LOCK TABLES `skill` WRITE;
/*!40000 ALTER TABLE `skill` DISABLE KEYS */;
INSERT INTO `skill` VALUES (1,500000,1,'近战','','','',0,0,1,0,0,0,0,0,0,2,4,2,0,0,1000,700000,0,0,100,1,0,2,0,1,0,0,0,0,0,0),(2,500001,1,'Bullet Spray','Gaia wildly swings his weapon, spraying a large area with bullets. While shooting, the direction can be controlled.','[DD9B0F] Sprays bullets in a cone, dealing 40 damage. [-]','',500001,10110,2,0,10101,0,0,0,0,4,9,2,0,0,10000,700001,0,0,0,36,50,20,45,0,0.1,0,0,0,0,0),(3,500001,2,'Bullet Spray','Gaia wildly swings his weapon, spraying a large area with bullets. While shooting, the direction can be controlled.','[DD9B0F] Sprays bullets in a cone, dealing 48 damage. [-]','',500001,10110,2,0,10101,0,0,0,0,4,9,2,0,0,10000,700001,0,0,0,36,50,20,45,0,0.1,0,0,0,0,0),(4,500001,3,'Bullet Spray','Gaia wildly swings his weapon, spraying a large area with bullets. While shooting, the direction can be controlled.','[DD9B0F] Sprays bullets in a cone, dealing 56 damage. [-]','',500001,10110,2,0,10101,0,0,0,0,4,9,2,0,0,10000,700001,0,0,0,36,50,20,45,0,0.1,0,0,0,0,0),(5,500001,4,'Bullet Spray','Gaia wildly swings his weapon, spraying a large area with bullets. While shooting, the direction can be controlled.','[DD9B0F] Spray bullets in a cone, dealing 64 damage. [-]','',500001,10110,2,0,10101,0,0,0,0,4,9,2,0,0,10000,700001,0,0,0,36,50,20,45,0,0.1,0,0,0,0,0),(6,500002,1,'Instant Shield','Plant a device that generates shields, intermittently giving shields to targets in range.','[DD9B0F]Give teammates in range a shield that can absorb up to 88 damage[-]','',500002,10120,2,0,10102,0,0,0,0,3,1,1,0,0,15000,700002,0,0,0,1,0,7,0,4,0,0,0,0,0,0),(7,500002,2,'Instant Shield','Plant a device that generates shields, intermittently giving shields to targets in range.','[DD9B0F]Give teammates in range a shield that can absorb up to 108 damage[-]','',500002,10120,2,0,10102,0,0,0,0,3,1,1,0,0,15000,700002,0,0,0,1,0,7,0,4,0,0,0,0,0,0),(8,500002,3,'Instant Shield','Plant a device that generates shields, intermittently giving shields to targets in range.','[DD9B0F]Give teammates in range a shield that can absorb up to 128 damage[-]','',500002,10120,2,0,10102,0,0,0,0,3,1,1,0,0,15000,700002,0,0,0,1,0,7,0,4,0,0,0,0,0,0),(9,500002,4,'Instant Shield','Plant a device that generates shields, intermittently giving shields to targets in range.','[DD9B0F]Give teammates in range a shield that can absorb up to 148 damage[-]','',500002,10120,2,0,10102,0,0,0,0,3,1,1,0,0,15000,700002,0,0,0,1,0,7,0,4,0,0,0,0,0,0),(10,500003,1,'Adrenaline','When attacked by an enemy, there is a chance of increasing movement speed.','[DD9B0F]Increase movement speed by 5% for 3 seconds[-]','',500003,0,0,530009,0,0,0,0,0,0,0,0,0,0,0,0,0,0,0,0,0,0,0,0,0,0,0,0,0,0),(11,500003,2,'Adrenaline','When attacked by an enemy, there is a chance of increasing movement speed.','[DD9B0F]Increase movement speed by 10% for 3 seconds[-]','',500003,0,0,530009,0,0,0,0,0,0,0,0,0,0,0,0,0,0,0,0,0,0,0,0,0,0,0,0,0,0),(12,500003,3,'Adrenaline','When attacked by an enemy, there is a chance of increasing movement speed.','[DD9B0F]Increase movement speed by 15% for 3 seconds[-]','',500003,0,0,530009,0,0,0,0,0,0,0,0,0,0,0,0,0,0,0,0,0,0,0,0,0,0,0,0,0,0),(13,500003,4,'Adrenaline','When attacked by an enemy, there is a chance of increasing movement speed.','[DD9B0F]Increase movement speed by 20% for 3 seconds[-]','',500003,0,0,530009,0,0,0,0,0,0,0,0,0,0,0,0,0,0,0,0,0,0,0,0,0,0,0,0,0,0),(14,500004,1,'Combat Roll','Rapidly roll forward.','[DD9B0F]Roll directly ahead for 7 meters.[-]','',500004,32101,2,0,10103,0,0,0,1,0,0,0,0,0,9000,700004,0,0,0,1,0,0,0,0,0,0,0,0,0,0),(15,500004,2,'Combat Roll','Rapidly roll forward.','[DD9B0F]Roll directly ahead for 7 meters.[-]','',500004,32101,2,0,10103,0,0,0,1,0,0,0,0,0,9000,700004,0,0,0,1,0,0,0,0,0,0,0,0,0,0),(16,500004,3,'Combat Roll','Rapidly roll forward.','[DD9B0F]Roll directly ahead for 7 meters.[-]','',500004,32101,2,0,10103,0,0,0,1,0,0,0,0,0,9000,700004,0,0,0,1,0,0,0,0,0,0,0,0,0,0),(17,500004,4,'Combat Roll','Rapidly roll forward.','[DD9B0F]Roll directly ahead for 7 meters.[-]','',500004,32101,2,0,10103,0,0,0,1,0,0,0,0,0,9000,700004,0,0,0,1,0,0,0,0,0,0,0,0,0,0),(18,500005,1,'Instant Shield','','','',500002,10130,0,0,0,0,0,0,0,0,4,1,0,0,0,700005,0,0,0,1,0,0,0,4,0,0,0,0,0,0),(19,500005,2,'Instant Shield','','','',500002,10130,0,0,0,0,0,0,0,0,4,1,0,0,0,700005,0,0,0,1,0,0,0,4,0,0,0,0,0,0),(20,500005,3,'Instant Shield','','','',500002,10130,0,0,0,0,0,0,0,0,4,1,0,0,0,700005,0,0,0,1,0,0,0,4,0,0,0,0,0,0),(21,500005,4,'Instant Shield','','','',500002,10130,0,0,0,0,0,0,0,0,4,1,0,0,0,700005,0,0,0,1,0,0,0,4,0,0,0,0,0,0),(22,500101,1,'Bioshield','Theodor opens a protective shield, greatly increasing his defense. Using this skill again will deal damage to nearby enemies and stun them.','[DD9B0F]Increase Theodor\'s defense by 200. Explosion deals 165 AOE damage and stuns enemy for 1 second [-]','',500101,10210,2,0,10201,500101,1,7000,0,0,0,0,0,0,13000,700101,0,0,0,1,0,10,0,0,0,0,0,0,0,0),(23,500101,2,'Bioshield','Theodor opens a protective shield, greatly increasing his defense. Using this skill again will deal damage to nearby enemies and stun them.','[DD9B0F]Increase Theodor\'s defense by 240. Explosion deals 205 AOE damage and stuns enemy for 1 second [-]','',500101,10210,2,0,10201,500101,1,7000,0,0,0,0,0,0,13000,700101,0,0,0,1,0,10,0,0,0,0,0,0,0,0),(24,500101,3,'Bioshield','Theodor opens a protective shield, greatly increasing his defense. Using this skill again will deal damage to nearby enemies and stun them.','[DD9B0F]Increase Theodor\'s defense by 280. Explosion deals 245 AOE damage and stuns enemy for 1 second [-]','',500101,10210,2,0,10201,500101,1,7000,0,0,0,0,0,0,13000,700101,0,0,0,1,0,10,0,0,0,0,0,0,0,0),(25,500101,4,'Bioshield','Theodor opens a protective shield, greatly increasing his defense. Using this skill again will deal damage to nearby enemies and stun them.','[DD9B0F]Increase Theodor\'s defense by 320. Explosion deals 285 AOE damage and stuns enemy for 1 second [-]','',500101,10210,2,0,10201,500101,1,7000,0,0,0,0,0,0,13000,700101,0,0,0,1,0,10,0,0,0,0,0,0,0,0),(26,500102,1,'Defensive Wall','Theodor builds a protective wall in front of him, blocking enemy advance and attacks.','[DD9B0F]Builds a wall in front of him. Can block enemy attacks.[-]','',500102,10230,2,0,10202,0,0,0,0,4,1,0,0,0,15000,700102,0,0,0,1,0,3,0,0,0,0,0,0,0,0),(27,500102,2,'Defensive Wall','Theodor builds a protective wall in front of him, blocking enemy advance and attacks.','[DD9B0F]Builds a wall in front of him. Can block enemy attacks.[-]','',500102,10230,2,0,10202,0,0,0,0,4,1,0,0,0,14000,700102,0,0,0,1,0,3,0,0,0,0,0,0,0,0),(28,500102,3,'Defensive Wall','Theodor builds a protective wall in front of him, blocking enemy advance and attacks.','[DD9B0F]Builds a wall in front of him. Can block enemy attacks.[-]','',500102,10230,2,0,10202,0,0,0,0,4,1,0,0,0,13000,700102,0,0,0,1,0,3,0,0,0,0,0,0,0,0),(29,500102,4,'Defensive Wall','Theodor builds a protective wall in front of him, blocking enemy advance and attacks.','[DD9B0F]Builds a wall in front of him. Can block enemy attacks.[-]','',500102,10230,2,0,10202,0,0,0,0,4,1,0,0,0,12000,700102,0,0,0,1,0,3,0,0,0,0,0,0,0,0),(30,500103,1,'Ensnare','After taking a hit, reduces attacker\'s attack speed and movement speed.','[DD9B0F]Reduces enemy attack speed and movement speed by 8%[-]','',500103,0,0,530109,0,0,0,0,0,0,0,0,0,0,0,0,0,0,0,0,0,0,0,0,0,0,0,0,0,0),(31,500103,2,'Ensnare','After taking a hit, reduces attacker\'s attack speed and movement speed.','[DD9B0F]Reduces enemy attack speed and movement speed by 10%[-]','',500103,0,0,530109,0,0,0,0,0,0,0,0,0,0,0,0,0,0,0,0,0,0,0,0,0,0,0,0,0,0),(32,500103,3,'Ensnare','After taking a hit, reduces attacker\'s attack speed and movement speed.','[DD9B0F]Reduces enemy attack speed and movement speed by 12%[-]','',500103,0,0,530109,0,0,0,0,0,0,0,0,0,0,0,0,0,0,0,0,0,0,0,0,0,0,0,0,0,0),(33,500103,4,'Ensnare','After taking a hit, reduces attacker\'s attack speed and movement speed.','[DD9B0F]Reduces enemy attack speed and movement speed by 14%[-]','',500103,0,0,530109,0,0,0,0,0,0,0,0,0,0,0,0,0,0,0,0,0,0,0,0,0,0,0,0,0,0),(34,500104,1,'Savage Charge','Charge directly ahead,stunning enemies in his path.','[DD9B0F]Move 8 meters directly ahead, and stunning enemies[-]','',500104,32111,2,0,10204,0,0,0,1,0,0,0,0,0,11000,700104,700107,0,0,1,0,0,0,0,0,0,0,0,0,0),(35,500104,2,'Savage Charge','Charge directly ahead,stunning enemies in his path.','[DD9B0F]Move 8 meters directly ahead, and stunning enemies[-]','',500104,32111,2,0,10204,0,0,0,1,0,0,0,0,0,11000,700104,700107,0,0,1,0,0,0,0,0,0,0,0,0,0),(36,500104,3,'Savage Charge','Charge directly ahead,stunning enemies in his path.','[DD9B0F]Move 8 meters directly ahead, and stunning enemies[-]','',500104,32111,2,0,10204,0,0,0,1,0,0,0,0,0,11000,700104,700107,0,0,1,0,0,0,0,0,0,0,0,0,0),(37,500104,4,'Savage Charge','Charge directly ahead,stunning enemies in his path.','[DD9B0F]Move 8 meters directly ahead, and stunning enemies[-]','',500104,32111,2,0,10204,0,0,0,1,0,0,0,0,0,11000,700104,700107,0,0,1,0,0,0,0,0,0,0,0,0,0),(38,500105,1,'Exploding Shield','','','',500101,10220,2,0,10203,500101,2,0,0,0,4,2,0,0,0,700105,700106,0,300,1,0,0,0,4,0,0,0,0,0,0),(39,500105,2,'Exploding Shield','','','',500101,10220,2,0,10203,500101,2,0,0,0,4,2,0,0,0,700105,700106,0,300,1,0,0,0,4,0,0,0,0,0,0),(40,500105,3,'Exploding Shield','','','',500101,10220,2,0,10203,500101,2,0,0,0,4,2,0,0,0,700105,700106,0,300,1,0,0,0,4,0,0,0,0,0,0),(41,500105,4,'Exploding Shield','','','',500101,10220,2,0,10203,500101,2,0,0,0,4,2,0,0,0,700105,700106,0,300,1,0,0,0,4,0,0,0,0,0,0),(42,500201,1,'Melody of Death','Enemies are hypnotized by Saisi\'s insane guitar riffs.','[DD9B0F]Deals 260 damage to surrounding enemies and reduces their speed by 34%[-]','',500201,10310,2,0,10301,0,0,0,0,0,4,2,0,0,8000,700201,700205,0,200,1,0,0,0,4,0,0,0,0,0,0),(43,500201,2,'Melody of Death','Enemies are hypnotized by Saisi\'s insane guitar riffs.','[DD9B0F]Deals 308 damage to surrounding enemies and reduces their speed by 36%[-]','',500201,10310,2,0,10301,0,0,0,0,0,4,2,0,0,8000,700201,700205,0,200,1,0,0,0,4,0,0,0,0,0,0),(44,500201,3,'Melody of Death','Enemies are hypnotized by Saisi\'s insane guitar riffs.','[DD9B0F]Deals 356 damage to surrounding enemies and reduces their speed by 38%[-]','',500201,10310,2,0,10301,0,0,0,0,0,4,2,0,0,8000,700201,700205,0,200,1,0,0,0,4,0,0,0,0,0,0),(45,500201,4,'Melody of Death','Enemies are hypnotized by Saisi\'s insane guitar riffs.','[DD9B0F]Deals 404 damage to surrounding enemies and reduces their speed by 40%[-]','',500201,10310,2,0,10301,0,0,0,0,0,4,2,0,0,8000,700201,700205,0,200,1,0,0,0,4,0,0,0,0,0,0),(46,500202,1,'Ambush','Saisi\'s greatest strengths are his quick attacks and ability to escape quickly.','[DD9B0F]Deal 258 damage to enemies in front of him, then leap away for 6 meters.[-]','',500202,10320,2,0,10302,0,0,0,0,4,3,2,0,0,6000,700202,700206,0,0,1,0,4,90,0,0,0,0,0,0,0),(47,500202,2,'Ambush','Saisi\'s greatest strengths are his quick attacks and ability to escape quickly.','[DD9B0F]Deal 309 damage to enemies in front of him, then leap away for 6 meters.[-]','',500202,10320,2,0,10302,0,0,0,0,4,3,2,0,0,6000,700202,700206,0,0,1,0,4,90,0,0,0,0,0,0,0),(48,500202,3,'Ambush','Saisi\'s greatest strengths are his quick attacks and ability to escape quickly.','[DD9B0F]Deal 360 damage to enemies in front of him, then leap away for 6 meters.[-]','',500202,10320,2,0,10302,0,0,0,0,4,3,2,0,0,6000,700202,700206,0,0,1,0,4,90,0,0,0,0,0,0,0),(49,500202,4,'Ambush','Saisi\'s greatest strengths are his quick attacks and ability to escape quickly.','[DD9B0F]Deal 411 damage to enemies in front of him, then leap away for 6 meters.[-]','',500202,10320,2,0,10302,0,0,0,0,4,3,2,0,0,6000,700202,700206,0,0,1,0,4,90,0,0,0,0,0,0,0),(50,500203,1,'Bloody Sacrifice','After killing an enemy, recover a certain amount of HP.','[DD9B0F]Recover 50 HP.[-]','',500203,0,0,530209,0,0,0,0,0,0,0,0,0,0,0,0,0,0,0,0,0,0,0,0,0,0,0,0,0,0),(51,500203,2,'Bloody Sacrifice','After killing an enemy, recover a certain amount of HP.','[DD9B0F]Recover 60 HP.[-]','',500203,0,0,530209,0,0,0,0,0,0,0,0,0,0,0,0,0,0,0,0,0,0,0,0,0,0,0,0,0,0),(52,500203,3,'Bloody Sacrifice','After killing an enemy, recover a certain amount of HP.','[DD9B0F]Recover 70 HP.[-]','',500203,0,0,530209,0,0,0,0,0,0,0,0,0,0,0,0,0,0,0,0,0,0,0,0,0,0,0,0,0,0),(53,500203,4,'Bloody Sacrifice','After killing an enemy, recover a certain amount of HP.','[DD9B0F]Recover 80 HP.[-]','',500203,0,0,530209,0,0,0,0,0,0,0,0,0,0,0,0,0,0,0,0,0,0,0,0,0,0,0,0,0,0),(54,500204,1,'Slide Tackle','Slide Tackle straight forward.','[DD9B0F]Move 6 meters directly ahead.[-]','',500204,32131,2,0,10303,0,0,0,1,0,0,0,0,0,7000,700204,0,0,0,1,0,0,0,0,0,0,0,0,0,0),(55,500204,2,'Slide Tackle','Slide Tackle straight forward.','[DD9B0F]Move 6 meters directly ahead.[-]','',500204,32131,2,0,10303,0,0,0,1,0,0,0,0,0,7000,700204,0,0,0,1,0,0,0,0,0,0,0,0,0,0),(56,500204,3,'Slide Tackle','Slide Tackle straight forward.','[DD9B0F]Move 6 meters directly ahead.[-]','',500204,32131,2,0,10303,0,0,0,1,0,0,0,0,0,7000,700204,0,0,0,1,0,0,0,0,0,0,0,0,0,0),(57,500204,4,'Slide Tackle','Slide Tackle straight forward.','[DD9B0F]Move 6 meters directly ahead.[-]','',500204,32131,2,0,10303,0,0,0,1,0,0,0,0,0,7000,700204,0,0,0,1,0,0,0,0,0,0,0,0,0,0),(58,500301,1,'Shock Device','Places a shock device on her own body which is activated 3 seconds later, stunning nearby targets.','[DD9B0F]Stuns all nearby targets and deals 450 damage.[-]','',500302,10220,2,0,10401,0,0,0,0,0,4,2,0,0,8000,700306,700307,0,3150,1,0,0,0,4,0,0,0,0,0,0),(59,500301,2,'Shock Device','Places a shock device on her own body which is activated 3 seconds later, stunning nearby targets.','[DD9B0F]Stuns all nearby targets and deals 540 damage.[-]','',500302,10220,2,0,10401,0,0,0,0,0,4,2,0,0,8000,700306,700307,0,3150,1,0,0,0,4,0,0,0,0,0,0),(60,500301,3,'Shock Device','Places a shock device on her own body which is activated 3 seconds later, stunning nearby targets.','[DD9B0F]Stuns all nearby targets and deals 630 damage.[-]','',500302,10220,2,0,10401,0,0,0,0,0,4,2,0,0,8000,700306,700307,0,3150,1,0,0,0,4,0,0,0,0,0,0),(61,500301,4,'Shock Device','Places a shock device on her own body which is activated 3 seconds later, stunning nearby targets.','[DD9B0F]Stuns all nearby targets and dealing 720 damage.[-]','',500302,10220,2,0,10401,0,0,0,0,0,4,2,0,0,8000,700306,700307,0,3150,1,0,0,0,4,0,0,0,0,0,0),(62,500302,1,'Teleporter','An advanced device allows Joan to move around the battlefield like a ghost.','[DD9B0F]Tap to drop the teleportation device. Tap again to teleport from your current position back to the location of the device.[-]','',500304,10420,2,0,10402,500302,1,20000,0,0,0,0,0,0,6000,700302,0,0,200,1,0,0,0,0,0,0,0,0,0,0),(63,500302,2,'Teleporter','An advanced device allows Joan to move around the battlefield like a ghost.','[DD9B0F]Tap to drop the teleportation device. Tap again to teleport from your current position back to the location of the device.[-]','',500304,10420,2,0,10402,500302,1,25000,0,0,0,0,0,0,6000,700302,0,0,200,1,0,0,0,0,0,0,0,0,0,0),(64,500302,3,'Teleporter','An advanced device allows Joan to move around the battlefield like a ghost.','[DD9B0F]Tap to drop the teleportation device. Tap again to teleport from your current position back to the location of the device.[-]','',500304,10420,2,0,10402,500302,1,30000,0,0,0,0,0,0,6000,700302,0,0,200,1,0,0,0,0,0,0,0,0,0,0),(65,500302,4,'Teleporter','An advanced device allows Joan to move around the battlefield like a ghost.','[DD9B0F]Tap to drop the teleportation device. Tap again to teleport from your current position back to the location of the device.[-]','',500304,10420,2,0,10402,500302,1,35000,0,0,0,0,0,0,6000,700302,0,0,200,1,0,0,0,0,0,0,0,0,0,0),(66,500303,1,'Resupply','Every 8 seconds, nearby friendly units will replenish 1 bullet in magazine.','[DD9B0F]Replenishes 1 bullet[-]','',500303,0,0,530309,0,0,0,0,0,0,0,0,0,0,0,0,0,0,0,0,0,0,0,0,0,0,0,0,0,0),(67,500303,2,'Resupply','Every 7 seconds, nearby friendly units will replenish 1 bullet in magazine.','[DD9B0F]Replenishes 1 bullet[-]','',500303,0,0,530309,0,0,0,0,0,0,0,0,0,0,0,0,0,0,0,0,0,0,0,0,0,0,0,0,0,0),(68,500303,3,'Resupply','Every 6 seconds, nearby friendly units will replenish 1 bullet in magazine.','[DD9B0F]Replenishes 1 bullet[-]','',500303,0,0,530309,0,0,0,0,0,0,0,0,0,0,0,0,0,0,0,0,0,0,0,0,0,0,0,0,0,0),(69,500303,4,'Resupply','Every 5 seconds, nearby friendly units will replenish 1 bullet in magazine.','[DD9B0F]Replenishes 1 bullet[-]','',500303,0,0,530309,0,0,0,0,0,0,0,0,0,0,0,0,0,0,0,0,0,0,0,0,0,0,0,0,0,0),(70,500304,1,'Combat Roll','Rapidly roll forward.','[DD9B0F]Roll directly ahead for 6 meters.[-]','',500004,10420,2,0,10403,0,0,0,1,0,0,0,0,0,12000,700304,0,0,0,1,0,0,0,0,0,0,0,0,0,0),(71,500304,2,'Combat Roll','Rapidly roll forward.','[DD9B0F]Roll directly ahead for 6 meters.[-]','',500004,10420,2,0,10403,0,0,0,1,0,0,0,0,0,12000,700304,0,0,0,1,0,0,0,0,0,0,0,0,0,0),(72,500304,3,'Combat Roll','Rapidly roll forward.','[DD9B0F]Roll directly ahead for 6 meters.[-]','',500004,10420,2,0,10403,0,0,0,1,0,0,0,0,0,12000,700304,0,0,0,1,0,0,0,0,0,0,0,0,0,0),(73,500304,4,'Combat Roll','Rapidly roll forward.','[DD9B0F]Roll directly ahead for 6 meters.[-]','',500004,10420,2,0,10403,0,0,0,1,0,0,0,0,0,12000,700304,0,0,0,1,0,0,0,0,0,0,0,0,0,0),(74,500305,1,'Teleport','琼恩技能3_传送_归位','','',500304,10430,2,0,10404,500302,2,0,0,0,0,0,0,0,8000,700305,0,0,0,1,0,0,0,0,0,0,0,0,0,0),(75,500305,2,'Teleport','琼恩技能3_传送_归位','','',500304,10430,2,0,10404,500302,2,0,0,0,0,0,0,0,8000,700305,0,0,0,1,0,0,0,0,0,0,0,0,0,0),(76,500305,3,'Teleport','琼恩技能3_传送_归位','','',500304,10430,2,0,10404,500302,2,0,0,0,0,0,0,0,8000,700305,0,0,0,1,0,0,0,0,0,0,0,0,0,0),(77,500305,4,'Teleport','琼恩技能3_传送_归位','','',500304,10430,2,0,10404,500302,2,0,0,0,0,0,0,0,8000,700305,0,0,0,1,0,0,0,0,0,0,0,0,0,0),(78,500401,1,'Multiheal','Fox\'s greatest strength is healing her teammates.','[DD9B0F]Heals herself and teammates in range, restoring 152 HP[-]','',500401,10510,2,0,10501,0,0,0,0,0,4,1,0,0,12000,700401,0,0,450,1,0,0,0,4,0,0,0,0,0,0),(79,500401,2,'Multiheal','Fox\'s greatest strength is healing her teammates.','[DD9B0F]Heals herself and teammates in range, restoring 182 HP[-]','',500401,10510,2,0,10501,0,0,0,0,0,4,1,0,0,12000,700401,0,0,450,1,0,0,0,4,0,0,0,0,0,0),(80,500401,3,'Multiheal','Fox\'s greatest strength is healing her teammates.','[DD9B0F]Heals herself and teammates in range, restoring 212 HP[-]','',500401,10510,2,0,10501,0,0,0,0,0,4,1,0,0,12000,700401,0,0,450,1,0,0,0,4,0,0,0,0,0,0),(81,500401,4,'Multiheal','Fox\'s greatest strength is healing her teammates.','[DD9B0F]Heals herself and teammates in range, restoring 242 HP[-]','',500401,10510,2,0,10501,0,0,0,0,0,4,1,0,0,12000,700401,0,0,450,1,0,0,0,4,0,0,0,0,0,0),(82,500402,1,'Hypnotic','As a nurse, Fox has drugs that can put enemies into a deep sleep.','[DD9B0F]Enemy will be asleep for 4 seconds[-]','',500402,40101,2,0,10502,0,0,0,0,1,2,2,0,0,10000,700402,0,0,200,1,0,10,0,3,0,0,0,0,0,0),(83,500402,2,'Hypnotic','As a nurse, Fox has drugs that can put enemies into a deep sleep.','[DD9B0F]Enemy will be asleep for 4 seconds[-]','',500402,40101,2,0,10502,0,0,0,0,1,2,2,0,0,10000,700402,0,0,200,1,0,10,0,3,0,0,0,0,0,0),(84,500402,3,'Hypnotic','As a nurse, Fox has drugs that can put enemies into a deep sleep.','[DD9B0F]Enemy will be asleep for 4 seconds[-]','',500402,40101,2,0,10502,0,0,0,0,1,2,2,0,0,10000,700402,0,0,200,1,0,10,0,3,0,0,0,0,0,0),(85,500402,4,'Hypnotic','As a nurse, Fox has drugs that can put enemies into a deep sleep.','[DD9B0F]Enemy will be asleep for 4 seconds[-]','',500402,40101,2,0,10502,0,0,0,0,1,2,2,0,0,10000,700402,0,0,200,1,0,10,0,3,0,0,0,0,0,0),(86,500403,1,'Running Fight','Fox\'s movement speed will increase when she hits an enemy.','[DD9B0F]Increase movement speed by 30%[-]','',500403,0,0,530409,0,0,0,0,0,0,0,0,0,0,0,0,0,0,0,0,0,0,0,0,0,0,0,0,0,0),(87,500403,2,'Running Fight','Fox\'s movement speed will increase when she hits an enemy.','[DD9B0F]Increase movement speed by 33%[-]','',500403,0,0,530409,0,0,0,0,0,0,0,0,0,0,0,0,0,0,0,0,0,0,0,0,0,0,0,0,0,0),(88,500403,3,'Running Fight','Fox\'s movement speed will increase when she hits an enemy.','[DD9B0F]Increase movement speed by 36%[-]','',500403,0,0,530409,0,0,0,0,0,0,0,0,0,0,0,0,0,0,0,0,0,0,0,0,0,0,0,0,0,0),(89,500403,4,'Running Fight','Fox\'s movement speed will increase when she hits an enemy.','[DD9B0F]Increase movement speed by 40%[-]','',500403,0,0,530409,0,0,0,0,0,0,0,0,0,0,0,0,0,0,0,0,0,0,0,0,0,0,0,0,0,0),(90,500404,1,'Stimulant','Besides healing her teammates, Fox can also slaughter enemies on the battlefield.','[DD9B0F]Fox increases her damage dealt by 45%. Lasts for 2 second[-]','',500404,10520,2,0,10503,0,0,0,0,0,0,0,0,0,8000,700404,0,0,0,1,0,10,0,0,0,0,0,0,0,0),(91,500404,2,'Stimulant','Besides healing her teammates, Fox can also slaughter enemies on the battlefield.','[DD9B0F]Fox increases her damage dealt by 55%. Lasts for 2 second[-]','',500404,10520,2,0,10503,0,0,0,0,0,0,0,0,0,8000,700404,0,0,0,1,0,10,0,0,0,0,0,0,0,0),(92,500404,3,'Stimulant','Besides healing her teammates, Fox can also slaughter enemies on the battlefield.','[DD9B0F]Fox increases her damage dealt by 65%. Lasts for 2 second[-]','',500404,10520,2,0,10503,0,0,0,0,0,0,0,0,0,8000,700404,0,0,0,1,0,10,0,0,0,0,0,0,0,0),(93,500404,4,'Stimulant','Besides healing her teammates, Fox can also slaughter enemies on the battlefield.','[DD9B0F]Fox increases her damage dealt by 75%. Lasts for 2 second[-]','',500404,10520,2,0,10503,0,0,0,0,0,0,0,0,0,8000,700404,0,0,0,1,0,10,0,0,0,0,0,0,0,0),(94,500501,1,'Slashing Sword','Li Long skillfully casts blade waves towards his enemies, this skill can be used 2 times continuously before CD.','[DD9B0F]Horizontal slice deals 205 damage, vertical slice deals 238 damage.[-]','',500501,10610,2,0,10601,500501,1,3000,0,4,3,2,0,0,8000,700501,0,0,130,1,0,4,270,0,0,0,0,0,0,0),(95,500501,2,'Slashing Sword','Li Long skillfully casts blade waves towards his enemies, this skill can be used 2 times continuously before CD.','[DD9B0F]Horizontal slice deals 246 damage, vertical slice deals 290 damage.[-]','',500501,10610,2,0,10601,500501,1,3000,0,4,3,2,0,0,8000,700501,0,0,130,1,0,4,270,0,0,0,0,0,0,0),(96,500501,3,'Slashing Sword','Li Long skillfully casts blade waves towards his enemies, this skill can be used 2 times continuously before CD.','[DD9B0F]Horizontal slice deals 287 damage, vertical slice deals 332 damage.[-]','',500501,10610,2,0,10601,500501,1,3000,0,4,3,2,0,0,8000,700501,0,0,130,1,0,4,270,0,0,0,0,0,0,0),(97,500501,4,'Slashing Sword','Li Long skillfully casts blade waves towards his enemies, this skill can be used 2 times continuously before CD.','[DD9B0F]Horizontal slice deals 328 damage, vertical slice deals 380 damage.[-]','',500501,10610,2,0,10601,500501,1,3000,0,4,3,2,0,0,8000,700501,0,0,130,1,0,4,270,0,0,0,0,0,0,0),(98,500502,1,'Lightning Blade','Li Long strikes with his sword, as quick as lightning.','[DD9B0F]Deals 324 damage to enemies in range in a straight line[-]','',500502,10620,2,0,10603,0,0,0,0,2,7,2,0,0,11000,700502,0,0,0,1,0,15,0,0,3,0,0,0,0,0),(99,500502,2,'Lightning Blade','Li Long strikes with his sword, as quick as lightning.','[DD9B0F]Deals 354 damage to enemies in range in a straight line[-]','',500502,10620,2,0,10603,0,0,0,0,2,7,2,0,0,11000,700502,0,0,0,1,0,15,0,0,3,0,0,0,0,0),(100,500502,3,'Lightning Blade','Li Long strikes with his sword, as quick as lightning.','[DD9B0F]Deals 384 damage to enemies in range in a straight line[-]','',500502,10620,2,0,10603,0,0,0,0,2,7,2,0,0,11000,700502,0,0,0,1,0,15,0,0,3,0,0,0,0,0),(101,500502,4,'Lightning Blade','Li Long strikes with his sword, as quick as lightning.','[DD9B0F]Deals 414 damage to enemies in range in a straight line[-]','',500502,10620,2,0,10603,0,0,0,0,2,7,2,0,0,11000,700502,0,0,0,1,0,15,0,0,3,0,0,0,0,0),(102,500503,1,'Violent Justice','After killing an enemy, reduce the cooldown time of all abilities.','[DD9B0F]Reduce cooldown time of all abilities by 4 seconds[-]','',500503,0,0,530509,0,0,0,0,0,0,0,0,0,0,0,0,0,0,0,0,0,0,0,0,0,0,0,0,0,0),(103,500503,2,'Violent Justice','After killing an enemy, reduce the cooldown time of all abilities.','[DD9B0F]Reduce cooldown time of all abilities by 4.5 seconds[-]','',500503,0,0,530509,0,0,0,0,0,0,0,0,0,0,0,0,0,0,0,0,0,0,0,0,0,0,0,0,0,0),(104,500503,3,'Violent Justice','After killing an enemy, reduce the cooldown time of all abilities.','[DD9B0F]Reduce cooldown time of all abilities by 5 seconds[-]','',500503,0,0,530509,0,0,0,0,0,0,0,0,0,0,0,0,0,0,0,0,0,0,0,0,0,0,0,0,0,0),(105,500503,4,'Violent Justice','After killing an enemy, reduce the cooldown time of all abilities.','[DD9B0F]Reduce cooldown time of all abilities by 5.5 seconds[-]','',500503,0,0,530509,0,0,0,0,0,0,0,0,0,0,0,0,0,0,0,0,0,0,0,0,0,0,0,0,0,0),(106,500504,1,'Phantom Killer','Lunges forward with a large knife, dealing damage to enemies in his path.','[DD9B0F]Moves forward for 7 meters and deals 215 damage[-]','',500504,32161,2,0,10604,0,0,0,1,0,0,0,0,0,11000,700504,700506,0,0,1,0,0,0,0,0,0,0,0,0,0),(107,500504,2,'Phantom Killer','Lunges forward with a large knife, dealing damage to enemies in his path.','[DD9B0F]Moves forward for 7 meters and deals 258 damage[-]','',500504,32161,2,0,10604,0,0,0,1,0,0,0,0,0,11000,700504,700506,0,0,1,0,0,0,0,0,0,0,0,0,0),(108,500504,3,'Phantom Killer','Lunges forward with a large knife, dealing damage to enemies in his path.','[DD9B0F]Moves forward for 7 meters and deals 301 damage[-]','',500504,32161,2,0,10604,0,0,0,1,0,0,0,0,0,11000,700504,700506,0,0,1,0,0,0,0,0,0,0,0,0,0),(109,500504,4,'Phantom Killer','Lunges forward with a large knife, dealing damage to enemies in his path.','[DD9B0F]Moves forward for 7 meters and deals 344 damage[-]','',500504,32161,2,0,10604,0,0,0,1,0,0,0,0,0,11000,700504,700506,0,0,1,0,0,0,0,0,0,0,0,0,0),(110,500505,1,'Slashing Sword','Li Long skillfully casts blade waves towards his enemies, this skill can be used 2 times continuously before CD.','[DD9B0F]Horizontal slice deals 205 damage, vertical slice deals 238 damage.[-]','',500501,10610,2,0,10602,500501,2,0,0,4,3,2,0,0,11000,700505,0,0,130,1,0,4,270,0,0,0,0,0,0,0),(111,500505,2,'Slashing Sword','Li Long skillfully casts blade waves towards his enemies, this skill can be used 2 times continuously before CD.','[DD9B0F]Horizontal slice deals 246 damage, vertical slice deals 290 damage.[-]','',500501,10610,2,0,10602,500501,2,0,0,4,3,2,0,0,11000,700505,0,0,130,1,0,4,270,0,0,0,0,0,0,0),(112,500505,3,'Slashing Sword','Li Long skillfully casts blade waves towards his enemies, this skill can be used 2 times continuously before CD.','[DD9B0F]Horizontal slice deals 287 damage, vertical slice deals 332 damage.[-]','',500501,10610,2,0,10602,500501,2,0,0,4,3,2,0,0,11000,700505,0,0,130,1,0,4,270,0,0,0,0,0,0,0),(113,500505,4,'Slashing Sword','Li Long skillfully casts blade waves towards his enemies, this skill can be used 2 times continuously before CD.','[DD9B0F]Horizontal slice deals 328 damage, vertical slice deals 380 damage.[-]','',500501,10610,2,0,10602,500501,2,0,0,4,3,2,0,0,11000,700505,0,0,130,1,0,4,270,0,0,0,0,0,0,0),(114,500601,1,'Landmine','A deadly trap laid by Catherine. Don\'t get too close!','[DD9B0F]If triggered, landmine exploddes and deals a 285 damage. Max of 5 landmines may be laid[-]','',500601,10710,2,0,10701,0,0,0,2,0,0,0,0,0,7000,700601,0,0,100,1,0,0,0,0,0,0,0,0,0,0),(115,500601,2,'Landmine','A deadly trap laid by Catherine. Don\'t get too close!','[DD9B0F]If triggered, landmine exploddes and deals a 332 damage. Max of 5 landmines may be laid[-]','',500601,10710,2,0,10701,0,0,0,2,0,0,0,0,0,7000,700601,0,0,100,1,0,0,0,0,0,0,0,0,0,0),(116,500601,3,'Landmine','A deadly trap laid by Catherine. Don\'t get too close!','[DD9B0F]If triggered, landmine exploddes and deals a 379 damage. Max of 5 landmines may be laid[-]','',500601,10710,2,0,10701,0,0,0,2,0,0,0,0,0,7000,700601,0,0,100,1,0,0,0,0,0,0,0,0,0,0),(117,500601,4,'Landmine','A deadly trap laid by Catherine. Don\'t get too close!','[DD9B0F]If triggered, landmine exploddes and deals a 426 damage. Max of 5 landmines may be laid[-]','',500601,10710,2,0,10701,0,0,0,2,0,0,0,0,0,7000,700601,0,0,100,1,0,0,0,0,0,0,0,0,0,0),(118,500602,1,'Mini-Turret','Place a turret that packs massive firepower despite its small size.','[DD9B0F]Places a turret directly ahead of Catherine, a maximum of 2 can be on the battlefield at the same time[-]','',500602,10720,2,0,10702,0,0,0,0,0,0,0,0,0,10000,700602,0,0,200,1,0,0,0,0,0,0,0,3,0,0),(119,500602,2,'Mini-Turret','Place a turret that packs massive firepower despite its small size.','[DD9B0F]Places a turret directly ahead of Catherine, a maximum of 2 can be on the battlefield at the same time[-]','',500602,10720,2,0,10702,0,0,0,0,0,0,0,0,0,9000,700602,0,0,200,1,0,0,0,0,0,0,0,3,0,0),(120,500602,3,'Mini-Turret','Place a turret that packs massive firepower despite its small size.','[DD9B0F]Places a turret directly ahead of Catherine, a maximum of 2 can be on the battlefield at the same time[-]','',500602,10720,2,0,10702,0,0,0,0,0,0,0,0,0,8000,700602,0,0,200,1,0,0,0,0,0,0,0,3,0,0),(121,500602,4,'Mini-Turret','Place a turret that packs massive firepower despite its small size.','[DD9B0F]Places a turret directly ahead of Catherine, a maximum of 2 can be on the battlefield at the same time[-]','',500602,10720,2,0,10702,0,0,0,0,0,0,0,0,0,7000,700602,0,0,200,1,0,0,0,0,0,0,0,3,0,0),(122,500603,1,'Grenade Master','Get 1 grenade automatically at fixed intervals.','[DD9B0F]Get a high damage grenade every 15 seconds[-]','',500603,0,0,530609,0,0,0,0,0,0,0,0,0,0,0,0,0,0,0,0,0,0,0,0,0,0,0,0,0,0),(123,500603,2,'Grenade Master','Get 1 grenade automatically at fixed intervals.','[DD9B0F]Get a high damage grenade every 14 seconds[-]','',500603,0,0,530609,0,0,0,0,0,0,0,0,0,0,0,0,0,0,0,0,0,0,0,0,0,0,0,0,0,0),(124,500603,3,'Grenade Master','Get 1 grenade automatically at fixed intervals.','[DD9B0F]Get a high damage grenade every 13 seconds[-]','',500603,0,0,530609,0,0,0,0,0,0,0,0,0,0,0,0,0,0,0,0,0,0,0,0,0,0,0,0,0,0),(125,500603,4,'Grenade Master','Get 1 grenade automatically at fixed intervals.','[DD9B0F]Get a high damage grenade every 12 seconds[-]','',500603,0,0,530609,0,0,0,0,0,0,0,0,0,0,0,0,0,0,0,0,0,0,0,0,0,0,0,0,0,0),(126,500604,1,'Hide and Seek','Catherine is an Expert at Hide and Seek.','[DD9B0F]Becomes invisible and increases movement speed by 15%. Lasts for 3 seconds[-]','',500604,32141,2,0,10703,0,0,0,1,0,0,0,0,0,10000,700604,700606,0,0,1,0,0,0,0,0,0,0,0,0,0),(127,500604,2,'Hide and Seek','Catherine is an Expert at Hide and Seek.','[DD9B0F]Becomes invisible and increases movement speed by 18%. Lasts for 3 seconds[-]','',500604,32141,2,0,10703,0,0,0,1,0,0,0,0,0,10000,700604,700606,0,0,1,0,0,0,0,0,0,0,0,0,0),(128,500604,3,'Hide and Seek','Catherine is an Expert at Hide and Seek.','[DD9B0F]Becomes invisible and increases movement speed by 21%. Lasts for 3 seconds[-]','',500604,32141,2,0,10703,0,0,0,1,0,0,0,0,0,10000,700604,700606,0,0,1,0,0,0,0,0,0,0,0,0,0),(129,500604,4,'Hide and Seek','Catherine is an Expert at Hide and Seek.','[DD9B0F]Becomes invisible and increases movement speed by 24%. Lasts for 3 seconds[-]','',500604,32141,2,0,10703,0,0,0,1,0,0,0,0,0,10000,700604,700606,0,0,1,0,0,0,0,0,0,0,0,0,0),(130,500605,1,'Explosive Trap','','','',0,10730,0,0,0,0,0,0,0,0,4,2,0,0,0,700605,0,0,0,1,0,0,0,5,0,0,0,0,0,0),(131,500605,2,'Explosive Trap','','','',0,10730,0,0,0,0,0,0,0,0,4,2,0,0,0,700605,0,0,0,1,0,0,0,5,0,0,0,0,0,0),(132,500605,3,'Explosive Trap','','','',0,10730,0,0,0,0,0,0,0,0,4,2,0,0,0,700605,0,0,0,1,0,0,0,5,0,0,0,0,0,0),(133,500605,4,'Explosive Trap','','','',0,10730,0,0,0,0,0,0,0,0,4,2,0,0,0,700605,0,0,0,1,0,0,0,5,0,0,0,0,0,0),(134,500701,1,'M28 Grenade Launcher','An RPG attack is every enemy\'s worst nightmare.','[DD9B0F]Shoots M28 Grenade Launcher in a straight line. Deals 380 damage[-]','',500701,10810,2,0,10801,0,0,0,0,2,7,2,0,0,14000,700701,0,0,0,1,0,17,0,4,2,0,0,0,0,0),(135,500701,2,'M28 Grenade Launcher','An RPG attack is every enemy\'s worst nightmare.','[DD9B0F]Shoots M28 Grenade Launcher in a straight line. Deals 460 damage[-]','',500701,10810,2,0,10801,0,0,0,0,2,7,2,0,0,14000,700701,0,0,0,1,0,17,0,4,2,0,0,0,0,0),(136,500701,3,'M28 Grenade Launcher','An RPG attack is every enemy\'s worst nightmare.','[DD9B0F]Shoots M28 Grenade Launcher in a straight line. Deals 540 damage[-]','',500701,10810,2,0,10801,0,0,0,0,2,7,2,0,0,14000,700701,0,0,0,1,0,17,0,4,2,0,0,0,0,0),(137,500701,4,'M28 Grenade Launcher','An RPG attack is every enemy\'s worst nightmare.','[DD9B0F]Shoots M28 Grenade Launcher in a straight line. Deals 620 damage[-]','',500701,10810,2,0,10801,0,0,0,0,2,7,2,0,0,14000,700701,0,0,0,1,0,17,0,4,2,0,0,0,0,0),(138,500702,1,'Grappling Hook','Escape is impossible when Logan is in pursuit.','[DD9B0F]Pull a distant enemy closer and stun him for 1 second[-]','',500702,10820,2,0,10802,0,0,0,0,4,3,2,0,0,12000,700702,700705,0,300,1,0,7,30,0,0,0,0,0.3,0,0),(139,500702,2,'Grappling Hook','Escape is impossible when Logan is in pursuit.','[DD9B0F]Pull a distant enemy closer and stun him for 1 second[-]','',500702,10820,2,0,10802,0,0,0,0,4,3,2,0,0,11000,700702,700705,0,300,1,0,7,30,0,0,0,0,0.3,0,0),(140,500702,3,'Grappling Hook','Escape is impossible when Logan is in pursuit.','[DD9B0F]Pull a distant enemy closer and stun him for 1 second[-]','',500702,10820,2,0,10802,0,0,0,0,4,3,2,0,0,10000,700702,700705,0,300,1,0,7,30,0,0,0,0,0.3,0,0),(141,500702,4,'Grappling Hook','Escape is impossible when Logan is in pursuit.','[DD9B0F]Pull a distant enemy closer and stun him for 1 second[-]','',500702,10820,2,0,10802,0,0,0,0,4,3,2,0,0,9000,700702,700705,0,300,1,0,7,30,0,0,0,0,0.3,0,0),(142,500703,1,'Master\'s Defense','Gains a temporary shield when one of his skills hits an enemy.','[DD9B0F]The shield absorbs up to 48 damage, lasts for 4 seconds[-]','',500703,0,0,530709,0,0,0,0,0,0,0,0,0,0,0,0,0,0,0,0,0,0,0,0,0,0,0,0,0,0),(143,500703,2,'Master\'s Defense','Gains a temporary shield when one of his skills hits an enemy.','[DD9B0F]The shield absorbs up to 56 damage, lasts for 4 seconds[-]','',500703,0,0,530709,0,0,0,0,0,0,0,0,0,0,0,0,0,0,0,0,0,0,0,0,0,0,0,0,0,0),(144,500703,3,'Master\'s Defense','Gains a temporary shield when one of his skills hits an enemy.','[DD9B0F]The shield absorbs up to 64 damage, lasts for 4 seconds[-]','',500703,0,0,530709,0,0,0,0,0,0,0,0,0,0,0,0,0,0,0,0,0,0,0,0,0,0,0,0,0,0),(145,500703,4,'Master\'s Defense','Gains a temporary shield when one of his skills hits an enemy.','[DD9B0F]The shield absorbs up to 72 damage, lasts for 4 seconds[-]','',500703,0,0,530709,0,0,0,0,0,0,0,0,0,0,0,0,0,0,0,0,0,0,0,0,0,0,0,0,0,0),(146,500704,1,'Fearless Advance','Rush directly ahead and equip a shield.','[DD9B0F]Shield absorbs up to 30 damage. Lasts for 5 seconds[-]','',500704,32151,2,0,10803,0,0,0,0,0,0,0,0,0,11000,700704,700706,0,0,1,0,0,0,0,0,0,0,0,0,0),(147,500704,2,'Fearless Advance','Rush directly ahead and equip a shield.','[DD9B0F]Shield absorbs up to 40 damage. Lasts for 5 seconds[-]','',500704,32151,2,0,10803,0,0,0,0,0,0,0,0,0,11000,700704,700706,0,0,1,0,0,0,0,0,0,0,0,0,0),(148,500704,3,'Fearless Advance','Rush directly ahead and equip a shield.','[DD9B0F]Shield absorbs up to 50 damage. Lasts for 5 seconds[-]','',500704,32151,2,0,10803,0,0,0,0,0,0,0,0,0,11000,700704,700706,0,0,1,0,0,0,0,0,0,0,0,0,0),(149,500704,4,'Fearless Advance','Rush directly ahead and equip a shield.','[DD9B0F]Shield absorbs up to 60 damage. Lasts for 5 seconds[-]','',500704,32151,2,0,10803,0,0,0,0,0,0,0,0,0,11000,700704,700706,0,0,1,0,0,0,0,0,0,0,0,0,0),(150,500801,1,'Quicksand','If you fall into Amir\'s trap, its already too late.','[DD9B0F]Enemies in range will have their movement speed reduced by 40% and normal attack disabled, lasts 5 seconds[-]','',500801,10910,2,0,10901,0,0,0,0,3,8,2,0,0,12000,700801,0,0,0,1,0,7,0,4,0,0,0,0,0,0),(151,500801,2,'Quicksand','If you fall into Amir\'s trap, its already too late.','[DD9B0F]Enemies in range will have their movement speed reduced by 43% and normal attack disabled, lasts 5 seconds[-]','',500801,10910,2,0,10901,0,0,0,0,3,8,2,0,0,12000,700801,0,0,0,1,0,7,0,4,0,0,0,0,0,0),(152,500801,3,'Quicksand','If you fall into Amir\'s trap, its already too late.','[DD9B0F]Enemies in range will have their movement speed reduced by 46% and normal attack disabled, lasts 5 seconds[-]','',500801,10910,2,0,10901,0,0,0,0,3,8,2,0,0,12000,700801,0,0,0,1,0,7,0,4,0,0,0,0,0,0),(153,500801,4,'Quicksand','If you fall into Amir\'s trap, its already too late.','[DD9B0F]Enemies in range will have their movement speed reduced by 50% and normal attack disabled, lasts 5 seconds[-]','',500801,10910,2,0,10901,0,0,0,0,3,8,2,0,0,12000,700801,0,0,0,1,0,7,0,4,0,0,0,0,0,0),(154,500802,1,'Gravity Burst','Throw a gravitation device that, when activated, pulls enemies in the area towards it.','[DD9B0F]Pulls all enemies in the area and deals 205 damage[-]','',500802,10920,2,0,10902,0,0,0,0,3,8,2,0,0,10000,700802,700807,0,0,1,0,7,0,4,0,0,0,0,0,0),(155,500802,2,'Gravity Burst','Throw a gravitation device that, when activated, pulls enemies in the area towards it.','[DD9B0F]Pulls all enemies in the area and deals 246 damage[-]','',500802,10920,2,0,10902,0,0,0,0,3,8,2,0,0,10000,700802,700807,0,0,1,0,7,0,4,0,0,0,0,0,0),(156,500802,3,'Gravity Burst','Throw a gravitation device that, when activated, pulls enemies in the area towards it.','[DD9B0F]Pulls all enemies in the area and deals 287 damage[-]','',500802,10920,2,0,10902,0,0,0,0,3,8,2,0,0,10000,700802,700807,0,0,1,0,7,0,4,0,0,0,0,0,0),(157,500802,4,'Gravity Burst','Throw a gravitation device that, when activated, pulls enemies in the area towards it.','[DD9B0F]Attracts all enemies in the area and deal 328 damage[-]','',500802,10920,2,0,10902,0,0,0,0,3,8,2,0,0,10000,700802,700807,0,0,1,0,7,0,4,0,0,0,0,0,0),(158,500803,1,'Rapid Fire','Emit an aura which increases the Fire Rate of all allies in range.','[DD9B0F]Increases Fire Rate by 5%[-]','',500803,0,0,530809,0,0,0,0,0,0,0,0,0,0,0,0,0,0,0,0,0,0,0,0,0,0,0,0,0,0),(159,500803,2,'Rapid Fire','Emit an aura which increases the Fire Rate of all allies in range.','[DD9B0F]Increases Fire Rate by 7%[-]','',500803,0,0,530809,0,0,0,0,0,0,0,0,0,0,0,0,0,0,0,0,0,0,0,0,0,0,0,0,0,0),(160,500803,3,'Rapid Fire','Emit an aura which increases the Fire Rate of all allies in range.','[DD9B0F]Increases Fire Rate by 9%[-]','',500803,0,0,530809,0,0,0,0,0,0,0,0,0,0,0,0,0,0,0,0,0,0,0,0,0,0,0,0,0,0),(161,500803,4,'Rapid Fire','Emit an aura which increases the Fire Rate of all allies in range.','[DD9B0F]Increases Fire Rate by 11%[-]','',500803,0,0,530809,0,0,0,0,0,0,0,0,0,0,0,0,0,0,0,0,0,0,0,0,0,0,0,0,0,0),(162,500804,1,'Leap of Faith','Rapidly Leap forward, and upon landing reduce the movement speed of all nearby enemy units.','[DD9B0F]Leap forward, and reduce nearby enemy movement speed by 10%[-]','',500804,32181,2,0,10903,500804,1,500,0,0,0,0,0,0,9000,700804,0,0,0,1,0,0,0,0,0,0,0,0,0,1),(163,500804,2,'Leap of Faith','Rapidly Leap forward, and upon landing reduce the movement speed of all nearby enemy units.','[DD9B0F]Leap forward, and reduce nearby enemy movement speed by 13%[-]','',500804,32181,2,0,10903,500804,1,500,0,0,0,0,0,0,9000,700804,0,0,0,1,0,0,0,0,0,0,0,0,0,1),(164,500804,3,'Leap of Faith','Rapidly Leap forward, and upon landing reduce the movement speed of all nearby enemy units.','[DD9B0F]Leap forward, and reduce nearby enemy movement speed by 16%[-]','',500804,32181,2,0,10903,500804,1,500,0,0,0,0,0,0,9000,700804,0,0,0,1,0,0,0,0,0,0,0,0,0,1),(165,500804,4,'Leap of Faith','Rapidly Leap forward, and upon landing reduce the movement speed of all nearby enemy units.','[DD9B0F]Leap forward, and reduce nearby enemy movement speed by 20%[-]','',500804,32181,2,0,10903,500804,1,500,0,0,0,0,0,0,9000,700804,0,0,0,1,0,0,0,0,0,0,0,0,0,1),(166,500805,1,'Quicksand','','','',500801,10930,0,0,0,0,0,0,0,0,4,2,0,0,0,700805,700806,0,0,0,0,0,0,4,0,0,0,0,0,0),(167,500805,2,'Quicksand','','','',500801,10930,0,0,0,0,0,0,0,0,4,2,0,0,0,700805,700806,0,0,0,0,0,0,4,0,0,0,0,0,0),(168,500805,3,'Quicksand','','','',500801,10930,0,0,0,0,0,0,0,0,4,2,0,0,0,700805,700806,0,0,0,0,0,0,4,0,0,0,0,0,0),(169,500805,4,'Quicksand','','','',500801,10930,0,0,0,0,0,0,0,0,4,2,0,0,0,700805,700806,0,0,0,0,0,0,4,0,0,0,0,0,0),(170,500807,1,'Leap of Faith','','','',500804,10220,2,0,10904,500804,2,0,0,0,4,2,0,0,0,700808,0,0,100,1,0,0,0,4,0,0,0,0,0,1),(171,500807,2,'Leap of Faith','','','',500804,10220,2,0,10904,500804,2,0,0,0,4,2,0,0,0,700808,0,0,100,1,0,0,0,4,0,0,0,0,0,1),(172,500807,3,'Leap of Faith','','','',500804,10220,2,0,10904,500804,2,0,0,0,4,2,0,0,0,700808,0,0,100,1,0,0,0,4,0,0,0,0,0,1),(173,500807,4,'Leap of Faith','','','',500804,10220,2,0,10904,500804,2,0,0,0,4,2,0,0,0,700808,0,0,100,1,0,0,0,4,0,0,0,0,0,1),(174,500901,1,'Aim Stabilizer','Shoot in the selected direction while at the same time moving in a fixed direction.','[DD9B0F]Shoot directly ahead 30 times, each time dealing 36 damage[-]','',500901,11010,2,0,11001,0,0,0,0,2,9,2,0,0,13000,700901,0,0,0,30,100,15,0,0,0.1,0,0,0,0,0),(175,500901,2,'Aim Stabilizer','Shoot in the selected direction while at the same time moving in a fixed direction.','[DD9B0F]Shoot directly ahead 30 times, each time dealing 42 damage[-]','',500901,11010,2,0,11001,0,0,0,0,2,9,2,0,0,13000,700901,0,0,0,30,100,15,0,0,0.1,0,0,0,0,0),(176,500901,3,'Aim Stabilizer','Shoot in the selected direction while at the same time moving in a fixed direction.','[DD9B0F]Shoot directly ahead 30 times, each time dealing 48 damage[-]','',500901,11010,2,0,11001,0,0,0,0,2,9,2,0,0,13000,700901,0,0,0,30,100,15,0,0,0.1,0,0,0,0,0),(177,500901,4,'Aim Stabilizer','Shoot in the selected direction while at the same time moving in a fixed direction.','[DD9B0F]Shoot directly ahead 30 times, each time dealing 54 damage[-]','',500901,11010,2,0,11001,0,0,0,0,2,9,2,0,0,13000,700901,0,0,0,30,100,15,0,0,0.1,0,0,0,0,0),(178,500902,1,'Bullet Storm','Unleash a hail of bullets while leaping into the air. Can continue moving while shooting.','[DD9B0F]Shoot every enemy in the area 13 times, each time dealing 42 damage, and gaining 200 additional armor while shooting[-]','',500902,11020,2,0,11002,0,0,0,0,0,4,2,0,0,14000,700902,0,0,200,13,100,0,0,4,0,0,0,0,0,0),(179,500902,2,'Bullet Storm','Unleash a hail of bullets while leaping into the air. Can continue moving while shooting.','[DD9B0F]Shoot every enemy in the area 13 times, each time dealing 50 damage, and gaining 240 additional armor while shooting[-]','',500902,11020,2,0,11002,0,0,0,0,0,4,2,0,0,14000,700902,0,0,200,13,100,0,0,4,0,0,0,0,0,0),(180,500902,3,'Bullet Storm','Unleash a hail of bullets while leaping into the air. Can continue moving while shooting.','[DD9B0F]Shoot every enemy in the area 13 times, each time dealing 58 damage, and gaining 280 additional armor while shooting[-]','',500902,11020,2,0,11002,0,0,0,0,0,4,2,0,0,14000,700902,0,0,200,13,100,0,0,4,0,0,0,0,0,0),(181,500902,4,'Bullet Storm','Unleash a hail of bullets while leaping into the air. Can continue moving while shooting.','[DD9B0F]Shoot every enemy in the area 13 times, each time dealing 66 damage, and gaining 320 additional armor while shooting[-]','',500902,11020,2,0,11002,0,0,0,0,0,4,2,0,0,14000,700902,0,0,200,13,100,0,0,4,0,0,0,0,0,0),(182,500903,1,'Morale Boost','After hitting an enemy, have a chance at reducing skill cooldown time.','[DD9B0F]Reduce Skill Cooldown time by 0.5 sec[-]','',500903,0,0,530909,0,0,0,0,0,0,0,0,0,0,0,0,0,0,0,0,0,0,0,0,0,0,0,0,0,0),(183,500903,2,'Morale Boost','After hitting an enemy, have a chance at reducing skill cooldown time.','[DD9B0F]Reduce Skill Cooldown time by 0.6 sec[-]','',500903,0,0,530909,0,0,0,0,0,0,0,0,0,0,0,0,0,0,0,0,0,0,0,0,0,0,0,0,0,0),(184,500903,3,'Morale Boost','After hitting an enemy, have a chance at reducing skill cooldown time.','[DD9B0F]Reduce Skill Cooldown time by 0.7 sec[-]','',500903,0,0,530909,0,0,0,0,0,0,0,0,0,0,0,0,0,0,0,0,0,0,0,0,0,0,0,0,0,0),(185,500903,4,'Morale Boost','After hitting an enemy, have a chance at reducing skill cooldown time.','[DD9B0F]Reduce Skill Cooldown time by 0.8 sec[-]','',500903,0,0,530909,0,0,0,0,0,0,0,0,0,0,0,0,0,0,0,0,0,0,0,0,0,0,0,0,0,0),(186,500904,1,'Ninja Leap','Instantaneously jump a short distance, cat store 2 charges.','[DD9B0F]Move 6 meters forward[-]','',500904,32191,2,0,11003,0,0,0,2,0,0,0,0,0,10000,700904,0,0,0,1,0,0,0,0,0,0,0,0,0,0),(187,500904,2,'Ninja Leap','Instantaneously jump a short distance, cat store 2 charges.','[DD9B0F]Move 6 meters forward[-]','',500904,32191,2,0,11003,0,0,0,2,0,0,0,0,0,10000,700904,0,0,0,1,0,0,0,0,0,0,0,0,0,0),(188,500904,3,'Ninja Leap','Instantaneously jump a short distance, cat store 2 charges.','[DD9B0F]Move 6 meters forward[-]','',500904,32191,2,0,11003,0,0,0,2,0,0,0,0,0,10000,700904,0,0,0,1,0,0,0,0,0,0,0,0,0,0),(189,500904,4,'Ninja Leap','Instantaneously jump a short distance, cat store 2 charges.','[DD9B0F]Move 6 meters forward[-]','',500904,32191,2,0,11003,0,0,0,2,0,0,0,0,0,10000,700904,0,0,0,1,0,0,0,0,0,0,0,0,0,0),(190,500905,1,'空中护盾','','','',0,0,0,530910,0,0,0,0,0,0,0,0,0,0,0,0,0,0,0,0,0,0,0,0,0,0,0,0,0,0),(191,500905,2,'空中护盾','','','',0,0,0,530910,0,0,0,0,0,0,0,0,0,0,0,0,0,0,0,0,0,0,0,0,0,0,0,0,0,0),(192,500905,3,'空中护盾','','','',0,0,0,530910,0,0,0,0,0,0,0,0,0,0,0,0,0,0,0,0,0,0,0,0,0,0,0,0,0,0),(193,500905,4,'空中护盾','','','',0,0,0,530910,0,0,0,0,0,0,0,0,0,0,0,0,0,0,0,0,0,0,0,0,0,0,0,0,0,0),(194,501001,1,'Wall of Flames','Creates a fire wall in front of himself.','[DD9B0F]Wall of Flames deals 152 damage each second, wall persists for 9 seconds[-]','',501001,11110,2,0,11101,0,0,0,0,4,1,0,0,0,12000,701001,0,0,100,1,0,5,0,3,0,0,0,0,0,0),(195,501001,2,'Wall of Flames','Creates a fire wall in front of himself.','[DD9B0F]Wall of Flames deals 183 damage each second, wall persists for 9 seconds[-]','',501001,11110,2,0,11101,0,0,0,0,4,1,0,0,0,12000,701001,0,0,100,1,0,5,0,3,0,0,0,0,0,0),(196,501001,3,'Wall of Flames','Creates a fire wall in front of himself.','[DD9B0F]Wall of Flames deals 214 damage each second, wall persists for 9 seconds[-]','',501001,11110,2,0,11101,0,0,0,0,4,1,0,0,0,12000,701001,0,0,100,1,0,5,0,3,0,0,0,0,0,0),(197,501001,4,'Wall of Flames','Creates a fire wall in front of himself.','[DD9B0F]Wall of Flames deals 245 damage each second, wall persists for 9 seconds[-]','',501001,11110,2,0,11101,0,0,0,0,4,1,0,0,0,12000,701001,0,0,100,1,0,5,0,3,0,0,0,0,0,0),(198,501002,1,'Oil Barrel','Throw a barrel of oil towards the target area, it bursts open and covers nearby enemies in flammable oil.','[DD9B0F]Deals 125 AOE damage, enemies covered in oil will take more damage when they are hit with flame attacks, lasts 10 seconds[-]','',501002,32010,2,0,11102,0,0,0,0,3,8,2,1,1,6000,701004,701011,0,0,1,0,10,0,4,0,0,0,0,0,0),(199,501002,2,'Oil Barrel','Throw a barrel of oil towards the target area, it bursts open and covers nearby enemies in flammable oil.','[DD9B0F]Deals 150 AOE damage, enemies covered in oil will take more damage when they are hit with flame attacks, lasts 10 seconds[-]','',501002,32010,2,0,11102,0,0,0,0,3,8,2,1,1,6000,701004,701011,0,0,1,0,10,0,4,0,0,0,0,0,0),(200,501002,3,'Oil Barrel','Throw a barrel of oil towards the target area, it bursts open and covers nearby enemies in flammable oil.','[DD9B0F]Deals 175 AOE damage, enemies covered in oil will take more damage when they are hit with flame attacks, lasts 10 seconds[-]','',501002,32010,2,0,11102,0,0,0,0,3,8,2,1,1,6000,701004,701011,0,0,1,0,10,0,4,0,0,0,0,0,0),(201,501002,4,'Oil Barrel','Throw a barrel of oil towards the target area, it bursts open and covers nearby enemies in flammable oil.','[DD9B0F]Deals 200 AOE damage, enemies covered in oil will take more damage when they are hit with flame attacks, lasts 10 seconds[-]','',501002,32010,2,0,11102,0,0,0,0,3,8,2,1,1,6000,701004,701011,0,0,1,0,10,0,4,0,0,0,0,0,0),(202,501003,1,'Unbreakable Courage','Increase movement speed after using any skill.','[DD9B0F]Increase Hero\'s movement speed by 10%, lasts for 5 seconds[-]','',501003,0,0,531009,0,0,0,0,0,0,0,0,0,0,0,0,0,0,0,0,0,0,0,0,0,0,0,0,0,0),(203,501003,2,'Unbreakable Courage','Increase movement speed after using any skill.','[DD9B0F]Increase Hero\'s movement speed by 15%, lasts for 5 seconds[-]','',501003,0,0,531009,0,0,0,0,0,0,0,0,0,0,0,0,0,0,0,0,0,0,0,0,0,0,0,0,0,0),(204,501003,3,'Unbreakable Courage','Increase movement speed after using any skill.','[DD9B0F]Increase Hero\'s movement speed by 20%, lasts for 5 seconds[-]','',501003,0,0,531009,0,0,0,0,0,0,0,0,0,0,0,0,0,0,0,0,0,0,0,0,0,0,0,0,0,0),(205,501003,4,'Unbreakable Courage','Increase movement speed after using any skill.','[DD9B0F]Increase Hero\'s movement speed by 25%, lasts for 5 seconds[-]','',501003,0,0,531009,0,0,0,0,0,0,0,0,0,0,0,0,0,0,0,0,0,0,0,0,0,0,0,0,0,0),(206,501004,1,'Flaming Forcefield','Creates a flaming forcefield that increases the defense of all allied troops within it, as well as dealing damage to enemies.','[DD9B0F]Increases Armor of teammates by 200 and deals 30 damage every 0.5 second, lasts for 8 seconds[-]','',501004,11120,2,0,11103,0,0,0,0,0,0,0,0,0,12000,701002,0,0,200,1,0,0,0,0,0,0,0,0,0,0),(207,501004,2,'Flaming Forcefield','Creates a flaming forcefield that increases the defense of all allied troops within it, as well as dealing damage to enemies.','[DD9B0F]Increases Armor of teammates by 240 and deals 36 damage every 0.5 second, lasts for 8 seconds[-]','',501004,11120,2,0,11103,0,0,0,0,0,0,0,0,0,12000,701002,0,0,200,1,0,0,0,0,0,0,0,0,0,0),(208,501004,3,'Flaming Forcefield','Creates a flaming forcefield that increases the defense of all allied troops within it, as well as dealing damage to enemies.','[DD9B0F]Increases Armor of teammates by 280 and deals 42 damage every 0.5 second, lasts for 8 seconds[-]','',501004,11120,2,0,11103,0,0,0,0,0,0,0,0,0,12000,701002,0,0,200,1,0,0,0,0,0,0,0,0,0,0),(209,501004,4,'Flaming Forcefield','Creates a flaming forcefield that increases the defense of all allied troops within it, as well as dealing damage to enemies.','[DD9B0F]Increases Armor of teammates by 320 and deals 48 damage every 0.5 second, lasts for 8 seconds[-]','',501004,11120,2,0,11103,0,0,0,0,0,0,0,0,0,12000,701002,0,0,200,1,0,0,0,0,0,0,0,0,0,0),(210,501005,1,'Flaming Forcefield','','','',501004,11130,0,0,0,0,0,0,0,0,4,0,0,0,0,701005,701008,701010,0,1,0,0,0,4,0,0,0,0,0,0),(211,501005,2,'Flaming Forcefield','','','',501004,11130,0,0,0,0,0,0,0,0,4,0,0,0,0,701005,701008,701010,0,1,0,0,0,4,0,0,0,0,0,0),(212,501005,3,'Flaming Forcefield','','','',501004,11130,0,0,0,0,0,0,0,0,4,0,0,0,0,701005,701008,701010,0,1,0,0,0,4,0,0,0,0,0,0),(213,501005,4,'Flaming Forcefield','','','',501004,11130,0,0,0,0,0,0,0,0,4,0,0,0,0,701005,701008,701010,0,1,0,0,0,4,0,0,0,0,0,0),(214,501006,1,'Wall of Flames','','','',501001,11140,0,0,0,0,0,0,0,0,5,2,0,0,0,701006,701009,0,0,9,1000,10,0,0,4,0,-5,0,-90,0),(215,501006,2,'Wall of Flames','','','',501001,11140,0,0,0,0,0,0,0,0,5,2,0,0,0,701006,701009,0,0,9,1000,10,0,0,4,0,-5,0,-90,0),(216,501006,3,'Wall of Flames','','','',501001,11140,0,0,0,0,0,0,0,0,5,2,0,0,0,701006,701009,0,0,9,1000,10,0,0,4,0,-5,0,-90,0),(217,501006,4,'Wall of Flames','','','',501001,11140,0,0,0,0,0,0,0,0,5,2,0,0,0,701006,701009,0,0,9,1000,10,0,0,4,0,-5,0,-90,0),(218,501007,1,'Flamethrower','','','',501103,0,0,531010,0,0,0,0,0,0,0,0,0,0,0,0,0,0,0,0,0,0,0,0,0,0,0,0,0,0),(219,501007,2,'Flamethrower','','','',501103,0,0,531010,0,0,0,0,0,0,0,0,0,0,0,0,0,0,0,0,0,0,0,0,0,0,0,0,0,0),(220,501007,3,'Flamethrower','','','',501103,0,0,531010,0,0,0,0,0,0,0,0,0,0,0,0,0,0,0,0,0,0,0,0,0,0,0,0,0,0),(221,501007,4,'Flamethrower','','','',501103,0,0,531010,0,0,0,0,0,0,0,0,0,0,0,0,0,0,0,0,0,0,0,0,0,0,0,0,0,0),(222,501101,1,'Immobilizing Trap','Place an immobilizing trap at your current location.','[DD9B0F]Enemies who enter the trap will be unable to move and shown in the mini map for 2 seconds.[-]','',501101,11210,2,0,11201,0,0,0,0,0,0,0,0,0,7000,701101,0,0,200,1,0,0,0,0,0,0,0,0.5,0,0),(223,501101,2,'Immobilizing Trap','Place an immobilizing trap at your current location.','[DD9B0F]Enemies who enter the trap will be unable to move and shown in the mini map for 2.5 seconds.[-]','',501101,11210,2,0,11201,0,0,0,0,0,0,0,0,0,7000,701101,0,0,200,1,0,0,0,0,0,0,0,0.5,0,0),(224,501101,3,'Immobilizing Trap','Place an immobilizing trap at your current location.','[DD9B0F]Enemies who enter the trap will be unable to move and shown in the mini map for 3.0 seconds.[-]','',501101,11210,2,0,11201,0,0,0,0,0,0,0,0,0,7000,701101,0,0,200,1,0,0,0,0,0,0,0,0.5,0,0),(225,501101,4,'Immobilizing Trap','Place an immobilizing trap at your current location.','[DD9B0F]Enemies who enter the trap will be unable to move and shown in the mini map for 3.5 seconds.[-]','',501101,11210,2,0,11201,0,0,0,0,0,0,0,0,0,7000,701101,0,0,200,1,0,0,0,0,0,0,0,0.5,0,0),(226,501102,1,'Hail of Arrows','Unleash a hail of arrows onto the indicated area, strikes enemies 3 times.','[DD9B0F]Unleash 3 volleys, each deals 200 damage[-]','',501102,11220,2,0,11202,0,0,0,0,3,4,2,0,0,12000,701102,0,0,1000,3,300,12,0,4,0,0,0,0,0,0),(227,501102,2,'Hail of Arrows','Unleash a hail of arrows onto the indicated area, strikes enemies 3 times.','[DD9B0F]Unleash 3 volleys, each deals 240 damage[-]','',501102,11220,2,0,11202,0,0,0,0,3,4,2,0,0,12000,701102,0,0,1000,3,300,12,0,4,0,0,0,0,0,0),(228,501102,3,'Hail of Arrows','Unleash a hail of arrows onto the indicated area, strikes enemies 3 times.','[DD9B0F]Unleash 3 volleys, each deals 280 damage[-]','',501102,11220,2,0,11202,0,0,0,0,3,4,2,0,0,12000,701102,0,0,1000,3,300,12,0,4,0,0,0,0,0,0),(229,501102,4,'Hail of Arrows','Unleash a hail of arrows onto the indicated area, strikes enemies 3 times.','[DD9B0F]Unleash 3 volleys, each deals 320 damage[-]','',501102,11220,2,0,11202,0,0,0,0,3,4,2,0,0,12000,701102,0,0,1000,3,300,12,0,4,0,0,0,0,0,0),(230,501103,1,'Poison Arrow','Each 3 seconds next basic attack gets additional poison effect.','[DD9B0F]Deal 20 poison damage per second for 5 seconds[-]','',501103,0,0,531109,0,0,0,0,0,0,0,0,0,0,0,0,0,0,0,0,0,0,0,0,0,0,0,0,0,0),(231,501103,2,'Poison Arrow','Each 3 seconds next basic attack gets additional poison effect.','[DD9B0F]Deal 25 poison damage per second for 5 seconds[-]','',501103,0,0,531109,0,0,0,0,0,0,0,0,0,0,0,0,0,0,0,0,0,0,0,0,0,0,0,0,0,0),(232,501103,3,'Poison Arrow','Each 3 seconds next basic attack gets additional poison effect.','[DD9B0F]Deal 30 poison damage per second for 5 seconds[-]','',501103,0,0,531109,0,0,0,0,0,0,0,0,0,0,0,0,0,0,0,0,0,0,0,0,0,0,0,0,0,0),(233,501103,4,'Poison Arrow','Each 3 seconds next basic attack gets additional poison effect.','[DD9B0F]Deal 35 poison damage per second for 5 seconds[-]','',501103,0,0,531109,0,0,0,0,0,0,0,0,0,0,0,0,0,0,0,0,0,0,0,0,0,0,0,0,0,0),(234,501104,1,'Daring Leap','The first time this skill is triggered, roll directly ahead. The second time, shoot targets in the area multiple times.','[DD9B0F]On first use, roll directly forward. On second use, deal 282 damage to all enemies in range.[-]','',501104,32201,2,0,11203,501104,1,8000,0,0,0,0,0,0,9000,701104,0,0,0,1,0,0,0,0,0,0,0,0,0,0),(235,501104,2,'Daring Leap','The first time this skill is triggered, roll directly ahead. The second time, shoot targets in the area multiple times.','[DD9B0F]On first use, roll directly forward. On second use, deal 334 damage to all enemies in range.[-]','',501104,32201,2,0,11203,501104,1,8000,0,0,0,0,0,0,9000,701104,0,0,0,1,0,0,0,0,0,0,0,0,0,0),(236,501104,3,'Daring Leap','The first time this skill is triggered, roll directly ahead. The second time, shoot targets in the area multiple times.','[DD9B0F]On first use, roll directly forward. On second use, deal 386 damage to all enemies in range.[-]','',501104,32201,2,0,11203,501104,1,8000,0,0,0,0,0,0,9000,701104,0,0,0,1,0,0,0,0,0,0,0,0,0,0),(237,501104,4,'Daring Leap','The first time this skill is triggered, roll directly ahead. The second time, shoot targets in the area multiple times.','[DD9B0F]On first use, roll directly forward. On second use, deal 438 damage to all enemies in range.[-]','',501104,32201,2,0,11203,501104,1,8000,0,0,0,0,0,0,9000,701104,0,0,0,1,0,0,0,0,0,0,0,0,0,0),(238,501105,1,'Immobilizing Trap','','','',501101,0,0,0,0,0,0,0,0,0,0,2,0,0,0,701105,701106,0,0,1,0,0,0,0.5,0,0,0,0,0,0),(239,501105,2,'Immobilizing Trap','','','',501101,0,0,0,0,0,0,0,0,0,0,2,0,0,0,701105,701106,0,0,1,0,0,0,0.5,0,0,0,0,0,0),(240,501105,3,'Immobilizing Trap','','','',501101,0,0,0,0,0,0,0,0,0,0,2,0,0,0,701105,701106,0,0,1,0,0,0,0.5,0,0,0,0,0,0),(241,501105,4,'Immobilizing Trap','','','',501101,0,0,0,0,0,0,0,0,0,0,2,0,0,0,701105,701106,0,0,1,0,0,0,0.5,0,0,0,0,0,0),(242,501106,1,'Daring Leap','','','',501104,10220,2,0,11204,501104,2,0,0,0,4,2,0,0,9000,701107,0,0,300,1,0,0,0,7,0,0,0,0,0,0),(243,501106,2,'Daring Leap','','','',501104,10220,2,0,11204,501104,2,0,0,0,4,2,0,0,9000,701107,0,0,300,1,0,0,0,7,0,0,0,0,0,0),(244,501106,3,'Daring Leap','','','',501104,10220,2,0,11204,501104,2,0,0,0,4,2,0,0,9000,701107,0,0,300,1,0,0,0,7,0,0,0,0,0,0),(245,501106,4,'Daring Leap','','','',501104,10220,2,0,11204,501104,2,0,0,0,4,2,0,0,9000,701107,0,0,300,1,0,0,0,7,0,0,0,0,0,0),(246,501201,1,'Magnetic Overload','Temporarily overload the EM Gun to greatly increase attack and magazine size; however, it also overheats the gun and requires extended cooldown.','[DD9B0F]Increases ammo by 25, weapon cooldown increases by 3 sec, duration: 10 seconds.[-]','',501201,11310,2,0,11301,0,0,0,0,0,0,0,0,0,22000,701207,701206,0,250,1,0,10,0,0,0,0,0,0,0,0),(247,501201,2,'Magnetic Overload','Temporarily overload the EM Gun to greatly increase attack and magazine size; however, it also overheats the gun and requires extended cooldown.','[DD9B0F]Increases ammo by 28, weapon cooldown increases by 3 sec, duration: 10 seconds.[-]','',501201,11310,2,0,11301,0,0,0,0,0,0,0,0,0,22000,701207,701206,0,250,1,0,10,0,0,0,0,0,0,0,0),(248,501201,3,'Magnetic Overload','Temporarily overload the EM Gun to greatly increase attack and magazine size; however, it also overheats the gun and requires extended cooldown.','[DD9B0F]Increases ammo by 31, weapon cooldown increases by 3 sec, duration: 10 seconds.[-]','',501201,11310,2,0,11301,0,0,0,0,0,0,0,0,0,22000,701207,701206,0,250,1,0,10,0,0,0,0,0,0,0,0),(249,501201,4,'Magnetic Overload','Temporarily overload the EM Gun to greatly increase attack and magazine size; however, it also overheats the gun and requires extended cooldown.','[DD9B0F]Increases ammo by 34, weapon cooldown increases by 3 sec, duration: 10 seconds.[-]','',501201,11310,2,0,11301,0,0,0,0,0,0,0,0,0,22000,701207,701206,0,250,1,0,10,0,0,0,0,0,0,0,0),(250,501202,1,'Eat Heartily','After eating heartily, Capone acquires healing over time.','[DD9B0F]Restores 30 HP per second for 8 seconds[-]','',501202,11330,2,0,11302,0,0,0,0,0,0,0,0,0,13000,701202,0,0,50,1,0,10,0,0,0,0,0,0,0,0),(251,501202,2,'Eat Heartily','After eating heartily, Capone acquires healing over time.','[DD9B0F]Restores 40 HP per second for 8 seconds[-]','',501202,11330,2,0,11302,0,0,0,0,0,0,0,0,0,13000,701202,0,0,50,1,0,10,0,0,0,0,0,0,0,0),(252,501202,3,'Eat Heartily','After eating heartily, Capone acquires healing over time.','[DD9B0F]Restores 50 HP per second for 8 seconds[-]','',501202,11330,2,0,11302,0,0,0,0,0,0,0,0,0,13000,701202,0,0,50,1,0,10,0,0,0,0,0,0,0,0),(253,501202,4,'Eat Heartily','After eating heartily, Capone acquires healing over time.','[DD9B0F]Restores 60 HP per second for 8 seconds[-]','',501202,11330,2,0,11302,0,0,0,0,0,0,0,0,0,13000,701202,0,0,50,1,0,10,0,0,0,0,0,0,0,0),(254,501203,1,'EM Pulse','After landing 10 shots on enemies, an electromagnetic storm is generated around Capone.','[DD9B0F]Deals 100 damage to all nearby enemy units. [-]','',501203,0,0,531209,11305,0,0,0,0,0,0,2,0,0,0,0,0,0,300,0,0,0,0,0,0,0,0,0,0,0),(255,501203,2,'EM Pulse','After landing 10 shots on enemies, an electromagnetic storm is generated around Capone.','[DD9B0F]Deals 125 damage to all nearby enemy units. [-]','',501203,0,0,531209,11305,0,0,0,0,0,0,2,0,0,0,0,0,0,300,0,0,0,0,0,0,0,0,0,0,0),(256,501203,3,'EM Pulse','After landing 10 shots on enemies, an electromagnetic storm is generated around Capone.','[DD9B0F]Deals 150 damage to all nearby enemy units. [-]','',501203,0,0,531209,11305,0,0,0,0,0,0,2,0,0,0,0,0,0,300,0,0,0,0,0,0,0,0,0,0,0),(257,501203,4,'EM Pulse','After landing 10 shots on enemies, an electromagnetic storm is generated around Capone.','[DD9B0F]Deals 175 damage to all nearby enemy units. [-]','',501203,0,0,531209,11305,0,0,0,0,0,0,2,0,0,0,0,0,0,300,0,0,0,0,0,0,0,0,0,0,0),(258,501204,1,'Thrust','Leap to a spot to damage and stun enemies around the landing spot.','[DD9B0F]Stuns enemies in the landing area for 1 second.[-]','',501204,11340,2,0,11303,501204,1,650,0,0,0,0,0,0,9000,701204,0,0,0,1,0,0,0,0,0,0,0,0,0,1),(259,501204,2,'Thrust','Leap to a spot to damage and stun enemies around the landing spot.','[DD9B0F]Stuns enemies in the landing area for 1 second.[-]','',501204,11340,2,0,11303,501204,1,650,0,0,0,0,0,0,9000,701204,0,0,0,1,0,0,0,0,0,0,0,0,0,1),(260,501204,3,'Thrust','Leap to a spot to damage and stun enemies around the landing spot.','[DD9B0F]Stuns enemies in the landing area for 1 second.[-]','',501204,11340,2,0,11303,501204,1,650,0,0,0,0,0,0,9000,701204,0,0,0,1,0,0,0,0,0,0,0,0,0,1),(261,501204,4,'Thrust','Leap to a spot to damage and stun enemies around the landing spot.','[DD9B0F]Stuns enemies in the landing area for 1 second.[-]','',501204,11340,2,0,11303,501204,1,650,0,0,0,0,0,0,9000,701204,0,0,0,1,0,0,0,0,0,0,0,0,0,1),(262,501205,1,'Thrust','Stun','','',501204,11340,2,0,11304,501204,2,0,0,0,4,2,0,0,0,701205,0,0,50,1,0,0,0,2,0,0,0,0,0,1),(263,501205,2,'Thrust','Stun','','',501204,11340,2,0,11304,501204,2,0,0,0,4,2,0,0,0,701205,0,0,50,1,0,0,0,2,0,0,0,0,0,1),(264,501205,3,'Thrust','Stun','','',501204,11340,2,0,11304,501204,2,0,0,0,4,2,0,0,0,701205,0,0,50,1,0,0,0,2,0,0,0,0,0,1),(265,501205,4,'Thrust','Stun','','',501204,11340,2,0,11304,501204,2,0,0,0,4,2,0,0,0,701205,0,0,50,1,0,0,0,2,0,0,0,0,0,1),(266,501301,1,'Explosive Grenade','Launch a high energy grenade which causes a large cross-shaped explosion.','[DD9B0F]Deals 325 damage to all enemies caught in the explosion.[-]','',501301,32010,2,0,11401,0,0,0,0,3,10,2,1,1,14000,701301,0,0,0,1,0,10,45,6,4,0,0,0,0,0),(267,501301,2,'Explosive Grenade','Launch a high energy grenade which causes a large cross-shaped explosion.','[DD9B0F]Deals 385 damage to all enemies caught in the explosion.[-]','',501301,32010,2,0,11401,0,0,0,0,3,10,2,1,1,14000,701301,0,0,0,1,0,10,45,6,4,0,0,0,0,0),(268,501301,3,'Explosive Grenade','Launch a high energy grenade which causes a large cross-shaped explosion.','[DD9B0F]Deals 445 damage to all enemies caught in the explosion.[-]','',501301,32010,2,0,11401,0,0,0,0,3,10,2,1,1,14000,701301,0,0,0,1,0,10,45,6,4,0,0,0,0,0),(269,501301,4,'Explosive Grenade','Launch a high energy grenade which causes a large cross-shaped explosion.','[DD9B0F]Deals 505 damage to all enemies caught in the explosion.[-]','',501301,32010,2,0,11401,0,0,0,0,3,10,2,1,1,14000,701301,0,0,0,1,0,10,45,6,4,0,0,0,0,0),(270,501302,1,'Brawling','Patty is not only decent fire support, but is capable of melee combat.','[DD9B0F]Deals 130 damage to all enemies ahead and stuns them for 1.5 seconds. [-]','',501302,10320,2,0,11402,0,0,0,0,4,3,2,0,0,9000,701302,701305,0,150,1,0,4,60,0,0,0,0,0,0,0),(271,501302,2,'Brawling','Patty is not only decent fire support, but is capable of melee combat.','[DD9B0F]Deals 154 damage to all enemies ahead and stuns them for 1.5 seconds. [-]','',501302,10320,2,0,11402,0,0,0,0,4,3,2,0,0,9000,701302,701305,0,150,1,0,4,60,0,0,0,0,0,0,0),(272,501302,3,'Brawling','Patty is not only decent fire support, but is capable of melee combat.','[DD9B0F]Deals 178 damage to all enemies ahead and stuns them for 1.5 seconds. [-]','',501302,10320,2,0,11402,0,0,0,0,4,3,2,0,0,9000,701302,701305,0,150,1,0,4,60,0,0,0,0,0,0,0),(273,501302,4,'Brawling','Patty is not only decent fire support, but is capable of melee combat.','[DD9B0F]Deals 202 damage to all enemies ahead and stuns them for 1.5 seconds. [-]','',501302,10320,2,0,11402,0,0,0,0,4,3,2,0,0,9000,701302,701305,0,150,1,0,4,60,0,0,0,0,0,0,0),(274,501303,1,'Rebirth','Ressurects 3 seconds after death','[DD9B0F]Can ressurect once every 100 seconds, have 50% of HP after ressurection.[-]','',501303,0,0,531309,11404,0,0,0,0,0,0,0,0,0,0,0,0,0,0,0,0,0,0,0,0,0,0,0,0,0),(275,501303,2,'Rebirth','Ressurects 3 seconds after death','[DD9B0F]Can ressurect once every 100 seconds, have 55% of HP after ressurection.[-]','',501303,0,0,531309,11404,0,0,0,0,0,0,0,0,0,0,0,0,0,0,0,0,0,0,0,0,0,0,0,0,0),(276,501303,3,'Rebirth','Ressurects 3 seconds after death','[DD9B0F]Can ressurect once every 100 seconds, have 60% of HP after ressurection.[-]','',501303,0,0,531309,11404,0,0,0,0,0,0,0,0,0,0,0,0,0,0,0,0,0,0,0,0,0,0,0,0,0),(277,501303,4,'Rebirth','Ressurects 3 seconds after death','[DD9B0F]Can ressurect once every 100 seconds, have 65% of HP after ressurection.[-]','',501303,0,0,531309,11404,0,0,0,0,0,0,0,0,0,0,0,0,0,0,0,0,0,0,0,0,0,0,0,0,0),(278,501304,1,'Battle Will','Patty casts a battle roar of unyielding will that grants her a protective shield.','[DD9B0F]Absorbs 200 damage and increases her movement speed by 30 for 7 seconds.[-]','',501304,10210,2,0,11403,0,0,0,0,0,0,0,0,0,12000,701303,701306,0,100,1,0,10,0,0,0,0,0,0,0,0),(279,501304,2,'Battle Will','Patty casts a battle roar of unyielding will that grants her a protective shield.','[DD9B0F]Absorbs 240 damage and increases her movement speed by 40 for 7 seconds.[-]','',501304,10210,2,0,11403,0,0,0,0,0,0,0,0,0,12000,701303,701306,0,100,1,0,10,0,0,0,0,0,0,0,0),(280,501304,3,'Battle Will','Patty casts a battle roar of unyielding will that grants her a protective shield.','[DD9B0F]Absorbs 280 damage and increases her movement speed by 50 for 7 seconds.[-]','',501304,10210,2,0,11403,0,0,0,0,0,0,0,0,0,12000,701303,701306,0,100,1,0,10,0,0,0,0,0,0,0,0),(281,501304,4,'Battle Will','Patty casts a battle roar of unyielding will that grants her a protective shield.','[DD9B0F]Absorbs 320 damage and increases her movement speed by 60 for 7 seconds.[-]','',501304,10210,2,0,11403,0,0,0,0,0,0,0,0,0,12000,701303,701306,0,100,1,0,10,0,0,0,0,0,0,0,0),(282,505001,1,'Mech Cannon','Mech cannon automatically locks on a single target and uloads a barrage of fire dealing great damage.','[DD9B0F]Deals 350 points of damage to single enemy.[-]','',505001,40101,2,0,701001,0,0,0,0,1,2,2,0,0,8000,705101,0,0,200,1,0,10,0,3,0,0,0,0,0,0),(283,505001,2,'Mech Cannon','Mech cannon automatically locks on a single target and uloads a barrage of fire dealing great damage.','[DD9B0F]Deals 398 points of damage to single enemy.[-]','',505001,40101,2,0,701001,0,0,0,0,1,2,2,0,0,8000,705101,0,0,200,1,0,10,0,3,0,0,0,0,0,0),(284,505001,3,'Mech Cannon','Mech cannon automatically locks on a single target and uloads a barrage of fire dealing great damage.','[DD9B0F]Deals 446 points of damage to single enemy.[-]','',505001,40101,2,0,701001,0,0,0,0,1,2,2,0,0,8000,705101,0,0,200,1,0,10,0,3,0,0,0,0,0,0),(285,505001,4,'Mech Cannon','Mech cannon automatically locks on a single target and uloads a barrage of fire dealing great damage.','[DD9B0F]Deals 494 points of damage to single enemy.[-]','',505001,40101,2,0,701001,0,0,0,0,1,2,2,0,0,8000,705101,0,0,200,1,0,10,0,3,0,0,0,0,0,0),(286,505002,1,'Mech Missile','Deals AOE damage to the target area.','[DD9B0F]Launches 4 missiles into target area, each deals 200 damage.[-]','',505003,40102,2,0,701002,0,0,0,0,3,8,2,0,0,18000,705102,0,0,0,4,300,10,0,5,0,0,0,0,0,0),(287,505002,2,'Mech Missile','Deals AOE damage to the target area.','[DD9B0F]Launches 4 missiles into target area, each deals 240 damage.[-]','',505003,40102,2,0,701002,0,0,0,0,3,8,2,0,0,18000,705102,0,0,0,4,300,10,0,5,0,0,0,0,0,0),(288,505002,3,'Mech Missile','Deals AOE damage to the target area.','[DD9B0F]Launches 4 missiles into target area, each deals 280 damage.[-]','',505003,40102,2,0,701002,0,0,0,0,3,8,2,0,0,18000,705102,0,0,0,4,300,10,0,5,0,0,0,0,0,0),(289,505002,4,'Mech Missile','Deals AOE damage to the target area.','[DD9B0F]Launches 4 missiles into target area, each deals 320 damage.[-]','',505003,40102,2,0,701002,0,0,0,0,3,8,2,0,0,18000,705102,0,0,0,4,300,10,0,5,0,0,0,0,0,0),(290,505003,1,'Flying Mech','Overloading engine to charge forward in straight line.','[DD9B0F]Moves forward for 9 meters.[-]','',505002,40103,2,0,701003,0,0,0,0,0,0,0,0,0,15000,705103,0,0,0,1,0,0,0,0,0,0,0,0,0,0),(291,505003,2,'Flying Mech','Overloading engine to charge forward in straight line.','[DD9B0F]Moves forward for 9 meters.[-]','',505002,40103,2,0,701003,0,0,0,0,0,0,0,0,0,15000,705103,0,0,0,1,0,0,0,0,0,0,0,0,0,0),(292,505003,3,'Flying Mech','Overloading engine to charge forward in straight line.','[DD9B0F]Moves forward for 9 meters.[-]','',505002,40103,2,0,701003,0,0,0,0,0,0,0,0,0,15000,705103,0,0,0,1,0,0,0,0,0,0,0,0,0,0),(293,505003,4,'Flying Mech','Overloading engine to charge forward in straight line.','[DD9B0F]Moves forward for 9 meters.[-]','',505002,40103,2,0,701003,0,0,0,0,0,0,0,0,0,15000,705103,0,0,0,1,0,0,0,0,0,0,0,0,0,0),(294,505004,1,'Self-Destruct','Mech activates self-destruction protocol and ejects the pilot.','[DD9B0F]Mech explodes dealing 400 damage to enemies around.[-]','',505001,40104,2,0,701004,0,0,0,0,0,4,0,0,0,0,705104,705106,0,2000,1,0,10,360,5,0,1,0,0,0,0),(295,505004,2,'Self-Destruct','Mech activates self-destruction protocol and ejects the pilot.','[DD9B0F]Mech explodes dealing 400 damage to enemies around.[-]','',505001,40104,2,0,701004,0,0,0,0,0,4,0,0,0,0,705104,705106,0,2000,1,0,10,360,5,0,1,0,0,0,0),(296,505004,3,'Self-Destruct','Mech activates self-destruction protocol and ejects the pilot.','[DD9B0F]Mech explodes dealing 400 damage to enemies around.[-]','',505001,40104,2,0,701004,0,0,0,0,0,4,0,0,0,0,705104,705106,0,2000,1,0,10,360,5,0,1,0,0,0,0),(297,505004,4,'Self-Destruct','Mech activates self-destruction protocol and ejects the pilot.','[DD9B0F]Mech explodes dealing 400 damage to enemies around.[-]','',505001,40104,2,0,701004,0,0,0,0,0,4,0,0,0,0,705104,705106,0,2000,1,0,10,360,5,0,1,0,0,0,0),(298,505005,1,'Pilot Mech','Pilot Mech','','',505001,0,2,0,0,0,0,0,0,0,4,0,0,0,0,705105,0,0,0,0,0,0,0,0,0,0,0,0,0,0),(299,505005,2,'Pilot Mech','Pilot Mech','','',505001,0,2,0,0,0,0,0,0,0,4,0,0,0,0,705105,0,0,0,0,0,0,0,0,0,0,0,0,0,0),(300,505005,3,'Pilot Mech','Pilot Mech','','',505001,0,2,0,0,0,0,0,0,0,4,0,0,0,0,705105,0,0,0,0,0,0,0,0,0,0,0,0,0,0),(301,505005,4,'Pilot Mech','Pilot Mech','','',505001,0,2,0,0,0,0,0,0,0,4,0,0,0,0,705105,0,0,0,0,0,0,0,0,0,0,0,0,0,0),(500,520001,1,'Exploding Oil Barrel','','','',0,52001,0,0,0,0,0,0,0,0,4,0,0,0,0,720001,721006,0,50,1,0,0,0,5,0,0,0,0,0,0),(501,520002,1,'Fire Stream','','','',0,53011,0,0,0,0,0,0,0,0,5,0,0,0,0,720002,721006,0,150,10,600,6,0,0,1.5,0,0,0,0,0),(502,520003,1,'Poison Trap','','','',520003,53071,0,0,0,0,0,0,0,0,5,0,0,0,0,720003,0,0,150,5,1200,6,0,0,1.5,0,0,0,0,0),(503,520004,1,'Freeze Effect','','','',520004,53021,0,0,0,0,0,0,0,0,5,0,0,0,0,720004,0,0,150,10,600,5,0,0,1.5,0,0,0,0,0),(504,520005,1,'Gravity Plate','','','',0,53051,0,0,0,0,0,0,0,0,2,0,0,0,0,720005,0,0,100,1,0,0,0,5,0,0,0,0,0,0),(505,520006,1,'Landmine (Not a Skill)','','','',0,53001,0,0,0,0,0,0,0,0,4,0,0,0,0,720006,0,0,100,1,0,0,0,5,0,0,0,0,0,0),(506,520007,1,'Snowball','','','',520009,53081,0,0,0,0,0,0,0,0,4,0,0,0,0,720007,0,0,0,1,0,0,0,3,0,0,0,4,0,0),(507,520008,1,'Flashlight','','','',520009,53091,0,0,0,0,0,0,0,0,4,0,0,0,0,720008,0,0,0,1,0,0,0,1.8,0,0,0,0,0,0),(508,520009,1,'Swamp','','','',520009,53101,0,0,0,0,0,0,0,0,4,0,0,0,0,720009,720014,0,0,0,0,0,0,4,0,0,0,0,0,0),(509,520010,1,'Oil Pool','','','',520009,53111,0,0,0,0,0,0,0,0,4,0,0,0,0,720010,0,0,0,0,0,0,0,4,0,0,0,0,0,0),(510,520011,1,'Quicksand','','','',520009,53121,0,0,0,0,0,0,0,0,4,0,0,0,0,720012,0,0,0,0,0,0,0,4,0,0,0,0,0,0),(511,520012,1,'Ground Spike','','','',520009,53131,0,0,0,0,0,0,0,0,4,0,0,0,0,720013,0,0,0,1,0,0,0,1.8,0,0,0,0,0,0),(600,521000,1,'High Damage Grenade','The High Damage Grenade deals massive damage. Every enemy\'s nightmare','[DD9B0F]Use a grenade to attack the selected area. Deals 400 damage.[-]','',521000,32010,2,0,601101,0,0,0,0,3,8,2,1,1,1000,721000,0,0,0,1,0,10,0,4,0,0,0,0,0,0),(601,521001,1,'Flash Bang','The Flash Bang is useful for distracting enemies from your movements','[DD9B0F]Throws a Flash Bang to the selected area. Blinds enemies.[-]','',521001,32020,2,0,601102,0,0,0,0,3,8,2,0,0,1000,721001,0,0,0,1,0,10,0,10,0,0,0,0,0,0),(602,521002,1,'Incendiary Grenade','Throws an incendiary grenade that starts a fire in the target area dealing damage over time.','[DD9B0F]Use an incendiary grenade to attack the selected area. Blast deals damage multiple times.[-]','',521002,32030,2,0,601103,0,0,0,0,3,8,2,0,0,1000,721002,721003,0,0,10,600,10,0,4,0,0,0,0,0,0),(700,522000,1,'Mini EXP','EXP item that appears on the ground. Provides a very small amount of EXP','','',0,55204,0,0,0,0,0,0,0,0,6,0,0,0,0,722000,0,0,100,1,0,0,0,10,0,0,0,0,0,0),(701,522001,1,'Small EXP','Small EXP item that may drop after a hero has been killed','','',0,55204,0,0,0,0,0,0,0,0,6,0,0,0,0,722001,0,0,100,1,0,0,0,10,0,0,0,0,0,0),(702,522002,1,'Medimum EXP','Medium EXP item that may drop after a hero has been killed','','',0,55204,0,0,0,0,0,0,0,0,6,0,0,0,0,722002,0,0,100,1,0,0,0,10,0,0,0,0,0,0),(703,522003,1,'Large EXP','Large EXP item that may drop after a hero has been killed','','',0,55204,0,0,0,0,0,0,0,0,6,0,0,0,0,722003,0,0,100,1,0,0,0,10,0,0,0,0,0,0),(704,522004,1,'Open a small grenade box','','','',0,54004,0,0,0,0,0,0,0,0,6,0,0,0,0,722004,0,0,100,1,0,0,0,10,0,0,0,0,0,0),(705,522005,1,'Open a small Flash-bang box','','','',0,54005,0,0,0,0,0,0,0,0,6,0,0,0,0,722005,0,0,100,1,0,0,0,10,0,0,0,0,0,0),(706,522006,1,'Open a small incendiary grenade box','','','',0,54008,0,0,0,0,0,0,0,0,6,0,0,0,0,722006,0,0,100,1,0,0,0,10,0,0,0,0,0,0),(707,522007,1,'Open a healing box','','','',0,54006,0,0,0,0,0,0,0,0,6,0,0,0,0,722007,0,0,100,1,0,0,0,10,0,0,0,0,0,0),(708,522008,1,'Open a large healing box','','','',0,54032,0,0,0,0,0,0,0,0,6,0,0,0,0,722008,0,0,100,1,0,0,0,10,0,0,0,0,0,0),(709,522009,1,'Laya\'s Shield','','','',522009,54152,0,0,0,0,0,0,0,0,6,0,0,0,0,722009,0,0,100,1,0,0,0,10,0,0,0,0,0,0),(710,522010,1,'Speed-up item','','','',522010,54142,0,0,0,0,0,0,0,0,6,0,0,0,0,722010,0,0,100,1,0,0,0,10,0,0,0,0,0,0),(711,522011,1,'Open a healing box','','','',0,54007,0,0,0,0,0,0,0,0,6,0,0,0,0,722011,0,0,100,1,0,0,0,10,0,0,0,0,0,0),(800,523001,1,'Generated Item (Deathmatch)','','','',0,54041,0,0,0,0,0,0,0,0,0,0,0,0,0,723001,0,0,100,1,0,0,0,10,0,0,0,0,0,0),(801,523002,1,'Generated Item (Non-Deathmatch)','','','',0,54041,0,0,0,0,0,0,0,0,0,0,0,0,0,723002,0,0,100,1,0,0,0,10,0,0,0,0,0,0),(802,523003,1,'Deathmatch Mode - Chest','','','',0,52011,0,0,0,0,0,0,0,0,0,0,0,0,0,723003,0,0,100,0,0,0,0,10,0,0,0,0,0,0),(803,523004,1,'Breakable Grenade Box','','','',0,52013,0,0,0,0,0,0,0,0,0,0,0,0,0,723004,0,0,100,0,0,0,0,10,0,0,0,0,0,0),(804,523005,1,'Breakable Health Box','','','',0,52012,0,0,0,0,0,0,0,0,0,0,0,0,0,723005,0,0,100,0,0,0,0,10,0,0,0,0,0,0),(805,523006,1,'Non-Deathmatch Mode - Chest','','','',0,52011,0,0,0,0,0,0,0,0,0,0,0,0,0,723006,0,0,100,0,0,0,0,10,0,0,0,0,0,0),(806,523007,1,'Hidden','','','',523007,0,0,0,0,0,0,0,0,0,0,0,0,0,0,723007,0,0,0,1,0,0,0,10,0,0,0,0,0,0),(807,523008,1,'Slow Zone','','','',0,0,0,0,0,0,0,0,0,0,0,0,0,0,0,723008,0,0,0,1,0,0,0,10,0,0,0,0,0,0),(808,523009,1,'Breakable Health Box (Team Battle)','','','',0,52012,0,0,0,0,0,0,0,0,0,0,0,0,0,723009,0,0,100,0,0,0,0,10,0,0,0,0,0,0),(809,523010,1,'混战随机可破坏医疗箱子','','','',0,52012,0,0,0,0,0,0,0,0,0,0,0,0,0,723010,0,0,100,0,0,0,0,10,0,0,0,0,0,0),(900,524000,1,'Target Shatter Effect','','','',0,54205,0,0,0,0,0,0,0,0,0,0,0,0,0,0,0,0,100,0,0,0,0,10,0,0,0,0,0,0),(1000,560101,1,'Joan\'s Sniper Rifle','Sniper Rifle','','',0,10490,2,0,601301,0,0,0,0,0,0,0,0,0,1000,0,0,0,100,1,0,0,0,0,0,0,0,0,0,0),(1001,560102,1,'Fox\'s Sniper Rifle','Fox\'s Sniper Rifle','','',0,10590,2,0,601302,0,0,0,0,0,0,0,0,0,1000,0,0,0,100,1,0,0,0,0,0,0,0,0,0,0),(1011,561201,1,'Place C4','Place C4','','',0,33021,2,0,601201,0,0,0,0,0,0,0,0,0,0,0,0,0,0,1,0,0,0,0,0,0,0,0,0,0),(1012,561202,1,'Remove C4','Remove C4','','',0,33023,2,0,601202,0,0,0,0,0,0,0,0,0,0,0,0,0,0,1,0,0,0,0,0,0,0,0,0,0),(3000,801001,1,'Earth Crusher','','','',801001,801001,0,0,801001,0,0,0,0,0,5,2,0,0,2000,801001,801002,0,900,1,0,20,0,0,3,0,2.133,2.763,0,0),(3001,801011,1,'Whirlwind Blade','','','',801011,801011,0,0,801002,0,0,0,0,0,5,2,0,0,2000,801011,801012,0,800,1,0,20,0,0,3,0,-3,2.763,0,0),(3002,801021,1,'Quad-Strike','','','',0,801021,0,0,801003,0,0,0,0,0,3,2,0,0,20000,801021,0,0,1600,1,0,10,180,0,10,0,0,0,0,0),(3003,801022,1,'Quad-Strike','','','',0,0,0,0,801006,0,0,0,0,0,3,2,0,0,0,801022,0,0,0,1,0,10,180,0,10,0,0,0,0,0),(3004,801023,1,'Quad-Strike','','','',0,0,0,0,900001,0,0,0,0,0,3,2,0,0,0,801023,0,0,0,1,0,10,180,0,10,0,0,0,0,0),(3005,801024,1,'Quad-Strike','','','',0,0,0,0,900001,0,0,0,0,0,3,2,0,0,0,801024,0,0,0,1,0,10,180,0,10,0,0,0,0,0),(3006,801031,1,'Apocalyptic Quake','','','',0,801031,0,0,801004,0,0,0,0,0,3,2,0,0,0,801031,0,0,900,1,0,7,360,0,0,0,0,7,0,0),(3007,801041,1,'Poison Mist','','','',0,801041,0,0,801005,0,0,0,0,3,4,2,0,0,0,801041,0,0,1200,12,666,20,0,2.2,0,0,0,0,0,0),(3008,801051,1,'Windblade','','','',801051,801051,0,0,801005,0,0,0,0,3,4,2,0,0,0,801051,801032,0,1200,1,0,20,0,2.2,0,0,0,0,0,0),(1013,990000,1,'Basic Attack','','','',0,0,1,0,0,0,0,0,0,2,4,0,0,0,0,990000,0,0,0,1,0,7,0,0.1,0,0,0,0,0,0);
/*!40000 ALTER TABLE `skill` ENABLE KEYS */;
UNLOCK TABLES;

--
-- Table structure for table `skill_action`
--

DROP TABLE IF EXISTS `skill_action`;
/*!40101 SET @saved_cs_client     = @@character_set_client */;
/*!40101 SET character_set_client = utf8 */;
CREATE TABLE `skill_action` (
  `id` int(10) NOT NULL DEFAULT '0' COMMENT 'ID',
  `name` char(50) NOT NULL DEFAULT '0' COMMENT '技能名字',
  `type` int(10) NOT NULL DEFAULT '0' COMMENT '技能分类（1=基础动作（只包含移动），2=普通攻击(包含抬枪)，3=填弹，4=模式技能，5=物品技能，6=通用技能，7=技能1，8=技能2，9=技能3,20=被击杀',
  `startup_time` int(10) NOT NULL DEFAULT '0' COMMENT '前摇时间',
  `startup_interrupt` varchar(50) NOT NULL DEFAULT '0' COMMENT '前摇打断ID，索引type类型，数组，0表示可以被任何操作打断，-1表示不能被任何打断。',
  `active_time` int(10) NOT NULL DEFAULT '0' COMMENT '生效时间',
  `active_interrupt` varchar(50) NOT NULL DEFAULT '-1' COMMENT '生效打断ID，索引type类型，数组，0表示可以被任何操作打断，-1表示不能被任何打断。',
  `active_move` int(10) NOT NULL DEFAULT '0' COMMENT '生效期间是否可移动，0不能，1可以',
  `active_rotate` int(10) NOT NULL DEFAULT '0' COMMENT '生效期间是否可转向，0不能，1可以',
  `recover_time` int(10) NOT NULL DEFAULT '0' COMMENT '后摇时间',
  `recover_interrupt` varchar(50) NOT NULL DEFAULT '0' COMMENT '后摇打断ID，索引type类型，数组，0表示可以被任何操作打断，-1表示不能被任何打断。',
  `button_time` int(10) NOT NULL DEFAULT '0' COMMENT '按钮生效开始时间。',
  PRIMARY KEY (`id`)
) ENGINE=InnoDB DEFAULT CHARSET=utf8 COMMENT='[logic server no use]';
/*!40101 SET character_set_client = @saved_cs_client */;

--
-- Dumping data for table `skill_action`
--

LOCK TABLES `skill_action` WRITE;
/*!40000 ALTER TABLE `skill_action` DISABLE KEYS */;
INSERT INTO `skill_action` VALUES (10101,'盖亚技能1',7,100,'2:4:5:6:7:8:9:20',1800,'-1',0,1,433,'0',0),(10102,'盖亚技能2',8,300,'2:4:5:6:7:8:9:20',200,'-1',0,0,933,'0',0),(10103,'盖亚技能3',9,0,'2:4:5:6:7:8:9:20',400,'-1',0,0,300,'0',0),(10201,'壮汉技能1',7,300,'2:4:5:6:7:8:9:20',100,'-1',0,0,600,'0',0),(10202,'壮汉技能2',8,100,'2:4:5:6:7:8:9:20',350,'-1',0,0,550,'0',0),(10203,'壮汉技能1-2',8,100,'2:4:5:6:7:8:9:20',300,'-1',0,0,600,'0',0),(10204,'壮汉技能3',9,230,'2:4:5:6:7:8:9:20',600,'-1',0,0,670,'0',0),(10301,'逗比技能1',7,200,'2:4:5:6:7:8:9:20',200,'-1',0,0,600,'0',0),(10302,'逗比技能2',8,150,'-1',300,'-1',0,0,550,'0',0),(10303,'逗比技能3',9,0,'2:4:5:6:7:8:9:20',400,'-1',0,0,267,'0',0),(10401,'女主技能1',7,200,'2:4:5:6:7:8:9:20',200,'-1',0,0,600,'0',0),(10402,'女主技能2',8,100,'2:4:5:6:7:8:9:20',200,'-1',0,0,533,'0',0),(10403,'女主技能3',9,0,'2:4:5:6:7:8:9:20',400,'-1',0,0,267,'0',0),(10404,'女主技能2_2',8,0,'2:4:5:6:7:8:9:20',100,'-1',0,0,0,'0',0),(10501,'护士技能1',7,0,'2:4:5:6:7:8:9:20',450,'-1',0,0,717,'0',0),(10502,'护士技能2',8,200,'2:4:5:6:7:8:9:20',250,'-1',0,0,550,'0',0),(10503,'护士技能3',9,300,'2:4:5:6:7:8:9:20',200,'-1',0,0,967,'0',0),(10601,'侠客技能1',7,200,'2:4:5:6:7:8:9:20',150,'-1',0,0,650,'0',0),(10602,'侠客技能1_2',7,100,'2:4:5:6:7:8:9:20',133,'-1',0,0,1100,'0',0),(10603,'侠客技能2',8,250,'2:4:5:6:7:8:9:20',300,'-1',0,0,1050,'0',0),(10604,'侠客技能3',9,0,'2:4:5:6:7:8:9:20',300,'-1',0,0,200,'0',0),(10701,'萝莉技能1',7,100,'2:4:5:6:7:8:9:20',150,'-1',0,0,417,'0',0),(10702,'萝莉技能2',8,100,'2:4:5:6:7:8:9:20',250,'-1',0,0,650,'0',0),(10703,'萝莉技能3',9,0,'2:4:5:6:7:8:9:20',0,'-1',0,0,0,'0',0),(10801,'比尔技能1',7,300,'2:4:5:6:7:8:9:20',100,'-1',0,0,767,'0',0),(10802,'比尔技能2',8,200,'2:4:5:6:7:8:9:20',400,'-1',0,0,733,'-1',0),(10803,'比尔技能3',9,0,'2:4:5:6:7:8:9:20',400,'-1',0,0,167,'0',0),(10901,'阿拉伯技能1',7,300,'2:4:5:6:7:8:9:20',100,'-1',0,0,767,'0',0),(10902,'阿拉伯技能2',8,200,'2:4:5:6:7:8:9:20',117,'-1',0,0,750,'0',0),(10903,'阿拉伯技能3',9,0,'-1',500,'-1',0,0,0,'-1',0),(10904,'阿拉伯技能3_连招2',9,0,'-1',150,'-1',0,0,683,'0',0),(11001,'忍者技能1',7,0,'-1',3000,'-1',1,0,0,'0',0),(11002,'忍者技能2',8,100,'-1',1900,'-1',1,0,500,'0',0),(11003,'忍者技能3',9,300,'2:4:5:6:7:8:9:20',200,'-1',0,0,167,'0',0),(11101,'火王技能1',7,200,'2:4:5:6:7:8:9:20',300,'-1',0,0,833,'0',0),(11102,'火王技能2',8,300,'2:4:5:6:7:8:9:20',350,'-1',0,0,683,'0',0),(11103,'火王技能3',9,200,'2:4:5:6:7:8:9:20',200,'-1',0,0,767,'0',0),(11201,'女弩技能1',7,200,'2:4:5:6:7:8:9:20',200,'-1',0,0,600,'0',0),(11202,'女弩技能2',8,300,'2:4:5:6:7:8:9:20',1100,'-1',0,0,933,'0',0),(11203,'女弩技能3',9,0,'-1',500,'-1',0,0,333,'-1',0),(11204,'女弩技能3_2',9,0,'-1',400,'-1',0,0,933,'0',0),(11301,'卡彭技能1',7,100,'2:4:5:6:7:8:9:20',300,'-1',0,0,767,'0',0),(11302,'卡彭技能2',8,200,'2:4:5:6:7:8:9:20',100,'-1',0,0,1033,'0',0),(11303,'卡彭技能3',9,150,'-1',500,'-1',0,0,0,'-1',0),(11304,'卡彭技能3_2',9,0,'-1',150,'-1',0,0,700,'0',0),(11305,'卡彭被动技能',10,0,'0',0,'-1',0,0,0,'0',0),(11401,'帕蒂技能1',7,200,'2:4:5:6:7:8:9:20',300,'-1',0,0,833,'0',0),(11402,'帕蒂技能2',8,200,'2:4:5:6:7:8:9:20',200,'-1',0,0,767,'0',0),(11403,'帕蒂技能3',9,100,'2:4:5:6:7:8:9:20',200,'-1',0,0,533,'0',0),(11404,'帕蒂被动技能',10,0,'0',0,'-1',0,0,0,'0',0),(20101,'翻滚-盖亚',8,0,'2:4:5:6:7:8:9:20',550,'-1',0,0,150,'0',0),(20201,'翻滚-壮汉',8,0,'2:4:5:6:7:8:9:20',1166,'-1',0,0,334,'0',0),(20301,'翻滚-逗比',8,0,'2:4:5:6:7:8:9:20',350,'-1',0,0,317,'0',0),(20401,'翻滚-女主',8,0,'2:4:5:6:7:8:9:20',500,'-1',0,0,167,'0',0),(20501,'翻滚-护士',8,0,'2:4:5:6:7:8:9:20',500,'-1',0,0,167,'0',0),(20601,'翻滚-李龙',8,0,'2:4:5:6:7:8:9:20',400,'-1',0,0,0,'0',0),(20701,'翻滚-凯瑟琳',8,0,'2:4:5:6:7:8:9:20',500,'-1',0,0,167,'0',0),(20801,'翻滚-比尔',8,0,'2:4:5:6:7:8:9:20',467,'-1',0,0,100,'0',0),(20901,'翻滚-阿拉伯',8,0,'2:4:5:6:7:8:9:20',833,'-1',0,0,0,'0',0),(21001,'翻滚-迪亚比',8,0,'2:4:5:6:7:8:9:20',500,'-1',0,0,167,'0',0),(21101,'翻滚-喷火',8,0,'2:4:5:6:7:8:9:20',633,'-1',0,0,200,'0',0),(21201,'翻滚-女弩',8,0,'2:4:5:6:7:8:9:20',900,'-1',0,0,267,'0',0),(601101,'手雷投掷',5,200,'2:4:5:6:7:8:9:20',350,'-1',0,0,450,'0',0),(601102,'闪光弹投掷',5,200,'2:4:5:6:7:8:9:20',350,'-1',0,0,450,'0',0),(601103,'燃烧弹投掷',5,200,'2:4:5:6:7:8:9:20',350,'-1',0,0,450,'0',0),(601201,'埋C4',4,0,'1:2:3:5:6:7:8:9:20',5000,'1:2:3:5:6:7:8:9:20',0,0,2500,'1:2:3:5:6:7:8:9:20',0),(601202,'拆C4',4,667,'1:2:3:5:6:7:8:9:20',5000,'1:2:3:5:6:7:8:9:20',0,0,667,'1:2:3:5:6:7:8:9:20',0),(601301,'女主射击',7,0,'2:4:5:6:7:8:9:20',500,'8',0,0,500,'1:2:3:4:5:6:7:8:9',0),(601302,'护士射击',7,0,'2:4:5:6:7:8:9:20',500,'8',0,0,500,'1:2:3:4:5:6:7:8:9',0),(701001,'火炮技能',7,200,'2:4:5:6:7:8:9:20',967,'-1',0,0,0,'0',0),(701002,'导弹技能',8,200,'2:4:5:6:7:8:9:20',1633,'-1',0,0,0,'0',0),(701003,'突进',6,0,'2:4:5:6:7:8:9:20',900,'-1',0,0,0,'0',0),(701004,'自爆',9,0,'2:4:5:6:7:8:9:20',2000,'-1',0,0,0,'0',0),(801001,'沙漠异兽_普通攻击1',7,0,'0',2000,'-1',0,0,0,'0',0),(801002,'沙漠异兽_普通攻击2',7,0,'0',2000,'-1',0,0,0,'0',0),(801003,'沙漠异兽_技能攻击1',7,0,'0',2100,'-1',0,0,0,'0',0),(801004,'沙漠异兽_技能攻击2',7,0,'0',2000,'-1',0,0,0,'0',0),(801005,'沙漠异兽_特殊攻击',7,0,'0',1333,'-1',0,0,0,'0',0),(801006,'沙漠异兽-技能攻击1-2',0,0,'0',650,'-1',0,0,0,'0',0),(900001,'通用',7,0,'0',850,'-1',0,0,0,'0',0);
/*!40000 ALTER TABLE `skill_action` ENABLE KEYS */;
UNLOCK TABLES;

--
-- Table structure for table `skill_effect`
--

DROP TABLE IF EXISTS `skill_effect`;
/*!40101 SET @saved_cs_client     = @@character_set_client */;
/*!40101 SET character_set_client = utf8 */;
CREATE TABLE `skill_effect` (
  `id` int(10) NOT NULL COMMENT 'ID',
  `effect_id` int(10) NOT NULL DEFAULT '0' COMMENT '效果ID',
  `lv` int(10) NOT NULL DEFAULT '0' COMMENT '效果等级',
  `effect_name` varchar(150) NOT NULL DEFAULT '0' COMMENT '[Language]效果名',
  `intro` varchar(200) NOT NULL DEFAULT '0' COMMENT '[Language]效果描述',
  `camp` int(10) NOT NULL DEFAULT '0' COMMENT '目标阵营。0：无视敌我。1我方。2敌方',
  `arng` int(10) NOT NULL DEFAULT '0' COMMENT '效果作用范围：0：技能选定目标。1：施法者。2技能指定点。3。触发者',
  `effect_type` int(10) NOT NULL DEFAULT '0' COMMENT '效果类型：1=伤害 2=治疗 3=护甲 4=耐力消耗 5=移速 6=自动瞄准 7=侦查 8=生成触发器（triggers） 9=射速 10=精准度 11=稳定性 12=射程 13=穿透 14=击退目标 15=暴击 16=弹匣容量 17=枪械填弹时间 18=生命 19=防爆 20=换弹加速 21=道具强度 22=补满弹夹 23=增加物品 24=技能等级 25=攻击力 26=负重 27=耐力上限 28=持续伤害 29=持续恢复 30=生成触发器群（skill_triggers） 31=伤害吸收盾 32=耐力值增减 33人物暴击 34=经验提升 35=全局攻击力 36=道具伤害 37=道具补血 38=改变技能CD时间 41=无敌 42=位移 39=补充子弹 40=沉默 43=眩晕 44=定身 45=睡眠 46=传送标记 47=传送 48=召唤NPC 49=抓钩50=移除生命51=上机甲 52=下机甲53=护甲穿透54=释放光环55=标记56=燃油57=火焰58=隐身 60=引力弹 67=复活光环，70=闪光弹 71=草丛，72=单次重生',
  `effect_var_type` int(10) NOT NULL DEFAULT '0' COMMENT '效果因子：0值，1百分比。',
  `effect_base` float NOT NULL DEFAULT '0' COMMENT '效果值',
  `effect_time` int(10) NOT NULL DEFAULT '0' COMMENT '效果持续时间.-1=永久存在',
  `effect_acttimes` int(10) NOT NULL DEFAULT '0' COMMENT '效果作用次数',
  `effect_canmuti` int(10) NOT NULL DEFAULT '0' COMMENT '是否可叠加',
  `hit_type` int(10) NOT NULL DEFAULT '0' COMMENT '0、不生效，1、轻度受击，2、重度受击，取常量表',
  `interrupt` int(10) NOT NULL DEFAULT '0' COMMENT '索引到skill_effect_interrupt表',
  `special_type` int(10) NOT NULL DEFAULT '0' COMMENT 'effect1：1=手雷爆炸，中心最高，边缘递减  effect 54：1=翻滚附带一次性触发光环2=随动光环重置3=随动光环远离消失4.光环时间触发',
  `special_type_param` varchar(100) NOT NULL DEFAULT '0' COMMENT '特殊伤害机制参数（effect54表示光环范围）',
  `delay_time` int(10) NOT NULL DEFAULT '0' COMMENT '效果生效延迟时间。0表示不延迟，立即生效。单位毫秒',
  PRIMARY KEY (`effect_id`,`lv`),
  UNIQUE KEY `id` (`id`)
) ENGINE=InnoDB DEFAULT CHARSET=utf8 COMMENT='[logic server no use]';
/*!40101 SET character_set_client = @saved_cs_client */;

--
-- Dumping data for table `skill_effect`
--

LOCK TABLES `skill_effect` WRITE;
/*!40000 ALTER TABLE `skill_effect` DISABLE KEYS */;
INSERT INTO `skill_effect` VALUES (1,700000,1,'近战','0',2,0,1,0,40,0,0,0,1,0,0,'0',0),(2,700001,1,'Bullet Spray','0',2,0,1,0,40,0,0,0,1,0,0,'0',0),(3,700001,2,'Bullet Spray','0',2,0,1,0,48,0,0,0,1,0,0,'0',0),(4,700001,3,'Bullet Spray','0',2,0,1,0,56,0,0,0,1,0,0,'0',0),(5,700001,4,'Bullet Spray','0',2,0,1,0,64,0,0,0,1,0,0,'0',0),(6,700002,1,'盖亚技能2_护盾装置_生成触发器','0',0,2,8,0,860101,0,0,0,0,0,0,'0',400),(7,700002,2,'盖亚技能2_护盾装置_生成触发器','0',0,2,8,0,860102,0,0,0,0,0,0,'0',400),(8,700002,3,'盖亚技能2_护盾装置_生成触发器','0',0,2,8,0,860103,0,0,0,0,0,0,'0',400),(9,700002,4,'盖亚技能2_护盾装置_生成触发器','0',0,2,8,0,860104,0,0,0,0,0,0,'0',400),(10,700004,1,'盖亚技能3_翻滚_位移','0',0,1,42,0,7,400,0,0,0,0,0,'0',0),(11,700004,2,'盖亚技能3_翻滚_位移','0',0,1,42,0,7,400,0,0,0,0,0,'0',0),(12,700004,3,'盖亚技能3_翻滚_位移','0',0,1,42,0,7,400,0,0,0,0,0,'0',0),(13,700004,4,'盖亚技能3_翻滚_位移','0',0,1,42,0,7,400,0,0,0,0,0,'0',0),(14,700005,1,'Instant Shield Trigger','Shield Absorbs 88 damage. Lasts for 7 Seconds',1,0,31,0,88,7000,0,0,0,0,0,'0',0),(15,700005,2,'Instant Shield Trigger','Shield Absorbs 108 damage. Lasts for 7 Seconds',1,0,31,0,108,7000,0,0,0,0,0,'0',0),(16,700005,3,'Instant Shield Trigger','Shield Absorbs 128 damage. Lasts for 7 Seconds',1,0,31,0,128,7000,0,0,0,0,0,'0',0),(17,700005,4,'Instant Shield Trigger','Shield Absorbs 148 damage. Lasts for 7 Seconds',1,0,31,0,148,7000,0,0,0,0,0,'0',0),(18,700101,1,'Shield','Increase Armor by 200 for 7 Seconds',0,1,3,0,200,7000,0,0,0,0,0,'0',100),(19,700101,2,'Shield','Increase Armor by 240 for 7 Seconds',0,1,3,0,240,7000,0,0,0,0,0,'0',100),(20,700101,3,'Shield','Increase Armor by 280 for 7 Seconds',0,1,3,0,280,7000,0,0,0,0,0,'0',100),(21,700101,4,'Shield','Increase Armor by 320 for 7 Seconds',0,1,3,0,320,7000,0,0,0,0,0,'0',100),(22,700102,1,'西奥多技能2_防护阵壁_生成触发器','0',0,2,8,0,860201,0,0,0,0,0,0,'0',400),(23,700102,2,'西奥多技能2_防护阵壁_生成触发器','0',0,2,8,0,860202,0,0,0,0,0,0,'0',400),(24,700102,3,'西奥多技能2_防护阵壁_生成触发器','0',0,2,8,0,860203,0,0,0,0,0,0,'0',400),(25,700102,4,'西奥多技能2_防护阵壁_生成触发器','0',0,2,8,0,860204,0,0,0,0,0,0,'0',400),(26,700104,1,'西奥多技能3_冲锋_位移','0',0,1,42,0,8,600,0,0,0,0,0,'0',0),(27,700104,2,'西奥多技能3_冲锋_位移','0',0,1,42,0,8,600,0,0,0,0,0,'0',0),(28,700104,3,'西奥多技能3_冲锋_位移','0',0,1,42,0,8,600,0,0,0,0,0,'0',0),(29,700104,4,'西奥多技能3_冲锋_位移','0',0,1,42,0,8,600,0,0,0,0,0,'0',0),(30,700105,1,'西奥多技能2_护盾爆炸_伤害','0',2,0,1,0,165,0,0,0,1,0,0,'0',0),(31,700105,2,'西奥多技能2_护盾爆炸_伤害','0',2,0,1,0,205,0,0,0,1,0,0,'0',0),(32,700105,3,'西奥多技能2_护盾爆炸_伤害','0',2,0,1,0,245,0,0,0,1,0,0,'0',0),(33,700105,4,'西奥多技能2_护盾爆炸_伤害','0',2,0,1,0,265,0,0,0,1,0,0,'0',0),(34,700106,1,'Stun','Enemies who suffer effects of Saisi\'s exploding shield will be stunned for 1 second',2,0,43,0,0,1000,0,0,0,43,0,'0',0),(35,700106,2,'Stun','Enemies who suffer effects of Saisi\'s exploding shield will be stunned for 1 second',2,0,43,0,0,1000,0,0,0,43,0,'0',0),(36,700106,3,'Stun','Enemies who suffer effects of Saisi\'s exploding shield will be stunned for 1 second',2,0,43,0,0,1000,0,0,0,43,0,'0',0),(37,700106,4,'Stun','Enemies who suffer effects of Saisi\'s exploding shield will be stunned for 1 second',2,0,43,0,0,1000,0,0,0,43,0,'0',0),(38,700107,1,'西奥多技能3_冲锋_光环','0',0,1,54,0,700108,1166,0,0,0,0,1,'1',0),(39,700107,2,'西奥多技能3_冲锋_光环','0',0,1,54,0,700108,1166,0,0,0,0,1,'1',0),(40,700107,3,'西奥多技能3_冲锋_光环','0',0,1,54,0,700108,1166,0,0,0,0,1,'1',0),(41,700107,4,'西奥多技能3_冲锋_光环','0',0,1,54,0,700108,1166,0,0,0,0,1,'1',0),(42,700108,1,'Savage Charge','Enemies hit by Theodor\'s Charge will be stunned for 1 second',2,0,43,0,0,1000,0,0,0,43,0,'0',0),(43,700108,2,'Savage Charge','Enemies hit by Theodor\'s Charge will be stunned for 1 second',2,0,43,0,0,1000,0,0,0,43,0,'0',0),(44,700108,3,'Savage Charge','Enemies hit by Theodor\'s Charge will be stunned for 1 second',2,0,43,0,0,1000,0,0,0,43,0,'0',0),(45,700108,4,'Savage Charge','Enemies hit by Theodor\'s Charge will be stunned for 1 second',2,0,43,0,0,1000,0,0,0,43,0,'0',0),(46,700201,1,'Melody of Death','Enemies hypnotized by Saisi\'s guitar riff will have their speed reduced by 34% for 5 seconds',2,0,5,1,-34,5000,0,0,0,0,0,'0',0),(47,700201,2,'Melody of Death','Enemies hypnotized by Saisi\'s guitar riff will have their speed reduced by 36% for 5 seconds',2,0,5,1,-36,5000,0,0,0,0,0,'0',0),(48,700201,3,'Melody of Death','Enemies hypnotized by Saisi\'s guitar riff will have their speed reduced by 38% for 5 seconds',2,0,5,1,-38,5000,0,0,0,0,0,'0',0),(49,700201,4,'Melody of Death','Enemies hypnotized by Saisi\'s guitar riff will have their speed reduced by 40% for 5 seconds',2,0,5,1,-40,5000,0,0,0,0,0,'0',0),(50,700202,1,'逗比技能2_喷射冲击_伤害','0',2,0,1,0,258,0,0,0,1,0,0,'0',0),(51,700202,2,'逗比技能2_喷射冲击_伤害','0',2,0,1,0,309,0,0,0,1,0,0,'0',0),(52,700202,3,'逗比技能2_喷射冲击_伤害','0',2,0,1,0,360,0,0,0,1,0,0,'0',0),(53,700202,4,'逗比技能2_喷射冲击_伤害','0',2,0,1,0,411,0,0,0,1,0,0,'0',0),(54,700204,1,'逗比技能3_滑铲_位移','0',0,1,42,0,6,300,0,0,0,0,0,'0',0),(55,700204,2,'逗比技能3_滑铲_位移','0',0,1,42,0,6,300,0,0,0,0,0,'0',0),(56,700204,3,'逗比技能3_滑铲_位移','0',0,1,42,0,6,300,0,0,0,0,0,'0',0),(57,700204,4,'逗比技能3_滑铲_位移','0',0,1,42,0,6,300,0,0,0,0,0,'0',0),(58,700205,1,'逗比技能1_死亡音律_伤害','0',2,0,1,0,260,0,0,0,1,0,0,'0',0),(59,700205,2,'逗比技能1_死亡音律_伤害','0',2,0,1,0,308,0,0,0,1,0,0,'0',0),(60,700205,3,'逗比技能1_死亡音律_伤害','0',2,0,1,0,356,0,0,0,1,0,0,'0',0),(61,700205,4,'逗比技能1_死亡音律_伤害','0',2,0,1,0,404,0,0,0,1,0,0,'0',0),(62,700206,1,'逗比技能2_喷射冲击_位移','0',0,1,42,0,-6,400,0,0,0,0,0,'0',0),(63,700206,2,'逗比技能2_喷射冲击_位移','0',0,1,42,0,-6,400,0,0,0,0,0,'0',0),(64,700206,3,'逗比技能2_喷射冲击_位移','0',0,1,42,0,-6,400,0,0,0,0,0,'0',0),(65,700206,4,'逗比技能2_喷射冲击_位移','0',0,1,42,0,-6,400,0,0,0,0,0,'0',0),(70,700302,1,'琼恩技能3_传送装置_生成','0',0,2,46,0,0,0,0,0,0,0,0,'0',0),(71,700302,2,'琼恩技能3_传送装置_生成','0',0,2,46,0,0,0,0,0,0,0,0,'0',0),(72,700302,3,'琼恩技能3_传送装置_生成','0',0,2,46,0,0,0,0,0,0,0,0,'0',0),(73,700302,4,'琼恩技能3_传送装置_生成','0',0,2,46,0,0,0,0,0,0,0,0,'0',0),(66,700304,1,'翻滚','0',0,1,42,0,6,400,0,0,0,0,0,'0',0),(67,700304,2,'翻滚','0',0,1,42,0,6,400,0,0,0,0,0,'0',0),(68,700304,3,'翻滚','0',0,1,42,0,6,400,0,0,0,0,0,'0',0),(69,700304,4,'翻滚','0',0,1,42,0,6,400,0,0,0,0,0,'0',0),(74,700305,1,'琼恩技能3_传送_归位','0',0,1,47,0,0,0,0,0,0,0,0,'0',0),(75,700305,2,'琼恩技能3_传送_归位','0',0,1,47,0,0,0,0,0,0,0,0,'0',0),(76,700305,3,'琼恩技能3_传送_归位','0',0,1,47,0,0,0,0,0,0,0,0,'0',0),(77,700305,4,'琼恩技能3_传送_归位','0',0,1,47,0,0,0,0,0,0,0,0,'0',0),(78,700306,1,'琼恩技能2_定时震荡','0',2,0,1,0,450,0,0,0,1,0,0,'0',0),(79,700306,2,'琼恩技能2_定时震荡','0',2,0,1,0,540,0,0,0,1,0,0,'0',0),(80,700306,3,'琼恩技能2_定时震荡','0',2,0,1,0,630,0,0,0,1,0,0,'0',0),(81,700306,4,'琼恩技能2_定时震荡','0',2,0,1,0,720,0,0,0,1,0,0,'0',0),(82,700307,1,'Shock Device','Enemies effected by Joan\'s Shock device will be stunned for 1 second',2,0,43,0,0,1000,0,0,0,43,0,'0',0),(83,700307,2,'Shock Device','Enemies effected by Joan\'s Shock device will be stunned for 1 second',2,0,43,0,0,1000,0,0,0,43,0,'0',0),(84,700307,3,'Shock Device','Enemies effected by Joan\'s Shock device will be stunned for 1 second',2,0,43,0,0,1000,0,0,0,43,0,'0',0),(85,700307,4,'Shock Device','Enemies effected by Joan\'s Shock device will be stunned for 1 second',2,0,43,0,0,1000,0,0,0,43,0,'0',0),(86,700401,1,'护士技能1_治疗','0',1,0,2,0,152,0,0,0,0,0,0,'0',80),(87,700401,2,'护士技能1_治疗','0',1,0,2,0,182,0,0,0,0,0,0,'0',80),(88,700401,3,'护士技能1_治疗','0',1,0,2,0,212,0,0,0,0,0,0,'0',80),(89,700401,4,'护士技能1_治疗','0',1,0,2,0,242,0,0,0,0,0,0,'0',80),(90,700402,1,'Hypnotic','Enemies injected with this drug will fall asleep for 4 seconds',2,0,45,0,0,4000,0,1,0,0,0,'0',0),(91,700402,2,'Hypnotic','Enemies injected with this drug will fall asleep for 4 seconds',2,0,45,0,0,4000,0,1,0,0,0,'0',0),(92,700402,3,'Hypnotic','Enemies injected with this drug will fall asleep for 4 seconds',2,0,45,0,0,4000,0,1,0,0,0,'0',0),(93,700402,4,'Hypnotic','Enemies injected with this drug will fall asleep for 4 seconds',2,0,45,0,0,4000,0,1,0,0,0,'0',0),(94,700404,1,'Stimulant (Damage Boost)','Increase damage dealt by 45% for 2 seconds',0,1,25,1,45,2000,0,1,0,0,0,'0',300),(95,700404,2,'Stimulant (Damage Boost)','Increase damage dealt by 55% for 2 seconds',0,1,25,1,55,2000,0,1,0,0,0,'0',300),(96,700404,3,'Stimulant (Damage Boost)','Increase damage dealt by 65% for 2 seconds',0,1,25,1,65,2000,0,1,0,0,0,'0',300),(97,700404,4,'Stimulant (Damage Boost)','Increase damage dealt by 75% for 2 seconds',0,1,25,1,75,2000,0,1,0,0,0,'0',300),(98,700405,1,'兴奋剂（损失生命）','0',0,1,50,0,150,0,0,0,0,0,0,'0',300),(99,700405,2,'兴奋剂（损失生命）','0',0,1,50,0,150,0,0,0,0,0,0,'0',300),(100,700405,3,'兴奋剂（损失生命）','0',0,1,50,0,150,0,0,0,0,0,0,'0',300),(101,700405,4,'兴奋剂（损失生命）','0',0,1,50,0,150,0,0,0,0,0,0,'0',300),(102,700406,1,'Stimulant (Speed Boost)','Increase Movement Speed by 20% for 8 seconds',0,1,5,1,20,8000,0,0,0,0,0,'0',300),(103,700406,2,'Stimulant (Speed Boost)','Increase Movement Speed by 22% for 8 seconds',0,1,5,1,22,8000,0,0,0,0,0,'0',300),(104,700406,3,'Stimulant (Speed Boost)','Increase Movement Speed by 24% for 8 seconds',0,1,5,1,24,8000,0,0,0,0,0,'0',300),(105,700406,4,'Stimulant (Speed Boost)','Increase Movement Speed by 26% for 8 seconds',0,1,5,1,26,8000,0,0,0,0,0,'0',300),(106,700501,1,'侠客技能1_十字连斩1_伤害','0',2,0,1,0,205,0,0,0,1,0,0,'0',0),(107,700501,2,'侠客技能1_十字连斩1_伤害','0',2,0,1,0,246,0,0,0,1,0,0,'0',0),(108,700501,3,'侠客技能1_十字连斩1_伤害','0',2,0,1,0,287,0,0,0,1,0,0,'0',0),(109,700501,4,'侠客技能1_十字连斩1_伤害','0',2,0,1,0,328,0,0,0,1,0,0,'0',0),(110,700502,1,'侠客技能2_剑气纵横_伤害','0',2,3,1,0,324,0,0,0,1,0,0,'0',0),(111,700502,2,'侠客技能2_剑气纵横_伤害','0',2,3,1,0,354,0,0,0,1,0,0,'0',0),(112,700502,3,'侠客技能2_剑气纵横_伤害','0',2,3,1,0,384,0,0,0,1,0,0,'0',0),(113,700502,4,'侠客技能2_剑气纵横_伤害','0',2,3,1,0,414,0,0,0,1,0,0,'0',0),(114,700504,1,'侠客技能3_魅影绝杀_位移','0',0,1,42,0,7,300,0,0,0,0,0,'0',0),(115,700504,2,'侠客技能3_魅影绝杀_位移','0',0,1,42,0,7,300,0,0,0,0,0,'0',0),(116,700504,3,'侠客技能3_魅影绝杀_位移','0',0,1,42,0,7,300,0,0,0,0,0,'0',0),(117,700504,4,'侠客技能3_魅影绝杀_位移','0',0,1,42,0,7,300,0,0,0,0,0,'0',0),(118,700505,1,'侠客技能1_十字连斩2_伤害','0',2,0,1,0,238,0,0,0,1,0,0,'0',0),(119,700505,2,'侠客技能1_十字连斩2_伤害','0',2,0,1,0,290,0,0,0,1,0,0,'0',0),(120,700505,3,'侠客技能1_十字连斩2_伤害','0',2,0,1,0,332,0,0,0,1,0,0,'0',0),(121,700505,4,'侠客技能1_十字连斩2_伤害','0',2,0,1,0,380,0,0,0,1,0,0,'0',0),(122,700506,1,'侠客技能3_魅影绝杀_光环','0',0,1,54,0,700507,400,0,0,0,0,1,'2',0),(123,700506,2,'侠客技能3_魅影绝杀_光环','0',0,1,54,0,700507,400,0,0,0,0,1,'2',0),(124,700506,3,'侠客技能3_魅影绝杀_光环','0',0,1,54,0,700507,400,0,0,0,0,1,'2',0),(125,700506,4,'侠客技能3_魅影绝杀_光环','0',0,1,54,0,700507,400,0,0,0,0,1,'2',0),(126,700507,1,'侠客技能3_魅影绝杀_伤害','0',2,0,1,0,215,0,0,0,0,43,0,'0',0),(127,700507,2,'侠客技能3_魅影绝杀_伤害','0',2,0,1,0,258,0,0,0,0,43,0,'0',0),(128,700507,3,'侠客技能3_魅影绝杀_伤害','0',2,0,1,0,301,0,0,0,0,43,0,'0',0),(129,700507,4,'侠客技能3_魅影绝杀_伤害','0',2,0,1,0,344,0,0,0,0,43,0,'0',0),(130,700601,1,'萝莉技能1_蜘蛛地雷_生成触发器','0',0,2,8,0,860001,0,0,0,0,0,0,'0',0),(131,700601,2,'萝莉技能1_蜘蛛地雷_生成触发器','0',0,2,8,0,860002,0,0,0,0,0,0,'0',0),(132,700601,3,'萝莉技能1_蜘蛛地雷_生成触发器','0',0,2,8,0,860003,0,0,0,0,0,0,'0',0),(133,700601,4,'萝莉技能1_蜘蛛地雷_生成触发器','0',0,2,8,0,860004,0,0,0,0,0,0,'0',0),(134,700602,1,'萝莉技能2_召唤炮塔_生成怪物','0',0,2,48,0,401201,0,0,0,0,0,0,'0',0),(135,700602,2,'萝莉技能2_召唤炮塔_生成怪物','0',0,2,48,0,401202,0,0,0,0,0,0,'0',0),(136,700602,3,'萝莉技能2_召唤炮塔_生成怪物','0',0,2,48,0,401203,0,0,0,0,0,0,'0',0),(137,700602,4,'萝莉技能2_召唤炮塔_生成怪物','0',0,2,48,0,401204,0,0,0,0,0,0,'0',0),(138,700604,1,'Hide and Seek (Speed Boost)','Increase Movement Speed by 15% for 3 seconds',0,1,5,1,15,3000,0,0,0,0,0,'0',0),(139,700604,2,'Hide and Seek (Speed Boost)','Increase Movement Speed by 18% for 3 seconds',0,1,5,1,18,3000,0,0,0,0,0,'0',0),(140,700604,3,'Hide and Seek (Speed Boost)','Increase Movement Speed by 21% for 3 seconds',0,1,5,1,21,3000,0,0,0,0,0,'0',0),(141,700604,4,'Hide and Seek (Speed Boost)','Increase Movement Speed by 24% for 3 seconds',0,1,5,1,24,3000,0,0,0,0,0,'0',0),(142,700605,1,'萝莉技能1_蜘蛛地雷_爆炸','0',2,0,1,0,285,0,0,0,1,0,0,'0',0),(143,700605,2,'萝莉技能1_蜘蛛地雷_爆炸','0',2,0,1,0,332,0,0,0,1,0,0,'0',0),(144,700605,3,'萝莉技能1_蜘蛛地雷_爆炸','0',2,0,1,0,379,0,0,0,1,0,0,'0',0),(145,700605,4,'萝莉技能1_蜘蛛地雷_爆炸','0',2,0,1,0,426,0,0,0,1,0,0,'0',0),(146,700606,1,'Invisibility','No one can see you!',0,1,58,0,0,3000,0,0,0,0,0,'0',0),(147,700606,2,'Invisibility','No one can see you!',0,1,58,0,0,3000,0,0,0,0,0,'0',0),(148,700606,3,'Invisibility','No one can see you!',0,1,58,0,0,3000,0,0,0,0,0,'0',0),(149,700606,4,'Invisibility','No one can see you!',0,1,58,0,0,3000,0,0,0,0,0,'0',0),(150,700701,1,'比尔技能1_火箭炮_伤害','0',2,0,1,0,380,0,0,0,1,0,0,'0',0),(151,700701,2,'比尔技能1_火箭炮_伤害','0',2,0,1,0,460,0,0,0,1,0,0,'0',0),(152,700701,3,'比尔技能1_火箭炮_伤害','0',2,0,1,0,540,0,0,0,1,0,0,'0',0),(153,700701,4,'比尔技能1_火箭炮_伤害','0',2,0,1,0,620,0,0,0,1,0,0,'0',0),(154,700702,1,'比尔技能2_抓钩_拉回','0',2,0,49,0,0,0,0,0,1,0,0,'0',300),(155,700702,2,'比尔技能2_抓钩_拉回','0',2,0,49,0,0,0,0,0,1,0,0,'0',300),(156,700702,3,'比尔技能2_抓钩_拉回','0',2,0,49,0,0,0,0,0,1,0,0,'0',300),(157,700702,4,'比尔技能2_抓钩_拉回','0',2,0,49,0,0,0,0,0,1,0,0,'0',300),(158,700704,1,'比尔技能3_突进_位移','0',0,1,42,0,5,400,0,0,0,0,0,'0',0),(159,700704,2,'比尔技能3_突进_位移','0',0,1,42,0,5,400,0,0,0,0,0,'0',0),(160,700704,3,'比尔技能3_突进_位移','0',0,1,42,0,5,400,0,0,0,0,0,'0',0),(161,700704,4,'比尔技能3_突进_位移','0',0,1,42,0,5,400,0,0,0,0,0,'0',0),(162,700705,1,'Stun (Grappling Hook)','Stuns unit for 1 seconds',2,0,43,0,0,1000,0,0,0,43,0,'0',0),(163,700705,2,'Stun (Grappling Hook)','Stuns unit for 1 seconds',2,0,43,0,0,1000,0,0,0,43,0,'0',0),(164,700705,3,'Stun (Grappling Hook)','Stuns unit for 1 seconds',2,0,43,0,0,1000,0,0,0,43,0,'0',0),(165,700705,4,'Stun (Grappling Hook)','Stuns unit for 1 seconds',2,0,43,0,0,1000,0,0,0,43,0,'0',0),(166,700706,1,'Shield (Fearless Advance)','Shield Absorbs 30 damage. Lasts for 5 seconds',0,1,31,0,30,5000,0,0,0,0,0,'0',0),(167,700706,2,'Shield (Fearless Advance)','Shield Absorbs 40 damage. Lasts for 5 seconds',0,1,31,0,40,5000,0,0,0,0,0,'0',0),(168,700706,3,'Shield (Fearless Advance)','Shield Absorbs 50 damage. Lasts for 5 seconds',0,1,31,0,50,5000,0,0,0,0,0,'0',0),(169,700706,4,'Shield (Fearless Advance)','Shield Absorbs 60 damage. Lasts for 5 seconds',0,1,31,0,60,5000,0,0,0,0,0,'0',0),(170,700801,1,'阿拉伯技能1_沙暴_生成触发器','0',0,2,8,0,861101,0,0,0,0,0,0,'0',0),(171,700801,2,'阿拉伯技能1_沙暴_生成触发器','0',0,2,8,0,861102,0,0,0,0,0,0,'0',0),(172,700801,3,'阿拉伯技能1_沙暴_生成触发器','0',0,2,8,0,861103,0,0,0,0,0,0,'0',0),(173,700801,4,'阿拉伯技能1_沙暴_生成触发器','0',0,2,8,0,861104,0,0,0,0,0,0,'0',0),(174,700802,1,'阿拉伯技能2_引力弹_扯回','0',2,0,60,0,0,0,0,0,0,0,0,'0',0),(175,700802,2,'阿拉伯技能2_引力弹_扯回','0',2,0,60,0,0,0,0,0,0,0,0,'0',0),(176,700802,3,'阿拉伯技能2_引力弹_扯回','0',2,0,60,0,0,0,0,0,0,0,0,'0',0),(177,700802,4,'阿拉伯技能2_引力弹_扯回','0',2,0,60,0,0,0,0,0,0,0,0,'0',0),(178,700804,1,'阿拉伯技能3_信仰之跃_位移','0',0,1,42,0,6.5,500,0,0,0,0,0,'0',0),(179,700804,2,'阿拉伯技能3_信仰之跃_位移','0',0,1,42,0,6.5,500,0,0,0,0,0,'0',0),(180,700804,3,'阿拉伯技能3_信仰之跃_位移','0',0,1,42,0,6.5,500,0,0,0,0,0,'0',0),(181,700804,4,'阿拉伯技能3_信仰之跃_位移','0',0,1,42,0,6.5,500,0,0,0,0,0,'0',0),(182,700805,1,'Trap (Movement Speed Reduction)','Quicksand reduces Movement Speed by 40%.',2,3,5,1,-40,-1,0,0,1,0,0,'0',0),(183,700805,2,'Trap (Movement Speed Reduction)','Quicksand reduces Movement Speed by 43%.',2,3,5,1,-43,-1,0,0,1,0,0,'0',0),(184,700805,3,'Trap (Movement Speed Reduction)','Quicksand reduces Movement Speed by 46%.',2,3,5,1,-46,-1,0,0,1,0,0,'0',0),(185,700805,4,'Trap (Movement Speed Reduction)','Quicksand reduces Movement Speed by 50%.',2,3,5,1,-50,-1,0,0,1,0,0,'0',0),(186,700806,1,'Trap (Silence)','Enemies involved in the quicksand are unable to shoot. However, they can still cast skills.',2,3,40,0,0,-1,0,0,1,0,0,'0',0),(187,700806,2,'Trap (Silence)','Enemies involved in the quicksand are unable to shoot. However, they can still cast skills.',2,3,40,0,0,-1,0,0,1,0,0,'0',0),(188,700806,3,'Trap (Silence)','Enemies involved in the quicksand are unable to shoot. However, they can still cast skills.',2,3,40,0,0,-1,0,0,1,0,0,'0',0),(189,700806,4,'Trap (Silence)','Enemies involved in the quicksand are unable to shoot. However, they can still cast skills.',2,3,40,0,0,-1,0,0,1,0,0,'0',0),(190,700807,1,'阿拉伯技能2_引力弹_伤害','0',2,0,1,0,205,0,0,0,0,0,0,'0',0),(191,700807,2,'阿拉伯技能2_引力弹_伤害','0',2,0,1,0,246,0,0,0,0,0,0,'0',0),(192,700807,3,'阿拉伯技能2_引力弹_伤害','0',2,0,1,0,287,0,0,0,0,0,0,'0',0),(193,700807,4,'阿拉伯技能2_引力弹_伤害','0',2,0,1,0,328,0,0,0,0,0,0,'0',0),(194,700808,1,'Leap of Faith (Speed Reduction)','Reduces movement speed of affected enemies by 10%.',2,0,5,1,-10,5000,0,0,0,0,0,'0',0),(195,700808,2,'Leap of Faith (Speed Reduction)','Reduces movement speed of affected enemies by 13%.',2,0,5,1,-13,5000,0,0,0,0,0,'0',0),(196,700808,3,'Leap of Faith (Speed Reduction)','Reduces movement speed of affected enemies by 16%.',2,0,5,1,-16,5000,0,0,0,0,0,'0',0),(197,700808,4,'Leap of Faith (Speed Reduction)','Reduces movement speed of affected enemies by 20%.',2,0,5,1,-20,5000,0,0,0,0,0,'0',0),(198,700901,1,'迪亚比技能1_双枪直射_伤害','0',2,0,1,0,36,0,0,0,1,0,0,'0',0),(199,700901,2,'迪亚比技能1_双枪直射_伤害','0',2,0,1,0,42,0,0,0,1,0,0,'0',0),(200,700901,3,'迪亚比技能1_双枪直射_伤害','0',2,0,1,0,48,0,0,0,1,0,0,'0',0),(201,700901,4,'迪亚比技能1_双枪直射_伤害','0',2,0,1,0,54,0,0,0,1,0,0,'0',0),(202,700902,1,'迪亚比技能2_空中扫射_伤害','0',2,0,1,0,42,0,0,0,1,0,0,'0',0),(203,700902,2,'迪亚比技能2_空中扫射_伤害','0',2,0,1,0,50,0,0,0,1,0,0,'0',0),(204,700902,3,'迪亚比技能2_空中扫射_伤害','0',2,0,1,0,58,0,0,0,1,0,0,'0',0),(205,700902,4,'迪亚比技能2_空中扫射_伤害','0',2,0,1,0,66,0,0,0,1,0,0,'0',0),(206,700904,1,'迪亚比技能3_忍步_位移','0',0,1,42,0,6,200,0,0,0,0,0,'0',0),(207,700904,2,'迪亚比技能3_忍步_位移','0',0,1,42,0,6,200,0,0,0,0,0,'0',0),(208,700904,3,'迪亚比技能3_忍步_位移','0',0,1,42,0,6,200,0,0,0,0,0,'0',0),(209,700904,4,'迪亚比技能3_忍步_位移','0',0,1,42,0,6,200,0,0,0,0,0,'0',0),(210,700905,1,'Air Strafing_Armor','Increases armor by 200 points.',0,1,3,0,200,2500,0,0,0,0,0,'0',0),(211,700905,2,'Air Strafing_Armor','Increases armor by 233 points.',0,1,3,0,233,2500,0,0,0,0,0,'0',0),(212,700905,3,'Air Strafing_Armor','Increases armor by 266 points.',0,1,3,0,266,2500,0,0,0,0,0,'0',0),(213,700905,4,'Air Strafing_Armor','Increases armor by 300 points.',0,1,3,0,300,2500,0,0,0,0,0,'0',0),(214,701001,1,'火王技能1_火墙_生成触发器','0',2,2,8,0,860401,0,0,0,1,0,0,'0',0),(215,701001,2,'火王技能1_火墙_生成触发器','0',2,2,8,0,860402,0,0,0,1,0,0,'0',0),(216,701001,3,'火王技能1_火墙_生成触发器','0',2,2,8,0,860403,0,0,0,1,0,0,'0',0),(217,701001,4,'火王技能1_火墙_生成触发器','0',2,2,8,0,860404,0,0,0,1,0,0,'0',0),(218,701002,1,'火王技能3_盾罩_生成触发器','0',0,2,8,0,860501,0,0,0,0,0,0,'0',0),(219,701002,2,'火王技能3_盾罩_生成触发器','0',0,2,8,0,860502,0,0,0,0,0,0,'0',0),(220,701002,3,'火王技能3_盾罩_生成触发器','0',0,2,8,0,860503,0,0,0,0,0,0,'0',0),(221,701002,4,'火王技能3_盾罩_生成触发器','0',0,2,8,0,860504,0,0,0,0,0,0,'0',0),(222,701004,1,'Oil Barrel','Enemies covered with oil will take increased damage from flame attacks for 10 seconds.',2,0,56,0,701007,10000,1,0,0,0,0,'0',0),(223,701004,2,'Oil Barrel','Enemies covered with oil will take increased damage from flame attacks for 10 seconds.',2,0,56,0,701007,10000,1,0,0,0,0,'0',0),(224,701004,3,'Oil Barrel','Enemies covered with oil will take increased damage from flame attacks for 10 seconds.',2,0,56,0,701007,10000,1,0,0,0,0,'0',0),(225,701004,4,'Oil Barrel','Enemies covered with oil will take increased damage from flame attacks for 10 seconds.',2,0,56,0,701007,10000,1,0,0,0,0,'0',0),(226,701005,1,'Flaming Forcefield','Increases armor by 200 points',1,3,3,0,200,8000,0,0,0,0,0,'0',0),(227,701005,2,'Flaming Forcefield','Increase Armor by 240 points',1,3,3,0,240,8000,0,0,0,0,0,'0',0),(228,701005,3,'Flaming Forcefield','Increase Armor by 280 points',1,3,3,0,280,8000,0,0,0,0,0,'0',0),(229,701005,4,'Flaming Forcefield','Increase Armor by 320 points',1,3,3,0,320,8000,0,0,0,0,0,'0',0),(230,701006,1,'火王技能1_火墙_伤害','0',2,0,1,0,152,0,0,0,0,0,0,'0',0),(231,701006,2,'火王技能1_火墙_伤害','0',2,0,1,0,183,0,0,0,0,0,0,'0',0),(232,701006,3,'火王技能1_火墙_伤害','0',2,0,1,0,214,0,0,0,0,0,0,'0',0),(233,701006,4,'火王技能1_火墙_伤害','0',2,0,1,0,245,0,0,0,0,0,0,'0',0),(234,701007,1,'Burnt','You\'ve been burnt by flaming oil, this debuff will last for 8 seconds.',0,0,28,0,30,8000,8,0,0,0,0,'0',0),(235,701007,2,'Burnt','You\'ve been burnt by flaming oil, this debuff will last for 8 seconds.',0,0,28,0,40,8000,8,0,0,0,0,'0',0),(236,701007,3,'Burnt','You\'ve been burnt by flaming oil, this debuff will last for 8 seconds.',0,0,28,0,50,8000,8,0,0,0,0,'0',0),(237,701007,4,'Burnt','You\'ve been burnt by flaming oil, this debuff will last for 8 seconds.',0,0,28,0,60,8000,8,0,0,0,0,'0',0),(238,701008,1,'Flaming Forcefield','You\'re burning while in the flaming forcefield.',2,0,28,0,30,8000,16,0,0,0,0,'0',0),(239,701008,2,'Flaming Forcefield','You\'re burning while in the flaming forcefield.',2,0,28,0,36,8000,16,0,0,0,0,'0',0),(240,701008,3,'Flaming Forcefield','You\'re burning while in the flaming forcefield.',2,0,28,0,42,8000,16,0,0,0,0,'0',0),(241,701008,4,'Flaming Forcefield','You\'re burning while in the flaming forcefield.',2,0,28,0,48,8000,16,0,0,0,0,'0',0),(242,701009,1,'火王技能1_火墙_火','',2,0,57,0,0,0,0,0,0,0,0,'0',0),(243,701009,2,'火王技能1_火墙_火','',2,0,57,0,0,0,0,0,0,0,0,'0',0),(244,701009,3,'火王技能1_火墙_火','',2,0,57,0,0,0,0,0,0,0,0,'0',0),(245,701009,4,'火王技能1_火墙_火','',2,0,57,0,0,0,0,0,0,0,0,'0',0),(246,701010,1,'盾罩_火','',2,0,57,0,0,0,0,0,0,0,0,'0',0),(247,701010,2,'盾罩_火','',2,0,57,0,0,0,0,0,0,0,0,'0',0),(248,701010,3,'盾罩_火','',2,0,57,0,0,0,0,0,0,0,0,'0',0),(249,701010,4,'盾罩_火','',2,0,57,0,0,0,0,0,0,0,0,'0',0),(250,701011,1,'Burning Oil DMG','A target spilled by burning oil will suffer more DMG by fire attack, last 10s.',2,0,1,0,125,0,0,0,0,0,0,'0',0),(251,701011,2,'Burning Oil DMG','A target spilled by burning oil will suffer more DMG by fire attack, last 10s.',2,0,1,0,150,0,0,0,0,0,0,'0',0),(252,701011,3,'Burning Oil DMG','A target spilled by burning oil will suffer more DMG by fire attack, last 10s.',2,0,1,0,175,0,0,0,0,0,0,'0',0),(253,701011,4,'Burning Oil DMG','A target spilled by burning oil will suffer more DMG by fire attack, last 10s.',2,0,1,0,200,0,0,0,0,0,0,'0',0),(254,701101,1,'Immobilizing Trap','Immobilizes unit for 2 seconds',0,2,8,0,860601,0,0,0,0,0,0,'0',0),(255,701101,2,'Immobilizing Trap','Immobilizes unit for 2.5 seconds',0,2,8,0,860602,0,0,0,0,0,0,'0',0),(256,701101,3,'Immobilizing Trap','Immobilizes unit for 3 seconds',0,2,8,0,860603,0,0,0,0,0,0,'0',0),(257,701101,4,'Immobilizing Trap','Immobilizes unit for 3.5 seconds',0,2,8,0,860604,0,0,0,0,0,0,'0',0),(258,701102,1,'女弩技能2_雷霆箭雨_伤害','0',2,0,1,0,200,0,0,0,0,0,0,'0',0),(259,701102,2,'女弩技能2_雷霆箭雨_伤害','0',2,0,1,0,240,0,0,0,0,0,0,'0',0),(260,701102,3,'女弩技能2_雷霆箭雨_伤害','0',2,0,1,0,280,0,0,0,0,0,0,'0',0),(261,701102,4,'女弩技能2_雷霆箭雨_伤害','0',2,0,1,0,320,0,0,0,0,0,0,'0',0),(262,701104,1,'女弩技能3_无畏跳射_位移','0',0,1,42,0,7,500,0,0,0,0,0,'0',0),(263,701104,2,'女弩技能3_无畏跳射_位移','0',0,1,42,0,7,500,0,0,0,0,0,'0',0),(264,701104,3,'女弩技能3_无畏跳射_位移','0',0,1,42,0,7,500,0,0,0,0,0,'0',0),(265,701104,4,'女弩技能3_无畏跳射_位移','0',0,1,42,0,7,500,0,0,0,0,0,'0',0),(266,701105,1,'Immobilizing Trap Trigger','Immobilizes unit for 2 seconds.',2,3,44,1,0,2000,0,0,1,0,0,'0',0),(267,701105,2,'Immobilizing Trap Trigger','Immobilizes unit for 2.5 seconds.',2,3,44,1,0,2500,0,0,1,0,0,'0',0),(268,701105,3,'Immobilizing Trap Trigger','Immobilizes unit for 3 seconds.',2,3,44,1,0,3000,0,0,1,0,0,'0',0),(269,701105,4,'Immobilizing Trap Trigger','Immobilizes unit for 3.5 seconds.',2,3,44,1,0,3500,0,0,1,0,0,'0',0),(270,701106,1,'Immobilizing Trap Trigger Label','You\'re exposed and unable to move due to the effect of Immobilizing Trap.',2,3,55,1,0,2000,0,0,1,0,0,'0',0),(271,701106,2,'Immobilizing Trap Trigger Label','You\'re exposed and unable to move due to the effect of Immobilizing Trap.',2,3,55,1,0,2500,0,0,1,0,0,'0',0),(272,701106,3,'Immobilizing Trap Trigger Label','You\'re exposed and unable to move due to the effect of Immobilizing Trap.',2,3,55,1,0,3000,0,0,1,0,0,'0',0),(273,701106,4,'Immobilizing Trap Trigger Label','You\'re exposed and unable to move due to the effect of Immobilizing Trap.',2,3,55,1,0,3500,0,0,1,0,0,'0',0),(274,701107,1,'女弩技能3_无畏跳射_伤害','0',2,0,1,0,282,0,0,0,0,0,0,'0',0),(275,701107,2,'女弩技能3_无畏跳射_伤害','0',2,0,1,0,334,0,0,0,0,0,0,'0',0),(276,701107,3,'女弩技能3_无畏跳射_伤害','0',2,0,1,0,386,0,0,0,0,0,0,'0',0),(277,701107,4,'女弩技能3_无畏跳射_伤害','0',2,0,1,0,438,0,0,0,0,0,0,'0',0),(278,701201,1,'Magnetic Overload','Increases attack power by 10 points for 10 seconds.',0,1,25,0,10,10000,0,0,0,0,0,'0',0),(279,701201,2,'Magnetic Overload','Increases attack power by 15 points for 10 seconds.',0,1,25,0,15,10000,0,0,0,0,0,'0',0),(280,701201,3,'Magnetic Overload','Increases attack power by 20 points for 10 seconds.',0,1,25,0,20,10000,0,0,0,0,0,'0',0),(281,701201,4,'Magnetic Overload','Increases attack power by 25 points for 10 seconds.',0,1,25,0,25,10000,0,0,0,0,0,'0',0),(282,701202,1,'Self Heal','Restores 30 HP per second for 8 seconds.',0,1,29,0,30,8000,8,0,0,0,0,'0',0),(283,701202,2,'Self Heal','Restores 40 HP per second for 8 seconds.',0,1,29,0,40,8000,8,0,0,0,0,'0',0),(284,701202,3,'Self Heal','Restores 50 HP per second for 8 seconds.',0,1,29,0,50,8000,8,0,0,0,0,'0',0),(285,701202,4,'Self Heal','Restores 60 HP per second for 8 seconds.',0,1,29,0,60,8000,8,0,0,0,0,'0',0),(290,701204,1,'Thrust','',0,1,42,0,6.5,500,0,0,0,0,0,'0',0),(291,701204,2,'Thrust','',0,1,42,0,6.5,500,0,0,0,0,0,'0',0),(292,701204,3,'Thrust','',0,1,42,0,6.5,500,0,0,0,0,0,'0',0),(293,701204,4,'Thrust','',0,1,42,0,6.5,500,0,0,0,0,0,'0',0),(294,701205,1,'Impact','Impacted by a high speed Capone, stuns for 1 second.',2,0,43,0,0,1000,0,0,0,43,0,'0',0),(295,701205,2,'Impact','Impacted by a high speed Capone, stuns for 1 second.',2,0,43,0,0,1000,0,0,0,43,0,'0',0),(296,701205,3,'Impact','Impacted by a high speed Capone, stuns for 1 second.',2,0,43,0,0,1000,0,0,0,43,0,'0',0),(297,701205,4,'Impact','Impacted by a high speed Capone, stuns for 1 second.',2,0,43,0,0,1000,0,0,0,43,0,'0',0),(298,701206,1,'Magnetic Overload','Increases ammo by 25 for 10 seconds.',0,1,16,0,25,10000,0,0,0,0,0,'0',0),(299,701206,2,'Magnetic Overload','Increases ammo by 28 for 10 seconds.',0,1,16,0,28,10000,0,0,0,0,0,'0',0),(300,701206,3,'Magnetic Overload','Increases ammo by 31 for 10 seconds.',0,1,16,0,31,10000,0,0,0,0,0,'0',0),(301,701206,4,'Magnetic Overload','Increases ammo by 34 for 10 seconds.',0,1,16,0,34,10000,0,0,0,0,0,'0',0),(302,701207,1,'Magnetic Overload','Increases cooldown of weapon by 3 seconds for 10 seconds.',0,1,17,0,3000,10000,0,0,0,0,0,'0',0),(303,701207,2,'Magnetic Overload','Increases cooldown of weapon by 3 seconds for 10 seconds.',0,1,17,0,3000,10000,0,0,0,0,0,'0',0),(304,701207,3,'Magnetic Overload','Increases cooldown of weapon by 3 seconds for 10 seconds.',0,1,17,0,3000,10000,0,0,0,0,0,'0',0),(305,701207,4,'Magnetic Overload','Increases cooldown of weapon by 3 seconds for 10 seconds.',0,1,17,0,3000,10000,0,0,0,0,0,'0',0),(306,701301,1,'Explosive Grenade','',2,0,1,0,325,0,0,0,0,0,0,'0',0),(307,701301,2,'Explosive Grenade','',2,0,1,0,385,0,0,0,0,0,0,'0',0),(308,701301,3,'Explosive Grenade','',2,0,1,0,445,0,0,0,0,0,0,'0',0),(309,701301,4,'Explosive Grenade','',2,0,1,0,505,0,0,0,0,0,0,'0',0),(310,701302,1,'Brawling','',2,0,1,0,130,0,0,0,1,0,0,'0',0),(311,701302,2,'Brawling','',2,0,1,0,154,0,0,0,1,0,0,'0',0),(312,701302,3,'Brawling','',2,0,1,0,178,0,0,0,1,0,0,'0',0),(313,701302,4,'Brawling','',2,0,1,0,202,0,0,0,1,0,0,'0',0),(314,701303,1,'Battle Will','Increases movement speed by 30 for 7 seconds.',0,1,5,0,30,7000,0,0,0,0,0,'0',0),(315,701303,2,'Battle Will','Increases movement speed by 40 for 7 seconds.',0,1,5,0,40,7000,0,0,0,0,0,'0',0),(316,701303,3,'Battle Will','Increases movement speed by 50 for 7 seconds.',0,1,5,0,50,7000,0,0,0,0,0,'0',0),(317,701303,4,'Battle Will','Increases movement speed by 60 for 7 seconds.',0,1,5,0,60,7000,0,0,0,0,0,'0',0),(322,701305,1,'Brawling','Patty\'s punch stuns you for 1.5 seconds.',2,0,43,0,0,1500,0,0,1,0,0,'0',0),(323,701305,2,'Brawling','Patty\'s punch stuns you for 1.5 seconds.',2,0,43,0,0,1500,0,0,1,0,0,'0',0),(324,701305,3,'Brawling','Patty\'s punch stuns you for 1.5 seconds.',2,0,43,0,0,1500,0,0,1,0,0,'0',0),(325,701305,4,'Brawling','Patty\'s punch stuns you for 1.5 seconds.',2,0,43,0,0,1500,0,0,1,0,0,'0',0),(326,701306,1,'Battle Will','Grants a shield absorbing 200 damage for 7 seconds.',0,1,31,0,200,7000,0,0,0,0,0,'0',0),(327,701306,2,'Battle Will','Grants a shield absorbing 240 damage for 7 seconds.',0,1,31,0,240,7000,0,0,0,0,0,'0',0),(328,701306,3,'Battle Will','Grants a shield absorbing 280 damage for 7 seconds.',0,1,31,0,280,7000,0,0,0,0,0,'0',0),(329,701306,4,'Battle Will','Grants a shield absorbing 320 damage for 7 seconds.',0,1,31,0,320,7000,0,0,0,0,0,'0',0),(330,705101,1,'机甲火炮','0',2,0,1,0,350,0,0,0,1,0,0,'0',0),(331,705101,2,'机甲火炮','0',2,0,1,0,398,0,0,0,1,0,0,'0',0),(332,705101,3,'机甲火炮','0',2,0,1,0,446,0,0,0,1,0,0,'0',0),(333,705101,4,'机甲火炮','0',2,0,1,0,494,0,0,0,1,0,0,'0',0),(334,705102,1,'机甲导弹','0',2,0,1,0,200,0,0,0,1,0,0,'0',0),(335,705102,2,'机甲导弹','0',2,0,1,0,248,0,0,0,1,0,0,'0',0),(336,705102,3,'机甲导弹','0',2,0,1,0,296,0,0,0,1,0,0,'0',0),(337,705102,4,'机甲导弹','0',2,0,1,0,344,0,0,0,1,0,0,'0',0),(338,705103,1,'翻滚','0',0,1,42,0,9,733,0,0,0,0,0,'0',0),(339,705103,2,'翻滚','0',0,1,42,0,9,733,0,0,0,0,0,'0',0),(340,705103,3,'翻滚','0',0,1,42,0,9,733,0,0,0,0,0,'0',0),(341,705103,4,'翻滚','0',0,1,42,0,9,733,0,0,0,0,0,'0',0),(342,705104,1,'机甲自爆','0',0,0,1,0,400,0,0,0,1,0,0,'0',0),(343,705104,2,'机甲自爆','0',0,0,1,0,448,0,0,0,1,0,0,'0',0),(344,705104,3,'机甲自爆','0',0,0,1,0,496,0,0,0,1,0,0,'0',0),(345,705104,4,'机甲自爆','0',0,0,1,0,544,0,0,0,1,0,0,'0',0),(346,705105,1,'上机甲','0',0,0,51,0,0,0,0,0,1,0,0,'0',0),(347,705105,2,'上机甲','0',0,0,51,0,0,0,0,0,1,0,0,'0',0),(348,705105,3,'上机甲','0',0,0,51,0,0,0,0,0,1,0,0,'0',0),(349,705105,4,'上机甲','0',0,0,51,0,0,0,0,0,1,0,0,'0',0),(350,705106,1,'下机甲','0',0,0,52,0,0,0,0,0,1,0,0,'0',0),(351,705106,2,'下机甲','0',0,0,52,0,0,0,0,0,1,0,0,'0',0),(352,705106,3,'下机甲','0',0,0,52,0,0,0,0,0,1,0,0,'0',0),(353,705106,4,'下机甲','0',0,0,52,0,0,0,0,0,1,0,0,'0',0),(1100,720001,1,'油桶爆炸','0',0,0,1,0,500,0,0,0,0,0,0,'0',0),(1101,720002,1,'持续喷火','0',0,0,1,0,100,0,0,0,0,0,0,'0',0),(1102,720003,1,'Poison','Deals 30 poison damage per second.',0,0,28,0,30,8000,8,0,0,0,0,'0',0),(1103,720004,1,'Freeze','Reduces Movement Speed by 40%.',0,0,5,1,-40,3000,0,0,0,0,0,'0',0),(1104,720005,1,'吸重盘','0',0,0,1,0,100,0,0,0,0,0,0,'0',0),(1105,720006,1,'地雷（非技能）','0',0,0,1,0,400,0,0,0,0,0,0,'0',0),(1106,720007,1,'雪球_伤害','',0,0,1,0,400,0,0,0,0,0,0,'0',0),(1107,720008,1,'闪电_伤害','',0,0,1,0,400,0,0,0,0,0,0,'0',0),(1108,720009,1,'沼泽_减速','Movement speed decreased while in swamp.',0,0,5,1,-40,12000,0,0,0,0,0,'0',0),(1109,720010,1,'油潭_减速','Movement speed decreased while in oil pool.',0,0,5,1,-40,12000,0,0,0,0,0,'0',0),(1110,720011,1,'油潭_叠油','',0,0,56,0,701007,10000,0,0,0,0,0,'0',0),(1111,720012,1,'流沙_减速','Movement speed decreased while in quicksand.',0,0,5,1,-40,12000,0,0,0,0,0,'0',0),(1112,720013,1,'地刺_伤害','',0,0,1,0,400,0,0,0,0,0,0,'0',0),(1113,720014,1,'沼泽_中毒','Deals 47 poison damage per second.',0,0,28,0,47,20000,20,0,0,0,0,'0',0),(1001,721000,1,'手雷爆炸伤害','0',2,0,36,0,400,0,0,0,1,0,1,'1',0),(1002,721001,1,'Flashbang','Blinds unit for 5 seconds.',2,0,70,0,0,5000,0,0,0,0,0,'0',0),(1003,721002,1,'燃烧弹爆炸','0',2,0,36,0,100,0,0,0,0,0,0,'0',0),(1004,721003,1,'Incendiary Grenade (Stun)','Stuns unit for 5 seconds',2,0,57,0,0,0,0,0,0,0,0,'0',0),(1005,721004,1,'Incendiary Grenade (Immobilize)','Immobilizes unit for 5 seconds',2,0,44,0,0,5000,0,0,0,0,0,'0',0),(1006,721005,1,'手雷爆炸睡眠','0',2,0,45,0,400,0,0,0,1,0,1,'1',0),(1007,721006,1,'油桶火','',0,0,57,0,0,0,0,0,0,0,0,'0',0),(1300,722000,1,'微型经验','0',0,0,34,0,10,0,1,0,0,0,0,'0',0),(1301,722001,1,'小型经验','0',0,0,34,0,100,0,1,0,0,0,0,'0',0),(1302,722002,1,'中型经验','0',0,0,34,0,200,0,1,0,0,0,0,'0',0),(1303,722003,1,'大型经验','0',0,0,34,0,300,0,1,0,0,0,0,'0',0),(1304,722004,1,'手雷小','0',0,0,23,0,250001,0,1,0,0,0,0,'0',0),(1305,722005,1,'闪光弹小','0',0,0,23,0,250002,0,1,0,0,0,0,'0',0),(1306,722006,1,'燃烧弹','0',0,0,23,0,250003,0,1,0,0,0,0,'0',0),(1307,722007,1,'医疗箱小','0',0,0,37,0,100,0,0,0,0,0,0,'0',0),(1308,722008,1,'医疗箱大','0',0,0,37,0,300,0,0,0,0,0,0,'0',0),(1309,722009,1,'Shield','Increases Armor by 300 for 20 seconds',0,0,3,0,300,20000,0,0,0,0,0,'0',0),(1310,722010,1,'Accelerate','Increase Movement Speed by 20% for 20 seconds',0,0,5,1,20,20000,0,0,0,0,0,'0',0),(1311,722011,1,'医疗箱中','',0,0,37,0,200,0,0,0,0,0,0,'0',0),(1200,723001,1,'混战-生成触发器','0',0,2,30,0,1000,0,0,0,0,0,0,'0',0),(1201,723002,1,'非混战-生成触发器','0',0,2,30,0,1002,0,0,0,0,0,0,'0',0),(1202,723003,1,'混战模式-普通掉落触发器','0',0,2,30,0,1001,0,0,0,0,0,0,'0',0),(1203,723004,1,'掉落手雷','0',0,2,30,0,1005,0,0,0,0,0,0,'0',0),(1204,723005,1,'掉落血包','0',0,2,30,0,1004,0,0,0,0,0,0,'0',0),(1205,723006,1,'非混战模式-普通掉落','0',0,2,30,0,1003,0,0,0,0,0,0,'0',0),(1206,723007,1,'Invisibility','Other units can\'t see you',0,3,71,0,0,-1,0,0,0,0,0,'0',0),(1207,723008,1,'Slow Zone','Slow Zone',0,3,5,1,-40,-1,0,0,0,0,0,'0',0),(1208,723009,1,'掉落中血包','0',0,2,30,0,1006,0,0,0,0,0,0,'0',0),(1209,723010,1,'混战掉落中血包','',0,2,30,0,1006,0,0,0,0,0,0,'0',0),(10011,730001,1,'Increase Hero HP','Max HP +60',0,1,18,0,60,-1,0,0,0,0,0,'0',0),(10021,730002,1,'Increase Weapon Stability','Stability +10',0,1,11,0,10,-1,0,0,0,0,0,'0',0),(10031,730003,1,'Increase Hero Armor','Armor +25',0,1,3,0,25,-1,0,0,0,0,0,'0',0),(10041,730004,1,'Increase Weapon Ammo Capacity','Ammo +4',0,1,16,0,4,-1,0,0,0,0,0,'0',0),(10051,730005,1,'Increase Weapon Crit Rate','Crit +5',0,1,15,0,5,-1,0,0,0,0,0,'0',0),(10061,730006,1,'Increase Weapon Damage','Damage +5%',0,1,25,1,5,-1,0,0,0,0,0,'0',0),(10071,730007,1,'Agility Boost','Speed +10%, lasts for 3 seconds',0,1,5,1,10,3000,0,0,0,0,0,'0',0),(10081,730008,1,'Rampage','Absorb 100 damage, lasts for 5 seconds',0,1,31,0,100,5000,0,0,0,0,0,'0',0),(10091,730009,1,'Adrenaline','Speed +5%, lasts for 3 seconds',0,1,5,1,5,3000,0,0,0,0,0,'0',0),(10092,730009,2,'Adrenaline','Speed +10%, lasts for 3 seconds',0,1,5,1,10,3000,0,0,0,0,0,'0',0),(10093,730009,3,'Adrenaline','Speed +15%, lasts for 3 seconds',0,1,5,1,15,3000,0,0,0,0,0,'0',0),(10094,730009,4,'Adrenaline','Speed +20%, lasts for 3 seconds',0,1,5,1,20,3000,0,0,0,0,0,'0',0),(11011,730101,1,'Increase Weapon Stability','Stability +20',0,1,11,0,20,-1,0,0,0,0,0,'0',0),(11021,730102,1,'Increase Weapon Accuracy','Accuracy +20',0,1,10,0,20,-1,0,0,0,0,0,'0',0),(11031,730103,1,'Increase Hero Armor','Armor +25',0,1,3,0,25,-1,0,0,0,0,0,'0',0),(11041,730104,1,'Increase Hero Movement Speed','Speed +10',0,1,5,0,10,-1,0,0,0,0,0,'0',0),(11051,730105,1,'Increase Weapon Damage','Damage +5%',0,1,25,1,5,-1,0,0,0,0,0,'0',0),(11061,730106,1,'Decrease Weapon Reload Time','Reload Time -1 second',0,1,17,0,-1000,-1,0,0,0,0,0,'0',0),(11071,730107,1,'Last Resort','Speed +15%, lasts for 6 seconds',0,1,5,1,15,6000,0,0,0,0,0,'0',0),(11081,730108,1,'Counterattack','Absorb 150 damage, lasts for 5 seconds',0,1,31,0,150,5000,0,0,0,0,0,'0',0),(11091,730109,1,'Ensnare (1)','Speed -8%, lasts for 5 seconds',0,0,5,1,-8,5000,0,0,0,0,0,'0',0),(11092,730109,2,'Ensnare (1)','Speed -10%, lasts for 5 seconds',0,0,5,1,-10,5000,0,0,0,0,0,'0',0),(11093,730109,3,'Ensnare (1)','Speed -12%, lasts for 5 seconds',0,0,5,1,-12,5000,0,0,0,0,0,'0',0),(11094,730109,4,'Ensnare (1)','Speed -14%, lasts for 5 seconds',0,0,5,1,-14,5000,0,0,0,0,0,'0',0),(11101,730110,1,'Ensnare (2)','Attack speed -8%, lasts for 5 seconds',0,0,9,1,-8,5000,0,0,0,0,0,'0',0),(11102,730110,2,'Ensnare (2)','Attack speed -10%, lasts for 5 seconds',0,0,9,1,-10,5000,0,0,0,0,0,'0',0),(11103,730110,3,'Ensnare (2)','Attack speed -12%, lasts for 5 seconds',0,0,9,1,-12,5000,0,0,0,0,0,'0',0),(11104,730110,4,'Ensnare (2)','Attack speed -14%, lasts for 5 seconds',0,0,9,1,-14,5000,0,0,0,0,0,'0',0),(12011,730201,1,'Increase HP','Max HP +60',0,1,18,0,60,-1,0,0,0,0,0,'0',0),(12021,730202,1,'Increase Armor','Armor +25',0,1,3,0,25,-1,0,0,0,0,0,'0',0),(12031,730203,1,'Increase Fire Range','Range +10%',0,1,12,1,10,-1,0,0,0,0,0,'0',0),(12041,730204,1,'Increase Movement Speed','Speed +10',0,1,5,0,10,-1,0,0,0,0,0,'0',0),(12051,730205,1,'Increase Ammo Capacity','Ammo +3',0,1,16,0,3,-1,0,0,0,0,0,'0',0),(12061,730206,1,'Increase Crit Rate','Crit +5',0,1,15,0,5,-1,0,0,0,0,0,'0',0),(12071,730207,1,'Deadly Ambush','Damage +10%, lasts for 5 seconds',0,1,25,1,10,5000,0,0,0,0,0,'0',0),(12081,730208,1,'Charge Defense','Armor +75, lasts for 5 seconds',0,1,3,0,75,5000,0,0,0,0,0,'0',0),(12091,730209,1,'Bloody Sacrifice','Recover 50 HP',0,1,2,0,50,0,0,0,0,0,0,'0',0),(12092,730209,2,'Bloody Sacrifice','Recover 60 HP',0,1,2,0,60,0,0,0,0,0,0,'0',0),(12093,730209,3,'Bloody Sacrifice','Recover 70 HP',0,1,2,0,70,0,0,0,0,0,0,'0',0),(12094,730209,4,'Bloody Sacrifice','Recover 80 HP',0,1,2,0,80,0,0,0,0,0,0,'0',0),(13011,730301,1,'Increase Armor','Armor +25',0,1,3,0,25,-1,0,0,0,0,0,'0',0),(13021,730302,1,'Increase HP','Max HP +60',0,1,18,0,60,-1,0,0,0,0,0,'0',0),(13031,730303,1,'Increase Fire Rate','Fire Rate +6%',0,1,9,1,6,-1,0,0,0,0,0,'0',0),(13041,730304,1,'Increase Ammo Capacity','Ammo +4',0,1,16,0,4,-1,0,0,0,0,0,'0',0),(13051,730305,1,'Increase Damage','Damage +5%',0,1,25,1,5,-1,0,0,0,0,0,'0',0),(13061,730306,1,'Increase Movement Speed','Speed +10',0,1,5,0,10,-1,0,0,0,0,0,'0',0),(13071,730307,1,'Precision','Penetration +50, lasts for 8 seconds',0,1,53,0,50,8000,0,0,0,0,0,'0',0),(13081,730308,1,'Persistence','Eliminate cooldown time for skill after killing an enemy',0,1,38,0,-99999,0,0,0,0,0,0,'0',0),(13091,730309,1,'Resupply (Aura)','Every 8 seconds, nearby friendly units will replenish 1 bullet in the magazine',1,1,54,0,730310,-1,0,0,0,0,4,'5,8000',0),(13092,730309,2,'Resupply (Aura)','Every 7 seconds, nearby friendly units will replenish 1 bullet in the magazine',1,1,54,0,730310,-1,0,0,0,0,4,'5,7000',0),(13093,730309,3,'Resupply (Aura)','Every 6 seconds, nearby friendly units will replenish 1 bullet in the magazine',1,1,54,0,730310,-1,0,0,0,0,4,'5,6000',0),(13094,730309,4,'Resupply (Aura)','Every 5 seconds, nearby friendly units will replenish 1 bullet in the magazine',1,1,54,0,730310,-1,0,0,0,0,4,'5,5000',0),(13101,730310,1,'Resupply','Replenishes 1 bullet',1,3,39,0,1,0,0,0,0,0,0,'0',0),(13102,730310,2,'Resupply','Replenishes 1 bullet',1,3,39,0,1,0,0,0,0,0,0,'0',0),(13103,730310,3,'Resupply','Replenishes 1 bullet',1,3,39,0,1,0,0,0,0,0,0,'0',0),(13104,730310,4,'Resupply','Replenishes 1 bullet',1,3,39,0,1,0,0,0,0,0,0,'0',0),(14011,730401,1,'Increase Movement Speed','Speed +10',0,1,5,0,10,-1,0,0,0,0,0,'0',0),(14021,730402,1,'Increase Damage','Damage +10%',0,1,25,1,10,-1,0,0,0,0,0,'0',0),(14031,730403,1,'Increase HP','Max HP +60',0,1,18,0,60,-1,0,0,0,0,0,'0',0),(14041,730404,1,'Increase Penetration Rate','Penetration +20',0,1,53,0,20,-1,0,0,0,0,0,'0',0),(14051,730405,1,'Increase Armor','Armor +25',0,1,3,0,25,-1,0,0,0,0,0,'0',0),(14061,730406,1,'Increase Crit Rate','Crit +5',0,1,15,0,5,-1,0,0,0,0,0,'0',0),(14071,730407,1,'Healer\'s Wrath','Damage +20%, lasts for 5 seconds',0,1,25,1,20,5000,0,0,0,0,0,'0',0),(14081,730408,1,'Bulletproof Vest','Armor +50, lasts for 3 seconds',0,1,3,0,50,3000,0,0,0,0,0,'0',0),(14091,730409,1,'Rapid Regeneration','Speed +30%, lasts for 3 seconds',0,1,5,1,30,3000,0,0,0,0,0,'0',0),(14092,730409,2,'Rapid Regeneration','Speed +33%, lasts for 3 seconds',0,1,5,1,33,3000,0,0,0,0,0,'0',0),(14093,730409,3,'Rapid Regeneration','Speed +36%, lasts for 3 seconds',0,1,5,1,36,3000,0,0,0,0,0,'0',0),(14094,730409,4,'Rapid Regeneration','Speed +40%, lasts for 3 seconds',0,1,5,1,40,3000,0,0,0,0,0,'0',0),(15011,730501,1,'Increase Hero HP','Max HP +60',0,1,18,0,60,-1,0,0,0,0,0,'0',0),(15021,730502,1,'Increase Stability','Stability +10',0,1,11,0,10,-1,0,0,0,0,0,'0',0),(15031,730503,1,'Increase Armor','Armor +25',0,1,3,0,25,-1,0,0,0,0,0,'0',0),(15041,730504,1,'Increase Accuracy','Accuracy +10',0,1,10,0,10,-1,0,0,0,0,0,'0',0),(15051,730505,1,'Increase Damage','Damage +5%',0,1,25,1,5,-1,0,0,0,0,0,'0',0),(15061,730506,1,'Increase Penetration Rate','Penetration +20',0,1,53,0,20,-1,0,0,0,0,0,'0',0),(15071,730507,1,'Blade Mastery','Damage +30%, lasts for 8 seconds',0,1,25,1,30,8000,0,0,0,0,0,'0',0),(15081,730508,1,'Stealth Movement','Speed +10%, lasts for 5 seconds',0,1,5,1,10,5000,0,0,0,0,0,'0',0),(15091,730509,1,'Violent Justice','Cooldown -4 seconds',0,1,38,0,-4000,5000,0,0,0,0,0,'0',0),(15092,730509,2,'Violent Justice','Cooldown -4.5 seconds',0,1,38,0,-4500,5000,0,0,0,0,0,'0',0),(15093,730509,3,'Violent Justice','Cooldown -5 seconds',0,1,38,0,-5000,5000,0,0,0,0,0,'0',0),(15094,730509,4,'Violent Justice','Cooldown -5.5 seconds',0,1,38,0,-5500,5000,0,0,0,0,0,'0',0),(16011,730601,1,'Increase HP','Max HP +60',0,1,18,0,60,-1,0,0,0,0,0,'0',0),(16021,730602,1,'Increase Armor','Armor +25',0,1,3,0,25,-1,0,0,0,0,0,'0',0),(16031,730603,1,'Increase Fire Range','Range +10%',0,1,12,1,10,-1,0,0,0,0,0,'0',0),(16041,730604,1,'Increase Item STR','Item STR +15',0,1,21,0,15,-1,0,0,0,0,0,'0',0),(16051,730605,1,'Increase Penetration Rate','Penetration +20',0,1,53,0,20,-1,0,0,0,0,0,'0',0),(16061,730606,1,'Increase Crit Rate','Crit +5',0,1,15,0,5,-1,0,0,0,0,0,'0',0),(16071,730607,1,'Mobile Shield','Armor +60, lasts for 10 seconds',0,1,3,0,60,10000,0,0,0,0,0,'0',0),(16081,730608,1,'Energy Surge','Crit +30, lasts for 1 second',0,1,15,0,50,1000,0,0,0,0,0,'0',0),(16091,730609,1,'Grenade Master','Automatically get a grenade every 15 seconds',0,1,23,0,250001,0,0,0,0,0,0,'0',0),(16092,730609,2,'Grenade Master','Automatically get a grenade every 14 seconds',0,1,23,0,250001,0,0,0,0,0,0,'0',0),(16093,730609,3,'Grenade Master','Automatically get a grenade every 13 seconds',0,1,23,0,250001,0,0,0,0,0,0,'0',0),(16094,730609,4,'Grenade Master','Automatically get a grenade every 12 seconds',0,1,23,0,250001,0,0,0,0,0,0,'0',0),(17011,730701,1,'Increase HP','Max HP +60',0,1,18,0,60,-1,0,0,0,0,0,'0',0),(17021,730702,1,'Increase Fire Rate','Fire Rate +5%',0,1,9,1,5,-1,0,0,0,0,0,'0',0),(17031,730703,1,'Increase Ammo Capacity','Ammo +4',0,1,16,0,4,-1,0,0,0,0,0,'0',0),(17041,730704,1,'Increase Movement Speed','Speed +10',0,1,5,0,10,-1,0,0,0,0,0,'0',0),(17051,730705,1,'Increase Fire Range','Range +10%',0,1,12,1,10,-1,0,0,0,0,0,'0',0),(17061,730706,1,'Increase Crit Rate','Crit +5',0,1,15,0,5,-1,0,0,0,0,0,'0',0),(17071,730707,1,'Quick Recovery ','Restore 50 HP after picking up an EXP badge, the cooldown is 10 seconds.',0,1,2,0,50,0,0,0,0,0,0,'0',0),(17081,730708,1,'Crossfire','Crit +15',0,1,15,0,15,3000,0,0,0,0,0,'0',0),(17091,730709,1,'Master\'s Defense','Absorb 48 damage. Lasts for 4 seconds',0,1,31,0,48,4000,0,0,0,0,0,'0',0),(17092,730709,2,'Master\'s Defense','Absorb 56 damage. Lasts for 4 seconds',0,1,31,0,56,4000,0,0,0,0,0,'0',0),(17093,730709,3,'Master\'s Defense','Absorb 64 damage. Lasts for 4 seconds',0,1,31,0,64,4000,0,0,0,0,0,'0',0),(17094,730709,4,'Master\'s Defense','Absorb 72 damage. Lasts for 4 seconds',0,1,31,0,72,4000,0,0,0,0,0,'0',0),(18011,730801,1,'Increase Stability','Stability +12',0,1,11,0,12,-1,0,0,0,0,0,'0',0),(18021,730802,1,'Increase Damage','Damage +5%',0,1,25,1,5,-1,0,0,0,0,0,'0',0),(18031,730803,1,'Increase Accuracy','Accuracy +12',0,1,10,0,12,-1,0,0,0,0,0,'0',0),(18041,730804,1,'Increase Penetration Rate','Penetration +20',0,1,53,0,20,-1,0,0,0,0,0,'0',0),(18051,730805,1,'Increase Armor','Armor +25',0,1,3,0,25,-1,0,0,0,0,0,'0',0),(18061,730806,1,'Increase Movement Speed','Speed +10',0,1,5,0,10,-1,0,0,0,0,0,'0',0),(18071,730807,1,'Quicksand','Movement Speed -10%, lasts for 3 seconds',2,0,5,1,-10,3000,0,0,0,0,0,'0',0),(18081,730808,1,'Panick Retreat','Armor -60%, lasts for 5 seconds',2,0,3,1,-60,5000,0,0,0,0,0,'0',0),(18091,730809,1,'射击加速光环','Teammates\' Fire Rate +5%',1,1,54,0,730810,-1,0,0,0,0,3,'5',0),(18092,730809,2,'射击加速光环','Teammates\' Fire Rate +7%',1,1,54,0,730810,-1,0,0,0,0,3,'5',0),(18093,730809,3,'射击加速光环','Teammates\' Fire Rate +9%',1,1,54,0,730810,-1,0,0,0,0,3,'5',0),(18094,730809,4,'射击加速光环','Teammates\' Fire Rate +11%',1,1,54,0,730810,-1,0,0,0,0,3,'5',0),(18101,730810,1,'Rapid Fire','Teammates\' Fire Rate +5%',1,0,9,1,5,-1,0,0,0,0,0,'0',0),(18102,730810,2,'Rapid Fire','Teammates\' Fire Rate +7%',1,0,9,1,7,-1,0,0,0,0,0,'0',0),(18103,730810,3,'Rapid Fire','Teammates\' Fire Rate +9%',1,0,9,1,9,-1,0,0,0,0,0,'0',0),(18104,730810,4,'Rapid Fire','Teammates\' Fire Rate +11%',1,0,9,1,11,-1,0,0,0,0,0,'0',0),(19011,730901,1,'Increase Armor','Armor +25',0,1,3,0,25,-1,0,0,0,0,0,'0',0),(19021,730902,1,'Increase HP','Max HP +60',0,1,18,0,60,-1,0,0,0,0,0,'0',0),(19031,730903,1,'Increase Movement Speed','Speed +10',0,1,5,0,10,-1,0,0,0,0,0,'0',0),(19041,730904,1,'Increase Fire Rate','Fire Rate +5%',0,1,9,1,5,-1,0,0,0,0,0,'0',0),(19051,730905,1,'Increase Crit Rate','Crit +5',0,1,15,0,5,-1,0,0,0,0,0,'0',0),(19061,730906,1,'Increase Damage','Damage +5%',0,1,25,1,5,-1,0,0,0,0,0,'0',0),(19071,730907,1,'Armor Boost','Armor +70, lasts for 5 seconds',0,1,3,0,70,5000,0,0,0,0,0,'0',0),(19081,730908,1,'Fast Volley','Fire Rate +20%, lasts for 5 seconds',0,1,9,1,20,5000,0,0,0,0,0,'0',0),(19091,730909,1,'Morale Boost','Cooldown Time -0.5 seconds',0,1,38,0,-500,0,0,0,0,0,0,'0',0),(19092,730909,2,'Morale Boost','Cooldown Time -0.6 seconds',0,1,38,0,-600,0,0,0,0,0,0,'0',0),(19093,730909,3,'Morale Boost','Cooldown Time -0.7 seconds',0,1,38,0,-700,0,0,0,0,0,0,'0',0),(19094,730909,4,'Morale Boost','Cooldown Time -0.8 seconds',0,1,38,0,-800,0,0,0,0,0,0,'0',0),(20011,731001,1,'Increase HP','Max HP +60',0,1,18,0,60,-1,0,0,0,0,0,'0',0),(20021,731002,1,'Decrease Reload Time','Reload Time -2 second',0,1,17,0,-2000,-1,0,0,0,0,0,'0',0),(20031,731003,1,'Increase Movement Speed','Speed +10',0,1,5,0,10,-1,0,0,0,0,0,'0',0),(20041,731004,1,'Increase Item STR','Item STR +15',0,1,21,0,15,-1,0,0,0,0,0,'0',0),(20051,731005,1,'Increase Armor','Armor +25',0,1,3,0,25,-1,0,0,0,0,0,'0',0),(20061,731006,1,'Increase Damage','Damage +5%',0,1,25,1,5,-1,0,0,0,0,0,'0',0),(20071,731007,1,'Flammable Oil','Damage +15%, lasts for 5 seconds',0,1,25,1,15,5000,0,0,0,0,0,'0',0),(20081,731008,1,'Grenade Shield','Armor +100, lasts for 5 seconds',0,1,3,0,100,5000,0,0,0,0,0,'0',0),(20091,731009,1,'Unbreakable Courage','Speed +10%, lasts for 5 seconds',0,1,5,1,10,5000,0,0,0,0,0,'0',0),(20092,731009,2,'Unbreakable Courage','Speed +15%, lasts for 5 seconds',0,1,5,1,15,5000,0,0,0,0,0,'0',0),(20093,731009,3,'Unbreakable Courage','Speed +20%, lasts for 5 seconds',0,1,5,1,20,5000,0,0,0,0,0,'0',0),(20094,731009,4,'Unbreakable Courage','Speed +25%, lasts for 5 seconds',0,1,5,1,25,5000,0,0,0,0,0,'0',0),(20095,731010,1,'火焰枪','0',0,0,57,0,0,0,0,0,0,0,0,'0',0),(20096,731010,2,'火焰枪','0',0,0,57,0,0,0,0,0,0,0,0,'0',0),(20097,731010,3,'火焰枪','0',0,0,57,0,0,0,0,0,0,0,0,'0',0),(20098,731010,4,'火焰枪','0',0,0,57,0,0,0,0,0,0,0,0,'0',0),(21011,731101,1,'Increase Armor','Armor +25',0,1,3,0,25,-1,0,0,0,0,0,'0',0),(21021,731102,1,'Increase Penetration Rate','Penetration +20',0,1,53,0,20,-1,0,0,0,0,0,'0',0),(21031,731103,1,'Increase Ammo Capacity','Ammo +4',0,1,16,0,4,-1,0,0,0,0,0,'0',0),(21041,731104,1,'Increase Crit Rate','Crit +5',0,1,15,0,5,-1,0,0,0,0,0,'0',0),(21051,731105,1,'Increase Accuracy','Accuracy +10',0,1,10,0,10,-1,0,0,0,0,0,'0',0),(21061,731106,1,'Increase Damage','Damage +5%',0,1,25,1,5,-1,0,0,0,0,0,'0',0),(21071,731107,1,'Thrill of the Hunt','After trapping an enemy, increase accuracy by 10',0,1,10,0,10,8000,0,0,0,0,0,'0',0),(21081,731108,1,'Ice Storm','After being hit with \"\"Hail of Arrows\",\" Speed -20%\"',2,0,5,1,-20,2000,0,0,0,0,0,'0',0),(21091,731109,1,'Poison Arrow','Deals 20 poison damage per second for 5 seconds',2,0,28,0,20,5000,5,0,0,0,0,'0',0),(21092,731109,2,'Poison Arrow','Deals 25 poison damage per second for 5 seconds',2,0,28,0,25,5000,5,0,0,0,0,'0',0),(21093,731109,3,'Poison Arrow','Deals 30 poison damage per second for 5 seconds',2,0,28,0,30,5000,5,0,0,0,0,'0',0),(21094,731109,4,'Poison Arrow','Deals 35 poison damage per second for 5 seconds',2,0,28,0,35,5000,5,0,0,0,0,'0',0),(22011,731201,1,'Increase Armor','Armor +25',0,1,3,0,25,-1,0,0,0,0,0,'0',0),(22021,731202,1,'Increase Movement Speed','Speed +10',0,1,5,0,10,-1,0,0,0,0,0,'0',0),(22031,731203,1,'Increase Item STR','Item STR +15',0,1,21,0,15,-1,0,0,0,0,0,'0',0),(22041,731204,1,'Increase HP','Max HP +60',0,1,18,0,60,-1,0,0,0,0,0,'0',0),(22051,731205,1,'Increase Armor','Ammo +2',0,1,16,0,2,-1,0,0,0,0,0,'0',0),(22061,731206,1,'Increase Fire Range','Range +10%',0,1,12,1,10,-1,0,0,0,0,0,'0',0),(22071,731207,1,'Fast Digestion','Eat Heartily skill will restore additional 150 HP.',1,1,2,0,150,0,0,0,0,0,0,'0',0),(22081,731208,1,'Excessive Fat','Increases defense by 150 for 5 seconds when HP drops under 200.',0,1,3,0,200,-1,0,0,0,0,0,'0',0),(22091,731209,1,'EM Pulse','',2,0,1,0,100,0,0,0,0,0,0,'0',0),(22092,731209,2,'EM Pulse','',2,0,1,0,125,0,0,0,0,0,0,'0',0),(22093,731209,3,'EM Pulse','',2,0,1,0,150,0,0,0,0,0,0,'0',0),(22094,731209,4,'EM Pulse','',2,0,1,0,175,0,0,0,0,0,0,'0',0),(23011,731301,1,'Increase Fire Range','Range +10%',0,1,12,1,10,-1,0,0,0,0,0,'0',0),(23021,731302,1,'Increase Crit Rate','Crit +5',0,1,15,0,5,-1,0,0,0,0,0,'0',0),(23031,731303,1,'Increase Fire Rate','Fire Rate +6%',0,1,9,1,6,-1,0,0,0,0,0,'0',0),(23041,731304,1,'Increase Armor','Armor +25',0,1,3,0,25,-1,0,0,0,0,0,'0',0),(23051,731305,1,'Increase Damage','Damage +5%',0,1,25,1,5,-1,0,0,0,0,0,'0',0),(23061,731306,1,'Increase Ammo Capacity','Ammo +2',0,1,16,0,2,-1,0,0,0,0,0,'0',0),(23071,731307,1,'Deadly Pursuit','Increases damage dealt by 10% for 5 seconds when Brawling hits any target.',0,1,25,1,10,5000,0,0,0,0,0,'0',0),(23081,731308,1,'Shrapnel','You\'re hit by shrapnel, speed is reduced by 20% for 2 seconds.',2,0,5,1,-20,2000,0,0,0,0,0,'0',0),(23091,731309,1,'Rebirth','Can come back to life with 50% HP once each 100 seconds.',1,0,67,1,50,-1,0,0,0,0,0,'3000,731399',0),(23092,731309,2,'Rebirth','Can come back to life with 55% HP once each 100 seconds.',1,0,67,1,55,-1,0,0,0,0,0,'3000,731399',0),(23093,731309,3,'Rebirth','Can come back to life with 60% HP once each 100 seconds.',1,0,67,1,60,-1,0,0,0,0,0,'3000,731399',0),(23094,731309,4,'Rebirth','Can come back to life with 65% HP once each 100 seconds.',1,0,67,1,65,-1,0,0,0,0,0,'3000,731399',0),(23095,731399,1,'战地复生-复活表现用','只用来播放表现，无功能。',1,0,72,0,0,0,0,0,0,0,0,'0',0),(6101,740001,1,'Increase Attack','Damage +1%',0,1,25,1,1,-1,0,0,0,0,0,'0',0),(6102,740001,2,'Increase Attack','Damage +2%',0,1,25,1,2,-1,0,0,0,0,0,'0',0),(6103,740001,3,'Increase Attack','Damage +3%',0,1,25,1,3,-1,0,0,0,0,0,'0',0),(6104,740001,4,'Increase Attack','Damage +4%',0,1,25,1,4,-1,0,0,0,0,0,'0',0),(6105,740001,5,'Increase Attack','Damage +5%',0,1,25,1,5,-1,0,0,0,0,0,'0',0),(6106,740001,6,'Increase Attack','Damage +7%',0,1,25,1,7,-1,0,0,0,0,0,'0',0),(6107,740001,7,'Increase Attack','Damage +9%',0,1,25,1,9,-1,0,0,0,0,0,'0',0),(6108,740001,8,'Increase Attack','Damage +11%',0,1,25,1,11,-1,0,0,0,0,0,'0',0),(6109,740001,9,'Increase Attack','Damage +13%',0,1,25,1,13,-1,0,0,0,0,0,'0',0),(6110,740001,10,'Increase Attack','Damage +15%',0,1,25,1,15,-1,0,0,0,0,0,'0',0),(6111,740001,11,'Increase Attack','Damage +17%',0,1,25,1,17,-1,0,0,0,0,0,'0',0),(6112,740001,12,'Increase Attack','Damage +19%',0,1,25,1,19,-1,0,0,0,0,0,'0',0),(6113,740001,13,'Increase Attack','Damage +21%',0,1,25,1,21,-1,0,0,0,0,0,'0',0),(6114,740001,14,'Increase Attack','Damage +23%',0,1,25,1,23,-1,0,0,0,0,0,'0',0),(6115,740001,15,'Increase Attack','Damage +25%',0,1,25,1,25,-1,0,0,0,0,0,'0',0),(6201,740002,1,'Increase Max HP','Max HP +12',0,1,18,0,12,-1,0,0,0,0,0,'0',0),(6202,740002,2,'Increase Max HP','Max HP +24',0,1,18,0,24,-1,0,0,0,0,0,'0',0),(6203,740002,3,'Increase Max HP','Max HP +36',0,1,18,0,36,-1,0,0,0,0,0,'0',0),(6204,740002,4,'Increase Max HP','Max HP +48',0,1,18,0,48,-1,0,0,0,0,0,'0',0),(6205,740002,5,'Increase Max HP','Max HP +60',0,1,18,0,60,-1,0,0,0,0,0,'0',0),(6206,740002,6,'Increase Max HP','Max HP +72',0,1,18,0,72,-1,0,0,0,0,0,'0',0),(6207,740002,7,'Increase Max HP','Max HP +100',0,1,18,0,100,-1,0,0,0,0,0,'0',0),(6208,740002,8,'Increase Max HP','Max HP +112',0,1,18,0,112,-1,0,0,0,0,0,'0',0),(6209,740002,9,'Increase Max HP','Max HP +124',0,1,18,0,124,-1,0,0,0,0,0,'0',0),(6210,740002,10,'Increase Max HP','Max HP +173',0,1,18,0,173,-1,0,0,0,0,0,'0',0),(6211,740002,11,'Increase Max HP','Max HP +185',0,1,18,0,185,-1,0,0,0,0,0,'0',0),(6212,740002,12,'Increase Max HP','Max HP +197',0,1,18,0,197,-1,0,0,0,0,0,'0',0),(6213,740002,13,'Increase Max HP','Max HP +275',0,1,18,0,275,-1,0,0,0,0,0,'0',0),(6214,740002,14,'Increase Max HP','Max HP +287',0,1,18,0,287,-1,0,0,0,0,0,'0',0),(6215,740002,15,'Increase Max HP','Max HP +299',0,1,18,0,299,-1,0,0,0,0,0,'0',0),(6301,740003,1,'Increase Defense','Armor +6',0,1,3,0,6,-1,0,0,0,0,0,'0',0),(6302,740003,2,'Increase Defense','Armor +12',0,1,3,0,12,-1,0,0,0,0,0,'0',0),(6303,740003,3,'Increase Defense','Armor +18',0,1,3,0,18,-1,0,0,0,0,0,'0',0),(6304,740003,4,'Increase Defense','Armor +24',0,1,3,0,24,-1,0,0,0,0,0,'0',0),(6305,740003,5,'Increase Defense','Armor +30',0,1,3,0,30,-1,0,0,0,0,0,'0',0),(6306,740003,6,'Increase Defense','Armor +36',0,1,3,0,36,-1,0,0,0,0,0,'0',0),(6307,740003,7,'Increase Defense','Armor +42',0,1,3,0,42,-1,0,0,0,0,0,'0',0),(6308,740003,8,'Increase Defense','Armor +48',0,1,3,0,48,-1,0,0,0,0,0,'0',0),(6309,740003,9,'Increase Defense','Armor +54',0,1,3,0,54,-1,0,0,0,0,0,'0',0),(6310,740003,10,'Increase Defense','Armor +60',0,1,3,0,60,-1,0,0,0,0,0,'0',0),(6311,740003,11,'Increase Defense','Armor +66',0,1,3,0,66,-1,0,0,0,0,0,'0',0),(6312,740003,12,'Increase Defense','Armor +72',0,1,3,0,72,-1,0,0,0,0,0,'0',0),(6313,740003,13,'Increase Defense','Armor +78',0,1,3,0,78,-1,0,0,0,0,0,'0',0),(6314,740003,14,'Increase Defense','Armor +84',0,1,3,0,84,-1,0,0,0,0,0,'0',0),(6315,740003,15,'Increase Defense','Armor +90',0,1,3,0,90,-1,0,0,0,0,0,'0',0),(6401,740004,1,'Increase Movement Speed','Speed +5%',0,1,5,1,5,-1,0,0,0,0,0,'0',0),(6402,740004,2,'Increase Movement Speed','Speed +5%',0,1,5,1,5,-1,0,0,0,0,0,'0',0),(6403,740004,3,'Increase Movement Speed','Speed +5%',0,1,5,1,5,-1,0,0,0,0,0,'0',0),(6404,740004,4,'Increase Movement Speed','Speed +5%',0,1,5,1,5,-1,0,0,0,0,0,'0',0),(6405,740004,5,'Increase Movement Speed','Speed +5%',0,1,5,1,5,-1,0,0,0,0,0,'0',0),(6406,740004,6,'Increase Movement Speed','Speed +10%',0,1,5,1,10,-1,0,0,0,0,0,'0',0),(6407,740004,7,'Increase Movement Speed','Speed +10%',0,1,5,1,10,-1,0,0,0,0,0,'0',0),(6408,740004,8,'Increase Movement Speed','Speed +10%',0,1,5,1,10,-1,0,0,0,0,0,'0',0),(6409,740004,9,'Increase Movement Speed','Speed +10%',0,1,5,1,10,-1,0,0,0,0,0,'0',0),(6410,740004,10,'Increase Movement Speed','Speed +10%',0,1,5,1,10,-1,0,0,0,0,0,'0',0),(6411,740004,11,'Increase Movement Speed','Speed +15%',0,1,5,1,15,-1,0,0,0,0,0,'0',0),(6601,740006,1,'Increase Range','Range +0.5',0,1,12,0,1,-1,0,0,0,0,0,'0',0),(6602,740006,2,'Increase Range','Range +0.5',0,1,12,0,1,-1,0,0,0,0,0,'0',0),(6603,740006,3,'Increase Range','Range +0.5',0,1,12,0,1,-1,0,0,0,0,0,'0',0),(6604,740006,4,'Increase Range','Range +0.5',0,1,12,0,1,-1,0,0,0,0,0,'0',0),(6605,740006,5,'Increase Range','Range +0.5',0,1,12,0,1,-1,0,0,0,0,0,'0',0),(6606,740006,6,'Increase Range','Range +1',0,1,12,0,1,-1,0,0,0,0,0,'0',0),(6607,740006,7,'Increase Range','Range +1',0,1,12,0,1,-1,0,0,0,0,0,'0',0),(6608,740006,8,'Increase Range','Range +1',0,1,12,0,1,-1,0,0,0,0,0,'0',0),(6609,740006,9,'Increase Range','Range +1',0,1,12,0,1,-1,0,0,0,0,0,'0',0),(6610,740006,10,'Increase Range','Range +1',0,1,12,0,1,-1,0,0,0,0,0,'0',0),(6611,740006,11,'Increase Range','Range +1.5',0,1,12,0,1.5,-1,0,0,0,0,0,'0',0),(6701,740007,1,'Increase Crit','Crit +1',0,1,33,0,1,-1,0,0,0,0,0,'0',0),(6702,740007,2,'Increase Crit','Crit +2',0,1,33,0,2,-1,0,0,0,0,0,'0',0),(6703,740007,3,'Increase Crit','Crit +3',0,1,33,0,3,-1,0,0,0,0,0,'0',0),(6704,740007,4,'Increase Crit','Crit +4',0,1,33,0,4,-1,0,0,0,0,0,'0',0),(6705,740007,5,'Increase Crit','Crit +5',0,1,33,0,5,-1,0,0,0,0,0,'0',0),(6706,740007,6,'Increase Crit','Crit +6',0,1,33,0,6,-1,0,0,0,0,0,'0',0),(6707,740007,7,'Increase Crit','Crit +7',0,1,33,0,7,-1,0,0,0,0,0,'0',0),(6708,740007,8,'Increase Crit','Crit +8',0,1,33,0,8,-1,0,0,0,0,0,'0',0),(6709,740007,9,'Increase Crit','Crit +9',0,1,33,0,9,-1,0,0,0,0,0,'0',0),(6710,740007,10,'Increase Crit','Crit +10',0,1,33,0,10,-1,0,0,0,0,0,'0',0),(6711,740007,11,'Increase Crit','Crit +11',0,1,33,0,11,-1,0,0,0,0,0,'0',0),(6712,740007,12,'Increase Crit','Crit +12',0,1,33,0,12,-1,0,0,0,0,0,'0',0),(6713,740007,13,'Increase Crit','Crit +13',0,1,33,0,13,-1,0,0,0,0,0,'0',0),(6714,740007,14,'Increase Crit','Crit +14',0,1,33,0,14,-1,0,0,0,0,0,'0',0),(6715,740007,15,'Increase Crit','Crit +15',0,1,33,0,15,-1,0,0,0,0,0,'0',0),(6801,740008,1,'Improve Skill','Skill Level +1',0,1,24,0,1,-1,0,0,0,0,0,'0',0),(6802,740008,2,'Improve Skill','Skill Level +2',0,1,24,0,2,-1,0,0,0,0,0,'0',0),(6803,740008,3,'Improve Skill','Skill Level +3',0,1,24,0,3,-1,0,0,0,0,0,'0',0),(900001,790001,1,'复活无敌BUFF','0',0,1,41,0,0,10000,0,0,0,0,0,'0',0),(900002,790002,1,'中途无敌BUFF','0',0,1,41,0,0,10000,0,0,0,0,0,'0',0),(900003,790003,1,'翻滚无敌BUFF','0',0,1,41,0,0,500,0,0,0,0,0,'0',0),(801001,801001,1,'Earth Crusher - Damage','Earth Crusher',2,0,1,0,350,0,0,0,0,43,0,'0',0),(801002,801002,1,'Earth Crusher - Stun','Stunned for 3 Seconds',2,0,43,0,0,3000,0,0,0,43,0,'0',0),(801011,801011,1,'Whirlwind Blade - Damage','Whirlwind Blade',2,0,1,0,350,0,0,0,0,0,0,'0',0),(801012,801012,1,'Whirlwind Blade - Slow','Reduces Speed by 50% for 3 seconds',2,0,5,1,-50,3000,0,0,0,0,0,'0',0),(801021,801021,1,'Quad-Strike','Boss_SkillAttack1_1',2,0,1,0,200,0,0,0,0,0,0,'0',0),(801022,801022,1,'Quad-Strike','Boss_SkillAttack1_2',2,0,1,0,300,0,0,0,0,0,0,'0',0),(801023,801023,1,'Quad-Strike','Boss_SkillAttack1_3',2,0,1,0,400,0,0,0,0,0,0,'0',0),(801024,801024,1,'Quad-Strike','Boss_SkillAttack1_4',2,0,1,0,500,0,0,0,0,0,0,'0',0),(801031,801031,1,'Apocalyptic Quake - Damage','Apocalyptic Quake',2,0,1,0,500,0,0,0,0,43,0,'0',0),(801032,801032,1,'Windblade - Stun','Stunned for 3 Seconds',2,0,43,0,0,3000,0,0,0,43,0,'0',0),(801041,801041,1,'Poison Mist','Poison Mist',2,0,1,0,120,0,0,0,0,0,0,'0',0),(801042,801042,1,'Poison Mist - Infection','Infected by Poison Mist',2,0,28,0,50,0,0,0,0,0,0,'0',0),(801051,801051,1,'Windblade','Windblade',2,0,1,0,200,0,0,0,0,0,0,'0',0),(999005,999999,1,'AIBUFF','0',0,1,35,1,-50,-1,0,0,0,0,0,'0',0);
/*!40000 ALTER TABLE `skill_effect` ENABLE KEYS */;
UNLOCK TABLES;

--
-- Table structure for table `skill_effect_interrupt`
--

DROP TABLE IF EXISTS `skill_effect_interrupt`;
/*!40101 SET @saved_cs_client     = @@character_set_client */;
/*!40101 SET character_set_client = utf8 */;
CREATE TABLE `skill_effect_interrupt` (
  `id` int(10) NOT NULL DEFAULT '0' COMMENT '打断效果ID',
  `name` varchar(50) NOT NULL DEFAULT '0' COMMENT '名字',
  `interrupt_id` varchar(50) NOT NULL DEFAULT '0' COMMENT '打断ID，填打断类型数组技能分类（1=基础动作（包含移动、抬枪），2=普通攻击，3=填弹，4=模式技能，5=物品技能，6=通用技能，7=技能1，8=技能2，9=技能3',
  `interrupt_active` int(10) NOT NULL DEFAULT '0' COMMENT '是否打断生效时间，0不打断，1打断',
  `imprison` varchar(50) NOT NULL DEFAULT '0' COMMENT '效果禁用动作id',
  PRIMARY KEY (`id`)
) ENGINE=InnoDB DEFAULT CHARSET=utf8 COMMENT='[logic server no use]';
/*!40101 SET character_set_client = @saved_cs_client */;

--
-- Dumping data for table `skill_effect_interrupt`
--

LOCK TABLES `skill_effect_interrupt` WRITE;
/*!40000 ALTER TABLE `skill_effect_interrupt` DISABLE KEYS */;
INSERT INTO `skill_effect_interrupt` VALUES (40,'沉默','2',0,'2'),(43,'眩晕','1:2:3:4:5:6:7:8:9',1,'1:2:3:4:5:6:7:8:9'),(44,'定身','1:9',0,'1:9'),(45,'睡眠','1:2:3:4:5:6:7:8:9',1,'1:2:3:4:5:6:7:8:9'),(49,'抓钩','1:2:3:4:5:6:7:8:9',1,'0'),(60,'引力弹','1:2:3:4:5:6:7:8:9',1,'0');
/*!40000 ALTER TABLE `skill_effect_interrupt` ENABLE KEYS */;
UNLOCK TABLES;

--
-- Table structure for table `skill_effect_skin`
--

DROP TABLE IF EXISTS `skill_effect_skin`;
/*!40101 SET @saved_cs_client     = @@character_set_client */;
/*!40101 SET character_set_client = utf8 */;
CREATE TABLE `skill_effect_skin` (
  `id` int(10) NOT NULL DEFAULT '0' COMMENT '唯一ID',
  `skill_effect_id` int(10) NOT NULL DEFAULT '0' COMMENT '索引到skill表的skill_id字段',
  `skill_performance` int(10) NOT NULL DEFAULT '0' COMMENT '对应skin表的主ID。',
  `effect_act_performance` int(10) NOT NULL DEFAULT '0' COMMENT '效果触发表现。',
  `effect_single_performance` int(10) NOT NULL DEFAULT '0' COMMENT 'buff连续多次触发时的触发表现',
  `name` varchar(50) NOT NULL DEFAULT '' COMMENT '名字',
  PRIMARY KEY (`id`)
) ENGINE=InnoDB DEFAULT CHARSET=utf8 COMMENT='[logic server no use]';
/*!40101 SET character_set_client = @saved_cs_client */;

--
-- Dumping data for table `skill_effect_skin`
--

LOCK TABLES `skill_effect_skin` WRITE;
/*!40000 ALTER TABLE `skill_effect_skin` DISABLE KEYS */;
INSERT INTO `skill_effect_skin` VALUES (1001,700005,0,101090,0,'盖亚技能2_触发器_加护盾'),(1002,700005,10131,101091,0,'盖亚技能2_触发器_加护盾'),(2001,700101,0,102020,0,'壮汉技能1_加护盾'),(2002,700101,10211,102021,0,'壮汉技能1_加护盾'),(2003,700105,0,102040,0,'壮汉技能1_护盾爆炸_受击'),(2004,700105,10221,102041,0,'壮汉技能1_护盾爆炸_受击'),(2005,700106,0,30041,0,'壮汉技能1_护盾爆炸_眩晕'),(2006,700108,0,102090,0,'壮汉技能3_冲锋_受击+眩晕'),(2007,700108,10241,102091,0,'壮汉技能3_冲锋_受击+眩晕'),(3001,700201,0,103020,0,'逗比技能1_死亡音律_受击+BUFF'),(3003,700202,0,103050,0,'逗比技能2_喷射冲击_受击'),(3004,700202,10321,103051,0,'逗比技能2_喷射冲击_受击'),(4001,700301,0,104020,0,'女主技能1_加侦查'),(4002,700301,10411,104021,0,'女主技能1_加侦查'),(4003,700302,0,104080,0,'女主技能3_传送装置_生成纯特效'),(4004,700302,10431,104081,0,'女主技能3_传送装置_生成纯特效'),(4005,700305,0,104100,0,'女主技能3_传送触发_跟随人'),(4006,700305,10441,104101,0,'女主技能3_传送触发_跟随人'),(4007,700306,0,104060,0,'女主技能2_定时震荡_受击'),(4009,700307,0,30041,0,'女主技能2_定时震荡_眩晕'),(5001,700401,0,105020,0,'护士技能1_治疗_受击'),(5002,700401,10511,105021,0,'护士技能1_治疗_受击'),(5003,700402,0,105060,0,'护士技能2_睡眠针_受击'),(5005,700404,0,105080,0,'护士技能3_兴奋剂_受击'),(6001,700501,0,106020,0,'侠客技能1_受击'),(6002,700501,10611,106021,0,'侠客技能1_受击'),(6003,700502,0,106070,0,'侠客技能2_受击'),(6004,700502,10621,106071,0,'侠客技能2_受击'),(6005,700505,0,106040,0,'侠客技能1_2_受击'),(6006,700505,10631,106041,0,'侠客技能1_2_受击'),(6007,700507,0,106100,0,'侠客技能3_受击'),(6008,700507,10641,106101,0,'侠客技能3_受击'),(7001,700606,0,107120,0,'萝莉技能3_隐身'),(7003,700605,0,107030,0,'萝莉技能1_地雷_受击'),(7004,700605,10731,107031,0,'萝莉技能1_地雷_受击'),(8001,700701,0,108040,0,'比尔技能1_受击'),(8002,700701,10811,108041,0,'比尔技能1_受击'),(8003,700702,0,0,0,'比尔技能2_抓钩_拉回'),(8005,700705,0,30041,0,'比尔技能2_抓钩附带眩晕'),(8006,700706,0,108090,0,'比尔技能3_加护盾'),(9001,700805,0,109030,0,'阿拉伯技能1_触发器_受击（减速）'),(9002,700805,10931,109031,0,'阿拉伯技能1_触发器_受击（减速）'),(9003,700806,0,30052,0,'阿拉伯技能1_触发器_沉默'),(9004,700807,0,109070,0,'阿拉伯技能2_引力弹_扯回'),(9005,700807,10941,109071,0,'阿拉伯技能2_引力弹_扯回'),(9006,700808,0,109090,0,'阿拉伯技能3_受击（减速）'),(9007,700808,10961,109091,0,'阿拉伯技能3_受击（减速）'),(10001,700902,0,110060,0,'迪亚比技能2_受击'),(10002,700902,11021,110061,0,'迪亚比技能2_受击'),(11001,701004,0,111070,0,'火王技能2_受击_叠油'),(11002,701004,11122,111072,0,'火王技能2_受击_叠油皮肤2'),(11003,701005,0,111100,0,'火王技能3_加护盾'),(11004,701006,0,111030,0,'火王技能1_受击_单次灼烧'),(11005,701006,11151,111031,0,'火王技能1_受击_单次灼烧'),(11006,701006,11152,111032,0,'火王技能1_受击_单次灼烧'),(11007,701007,0,111120,0,'火王技能2_燃油起火_持续灼烧'),(11008,701007,11122,111122,0,'火王技能2_燃油起火_持续灼烧_皮肤2'),(11009,701008,0,0,111110,'火王技能3_受击_单次灼烧'),(12001,701102,0,112070,0,'女弩技能2_受击_单次'),(12002,701102,11221,112071,0,'女弩技能2_受击_单次'),(12003,701105,0,112040,0,'女弩技能1_陷阱_定身效果'),(12004,701105,11231,112041,0,'女弩技能1_陷阱_定身效果'),(12005,701106,0,112110,0,'女弩技能1_陷阱_标记效果'),(12006,701106,11231,112111,0,'女弩技能1_陷阱_标记效果'),(12007,701107,0,112100,0,'女弩技能3_受击'),(12008,701107,11251,112101,0,'女弩技能3_受击'),(13001,701206,0,113020,0,'卡彭技能1_磁能过载_BUFF'),(13003,701202,0,113040,113070,'卡彭技能2_自愈_Buff'),(13005,701205,0,113060,0,'卡彭技能3_泰山压顶_受击'),(13007,701203,0,35124,0,'卡彭技能4_电磁风暴_受击'),(14001,701301,0,114040,0,'帕蒂技能1_爆裂受击'),(14003,701302,0,114060,0,'帕蒂技能2_受击'),(14004,701305,0,30041,0,'帕蒂技能2_眩晕'),(14005,701306,0,114080,0,'帕蒂技能3_加盾'),(14006,701303,0,114090,0,'帕蒂技能3_加速'),(100001,705101,0,40115,0,'机甲火炮'),(100002,705102,0,40119,0,'机甲导弹'),(100003,705103,0,0,0,'翻滚'),(100004,705104,0,40115,0,'机甲自爆'),(100005,705105,0,0,0,'上机甲'),(100006,705106,0,0,0,'下机甲'),(200001,720001,0,53002,0,'油桶爆炸'),(200002,720002,0,53012,0,'持续喷火'),(200003,720003,0,53072,53073,'毒素'),(200004,720004,0,53022,0,'冰冻'),(200005,720005,0,53052,0,'吸重盘'),(200006,720006,0,53002,0,'地雷（非技能）'),(200007,720007,0,53092,0,'雪球_伤害'),(200008,720008,0,53102,0,'闪电_伤害'),(200009,720009,0,53112,0,'沼泽_减速'),(200010,720010,0,53122,0,'油潭_减速'),(200011,720011,0,111070,0,'油潭_叠油'),(200012,720012,0,53132,0,'流沙_减速'),(200013,720013,0,53142,0,'地刺_伤害'),(200014,720014,0,0,53073,'沼泽_中毒'),(200015,721000,0,32012,0,'手雷爆炸伤害'),(200016,721001,0,0,0,'闪光弹爆炸'),(200017,721002,0,53012,0,'燃烧弹爆炸'),(200018,721003,0,30041,0,'燃烧弹眩晕'),(200019,721004,0,30071,0,'燃烧弹定身'),(200020,721005,0,32012,0,'手雷爆炸睡眠'),(200021,722000,0,0,0,'微型经验'),(200022,722001,0,0,0,'小型经验'),(200023,722002,0,0,0,'中型经验'),(200024,722003,0,0,0,'大型经验'),(200025,722004,0,0,0,'手雷小'),(200026,722005,0,0,0,'闪光弹小'),(200027,722006,0,0,0,'燃烧弹'),(200028,722007,0,54051,0,'医疗箱小'),(200029,722008,0,54051,0,'医疗箱大'),(200030,722009,0,54153,0,'护盾'),(200031,722010,0,54143,0,'加速'),(200032,723001,0,0,0,'混战-生成触发器'),(200033,723002,0,0,0,'非混战-生成触发器'),(200034,723003,0,0,0,'混战模式-普通掉落触发器'),(200035,723004,0,0,0,'掉落手雷'),(200036,723005,0,0,0,'掉落血包'),(200037,723006,0,0,0,'非混战模式-普通掉落'),(200038,723007,0,0,0,'隐匿'),(200039,723008,0,0,0,'减速区域'),(200040,723009,0,0,0,'掉落大血包'),(200041,730001,0,0,0,'提高英雄生命值'),(200042,730002,0,0,0,'提高枪械伤害'),(200043,730003,0,0,0,'提高英雄护甲'),(200044,730004,0,0,0,'提高枪械弹药量'),(200045,730005,0,0,0,'提高枪械暴击率'),(200046,730006,0,0,0,'提高枪械稳定'),(200047,722011,0,54051,0,'医疗箱中'),(300001,730007,0,35002,0,'战术疾行'),(300002,730008,0,35003,0,'扫射横行'),(300003,730009,0,35001,0,'愈战愈勇'),(300004,730101,0,0,0,'提高枪械稳定'),(300005,730102,0,0,0,'提高枪械精准'),(300006,730103,0,0,0,'提高枪械伤害'),(300007,730104,0,0,0,'提高英雄机动性'),(300008,730105,0,0,0,'提高英雄护甲'),(300009,730106,0,0,0,'减少枪械填弹时间'),(300010,730107,0,35012,0,'孤注一掷'),(300011,730108,0,35013,0,'绝地反击'),(300012,730109,0,35011,0,'荆棘反制'),(300013,730201,0,0,0,'提高英雄生命值'),(300014,730202,0,0,0,'提高英雄护甲'),(300015,730203,0,0,0,'提高枪械弹药量'),(300016,730204,0,0,0,'提高枪械暴击率'),(300017,730205,0,0,0,'提高枪械射击距离'),(300018,730206,0,0,0,'提高英雄机动性'),(300019,730207,0,35022,0,'跃进突杀'),(300020,730208,0,35023,0,'冲击防护'),(300021,730209,0,35021,0,'血腥屠戮'),(300022,730301,0,0,0,'提高英雄护甲'),(300023,730302,0,0,0,'提高枪械射速'),(300024,730303,0,0,0,'提高英雄生命值'),(300025,730304,0,0,0,'提高枪械伤害'),(300026,730305,0,0,0,'提高枪械弹药量'),(300027,730306,0,0,0,'提高英雄机动性'),(300028,730307,0,35033,0,'洞察先机'),(300029,730308,0,35034,0,'坚韧不拔'),(300030,730309,0,35031,0,'战场补给-光环'),(300031,730310,0,35032,0,'战场补给-单次'),(300032,730401,0,0,0,'提高英雄机动性'),(300033,730402,0,0,0,'提高枪械伤害'),(300034,730403,0,0,0,'提高英雄生命值'),(300035,730404,0,0,0,'提高枪械穿透率'),(300036,730405,0,0,0,'提高英雄护甲'),(300037,730406,0,0,0,'提高枪械暴击率'),(300038,730407,0,35042,0,'暴走治疗'),(300039,730408,0,35043,0,'射击防护'),(300040,730409,0,35041,0,'且战且行'),(300041,730501,0,0,0,'提高英雄生命值'),(300042,730502,0,0,0,'提高英雄护甲'),(300043,730503,0,0,0,'提高枪械稳定'),(300044,730504,0,0,0,'提高枪械精准'),(300045,730505,0,0,0,'提高枪械伤害'),(300046,730506,0,0,0,'提高枪械暴击率'),(300047,730507,0,35052,0,'剑意衔接'),(300048,730508,0,35053,0,'踏雪无痕'),(300049,730509,0,35051,0,'以杀止杀'),(300050,730601,0,0,0,'提高英雄生命值'),(300051,730602,0,0,0,'提高枪械穿透率'),(300052,730603,0,0,0,'提高枪械射击距离'),(300053,730604,0,0,0,'提高英雄道具加成'),(300054,730605,0,0,0,'提高英雄护甲'),(300055,730606,0,0,0,'提高枪械暴击率'),(300056,730607,0,35062,0,'投掷守护'),(300057,730608,0,35063,0,'暴走萝莉'),(300058,730609,0,35061,0,'手雷达人'),(300059,730701,0,0,0,'提高英雄生命值'),(300060,730702,0,0,0,'提高英雄护甲'),(300061,730703,0,0,0,'提高枪械弹药量'),(300062,730704,0,0,0,'提高英雄道具加成'),(300063,730705,0,0,0,'提高枪械射击距离'),(300064,730706,0,0,0,'提高枪械暴击率'),(300065,730707,0,35082,0,'持续作战'),(300066,730708,0,35083,0,'穿越火线'),(300067,730709,0,35081,0,'绝技大师'),(300068,730801,0,0,0,'提高枪械稳定'),(300069,730802,0,0,0,'提高枪械伤害'),(300070,730803,0,0,0,'提高枪械精准'),(300071,730804,0,0,0,'提高英雄生命值'),(300072,730805,0,0,0,'提高英雄护甲'),(300073,730806,0,0,0,'提高英雄机动性'),(300074,730807,0,35073,0,'引力迟缓'),(300075,730808,0,35074,0,'丢盔卸甲'),(300076,730809,0,35071,0,'战场加速_循环'),(300077,730810,0,35072,0,'战场加速_受击循环'),(300078,730901,0,0,0,'提高英雄护甲'),(300079,730902,0,0,0,'提高枪械暴击率'),(300080,730903,0,0,0,'提高英雄生命值'),(300081,730904,0,0,0,'提高枪械射速'),(300082,730905,0,0,0,'提高英雄机动性'),(300083,730906,0,0,0,'提高枪械伤害'),(300084,730907,0,35092,0,'敌退我进'),(300085,730908,0,35093,0,'余威犹在'),(300086,730909,0,35091,0,'伺机待发'),(300087,731001,0,0,0,'提高英雄生命值'),(300088,731002,0,0,0,'减少枪械填弹时间'),(300089,731003,0,0,0,'提高英雄机动性'),(300090,731004,0,0,0,'提高英雄道具加成'),(300091,731005,0,0,0,'提高枪械暴击率'),(300092,731006,0,0,0,'提高枪械伤害'),(300093,731007,0,35102,0,'绝对防御'),(300094,731008,0,35103,0,'手雷护盾'),(300095,731009,0,35101,0,'勇不可挡'),(300096,731101,0,0,0,'提高英雄护甲'),(300097,731102,0,0,0,'提高枪械穿透率'),(300098,731103,0,0,0,'提高枪械弹药量'),(300099,731104,0,0,0,'提高枪械稳定'),(300100,731105,0,0,0,'提高枪械精准'),(300101,731106,0,0,0,'提高枪械暴击率'),(300102,731107,0,35113,0,'见猎心起'),(300103,731108,0,35114,0,'冰封雪雨'),(300104,731109,0,35111,35112,'银心箭弩'),(300105,740001,0,0,0,'提升攻击'),(300106,740002,0,0,0,'提升生命上限'),(300107,740003,0,0,0,'增加防御'),(300108,740004,0,0,0,'提升机动性'),(300109,740006,0,0,0,'增加射程'),(300110,740007,0,0,0,'提升暴击'),(300111,740008,0,0,0,'提升技能'),(300112,790001,0,30000,0,'复活无敌BUFF'),(300113,790002,0,30000,0,'中途无敌BUFF'),(300114,790003,0,0,0,'翻滚无敌BUFF'),(300115,731207,0,35121,0,'急速消化'),(300116,731208,0,35122,0,'濒死坚韧'),(300117,731209,0,35124,0,'电磁风暴'),(300118,731307,0,35131,0,'致命追击'),(300119,731308,0,35132,0,'减速流弹'),(300120,731309,0,35134,0,'战地重生-光环'),(300121,731399,0,35133,0,'战地重生-复活'),(400001,801001,0,61002,0,'裂地狂锤-伤害'),(400002,801002,0,30041,0,'裂地狂锤-眩晕'),(400003,801011,0,61005,0,'风刃飙射_伤害'),(400004,801012,0,31052,0,'风刃飙射_迟缓'),(400005,801021,0,61008,0,'四连猛攻'),(400006,801022,0,61009,0,'四连猛攻'),(400007,801023,0,61010,0,'四连猛攻'),(400008,801024,0,61010,0,'四连猛攻'),(400009,801031,0,61013,0,'天崩地裂_伤害'),(400010,801032,0,30041,0,'风刃喷吐_眩晕'),(400011,801041,0,61016,0,'毒液喷吐'),(400012,801042,0,35111,35114,'毒液喷吐_中毒'),(400013,801051,0,61020,0,'风刃喷吐'),(400014,999999,0,0,0,'AIBUFF');
/*!40000 ALTER TABLE `skill_effect_skin` ENABLE KEYS */;
UNLOCK TABLES;

--
-- Table structure for table `skill_performance`
--

DROP TABLE IF EXISTS `skill_performance`;
/*!40101 SET @saved_cs_client     = @@character_set_client */;
/*!40101 SET character_set_client = utf8 */;
CREATE TABLE `skill_performance` (
  `id` int(10) NOT NULL DEFAULT '0' COMMENT 'id',
  `type` int(10) NOT NULL DEFAULT '0' COMMENT '1=一段表现，2=二段表现，3=三段表现，4=四段表现',
  `name` varchar(50) NOT NULL DEFAULT '0' COMMENT '名字',
  `performance_type_1` int(10) NOT NULL DEFAULT '0' COMMENT '一段表现类型',
  `performance_1` int(10) NOT NULL DEFAULT '0' COMMENT '一段表现ID（索引到performance）',
  `performance_loop_1` int(10) NOT NULL DEFAULT '0' COMMENT '一段表现是否循环，（0不循环，1循环。）循环的时候，对应时间不生效。',
  `performance_type_2` int(10) NOT NULL DEFAULT '0' COMMENT '二段表现类型',
  `performance_2` int(10) NOT NULL DEFAULT '0' COMMENT '二段表现ID（索引到performance）',
  `performance_loop_2` int(10) NOT NULL DEFAULT '0' COMMENT '二段表现是否循环，（0不循环，1循环。）循环的时候，对应时间不生效。',
  `performance_type_3` int(10) NOT NULL DEFAULT '0' COMMENT '三段表现类型',
  `performance_3` int(10) NOT NULL DEFAULT '0' COMMENT '三段表现ID（索引到performance）',
  `performance_loop_3` int(10) NOT NULL DEFAULT '0' COMMENT '三段表现是否循环',
  `performance_type_4` int(10) NOT NULL DEFAULT '0' COMMENT '四段表现类型',
  `performance_4` int(10) NOT NULL DEFAULT '0' COMMENT '四段表现ID',
  `performance_loop_4` int(10) NOT NULL DEFAULT '0' COMMENT '四段表现是否循环',
  `separate` int(10) NOT NULL DEFAULT '0' COMMENT '表示这个技能特效是否应用上下半身分离动作，填0为全身动作，填1上下半身分离。',
  `cast_performance` int(10) NOT NULL DEFAULT '0' COMMENT '回调事件播放表现',
  `projectile` int(10) NOT NULL DEFAULT '0' COMMENT '弹道表现',
  `delay_performance` int(10) NOT NULL DEFAULT '0' COMMENT '延迟触发效果表现',
  `delay_time` int(10) NOT NULL DEFAULT '0' COMMENT '填0表示不延迟，填其他值表示在时间回调之后延迟多久去播放delay_performance',
  `weapon_performance` int(10) NOT NULL DEFAULT '0' COMMENT '武器表现。填-1，只隐藏原来武器，不替换新武器上去。填0，不隐藏原武器，不替换新武器。填ID索引performance表，隐藏原武器，播放新表现',
  `warning_performace` int(10) NOT NULL DEFAULT '0' COMMENT '技能预警表现',
  PRIMARY KEY (`id`),
  UNIQUE KEY `skill_id` (`id`)
) ENGINE=InnoDB DEFAULT CHARSET=utf8 COMMENT='[logic server no use]';
/*!40101 SET character_set_client = @saved_cs_client */;

--
-- Dumping data for table `skill_performance`
--

LOCK TABLES `skill_performance` WRITE;
/*!40000 ALTER TABLE `skill_performance` DISABLE KEYS */;
INSERT INTO `skill_performance` VALUES (10110,1,'盖亚技能1_扫射',1,101000,0,0,0,0,0,0,0,0,0,0,0,101010,10110,0,0,0,0),(10111,1,'盖亚技能1_扫射',1,101000,0,0,0,0,0,0,0,0,0,0,0,101011,10111,0,0,0,0),(10120,1,'盖亚技能2_护盾装置',1,101050,0,0,0,0,0,0,0,0,0,0,0,0,0,0,0,0,0),(10121,1,'盖亚技能2_护盾装置',1,101051,0,0,0,0,0,0,0,0,0,0,0,0,0,0,0,0,0),(10130,1,'盖亚护盾装置_释放',1,0,0,0,0,0,0,0,0,0,0,0,0,0,0,0,0,0,0),(10131,1,'盖亚护盾装置_释放',1,0,0,0,0,0,0,0,0,0,0,0,0,0,0,0,0,0,0),(10140,1,'盖亚技能3_战术翻滚',1,101100,0,0,0,0,0,0,0,0,0,0,0,0,0,0,0,0,0),(10141,1,'盖亚技能3_战术翻滚',1,101100,0,0,0,0,0,0,0,0,0,0,0,0,0,0,0,0,0),(10210,1,'壮汉技能1_护盾',1,102010,0,0,0,0,0,0,0,0,0,0,0,0,0,0,0,-1,0),(10211,1,'壮汉技能1_护盾',1,102011,0,0,0,0,0,0,0,0,0,0,0,0,0,0,0,-1,0),(10220,1,'壮汉技能1_护盾爆炸',1,102030,0,0,0,0,0,0,0,0,0,0,0,0,0,0,0,-1,0),(10221,1,'壮汉技能1_护盾爆炸',1,102031,0,0,0,0,0,0,0,0,0,0,0,0,0,0,0,-1,0),(10230,1,'壮汉技能2_阵壁',1,102050,0,0,0,0,0,0,0,0,0,0,0,0,0,0,0,0,0),(10231,1,'壮汉技能2_阵壁',1,102051,0,0,0,0,0,0,0,0,0,0,0,0,0,0,0,0,0),(10240,1,'壮汉技能3_野蛮冲撞',1,102080,0,0,0,0,0,0,0,0,0,0,0,0,0,0,0,0,0),(10241,1,'壮汉技能3_野蛮冲撞',1,102081,0,0,0,0,0,0,0,0,0,0,0,0,0,0,0,0,0),(10310,1,'逗比技能1_死亡音律',1,103010,0,0,0,0,0,0,0,0,0,0,0,0,0,0,0,0,0),(10311,1,'逗比技能1_死亡音律',1,103010,0,0,0,0,0,0,0,0,0,0,0,0,0,0,0,0,0),(10320,1,'逗比技能2_喷气冲击',1,103030,0,0,0,0,0,0,0,0,0,0,0,103040,0,0,0,0,0),(10321,1,'逗比技能2_喷气冲击',1,103031,0,0,0,0,0,0,0,0,0,0,0,103041,0,0,0,0,0),(10330,1,'逗比技能3_滑铲',1,103060,0,0,0,0,0,0,0,0,0,0,0,0,0,0,0,0,0),(10331,1,'逗比技能3_滑铲',1,103060,0,0,0,0,0,0,0,0,0,0,0,0,0,0,0,0,0),(10420,1,'女主技能1_定时震荡',1,104030,0,0,0,0,0,0,0,0,0,0,0,0,0,0,0,0,0),(10421,1,'女主技能1_定时震荡',1,104030,0,0,0,0,0,0,0,0,0,0,0,0,0,0,0,0,0),(10430,1,'女主技能2_传送装置',1,104070,0,0,0,0,0,0,0,0,0,0,0,0,0,0,0,0,0),(10431,1,'女主技能2_传送装置',1,104071,0,0,0,0,0,0,0,0,0,0,0,0,0,0,0,0,0),(10440,1,'女主技能2_传送',1,104090,0,0,0,0,0,0,0,0,0,0,0,0,0,0,0,0,0),(10441,1,'女主技能2_传送',1,104091,0,0,0,0,0,0,0,0,0,0,0,0,0,0,0,0,0),(10450,1,'女主技能3_翻滚',1,104110,0,0,0,0,0,0,0,0,0,0,0,0,0,0,0,0,0),(10490,1,'女主射击',1,33000,0,0,0,0,0,0,0,0,0,0,0,0,1040,0,0,0,0),(10491,1,'女主射击',1,33000,0,0,0,0,0,0,0,0,0,0,0,0,1041,0,0,0,0),(10510,1,'护士技能1_治疗',1,105010,0,0,0,0,0,0,0,0,0,0,0,0,0,0,0,-1,0),(10511,1,'护士技能1_治疗',1,105011,0,0,0,0,0,0,0,0,0,0,0,0,0,0,0,-1,0),(10520,1,'护士技能2_睡眠针',1,105030,0,0,0,0,0,0,0,0,0,0,0,0,10520,0,0,-1,0),(10521,1,'护士技能2_睡眠针',1,105030,0,0,0,0,0,0,0,0,0,0,0,0,10520,0,0,-1,0),(10530,1,'护士技能3_兴奋剂',1,105070,0,0,0,0,0,0,0,0,0,0,0,0,0,0,0,0,0),(10531,1,'护士技能3_兴奋剂',1,105070,0,0,0,0,0,0,0,0,0,0,0,0,0,0,0,0,0),(10590,1,'护士射击',1,33000,0,0,0,0,0,0,0,0,0,0,0,0,1050,0,0,0,0),(10591,1,'护士射击',1,33000,0,0,0,0,0,0,0,0,0,0,0,0,1051,0,0,0,0),(10610,1,'李龙技能1_刀光闪烁',1,106010,0,0,0,0,0,0,0,0,0,0,0,0,0,0,0,106610,0),(10611,1,'李龙技能1_刀光闪烁',1,106011,0,0,0,0,0,0,0,0,0,0,0,0,0,0,0,106610,0),(10620,1,'李龙技能2_剑气纵横',1,106050,0,0,0,0,0,0,0,0,0,0,0,0,10620,0,0,106610,0),(10621,1,'李龙技能2_剑气纵横',1,106051,0,0,0,0,0,0,0,0,0,0,0,0,10621,0,0,106610,0),(10630,1,'技能技能1_2',1,106030,0,0,0,0,0,0,0,0,0,0,0,0,0,0,0,106610,0),(10631,1,'技能技能1_2',1,106031,0,0,0,0,0,0,0,0,0,0,0,0,0,0,0,106610,0),(10640,1,'李龙技能3_魅影绝杀',1,106090,0,0,0,0,0,0,0,0,0,0,0,0,0,0,0,106610,0),(10641,1,'李龙技能3_魅影绝杀',1,106091,0,0,0,0,0,0,0,0,0,0,0,0,0,0,0,106610,0),(10710,1,'凯瑟琳技能1_蜘蛛地雷',1,107010,0,0,0,0,0,0,0,0,0,0,0,0,0,0,0,0,0),(10711,1,'凯瑟琳技能1_蜘蛛地雷',1,107011,0,0,0,0,0,0,0,0,0,0,0,0,0,0,0,0,0),(10720,1,'凯瑟琳技能2_炮塔',1,107040,0,0,0,0,0,0,0,0,0,0,0,0,0,0,0,0,0),(10721,1,'凯瑟琳技能2_炮塔',1,107041,0,0,0,0,0,0,0,0,0,0,0,0,0,0,0,0,0),(10730,1,'地雷爆炸_释放',1,107020,0,0,0,0,0,0,0,0,0,0,0,0,0,0,0,0,0),(10731,1,'地雷爆炸_释放',1,107021,0,0,0,0,0,0,0,0,0,0,0,0,0,0,0,0,0),(10740,1,'凯瑟琳技能3_躲猫猫',1,107110,0,0,0,0,0,0,0,0,0,0,0,0,0,0,0,0,0),(10741,1,'凯瑟琳技能3_躲猫猫',1,107110,0,0,0,0,0,0,0,0,0,0,0,0,0,0,0,0,0),(10810,1,'比尔技能1_火箭筒',1,108010,0,0,0,0,0,0,0,0,0,0,0,0,10810,108030,0,-1,0),(10811,1,'比尔技能1_火箭筒',1,108010,0,0,0,0,0,0,0,0,0,0,0,0,10811,108031,0,-1,0),(10820,1,'比尔技能2_抓钩',1,108050,0,0,0,0,0,0,0,0,0,0,0,0,0,0,0,0,0),(10821,1,'比尔技能2_抓钩',1,108050,0,0,0,0,0,0,0,0,0,0,0,0,0,0,0,0,0),(10830,1,'比尔技能3_突进',1,108080,0,0,0,0,0,0,0,0,0,0,0,0,0,0,0,0,0),(10831,1,'比尔技能3_突进',1,108080,0,0,0,0,0,0,0,0,0,0,0,0,0,0,0,0,0),(10910,1,'阿拉伯技能1_沙暴',1,109000,0,0,0,0,0,0,0,0,0,0,0,0,10910,0,0,0,0),(10911,1,'阿拉伯技能1_沙暴',1,109001,0,0,0,0,0,0,0,0,0,0,0,0,10911,0,0,0,0),(10920,1,'阿拉伯技能2_引力弹',1,109040,0,0,0,0,0,0,0,0,0,0,0,0,10920,109060,0,0,0),(10921,1,'阿拉伯技能2_引力弹',1,109041,0,0,0,0,0,0,0,0,0,0,0,0,10921,109061,0,0,0),(10930,1,'沙暴释放',1,0,0,0,0,0,0,0,0,0,0,0,0,0,0,0,0,0,0),(10931,1,'沙暴释放',1,0,0,0,0,0,0,0,0,0,0,0,0,0,0,0,0,0,0),(10940,1,'引力弹释放',1,0,0,0,0,0,0,0,0,0,0,0,0,0,0,0,0,0,0),(10941,1,'引力弹释放',1,0,0,0,0,0,0,0,0,0,0,0,0,0,0,0,0,0,0),(10950,1,'阿拉伯技能3_信仰之跃',1,109080,0,0,0,0,0,0,0,0,0,0,0,0,0,0,0,0,0),(10951,1,'阿拉伯技能3_信仰之跃',1,109081,0,0,0,0,0,0,0,0,0,0,0,0,0,0,0,0,0),(10960,1,'阿拉伯技能3_2',1,109610,0,0,0,0,0,0,0,0,0,0,0,0,0,0,0,0,0),(10961,1,'阿拉伯技能3_2',1,109610,0,0,0,0,0,0,0,0,0,0,0,0,0,0,0,0,0),(11010,1,'迪亚比技能1_穿梭直射',1,110000,1,0,0,0,0,0,0,0,0,0,1,110020,11010,0,0,0,0),(11011,1,'迪亚比技能1_穿梭直射',1,110000,1,0,0,0,0,0,0,0,0,0,1,110021,11011,0,0,0,0),(11020,1,'迪亚比技能2_空中扫射',1,110050,0,0,0,0,0,0,0,0,0,0,0,0,0,0,0,0,0),(11021,1,'迪亚比技能2_空中扫射',1,110051,0,0,0,0,0,0,0,0,0,0,0,0,0,0,0,0,0),(11030,1,'迪亚比技能3_忍步',1,110070,0,0,0,0,0,0,0,0,0,0,0,0,0,0,0,0,0),(11031,1,'迪亚比技能3_忍步',1,110071,0,0,0,0,0,0,0,0,0,0,0,0,0,0,0,0,0),(11110,1,'火王技能1_毁灭之墙_0',1,111010,0,0,0,0,0,0,0,0,0,0,0,0,0,0,0,0,0),(11111,1,'火王技能1_毁灭之墙_1',1,111011,0,0,0,0,0,0,0,0,0,0,0,0,0,0,0,0,0),(11112,1,'火王技能1_毁灭之墙_2',1,111012,0,0,0,0,0,0,0,0,0,0,0,0,0,0,0,0,0),(11120,1,'火王技能2_油桶投掷_0',1,111040,0,0,0,0,0,0,0,0,0,0,0,0,11120,111060,0,-1,0),(11121,1,'火王技能2_油桶投掷_1',1,111040,0,0,0,0,0,0,0,0,0,0,0,0,11121,111060,0,-1,0),(11122,1,'火王技能2_油桶投掷_2',1,111042,0,0,0,0,0,0,0,0,0,0,0,0,11122,111062,0,-1,0),(11130,1,'火王技能3_盾场燃烧_0',1,111080,0,0,0,0,0,0,0,0,0,0,0,0,0,0,0,0,0),(11131,1,'火王技能3_盾场燃烧_1',1,111080,0,0,0,0,0,0,0,0,0,0,0,0,0,0,0,0,0),(11132,1,'火王技能3_盾场燃烧_2',1,111082,0,0,0,0,0,0,0,0,0,0,0,0,0,0,0,0,0),(11140,1,'盾场燃烧_释放_0',1,0,0,0,0,0,0,0,0,0,0,0,0,0,0,0,0,0,0),(11141,1,'盾场燃烧_释放_1',1,0,0,0,0,0,0,0,0,0,0,0,0,0,0,0,0,0,0),(11142,1,'盾场燃烧_释放_2',1,0,0,0,0,0,0,0,0,0,0,0,0,0,0,0,0,0,0),(11150,1,'火墙爆发_释放_0',1,0,0,0,0,0,0,0,0,0,0,0,0,0,0,0,0,0,0),(11151,1,'火墙爆发_释放_1',1,0,0,0,0,0,0,0,0,0,0,0,0,0,0,0,0,0,0),(11152,1,'火墙爆发_释放_2',1,0,0,0,0,0,0,0,0,0,0,0,0,0,0,0,0,0,0),(11210,1,'女弩技能1_定身陷阱',1,112010,0,0,0,0,0,0,0,0,0,0,0,0,0,0,0,0,0),(11211,1,'女弩技能1_定身陷阱',1,112011,0,0,0,0,0,0,0,0,0,0,0,0,0,0,0,0,0),(11220,1,'女弩技能2_雷霆箭雨',1,112610,0,0,0,0,0,0,0,0,0,0,0,112050,0,112060,700,0,0),(11221,1,'女弩技能2_雷霆箭雨',1,112610,0,0,0,0,0,0,0,0,0,0,0,112051,0,112061,700,0,0),(11230,1,'定身陷阱_释放',1,0,0,0,0,0,0,0,0,0,0,0,0,0,0,0,0,0,0),(11231,1,'定身陷阱_释放',1,0,0,0,0,0,0,0,0,0,0,0,0,0,0,0,0,0,0),(11240,1,'女弩技能3_无畏跳射',1,112080,0,0,0,0,0,0,0,0,0,0,0,0,0,0,0,0,0),(11241,1,'女弩技能3_无畏跳射',1,112081,0,0,0,0,0,0,0,0,0,0,0,0,0,0,0,0,0),(11250,1,'女弩技能3_2',1,112090,0,0,0,0,0,0,0,0,0,0,0,0,0,0,0,0,0),(11251,1,'女弩技能3_2',1,112091,0,0,0,0,0,0,0,0,0,0,0,0,0,0,0,0,0),(11310,1,'卡彭技能1_磁能过载_释放',1,113010,0,0,0,0,0,0,0,0,0,0,0,0,0,0,0,0,0),(11320,1,'卡彭技能2_自愈_释放',1,113030,0,0,0,0,0,0,0,0,0,0,0,0,0,0,0,0,0),(11330,1,'卡彭技能3_泰山压顶_释放',1,113050,0,0,0,0,0,0,0,0,0,0,0,0,0,0,0,0,0),(11340,1,'卡彭被动_电磁激射_释放',1,35123,0,0,0,0,0,0,0,0,0,0,0,0,0,0,0,0,0),(11410,1,'帕蒂技能1_爆裂榴弹_释放',1,114010,0,0,0,0,0,0,0,0,0,0,0,0,11310,114030,0,0,0),(11420,1,'帕蒂技能2_击退',1,114050,0,0,0,0,0,0,0,0,0,0,0,0,0,0,0,0,0),(11430,1,'帕蒂技能3_战吼释放加速',1,114070,0,0,0,0,0,0,0,0,0,0,0,0,0,0,0,0,0),(32010,1,'手雷投掷',1,32010,0,0,0,0,0,0,0,0,0,0,0,0,2001,32011,0,-1,0),(32020,1,'闪光弹投掷',1,32020,0,0,0,0,0,0,0,0,0,0,0,0,2002,32021,0,-1,0),(32030,1,'燃烧弹投掷',1,32030,0,0,0,0,0,0,0,0,0,0,0,0,2003,32031,0,-1,0),(32101,1,'翻滚技能_盖亚',1,32101,0,0,0,0,0,0,0,0,0,0,0,0,0,0,0,0,0),(32111,1,'翻滚技能_壮汉',1,32111,0,0,0,0,0,0,0,0,0,0,0,0,0,0,0,0,0),(32121,1,'翻滚技能_女主',1,32121,0,0,0,0,0,0,0,0,0,0,0,0,0,0,0,0,0),(32131,1,'翻滚技能_塞西',1,32131,0,0,0,0,0,0,0,0,0,0,0,0,0,0,0,0,0),(32141,1,'翻滚技能_凯瑟琳',1,32141,0,0,0,0,0,0,0,0,0,0,0,0,0,0,0,0,0),(32151,1,'翻滚技能_比尔',1,32151,0,0,0,0,0,0,0,0,0,0,0,0,0,0,0,0,0),(32161,1,'翻滚技能_侠客',1,32161,0,0,0,0,0,0,0,0,0,0,0,0,0,0,0,0,0),(32171,1,'翻滚技能_护士',1,32171,0,0,0,0,0,0,0,0,0,0,0,0,0,0,0,0,0),(32181,1,'翻滚技能_阿拉伯',1,32181,0,0,0,0,0,0,0,0,0,0,0,0,0,0,0,0,0),(32191,1,'翻滚技能_迪亚比',1,32191,0,0,0,0,0,0,0,0,0,0,0,0,0,0,0,0,0),(32201,1,'翻滚技能_女弩',1,32201,0,0,0,0,0,0,0,0,0,0,0,0,0,0,0,0,0),(32211,1,'翻滚技能_火男',1,32211,0,0,0,0,0,0,0,0,0,0,0,0,0,0,0,0,0),(33010,1,'翻滚',1,33010,0,0,0,0,0,0,0,0,0,0,0,0,0,0,0,0,0),(33021,2,'埋C4',2,33021,1,3,33022,0,0,0,0,0,0,0,0,0,0,0,0,-1,0),(33023,3,'拆C4',1,33023,0,2,33024,1,3,33025,0,0,0,0,0,0,0,0,0,-1,0),(40101,1,'火炮技能',1,40101,0,0,0,0,0,0,0,0,0,0,0,0,0,40114,200,0,0),(40102,1,'导弹技能',1,40102,0,0,0,0,0,0,0,0,0,0,0,40116,6002,40118,0,0,0),(40103,1,'突进',1,40103,0,0,0,0,0,0,0,0,0,0,0,0,0,0,0,0,0),(40104,1,'自爆',1,40104,0,0,0,0,0,0,0,0,0,0,0,0,0,0,0,0,0),(52001,1,'油桶爆炸',1,52001,0,0,0,0,0,0,0,0,0,0,0,0,0,0,0,0,0),(52011,1,'非混战模式-箱子-破坏表现',1,52011,0,0,0,0,0,0,0,0,0,0,0,0,0,0,0,0,0),(52012,1,'可破坏医疗箱子-破坏表现',1,52012,0,0,0,0,0,0,0,0,0,0,0,0,0,0,0,0,0),(52013,1,'可破坏手雷箱子-破坏表现',1,52013,0,0,0,0,0,0,0,0,0,0,0,0,0,0,0,0,0),(53001,1,'地雷（非技能）',1,53001,0,0,0,0,0,0,0,0,0,0,0,0,0,0,0,0,0),(53011,1,'持续喷火',1,53011,0,0,0,0,0,0,0,0,0,0,0,0,0,0,0,0,0),(53021,1,'冰冻特效',1,53021,0,0,0,0,0,0,0,0,0,0,0,0,0,0,0,0,0),(53051,1,'吸重盘',1,53051,0,0,0,0,0,0,0,0,0,0,0,0,0,0,0,0,0),(53071,1,'毒气陷阱',1,53071,0,0,0,0,0,0,0,0,0,0,0,0,0,0,0,0,0),(53081,1,'雪球',1,0,0,0,0,0,0,0,0,0,0,0,0,0,0,0,0,0,0),(53091,1,'闪电',1,0,0,0,0,0,0,0,0,0,0,0,0,0,0,0,0,0,0),(53101,1,'沼泽',1,0,0,0,0,0,0,0,0,0,0,0,0,0,0,0,0,0,0),(53111,1,'油潭',1,0,0,0,0,0,0,0,0,0,0,0,0,0,0,0,0,0,0),(53121,1,'流沙',1,0,0,0,0,0,0,0,0,0,0,0,0,0,0,0,0,0,0),(53131,1,'地刺',1,0,0,0,0,0,0,0,0,0,0,0,0,0,0,0,0,0,0),(54004,1,'吃手雷补给箱小',1,54004,0,0,0,0,0,0,0,0,0,0,0,0,0,0,0,0,0),(54005,1,'吃闪光弹小',1,54005,0,0,0,0,0,0,0,0,0,0,0,0,0,0,0,0,0),(54006,1,'吃医疗箱小',1,54006,0,0,0,0,0,0,0,0,0,0,0,0,0,0,0,0,0),(54007,1,'吃医疗箱中',1,54006,0,0,0,0,0,0,0,0,0,0,0,0,0,0,0,0,0),(54008,1,'吃燃烧弹小',1,54008,0,0,0,0,0,0,0,0,0,0,0,0,0,0,0,0,0),(54032,1,'医疗箱大',1,54032,0,0,0,0,0,0,0,0,0,0,0,0,0,0,0,0,0),(54041,1,'生成器刷出表现',1,54041,0,0,0,0,0,0,0,0,0,0,0,0,0,0,0,0,0),(54142,1,'疾行装置',1,54142,0,0,0,0,0,0,0,0,0,0,0,0,0,0,0,0,0),(54152,1,'雷亚护盾',1,54152,0,0,0,0,0,0,0,0,0,0,0,0,0,0,0,0,0),(54205,1,'靶子破碎特效',1,54205,0,0,0,0,0,0,0,0,0,0,0,0,0,0,0,0,0),(55204,1,'吃经验',1,55204,0,0,0,0,0,0,0,0,0,0,0,0,0,0,0,0,0),(801001,1,'BOSS_普通攻击1',1,61001,0,0,0,0,0,0,0,0,0,0,0,0,0,0,0,0,61003),(801011,1,'BOSS_普通攻击2',1,61004,0,0,0,0,0,0,0,0,0,0,0,0,0,0,0,0,61006),(801021,1,'BOSS_技能攻击1',1,61007,0,0,0,0,0,0,0,0,0,0,0,0,0,0,0,0,61011),(801031,1,'BOSS_技能攻击2',1,61012,0,0,0,0,0,0,0,0,0,0,0,0,0,0,0,0,61014),(801041,1,'BOSS_特殊攻击1',1,61015,0,0,0,0,0,0,0,0,0,0,0,0,8001,61017,0,0,61018),(801051,1,'BOSS_特殊攻击2',1,61019,0,0,0,0,0,0,0,0,0,0,0,0,8002,61021,0,0,61018);
/*!40000 ALTER TABLE `skill_performance` ENABLE KEYS */;
UNLOCK TABLES;

--
-- Table structure for table `skill_skin`
--

DROP TABLE IF EXISTS `skill_skin`;
/*!40101 SET @saved_cs_client     = @@character_set_client */;
/*!40101 SET character_set_client = utf8 */;
CREATE TABLE `skill_skin` (
  `id` int(10) NOT NULL DEFAULT '0' COMMENT '唯一ID',
  `skill_id` int(10) NOT NULL DEFAULT '0' COMMENT '索引到skill表的skill_id字段',
  `skin_id` int(10) NOT NULL DEFAULT '0' COMMENT '对应skin表的主ID。',
  `skill_performance` int(10) NOT NULL DEFAULT '0' COMMENT '对应skill_performance表的主ID',
  `name` varchar(50) NOT NULL DEFAULT '' COMMENT '名字',
  PRIMARY KEY (`id`)
) ENGINE=InnoDB DEFAULT CHARSET=utf8 COMMENT='[logic server no use]';
/*!40101 SET character_set_client = @saved_cs_client */;

--
-- Dumping data for table `skill_skin`
--

LOCK TABLES `skill_skin` WRITE;
/*!40000 ALTER TABLE `skill_skin` DISABLE KEYS */;
INSERT INTO `skill_skin` VALUES (1,500000,0,0,'近战'),(1001,500001,0,10110,'疯狂扫射'),(1002,500001,310002,10111,'疯狂扫射'),(1003,500002,0,10120,'护盾装置'),(1004,500002,310002,10121,'护盾装置'),(1005,500003,0,0,'愈战愈勇'),(1007,500004,0,10140,'战术翻滚'),(1008,500004,0,10141,'战术翻滚'),(1009,500005,0,10130,'盖亚护盾装置'),(1010,500005,310002,10131,'盖亚护盾装置'),(2001,500101,0,10210,'生化护盾'),(2002,500101,310102,10211,'生化护盾'),(2003,500102,0,10230,'防护阵壁'),(2004,500102,310102,10231,'防护阵壁'),(2005,500103,0,0,'荆棘反制'),(2007,500104,0,10240,'野蛮冲撞'),(2008,500104,310102,10241,'野蛮冲撞'),(2009,500105,0,10220,'护盾爆炸'),(2010,500105,310102,10221,'护盾爆炸'),(3001,500201,0,10310,'死亡音律'),(3002,500201,310202,10311,'死亡音律'),(3003,500202,0,10320,'喷气冲击'),(3004,500202,310202,10321,'喷气冲击'),(3005,500203,0,0,'血腥屠戮'),(3007,500204,0,10330,'滑铲'),(3008,500204,310202,10331,'滑铲'),(4001,500301,0,10420,'定时震荡'),(4002,500301,310302,10421,'定时震荡'),(4003,500302,0,10430,'传送装置'),(4004,500302,310302,10431,'传送装置'),(4005,500303,0,0,'战场补给'),(4006,500304,0,10450,'战术翻滚'),(4009,500305,0,10440,'传送'),(4010,500305,310302,10441,'传送'),(5001,500401,0,10510,'群体治疗'),(5002,500401,310402,10511,'群体治疗'),(5003,500402,0,10520,'睡眠针'),(5004,500402,310402,10521,'睡眠针'),(5005,500403,0,0,'技巧专家'),(5007,500404,0,10530,'兴奋剂'),(5008,500404,310402,10531,'兴奋剂'),(6001,500501,0,10610,'刀光闪烁'),(6002,500501,310502,10611,'刀光闪烁'),(6003,500502,0,10620,'剑气纵横'),(6004,500502,310502,10621,'剑气纵横'),(6005,500503,0,0,'绝技大师'),(6007,500504,0,10640,'魅影绝杀'),(6008,500504,310502,10641,'魅影绝杀'),(6009,500505,0,10630,'刀光闪烁2'),(6010,500505,310502,10631,'刀光闪烁2'),(7001,500601,0,10710,'蜘蛛地雷'),(7002,500601,310602,10711,'蜘蛛地雷'),(7003,500602,0,10720,'小瑟炮台'),(7004,500602,310602,10721,'小瑟炮台'),(7005,500603,0,0,'手雷达人'),(7007,500604,0,10740,'躲猫猫'),(7008,500604,310602,10741,'躲猫猫'),(7009,500605,0,10730,'陷阱爆炸'),(7010,500605,310602,10731,'陷阱爆炸'),(8001,500701,0,10810,'M28火箭炮'),(8002,500701,310702,10811,'M28火箭炮'),(8003,500702,0,10820,'千里抓钩'),(8004,500702,310702,10821,'千里抓钩'),(8005,500703,0,0,'以杀止杀'),(8007,500704,0,10830,'突进'),(8008,500704,310702,10831,'突进'),(9001,500801,0,10910,'沙漠风暴'),(9002,500801,310802,10911,'沙漠风暴'),(9003,500802,0,10920,'引力吞噬'),(9004,500802,310802,10921,'引力吞噬'),(9005,500803,0,0,'战场加速'),(9007,500804,0,10950,'信仰之跃'),(9008,500804,310802,10951,'信仰之跃'),(9009,500805,0,10930,'沙暴陷阱'),(9010,500805,310802,10931,'沙暴陷阱'),(9011,500806,0,10940,'引力吞噬（触发器）'),(9012,500806,310802,10941,'引力吞噬（触发器）'),(9013,500807,0,10960,'跳跃震荡'),(9014,500807,310802,10961,'跳跃震荡'),(10001,500901,0,11010,'穿梭直射'),(10002,500901,310902,11011,'穿梭直射'),(10003,500902,0,11020,'空中扫射'),(10004,500902,310902,11021,'空中扫射'),(10005,500903,0,0,'伺机待发'),(10007,500904,0,11030,'忍步'),(10008,500904,310902,11031,'忍步'),(11001,501001,0,11110,'毁灭之墙'),(11002,501001,311002,11111,'毁灭之墙'),(11003,501001,311003,11112,'毁灭之墙'),(11004,501002,0,11120,'油桶投掷'),(11005,501002,311002,11121,'油桶投掷'),(11006,501002,311003,11122,'油桶投掷'),(11007,501003,0,0,'勇不可挡'),(11008,501004,0,11130,'盾场燃烧'),(11009,501004,311002,11131,'盾场燃烧'),(11010,501004,311003,11132,'盾场燃烧'),(11011,501005,0,11140,'盾场燃烧（触发器）'),(11012,501005,311002,11141,'盾场燃烧（触发器）'),(11013,501005,311003,11142,'盾场燃烧（触发器）'),(11014,501007,0,0,'火焰枪'),(11015,501006,0,11150,'火墙爆发'),(11016,501006,311002,11151,'火墙爆发'),(11017,501006,311003,11152,'火墙爆发'),(12001,501101,0,11210,'定身陷阱'),(12002,501101,311102,11211,'定身陷阱'),(12003,501102,0,11220,'雷霆箭雨'),(12004,501102,311102,11221,'雷霆箭雨'),(12005,501103,0,0,'银心箭弩'),(12007,501104,0,11240,'无畏跳射'),(12008,501104,311102,11241,'无畏跳射'),(12009,501105,0,11230,'定身陷阱'),(12010,501105,311102,11231,'定身陷阱'),(12011,501106,0,11250,'跳跃扫射'),(12012,501106,311102,11251,'跳跃扫射'),(13001,501201,0,11310,'磁能过载'),(13003,501202,0,11320,'自我愈合'),(13004,501203,0,11340,'电磁激射'),(13006,501204,0,11330,'飞扑'),(14001,501301,0,11410,'爆裂榴弹'),(14003,501302,0,11420,'击飞'),(14005,501304,0,11430,'战斗呐喊'),(100001,505001,0,40101,'机甲火炮'),(100002,505002,0,40102,'机甲导弹'),(100003,505003,0,40103,'机甲飞行'),(100004,505004,0,40104,'机甲自爆'),(100005,505005,0,0,'上机甲'),(200001,520001,0,52001,'油桶爆炸'),(200002,520002,0,53011,'持续喷火'),(200003,520003,0,53071,'毒气陷阱'),(200004,520004,0,53021,'冰冻特效'),(200005,520005,0,53051,'吸重盘'),(200006,520006,0,53001,'地雷（非技能）'),(200007,520007,0,53081,'雪球'),(200008,520008,0,53091,'闪电'),(200009,520009,0,53101,'沼泽'),(200010,520010,0,53111,'油潭'),(200011,520011,0,53121,'流沙'),(200012,520012,0,53131,'地刺'),(200013,521000,0,32010,'高爆手雷'),(200014,521001,0,32020,'闪光弹'),(200015,521002,0,32030,'燃烧弹'),(200016,522000,0,55204,'微型经验'),(200017,522001,0,55204,'小型经验'),(200018,522002,0,55204,'中型经验'),(200019,522003,0,55204,'大型经验'),(200020,522004,0,54004,'吃手雷补给箱小'),(200021,522005,0,54005,'吃闪光弹小'),(200022,522006,0,54008,'吃燃烧弹小'),(200023,522007,0,54006,'吃医疗箱小'),(200024,522008,0,54032,'吃医疗箱大'),(200025,522009,0,54152,'雷亚护盾'),(200026,522010,0,54142,'疾行装置'),(200027,523001,0,54041,'混战-生成器'),(200028,523002,0,54041,'非混战-生成器'),(200029,523003,0,52011,'混战模式-箱子'),(200030,523004,0,52013,'可破坏手雷箱子'),(200031,523005,0,52012,'可破坏医疗箱子'),(200032,523006,0,52011,'非混战模式-箱子'),(200033,523007,0,0,'隐匿'),(200034,523008,0,0,'减速区域'),(200035,523009,0,52012,'团战可破坏医疗箱子'),(200036,524000,0,54205,'靶子破碎特效'),(200037,560101,0,10490,'女主狙击枪'),(200038,560102,0,10590,'护士狙击枪'),(200039,561201,0,33021,'埋C4'),(200040,561202,0,33023,'拆C4'),(200041,522011,0,54007,'吃医疗箱中'),(210001,801001,0,801001,'裂地狂锤'),(210002,801011,0,801011,'风刃飙射'),(210003,801021,0,801021,'四连猛攻'),(210004,801022,0,0,'四连猛攻'),(210005,801023,0,0,'四连猛攻'),(210006,801024,0,0,'四连猛攻'),(210007,801031,0,801031,'天崩地裂'),(210008,801041,0,801041,'毒液喷吐'),(210009,801051,0,801051,'风刃喷吐'),(210010,990000,0,0,'普攻');
/*!40000 ALTER TABLE `skill_skin` ENABLE KEYS */;
UNLOCK TABLES;

--
-- Table structure for table `skill_triggers`
--

DROP TABLE IF EXISTS `skill_triggers`;
/*!40101 SET @saved_cs_client     = @@character_set_client */;
/*!40101 SET character_set_client = utf8 */;
CREATE TABLE `skill_triggers` (
  `id` int(10) NOT NULL DEFAULT '0' COMMENT 'id',
  `name` char(50) NOT NULL DEFAULT '0' COMMENT '目标触发器名称',
  `skill_effect_id` int(10) NOT NULL DEFAULT '0' COMMENT '技能效果ID',
  `new_triggers_id` int(10) NOT NULL DEFAULT '0' COMMENT '目标触发器ID',
  `weight` float NOT NULL DEFAULT '0' COMMENT '权重',
  PRIMARY KEY (`id`,`skill_effect_id`)
) ENGINE=InnoDB DEFAULT CHARSET=utf8 COMMENT='[logic server no use]';
/*!40101 SET character_set_client = @saved_cs_client */;

--
-- Dumping data for table `skill_triggers`
--

LOCK TABLES `skill_triggers` WRITE;
/*!40000 ALTER TABLE `skill_triggers` DISABLE KEYS */;
INSERT INTO `skill_triggers` VALUES (1,'医疗箱',1000,850010,30),(3,'护盾',1000,850021,30),(4,'中型经验',1000,850025,5),(5,'加速',1000,850022,30),(6,'医疗箱小',1001,850007,20),(7,'手雷补给箱小',1001,850008,10),(8,'小型经验',1001,850024,40),(9,'医疗箱',1002,850010,30),(10,'护盾',1002,850021,30),(11,'加速',1002,850022,30),(12,'医疗箱小',1003,850007,20),(13,'手雷补给箱小',1003,850008,40),(14,'医疗箱小',1004,850007,70),(15,'手雷补给箱小',1005,850008,40),(16,'闪光补给箱小',1001,850006,10),(17,'闪光补给箱小',1005,850006,20),(18,'燃烧补给箱小',1005,850009,100),(19,'医疗箱小',1006,850007,30),(20,'医疗箱中',1006,850033,70),(21,'医疗箱小',1007,850007,50),(22,'医疗箱中',1007,850033,50);
/*!40000 ALTER TABLE `skill_triggers` ENABLE KEYS */;
UNLOCK TABLES;

--
-- Table structure for table `skin`
--

DROP TABLE IF EXISTS `skin`;
/*!40101 SET @saved_cs_client     = @@character_set_client */;
/*!40101 SET character_set_client = utf8 */;
CREATE TABLE `skin` (
  `id` int(11) NOT NULL DEFAULT '0' COMMENT '皮肤id',
  `hero_id` int(11) NOT NULL DEFAULT '0' COMMENT '所对应的英雄id',
  `shape_id` int(11) NOT NULL DEFAULT '0' COMMENT '英雄皮肤模型',
  `name` varchar(50) NOT NULL DEFAULT '0' COMMENT '[Language]皮肤名称',
  `intro` varchar(200) NOT NULL DEFAULT '0' COMMENT '[Language]描述',
  `icon` int(11) NOT NULL DEFAULT '0' COMMENT '皮肤图片',
  `effect_id` int(11) NOT NULL DEFAULT '0' COMMENT '皮肤效果',
  `quality` int(11) NOT NULL COMMENT '皮肤品质：1=普通，2=稀有，3=史诗，4=传说',
  `gun_effect_id` int(11) NOT NULL DEFAULT '0' COMMENT '枪械皮肤模型',
  PRIMARY KEY (`id`)
) ENGINE=InnoDB DEFAULT CHARSET=utf8;
/*!40101 SET character_set_client = @saved_cs_client */;

--
-- Dumping data for table `skin`
--

LOCK TABLES `skin` WRITE;
/*!40000 ALTER TABLE `skin` DISABLE KEYS */;
INSERT INTO `skin` VALUES (310001,300000,10101,'Classic','Gaia',310001,0,1,10011),(310002,300000,10102,'Interstellar Knight','Gaia with Interstellar outfit gets no only better looking but also brand new special effects!',310002,780001,3,10012),(310101,300001,10201,'Classic','Theodor',310101,0,1,10021),(310102,300001,10202,'Modern Armor','Wearing this Interstellar armor makes Theodor looks unshakable.',310102,780101,3,10022),(310201,300002,10301,'Classic','Saisi',310201,0,1,10031),(310202,300002,10302,'Renegade','This suit of clown makes Saisi looks more eccentric.',310202,780001,3,10032),(310301,300003,10401,'Classic','Joan',310301,0,1,10041),(310302,300003,10402,'Ghost','This excellent suit was well designed by high-tech, which makes Joan smells like a ghost.',310302,780001,3,10042),(310401,300004,10501,'Classic','Fox',310401,0,1,10051),(310402,300004,10502,'Nurse','Ah yes, Fox was a full-time Nurse.',310402,780101,3,10052),(310501,300005,10601,'Classic','Li Long',310501,0,1,10061),(310502,300005,10602,'Imperial Guard','Li Long found this mystery set seJoanl years ago before the catastrophe. He always feels some kind of ancient power when wearing it.',310502,780001,3,10062),(310601,300006,10701,'Classic','Catherine',310601,0,1,10071),(310602,300006,10702,'Maintaining Expert','Catherine only wears this suit when maintaining her kits.',310602,780201,3,10072),(310701,300007,10801,'Classic','Logan',310701,0,1,10081),(310702,300007,10802,'Assassin','Logan was borned to be a killer, either kill or be killed!',310702,780001,3,10082),(310801,300008,10901,'Classic','Amir',310801,0,1,10091),(310802,300008,10902,'Death Bringer','Amir turns into the Death Bringer, harvesting all the lives.',310802,780201,1,10092),(310901,300009,11001,'Classic','Goro',310901,0,1,10101),(310902,300009,11002,'Cowboy of the Doom','The spirit of cowboy still lives on, even in this wasteland.',310902,780001,3,10102),(311001,300010,11101,'Classic','FireKing',311001,0,1,10111),(311002,300010,11102,'Flame Controller','FireKing is shooting blue flames to burn everything into ashes.',311002,780101,3,10112),(311003,300010,11103,'Santa Claus','Christmas spirit in the Wasteland have it\'s own peculiarity. This time warmth and cosiness will be provided by FireKing. ',311003,780101,3,10113),(311101,300011,11201,'Classic','Nasha',311101,0,1,10121),(311102,300011,11202,'Electrical Queen','An incredible high-tech suit with powerful a electrical crossbow makes Nasha to be the best hunter!',311102,780201,3,10122),(311201,300012,11301,'Classic','Capone',311201,0,1,10131),(311301,300013,11401,'Classic','Patty',311301,0,1,10141),(500101,500101,15001,'Mech','0',0,0,1,30001);
/*!40000 ALTER TABLE `skin` ENABLE KEYS */;
UNLOCK TABLES;

--
-- Table structure for table `system_name`
--

DROP TABLE IF EXISTS `system_name`;
/*!40101 SET @saved_cs_client     = @@character_set_client */;
/*!40101 SET character_set_client = utf8 */;
CREATE TABLE `system_name` (
  `id` int(10) unsigned NOT NULL AUTO_INCREMENT COMMENT '系统编号',
  `female_firstname` varchar(10) DEFAULT NULL COMMENT '女名',
  `male_firstname` varchar(10) DEFAULT NULL COMMENT '男名',
  `lastname` varchar(10) DEFAULT NULL COMMENT '姓',
  PRIMARY KEY (`id`)
) ENGINE=InnoDB AUTO_INCREMENT=677 DEFAULT CHARSET=utf8;
/*!40101 SET character_set_client = @saved_cs_client */;

--
-- Dumping data for table `system_name`
--

LOCK TABLES `system_name` WRITE;
/*!40000 ALTER TABLE `system_name` DISABLE KEYS */;
INSERT INTO `system_name` VALUES (1,'Emma','Liam','Collura'),(2,'Jerrie','Diann','Falls'),(3,'Linell','Weber','Tullius'),(4,'Padraic','Gabi','Crawford'),(5,'Celinda','Avery','Colton'),(6,'Bryon','Damaris','Burr'),(7,'Julita','Raffarty','Tolve'),(8,'Nikolos','Lorilyn','Aijian'),(9,'Marney','Olin','Batic'),(10,'Elwood','Rubi','Lesse'),(11,'Diane','Kennedy','Mayman'),(12,'Xever','Raven','Abel'),(13,'Gerrilee','Fax','Barber'),(14,'Ruby','Verile','Monien'),(15,'Joye','Hobard','Dumay'),(16,'Jonathon','Urbanus','Stokey'),(17,'Abigale','Gretchen','Gillis'),(18,'Dewey','Odie','Pisapio'),(19,'Jobyna','Waring','Sacco'),(20,'Tadio','Gale','Peckham'),(21,'Fan','Torre','O\'day'),(22,'Gerald','Ailene','Reilly'),(23,'Grange','Aubrey','Kayfetz'),(24,'Ronni','Tamara','Akemann'),(25,'Miguel','Paton','Lao-tzu'),(26,'Hew','Jillana','Heller'),(27,'Evie','Salomo','Wakeham'),(28,'Findlay','Tory','Shin'),(29,'Tera','Leroy','Dalaklis'),(30,'Bogey','Selma','Mcnealy'),(31,'Faye','Durant','Faioes'),(32,'Claiborn','Beatrix','Furtado'),(33,'Darline','Peadar','Jarnagin'),(34,'Welsh','Arlee','Harper'),(35,'Randy','Ximenez','Simms'),(36,'Barris','Jillene','Kasser'),(37,'Pearle','Moishe','Rump'),(38,'Ethe','Geneva','Beckett'),(39,'Korella','Patrick','Thyne'),(40,'Xenos','Matilde','Bryant'),(41,'Maia','Gal','Zinfon'),(42,'Richmond','Cornie','Mendis'),(43,'Anthea','Gaile','Deprisco'),(44,'Burg','Filide','Burnett'),(45,'Hynda','Vernen','Perona'),(46,'Guido','Ole','Drysdale'),(47,'Dorris','Brannon','Freimont'),(48,'Holmes','Langston','Bonilla'),(49,'Laurie','Arluene','Pannone'),(50,'Jermain','Brit','Bergman'),(51,'Giacinta','Adorne','Hurwitz'),(52,'Sheppard','Arielle','Mehrmann'),(53,'Amata','Fonz','Rothman'),(54,'Inigo','Abigail','Quincey'),(55,'Eydie','Eduardo','Bittanti'),(56,'Franky','Lyn','Sales'),(57,'Ariel','Giordano','Bobrov'),(58,'Saw','Vivienne','Williams'),(59,'Nert','Harv','Joyce'),(60,'Marcelo','Kandace','Massey'),(61,'Natalina','Ahmad','Selesky'),(62,'Fons','Adelaida','Gibbs'),(63,'Devi','Tremaine','Winsten'),(64,'Ivor','Lucienne','Forester'),(65,'Jody','Enrique','Sun'),(66,'Nahum','Josey','Graber'),(67,'Rose','Pooh','Velozo'),(68,'Thedric','Lanna','Tabin'),(69,'Karina','Nate','Churchil'),(70,'Dana','Juanita','Trumble'),(71,'Haily','Tyler','Chodosh'),(72,'Lucinda','Virgina','Tokarz'),(73,'Frankie','Hurley','Dandona'),(74,'Deanna','Mira','Bestor'),(75,'Andrew','Antoni','Majakos'),(76,'Kathrine','Milena','Hersh'),(77,'Giulio','Bartram','Hylton'),(78,'Halley','Juli','Mahard'),(79,'Ervin','Nigel','Savio'),(80,'Wenda','Erika','Lenart'),(81,'Garrott','Hugo','Brasini'),(82,'Danyette','Kerianne','Horan'),(83,'Wolfgang','Josias','Coble'),(84,'Karola','Luella','Borack'),(85,'Cullen','Hilarius','Kung'),(86,'Revkah','Matelda','Gasset'),(87,'Lela','Tiebold','Spaepen'),(88,'Barnaby','Maryanna','Richman'),(89,'Papagena','Orin','Harte'),(90,'Bob','Phaedra','Agro\''),(91,'Connor','Levy','Claudel'),(92,'Hedda','Pietrek','Sredl'),(93,'Domenic','Willa','Seibold'),(94,'Norry','Pearce','Boix'),(95,'Sari','Lonee','Farneti'),(96,'Clement','Wyatan','Conlon'),(97,'Valli','Seka','Harbron'),(98,'Bendicty','Bertram','Forsberg'),(99,'Terrijo','Ofelia','Nakkula'),(100,'Keefer','Dalston','Berson'),(101,'Dre','Diannne','Vorhaus'),(102,'Ross','Alberto','Kotter'),(103,'Monika','Shaylyn','Castagna'),(104,'Adolphe','Byron','Mann'),(105,'Simona','Gena','Rundlett'),(106,'Quincy','Ambros','Higonnet'),(107,'Jorrie','Daryl','Jeffery'),(108,'Kin','Obie','Caligor'),(109,'Karissa','Cicily','Sailer'),(110,'Beale','Rriocard','Kubacki'),(111,'Thorsten','Sophey','Adam'),(112,'Lorelei','Aymer','Towne'),(113,'Marlowe','Marcela','Mccall'),(114,'Lynnell','Wright','Meller'),(115,'Aylmar','Karita','Rankine'),(116,'Gal','Clark','Mahood'),(117,'Sammy','Max','Tabler'),(118,'Gaile','Sherill','Przekop'),(119,'Brear','Brenden','Godoy'),(120,'Vernen','Crissy','Aisner'),(121,'Philippa','Nat','Hartman'),(122,'Ole','Sidoney','Katsos'),(123,'Charmane','Giacomo','Solc'),(124,'Forest','Carey','Ristich'),(125,'Jeanna','Augy','Alcantar'),(126,'Montague','Isahella','Godfrey'),(127,'Perrine','Stanley','Tygar'),(128,'Linda','Debee','Jepsen'),(129,'Farris','Anson','Chou'),(130,'Roslyn','Willetta','Maxson'),(131,'Kaspar','Federico','Beighlie'),(132,'Fifine','Dinny','Geribo'),(133,'Waite','Woody','Wetzel'),(134,'Maura','Der','Goggin'),(135,'Louis','Stephine','Lightman'),(136,'Ilsa','Mayer','Usdan'),(137,'Kellen','Sibylle','Teeter'),(138,'Lilla','Nickolas','Ohyama'),(139,'Aurthur','Connor','Amabile'),(140,'Susi','Tamra','Thomson'),(141,'Gran','Domenic','Siever'),(142,'Timmie','Celestyn','Tumin'),(143,'Hilary','Norry','Gilstrap'),(144,'Reuven','Willy','Vayner'),(145,'Harriett','Clement','Derwin'),(146,'Jason','Christan','Nanda'),(147,'Maggee','Bendicty','Pidgeon'),(148,'Corbet','Ondrea','Chicz'),(149,'Linea','Keefer','Salzmann'),(150,'Patrizio','Petunia','Cobb'),(151,'Vanna','Ross','Durrett'),(152,'Vaughan','Ashleigh','Libarry'),(153,'Madelena','Adolphe','Ewing'),(154,'Lion','Gerrie','Krezel'),(155,'Joella','Quincy','Ferrick'),(156,'Floyd','Morgan','Hensick'),(157,'Rica','Kin','Huynh'),(158,'Emerson','Janis','Bourland'),(159,'Meghan','Beale','Taub'),(160,'Kenneth','Etheline','Bary'),(161,'Lorenza','Thorsten','Fishman'),(162,'Haywood','Arlyn','Maciver'),(163,'Burty','Marlowe','Kemmett'),(164,'Birgit','Antonina','Avendano'),(165,'Leif','Aylmar','Coblenz'),(166,'Melantha','Francis','Massie'),(167,'Barny','Bernelle','Mattson'),(168,'Astra','Vasili','Prentice'),(169,'Michele','Judi','Flowers'),(170,'Jocelyn','Mace','Still'),(171,'Quinton','Roch','Upsdell'),(172,'Corliss','Allie','Slosser'),(173,'Oran','Kelsey','Valelly'),(174,'Aurlie','Sonny','Bertram'),(175,'Morse','Francine','Orfe'),(176,'Aubrey','Brucie','Liss'),(177,'Morey','Tildi','Scanlan'),(178,'Cathie','Auberon','Plummer'),(179,'Griffin','Gennie','Amsden'),(180,'Clem','Cyrus','Persky'),(181,'Pen','Eda','Gurish'),(182,'Deborah','Kiley','Maddox'),(183,'Yuma','Tristam','Decierdo'),(184,'Cayla','Elissa','Teutsch'),(185,'Burk','Dermot','Zarate'),(186,'Nelle','Garth','Funcke'),(187,'Craggie','Meris','Lord'),(188,'Freda','Bald','Hamel'),(189,'Thornie','Beilul','Balshaw'),(190,'Pammi','Leonid','Mccarty'),(191,'Alexio','Deonne','Kasper'),(192,'Derrik','Alfonse','Schluter'),(193,'Nancy','Sela','Baino'),(194,'Morty','Shell','Brewer'),(195,'Calla','Gennifer','Carty'),(196,'Arabela','Shadow','Wehnes'),(197,'Lars','Kathe','Giaimo'),(198,'Emmie','Wayne','Ron'),(199,'Paulo','Estel','Eliot'),(200,'Lou','Malcolm','Ogi'),(201,'Amos','Scarlet','Bromley'),(202,'Noelani','Berkly','Phinney'),(203,'Edmon','Roseanna','Allman'),(204,'Elberta','Rhett','Chmura'),(205,'Giff','Fredelia','Rawley'),(206,'Joanne','Ricardo','Schenkel'),(207,'Henri','Irita','Tambo'),(208,'Pearl','Mohandis','Colditz'),(209,'Justen','Junette','Grout'),(210,'Trenton','Albert','Waller'),(211,'Dian','Sam','Peres'),(212,'Monroe','Adham','Ackerly'),(213,'Drucy','Sabine','Rollins'),(214,'Bron','Algernon','Hablitz'),(215,'Britte','Nanice','Tham'),(216,'Hakeem','Trstram','Bakwin'),(217,'Cornela','Miguela','Magnani'),(218,'Gorden','Francois','Tolls'),(219,'Karie','Milicent','Mines'),(220,'Rodger','Chic','Grein'),(221,'Merrily','Martha','Meleedy'),(222,'Sky','Goober','Brainard'),(223,'Nola','Katti','Ayoub'),(224,'Ade','Elvis','Chekov'),(225,'Kevina','Thekla','Polak'),(226,'Sancho','Bordie','Gorelova'),(227,'Johnette','Anabal','Burlew'),(228,'Griswold','Trenton','Shi'),(229,'Analise','Sophia','Lacroix'),(230,'Justin','Monroe','Sclocco'),(231,'Roanne','Nady','Zannella'),(232,'Faina','Bron','Marglin'),(233,'Sidonnie','Pascal','Stimson'),(234,'Rudyard','Emmaline','Netter'),(235,'Katusha','Marten','Wescott'),(236,'Renato','Corry','Pfeil'),(237,'Tracee','Stern','Miller'),(238,'Georgi','Bobbi','Tagiuri'),(239,'Kimberly','Mendy','Dibb'),(240,'Horace','Ashlee','Matthew'),(241,'Zelma','Garfield','Lamas'),(242,'Sherlock','Trudi','Peterkin'),(243,'Ashley','Kenny','Bickel'),(244,'Tomas','Roseline','Probert'),(245,'Lauretta','Garvin','Scogin'),(246,'Delaney','Adelice','Pavetti'),(247,'Alyss','Bar','Cavitch'),(248,'Curran','Carlie','Loughman'),(249,'Harlie','Keelia','Custodio'),(250,'Giraud','Keenan','Drayton'),(251,'Arleyne','Danita','Battle'),(252,'Dugald','Alec','Forgione'),(253,'Greer','Rebe','Balestra'),(254,'Fidelio','Conrad','Lum'),(255,'Clio','Elena','Fieller'),(256,'Otis','Justis','Payne'),(257,'Care','Sibbie','Clair'),(258,'Gipsy','Garvey','Lyle'),(259,'Taddeusz','Sal','Gabarro'),(260,'Alysia','Gustavus','Roveri'),(261,'Joshia','Brigida','Mills'),(262,'Josefa','Cyril','Taplin'),(263,'Mario','Alexia','Liber'),(264,'Carol','Towny','Nummi'),(265,'Nolly','Pia','Derman'),(266,'Ina','Otho','Darosa'),(267,'Isaac','Dorelle','Askey'),(268,'Rubie','Scotty','Sorvillo'),(269,'Bennie','Vanda','Haverson'),(270,'Whitney','Sinclair','Tilton'),(271,'Dora','Theressa','Bai'),(272,'Kim','Anders','Slanda'),(273,'Hamlin','Pierette','Brenner'),(274,'Dawna','Willdon','Culasso'),(275,'Jeffrey','Brooks','Ciacci'),(276,'Alicea','Delano','Montilio'),(277,'Padraig','Cilka','Kipling'),(278,'Monica','Creigh','Mcbride'),(279,'Tristan','Malissa','Musinsky'),(280,'Elnora','Kile','Sebile'),(281,'Rudolfo','Charlton','Mandell'),(282,'Camellia','Ami','Pukac'),(283,'Rafe','Bronson','Masters'),(284,'Odella','Mollee','Stager'),(285,'Zacharia','Horatius','Bracker'),(286,'Andra','Rozalie','Fates'),(287,'Pincus','Grantham','Rifkin'),(288,'Romonda','Debor','Trejo'),(289,'Sherline','Mannie','Roach'),(290,'Byram','Erinn','Jain'),(291,'Essie','Hank','Roy'),(292,'Angel','Ferris','Thisted'),(293,'Kalila','Ginelle','Venzo'),(294,'Jamesy','Esdras','Reimann'),(295,'Katy','Tine','Litin'),(296,'Tedie','Trevar','Bradley'),(297,'Saloma','Karrah','Shier'),(298,'Harwell','Chase','Addison'),(299,'Elisha','Milli','Quon'),(300,'Renaud','Mozes','Temes'),(301,'Dane','Gale','Kishi'),(302,'Cathi','Reynard','Hiemstra'),(303,'Alford','Umeko','Warshow'),(304,'Sibilla','Neel','Weber'),(305,'Karney','Stefanie','Gersho'),(306,'Leland','Reamonn','Woog'),(307,'Anthony','Niki','Schnabel'),(308,'Janean','Caesar','Mcnair'),(309,'Ron','Tessa','Cosgrove'),(310,'Guthrie','Maximo','Srdanov'),(311,'Maryl','Lanae','Schlegel'),(312,'Maddie','Huey','Braun'),(313,'Arliene','Teressa','Mckee'),(314,'Nickie','Erastus','Dobbie'),(315,'Jobi','Jorie','Crouse'),(316,'Prudence','Marietta','Talaugon'),(317,'Augie','Tildie','Huttner'),(318,'Charin','Puff','Dreger'),(319,'Kathlin','Velma','Seber'),(320,'Bat','Lovell','Lane'),(321,'Yehudi','Ofella','Olesen'),(322,'Dorthy','Basilio','Sanford'),(323,'Fred','Sylvia','Laws'),(324,'Dorrie','Dav','Jeka'),(325,'Martainn','Marlie','Dewitt'),(326,'Collen','Judas','Canavan'),(327,'Benedick','Phyllis','Whitmore'),(328,'Corny','Luther','Trulli'),(329,'Andrej','Shelton','Marsh'),(330,'Eveleen','Rodi',''),(331,'Ariel','Cord',''),(332,'Eva','Anstice',''),(333,'Massimo','Judy',''),(334,'Arlen','Alvy',''),(335,'Emmi','Sofia',''),(336,'Jessey','Panchito',''),(337,'Rheba','Philippe',''),(338,'Burl','Wynn',''),(339,'Joelie','Corly',''),(340,'Paten','Skell',''),(341,'Patsy','Minta',''),(342,'Mark','Julian',''),(343,'Roselle','Pooh',''),(344,'Wyndham','Johann',''),(345,'Ivar','Mindy',''),(346,'Kyrstin','Cyrillus',''),(347,'Dmitri','Staci',''),(348,'Katuscha','Berky',''),(349,'Evin','Dita',''),(350,'Anallise','Gauthier',''),(351,'Hewe','Shari',''),(352,'Kelila','Germayne',''),(353,'Jonas','Fanchon',''),(354,'Ailbert','Sargent',''),(355,'Lauralee','La verne',''),(356,'Erhard','Abramo',''),(357,'Marrilee','Dacie',''),(358,'Erroll','Nev',''),(359,'Cletis','Rivkah',''),(360,'Nerissa','Sylas',''),(361,'Maddy','Ingunna',''),(362,'Nalani','Nichols',''),(363,'Putnam','','');
/*!40000 ALTER TABLE `system_name` ENABLE KEYS */;
UNLOCK TABLES;

--
-- Table structure for table `talent`
--

DROP TABLE IF EXISTS `talent`;
/*!40101 SET @saved_cs_client     = @@character_set_client */;
/*!40101 SET character_set_client = utf8 */;
CREATE TABLE `talent` (
  `talent_id` int(10) NOT NULL DEFAULT '0' COMMENT '天赋id',
  `hero_id` int(10) NOT NULL DEFAULT '0' COMMENT '英雄id（英雄id为0时，表示战斗内成长的）',
  `img_id` int(10) NOT NULL DEFAULT '0' COMMENT '天赋图标',
  `name` char(50) NOT NULL DEFAULT '0' COMMENT '[Language]天赋名称',
  `intro` char(200) NOT NULL DEFAULT '0' COMMENT '[Language]天赋描述',
  `max_lv` int(10) NOT NULL DEFAULT '0' COMMENT '最大等级上限',
  `talent_type` int(10) NOT NULL DEFAULT '0' COMMENT '天赋起作用时所针对的对象类型： 1:步枪2:机枪3：狙击4：散弹0:通用',
  `effect1_id` int(10) NOT NULL DEFAULT '0' COMMENT '效果id',
  `effect2_id` int(10) NOT NULL DEFAULT '0' COMMENT '效果id2',
  `trigger_type` int(10) NOT NULL DEFAULT '0' COMMENT '触发的条件类型：0常驻、1翻滚后、2丢出手雷后、3被击中、4击杀后、5命中后、6生命低于XX后、7使用技能后。8、拾取经验后。9=开枪后。10=技能击杀后。11=技能命中后。12=时间触发。13=死亡后触发14=多少时间不受伤触发',
  `trigger_parm` varchar(50) NOT NULL DEFAULT '0' COMMENT '触发的条件参数.多个等级如果不同则以;隔开5;3;1表示1级5ms;2级3ms;3级1ms。如果只有一个值，则表示3级一样。同一级别内多个内容用:隔开。表示符合要求的参数。',
  `trigger_cd` varchar(50) NOT NULL DEFAULT '0' COMMENT '触发的冷却时间.多个等级如果不同则以;隔开5;3;1表示1级5ms;2级3ms;3级1ms。如果只有一个值，则表示3级一样。',
  `trigger_chance` varchar(50) NOT NULL DEFAULT '0' COMMENT '触发概率。多个等级如果不同则以;隔开，如：5;3;1表示1级5%;2级3%;3级1%如果只有一个值，则表示3级一样。',
  `target_camp` int(10) NOT NULL DEFAULT '0' COMMENT '目标阵营。1我方。2敌方',
  `trigger_num` int(10) NOT NULL DEFAULT '0' COMMENT '触发次数',
  `trigger_effect_type` int(10) NOT NULL DEFAULT '0' COMMENT '触发效果类型：1、以自己为中心的范围AOE',
  `trigger_effect_param` int(10) NOT NULL DEFAULT '0' COMMENT '触发效果类型1：表示range半径',
  `trigger_reset_time` int(10) NOT NULL DEFAULT '0' COMMENT '触发重置时间。用以做复活时间',
  PRIMARY KEY (`talent_id`)
) ENGINE=InnoDB DEFAULT CHARSET=utf8 COMMENT='[logic server no use]';
/*!40101 SET character_set_client = @saved_cs_client */;

--
-- Dumping data for table `talent`
--

LOCK TABLES `talent` WRITE;
/*!40000 ALTER TABLE `talent` DISABLE KEYS */;
INSERT INTO `talent` VALUES (530001,300000,539007,'HP Activation','HP +60',1,0,730001,0,0,'0','0','100',1,1,0,0,0),(530002,300000,539014,'Stabilizer','Stability +10',1,0,730002,0,0,'0','0','100',1,1,0,0,0),(530003,300000,539006,'Biochemical Armor','Armor +25',1,0,730003,0,0,'0','0','100',1,1,0,0,0),(530004,300000,539004,'Oversized Magazine','Ammo +4',1,0,730004,0,0,'0','0','100',1,1,0,0,0),(530005,300000,539002,'Spotlight Core','Crit +5',1,0,730005,0,0,'0','0','100',1,1,0,0,0),(530006,300000,539001,'High-energy Gunpowder','Damage +5%',1,0,730006,0,0,'0','0','100',1,1,0,0,0),(530007,300000,530007,'Tactical Pace','Increases movement speed after rolling.',1,0,730007,0,7,'500004','0','100',1,1,0,0,0),(530008,300000,530008,'Rampant Fire','Activates a shield after strafing.',1,0,730008,0,7,'500001','0','100',1,1,0,0,0),(530009,300000,500003,'More and More Courageous','Chance for acceleration trigger after being hit.',4,0,730009,0,3,'0','5000','20',1,1,0,0,0),(530101,300001,539014,'Stabilizer','Stability +20',1,0,730101,0,0,'0','0','100',1,1,0,0,0),(530102,300001,539013,'Ultra Precision Scope','Precision +20',1,0,730102,0,0,'0','0','100',1,1,0,0,0),(530103,300001,539006,'Biochemical Armor','Armor +25',1,0,730103,0,0,'0','0','100',1,1,0,0,0),(530104,300001,539011,'Jet Power','Speed +10',1,0,730104,0,0,'0','0','100',1,1,0,0,0),(530105,300001,539001,'High-energy Gunpowder','Damage +5%',1,0,730105,0,0,'0','0','100',1,1,0,0,0),(530106,300001,539012,'Cooldown Grid','Reload time -1s',1,0,730106,0,0,'0','0','100',1,1,0,0,0),(530107,300001,530107,'All in One Basket','Increases Movement Speed after throwing.',1,0,730107,0,7,'521000:521001:521002','0','100',1,1,0,0,0),(530108,300001,530108,'Desperate Counterattack','Activates a shield when HP falls below 100.',1,0,730108,0,6,'100','30000','100',1,1,0,0,0),(530109,300001,500103,'Thorn Counter','Once attacked, reduces attacker\'s movement and attack speed.',4,0,730109,730110,3,'0','5000','100',2,1,0,0,0),(530201,300002,539007,'HP Activation','HP +60',1,0,730201,0,0,'0','0','100',1,1,0,0,0),(530202,300002,539006,'Biochemical Armor','Armor +25',1,0,730202,0,0,'0','0','100',1,1,0,0,0),(530203,300002,539017,'Dense Rifling','Range +10%',1,0,730203,0,0,'0','0','100',1,1,0,0,0),(530204,300002,539011,'Jet Power','Speed +10',1,0,730204,0,0,'0','0','100',1,1,0,0,0),(530205,300002,539004,'Oversized Magazine','Ammo +3',1,0,730205,0,0,'0','0','100',1,1,0,0,0),(530206,300002,539002,'Spotlight Core','Crit +5',1,0,730206,0,0,'0','0','100',1,1,0,0,0),(530207,300002,530207,'Sudden Death Leap','Increases firearm Damage after rolling.',1,0,730207,0,7,'500204','0','100',1,1,0,0,0),(530208,300002,530208,'Impact Protection','Increases Armor after jet impact.',1,0,730208,0,7,'500202','0','100',1,1,0,0,0),(530209,300002,500203,'Bloody Slaughter','Recovers HP after a kill.',4,0,730209,0,4,'0','0','100',1,1,0,0,0),(530301,300003,539006,'Biochemical Armor','Armor +25',1,0,730301,0,0,'0','0','100',1,1,0,0,0),(530302,300003,539007,'HP Activation','HP +60',1,0,730302,0,0,'0','0','100',1,1,0,0,0),(530303,300003,539003,'Fire Rate Grid','Fire Rate +6%',1,0,730303,0,0,'0','0','100',1,1,0,0,0),(530304,300003,539004,'Oversized Magazine','Ammo +4',1,0,730304,0,0,'0','0','100',1,1,0,0,0),(530305,300003,539001,'High-energy Gunpowder','Damage +5%',1,0,730305,0,0,'0','0','100',1,1,0,0,0),(530306,300003,539011,'Jet Power','Speed +10',1,0,730306,0,0,'0','0','100',1,1,0,0,0),(530307,300003,530307,'Sharp Edge','Increases Pierce after rolling.',1,0,730307,0,7,'500304','0','100',1,1,0,0,0),(530308,300003,530308,'Fortitude','Immediately cools down after a kill.',1,0,730308,0,4,'0','0','100',1,1,0,0,0),(530309,300003,500303,'Battlefield Supply','Automatically supplies surrounding teammates with ammo.',4,0,730309,0,0,'0','0','100',1,1,0,0,0),(530401,300004,539011,'Jet Power','Speed +10',1,0,730401,0,0,'0','0','100',1,1,0,0,0),(530402,300004,539001,'High-energy Gunpowder','Damage +10%',1,0,730402,0,0,'0','0','100',1,1,0,0,0),(530403,300004,539007,'HP Activation','HP +60',1,0,730403,0,0,'0','0','100',1,1,0,0,0),(530404,300004,539005,'Alloy Warhead','Pierce +20',1,0,730404,0,0,'0','0','100',1,1,0,0,0),(530405,300004,539006,'Biochemical Armor','Armor +25',1,0,730405,0,0,'0','0','100',1,1,0,0,0),(530406,300004,539002,'Spotlight Core','Crit +5',1,0,730406,0,0,'0','0','100',1,1,0,0,0),(530407,300004,530407,'Runaway Treatment','Increases Damage after healing.',1,0,730407,0,7,'500401','0','100',1,1,0,0,0),(530408,300004,530408,'Shot Protection','Increases Armor after opening fire.',1,0,730408,0,9,'0','0','100',1,1,0,0,0),(530409,300004,500403,'Running Fight','Increase movement speed by hitting on enemies',4,0,730409,0,5,'0','0','100',1,1,0,0,0),(530501,300005,539007,'HP Activation','HP +60',1,0,730501,0,0,'0','0','100',1,1,0,0,0),(530502,300005,539014,'Stabilizer','Stability +10',1,0,730502,0,0,'0','0','100',1,1,0,0,0),(530503,300005,539006,'Biochemical Armor','Armor +25',1,0,730503,0,0,'0','0','100',1,1,0,0,0),(530504,300005,539013,'Ultra Precision Scope','Precision +10',1,0,730504,0,0,'0','0','100',1,1,0,0,0),(530505,300005,539001,'High-energy Gunpowder','Damage +5%',1,0,730505,0,0,'0','0','100',1,1,0,0,0),(530506,300005,539005,'Alloy Warhead','Pierce +20',1,0,730506,0,0,'0','0','100',1,1,0,0,0),(530507,300005,530507,'Battle Convergence','Increases DMG after casting Slashing Sword',1,0,730507,0,7,'500501','0','100',1,1,0,0,0),(530508,300005,530508,'Without a Trace','Increases speed after casting Lightning Blade.',1,0,730508,0,7,'500502','0','100',1,1,0,0,0),(530509,300005,500503,'Fire with Fire','A kill accelerates skill CD.',4,0,730509,0,4,'0','0','100',1,1,0,0,0),(530601,300006,539007,'HP Activation','HP +60',1,0,730601,0,0,'0','0','100',1,1,0,0,0),(530602,300006,539006,'Biochemical Armor','Armor +25',1,0,730602,0,0,'0','0','100',1,1,0,0,0),(530603,300006,539017,'Dense Rifling','Range +10%',1,0,730603,0,0,'0','0','100',1,1,0,0,0),(530604,300006,539015,'Item STRen','Item STR +15',1,0,730604,0,0,'0','0','100',1,1,0,0,0),(530605,300006,539005,'Alloy Warhead','Pierce +20',1,0,730605,0,0,'0','0','100',1,1,0,0,0),(530606,300006,539002,'Spotlight Core','Crit +5',1,0,730606,0,0,'0','0','100',1,1,0,0,0),(530607,300006,530607,'Throwing Protection','Increases Armor after throwing.',1,0,730607,0,7,'521000:521001:521002','0','100',1,1,0,0,0),(530608,300006,530608,'Runaway Lolita','Hit has a chance of triggering Crit.',1,0,730608,0,5,'0','5000','5',1,1,0,0,0),(530609,300006,500603,'Grenade Arrival','Earns a grenade during the interval',4,0,730609,0,12,'15000;14000;13000;12000','0','100',1,1,0,0,0),(530701,300007,539007,'HP Activation','HP +60',1,0,730701,0,0,'0','0','100',1,1,0,0,0),(530702,300007,539012,'Fire Rate Grid','Fire Rate +5%',1,0,730702,0,0,'0','0','100',1,1,0,0,0),(530703,300007,539004,'Oversized Magazine','Ammo +4',1,0,730703,0,0,'0','0','100',1,1,0,0,0),(530704,300007,539015,'Item STRen','Speed +10',1,0,730704,0,0,'0','0','100',1,1,0,0,0),(530705,300007,539017,'Dense Rifling','Range +10%',1,0,730705,0,0,'0','0','100',1,1,0,0,0),(530706,300007,539002,'Spotlight Core','Crit +5',1,0,730706,0,0,'0','0','100',1,1,0,0,0),(530707,300007,530707,'Continuous Battle','Eat an EXP Badges and recover HP.',1,0,730707,0,8,'0','10000','100',1,1,0,0,0),(530708,300007,530708,'Through the Line of Fire','Increases Crit rate after sudden advance.',1,0,730708,0,7,'500704','0','100',1,1,0,0,0),(530709,300007,500703,'Stunt Master','Adds a shield when a skill hits.',4,0,730709,0,11,'500701:500702','0','100',1,1,0,0,0),(530801,300008,539014,'Stabilizer','Stability +12',1,0,730801,0,0,'0','0','100',1,1,0,0,0),(530802,300008,539001,'High-energy Gunpowder','Damage +5%',1,0,730802,0,0,'0','0','100',1,1,0,0,0),(530803,300008,539013,'Ultra Precision Scope','Precision +12',1,0,730803,0,0,'0','0','100',1,1,0,0,0),(530804,300008,539005,'Alloy Warhead','Pierce +20',1,0,730804,0,0,'0','0','100',1,1,0,0,0),(530805,300008,539006,'Biochemical Armor','Armor +25',1,0,730805,0,0,'0','0','100',1,1,0,0,0),(530806,300008,539011,'Jet Power','Speed +10',1,0,730806,0,0,'0','0','100',1,1,0,0,0),(530807,300008,530807,'Quicksand','Movement Speed reduced by 10% for 3s after stepping into the quicksand.',1,0,730807,0,11,'500805','5000','100',2,1,0,0,0),(530808,300008,530808,'Make a Run For It','Reduces Armor after Sandstorm hits.',1,0,730808,0,11,'500805','5000','100',2,1,0,0,0),(530809,300008,500803,'Battlefield Acceleration','Increases attack speed of surrounding teammates.',4,0,730809,0,0,'0','0','100',1,1,0,0,0),(530901,300009,539006,'Biochemical Armor','Armor +25',1,0,730901,0,0,'0','0','100',1,1,0,0,0),(530902,300009,539007,'HP Activation','HP +60',1,0,730902,0,0,'0','0','100',1,1,0,0,0),(530903,300009,539011,'Jet Power','Speed +10',1,0,730903,0,0,'0','0','100',1,1,0,0,0),(530904,300009,539003,'Fire Rate Grid','Fire Rate +5%',1,0,730904,0,0,'0','0','100',1,1,0,0,0),(530905,300009,539002,'Spotlight Core','Crit +5',1,0,730905,0,0,'0','0','100',1,1,0,0,0),(530906,300009,539001,'High-energy Gunpowder','Damage +5%',1,0,730906,0,0,'0','0','100',1,1,0,0,0),(530907,300009,530907,'Enemy Pursuit','Increases Armor after using Dual Guns.',1,0,730907,0,7,'500901','0','100',1,1,0,0,0),(530908,300009,530908,'Nothing Left','Increases Fire Rate after air fire.',1,0,730908,0,7,'500902','0','100',1,1,0,0,0),(530909,300009,500903,'Awaiting Opportunity','Hit has a chance of reducing skill CD.',4,0,730909,0,5,'0','0','20',1,1,0,0,0),(530910,300009,530908,'空中护盾','空中扫射后增加护盾',1,0,700905,0,7,'500902','0','100',1,1,0,0,0),(531001,300010,539007,'HP Activation','HP +60',1,0,731001,0,0,'0','0','100',1,1,0,0,0),(531002,300010,539012,'Cooldown Grid','Reload time -2s',1,0,731002,0,0,'0','0','100',1,1,0,0,0),(531003,300010,539011,'Jet Power','Speed +10',1,0,731003,0,0,'0','0','100',1,1,0,0,0),(531004,300010,539015,'Item STRen','Item STR +15',1,0,731004,0,0,'0','0','100',1,1,0,0,0),(531005,300010,539004,'Oversized Magazine','Armor +25',1,0,731005,0,0,'0','0','100',1,1,0,0,0),(531006,300010,539001,'High-energy Gunpowder','Damage +5%',1,0,731006,0,0,'0','0','100',1,1,0,0,0),(531007,300010,531007,'Burning Oil','Increase ATK power after spilling oil.',1,0,731007,0,7,'501001','0','100',1,1,0,0,0),(531008,300010,531008,'Grenade Shield','Earns an Armor bonus after hurling a grenade.',1,0,731008,0,7,'521000:521001:521002','0','100',1,1,0,0,0),(531009,300010,501003,'Undaunted Bravery','Increases Movement Speed after using skill.',4,0,731009,0,7,'501001:501002:501004','0','100',1,1,0,0,0),(531010,300010,501003,'Flame Gun','Flame Gun',4,0,731010,0,5,'0','0','100',2,1,0,0,0),(531101,300011,539006,'Biochemical Armor','Armor +25',1,0,731101,0,0,'0','0','100',1,1,0,0,0),(531102,300011,539005,'Alloy Warhead','Pierce +20',1,0,731102,0,0,'0','0','100',1,1,0,0,0),(531103,300011,539004,'Oversized Magazine','Ammo +4',1,0,731103,0,0,'0','0','100',1,1,0,0,0),(531104,300011,539001,'High-energy Gunpowder','Crit +5',1,0,731104,0,0,'0','0','100',1,1,0,0,0),(531105,300011,539013,'Ultra Precision Scope','Precision +10',1,0,731105,0,0,'0','0','100',1,1,0,0,0),(531106,300011,539002,'Spotlight Core','Damage +5%',1,0,731106,0,0,'0','0','100',1,1,0,0,0),(531107,300011,531107,'Prey Spotted','Increases Pierce after a trap hits.',1,0,731107,0,11,'501105','0','100',1,1,0,0,0),(531108,300011,531108,'Frozen Snow and Rain','Reduces Movement Speed after Arrow Rain hits.',1,0,731108,0,11,'501102','0','100',2,1,0,0,0),(531109,300011,501103,'Silver Heart Crossbow','Hit carries poison',4,0,731109,0,5,'0','3000','100',2,1,0,0,0),(531201,300012,539006,'Biochemical Armor','Armor +25',1,0,731201,0,0,'0','0','100',1,1,0,0,0),(531202,300012,539011,'Alloy Warhead','Speed +10',1,0,731202,0,0,'0','0','100',1,1,0,0,0),(531203,300012,539015,'Oversized Magazine','Item STR +15',1,0,731203,0,0,'0','0','100',1,1,0,0,0),(531204,300012,539007,'High-energy Gunpowder','HP +60',1,0,731204,0,0,'0','0','100',1,1,0,0,0),(531205,300012,539004,'Ultra Precision Scope','Ammo +2',1,0,731205,0,0,'0','0','100',1,1,0,0,0),(531206,300012,539017,'Spotlight Core','Range +10%',1,0,731206,0,0,'0','0','100',1,1,0,0,0),(531207,300012,531207,'Instant Digestion','Gains additional HP from Eat Heartily.',1,0,731207,0,7,'501202','0','100',1,1,0,0,0),(531208,300012,531208,'Excessive Fat','Increases defense when HP is less than 200.',1,0,731208,0,6,'200','0','100',1,1,0,0,0),(531209,300012,501103,'EM Pulse','Triggers electromagnetic storm upon landing 10 hits.',4,0,731209,0,9,'0','0','100',2,10,1,3,0),(531301,300013,539017,'Biochemical Armor','Range +10%',1,0,731301,0,0,'0','0','100',1,1,0,0,0),(531302,300013,539002,'Alloy Warhead','Crit +5',1,0,731302,0,0,'0','0','100',1,1,0,0,0),(531303,300013,539003,'Oversized Magazine','Fire Rate +6%',1,0,731303,0,0,'0','0','100',1,1,0,0,0),(531304,300013,539006,'High-energy Gunpowder','Armor +25',1,0,731304,0,0,'0','0','100',1,1,0,0,0),(531305,300013,539002,'Ultra Precision Scope','Damage +5%',1,0,731305,0,0,'0','0','100',1,1,0,0,0),(531306,300013,539004,'Spotlight Core','Ammo +2',1,0,731306,0,0,'0','0','100',1,1,0,0,0),(531307,300013,531307,'Deadly Pursuit','Increases damage dealt when Brawling hits any target.',1,0,731307,0,11,'501302','5000','100',1,1,0,0,0),(531308,300013,531308,'Shrapnel','Shrapnel slows hit targets.',1,0,731308,0,11,'501301','0','100',2,1,0,0,0),(531309,300013,501103,'Persistence','Resurrects at the spot after 3 seconds, cooldown is 100 seconds.',6,0,731309,0,0,'0','0','100',1,1,0,0,100000),(540001,0,0,'Attack Increase','Increases Attack Power',15,0,740001,0,0,'0','0','100',1,1,0,0,0),(540002,0,0,'Max HP Increase','Increases Max HP',15,0,740002,0,0,'0','0','100',1,1,0,0,0),(540003,0,0,'Defense Increase','Increases Defense',15,0,740003,0,0,'0','0','100',1,1,0,0,0),(540004,0,0,'Movement Speed Increase','Increases Movement Speed',11,0,740004,0,0,'0','0','100',1,1,0,0,0),(540006,0,0,'Range Increase','Increases Fire Range',11,0,740006,0,0,'0','0','100',1,1,0,0,0),(540007,0,0,'Crit Increase','Increases Crit',15,0,740007,0,0,'0','0','100',1,1,0,0,0),(540008,0,0,'Skill Increase','Increases skill level',3,0,740008,0,0,'0','0','100',1,1,0,0,0);
/*!40000 ALTER TABLE `talent` ENABLE KEYS */;
UNLOCK TABLES;

--
-- Table structure for table `task`
--

DROP TABLE IF EXISTS `task`;
/*!40101 SET @saved_cs_client     = @@character_set_client */;
/*!40101 SET character_set_client = utf8 */;
CREATE TABLE `task` (
  `id` int(11) NOT NULL DEFAULT '0' COMMENT '任务ID',
  `type` int(11) NOT NULL DEFAULT '0' COMMENT '任务分类：1=主线任务，2=日常任务，3=竞技任务',
  `front_id` int(10) NOT NULL DEFAULT '0' COMMENT '前置任务id',
  `icon_id` int(10) NOT NULL DEFAULT '0' COMMENT '任务图标',
  `name` varchar(100) NOT NULL DEFAULT '0' COMMENT '[Language]任务名',
  `intro` varchar(100) NOT NULL DEFAULT '0' COMMENT '[Language]任务描述',
  `condition1_type` int(10) NOT NULL DEFAULT '0' COMMENT '1=月卡、2=扫荡卷领取、3=领体力金币、4=赠送金币、5=登陆游戏、6=分享游戏、7=战备培养、8=角色升级、9=枪械升级、10=装备升级、、11=购买金币、12=夺宝、13=购买物品 、14=使用道具、15=战斗场次、16=累计击杀、17=连续击杀、18=累计获胜、19=连续获胜、20=获得称号、21=爆头次数、22=战斗奖励宝箱 、23=对战积分、24=收集物品',
  `para1_1` int(10) NOT NULL DEFAULT '0' COMMENT '完成目标条件1的判定值1',
  `para1_2` int(10) NOT NULL DEFAULT '0' COMMENT 'condition_2表示二进制战斗类型：1=对战匹配和兵团对战、2=开房间、4=排位、8=混战、16=团队混战和兵团混战、32=boss战，64=娱乐战。',
  `para1_3` int(50) NOT NULL DEFAULT '0' COMMENT '完成目标条件1的判定值3',
  `condition2_type` int(10) NOT NULL DEFAULT '0' COMMENT '任务完成条件2类型：1=月卡、2=扫荡卷领取、3=领体力金币、4=赠送金币、5=登陆游戏、6=分享游戏、7=战备培养、8=角色升级、9=枪械升级、10=装备升级、、11=购买金币、12=夺宝、13=购买物品 、14=使用道具、15=战斗场次、16=累计击杀、17=连续击杀、18=累计获胜、19=连续获胜、20=获得称号、21=爆头次数、22=战斗奖励宝箱 、23=对战积分、24=收集物品',
  `para2_1` int(10) NOT NULL DEFAULT '0' COMMENT '完成目标条件2的判定值1',
  `para2_2` int(10) NOT NULL DEFAULT '0' COMMENT '完成目标条件2的判定值2',
  `para2_3` int(10) NOT NULL DEFAULT '0' COMMENT '完成目标条件2的判定值3',
  `condition3_type` int(10) NOT NULL DEFAULT '0' COMMENT '任务完成条件3类型：1=月卡、2=扫荡卷领取、3=领体力金币、4=赠送金币、5=登陆游戏、6=分享游戏、7=战备培养、8=角色升级、9=枪械升级、10=装备升级、、11=购买金币、12=夺宝、13=购买物品 、14=使用道具、15=战斗场次、16=累计击杀、17=连续击杀、18=累计获胜、19=连续获胜、20=获得称号、21=爆头次数、22=战斗奖励宝箱 、23=对战积分、24=收集物品',
  `para3_1` int(10) NOT NULL DEFAULT '0' COMMENT '完成目标条件3的判定值1',
  `para3_2` int(10) NOT NULL DEFAULT '0' COMMENT '完成目标条件3的判定值2',
  `para3_3` int(10) NOT NULL DEFAULT '0' COMMENT '完成目标条件3的判定值3',
  `reward_coin` int(10) NOT NULL DEFAULT '0' COMMENT '奖励金币数量',
  `reward_exp` int(10) NOT NULL DEFAULT '0' COMMENT '奖励经验数量',
  `reward_stone` int(10) NOT NULL DEFAULT '0' COMMENT '奖励钻石数量',
  `box_id` int(10) NOT NULL DEFAULT '0' COMMENT '奖励宝箱的ID',
  `box_amount` int(10) NOT NULL DEFAULT '1' COMMENT '宝箱数量',
  `reward_activity` int(10) NOT NULL DEFAULT '0' COMMENT '该任务完成后可获得的活跃度值',
  `star` int(10) NOT NULL DEFAULT '0' COMMENT '任务星级难度',
  PRIMARY KEY (`id`)
) ENGINE=InnoDB DEFAULT CHARSET=utf8;
/*!40101 SET character_set_client = @saved_cs_client */;

--
-- Dumping data for table `task`
--

LOCK TABLES `task` WRITE;
/*!40000 ALTER TABLE `task` DISABLE KEYS */;
INSERT INTO `task` VALUES (920001,2,0,920001,'Lunch Reward','Every afternoon from 12:00-14:00 (UTC+8) you can earn a large Gold reward.',3,0,12,14,0,0,0,0,0,0,0,0,50,0,0,0,1,0,0),(920002,2,0,920001,'Dinner Reward','Every evening from 18:00-20:00 (UTC+8) you can earn a large Gold reward.',3,0,18,20,0,0,0,0,0,0,0,0,50,0,0,0,1,0,0),(920003,2,0,920003,'Daily Login','Log in every day to collect.',5,1,0,0,0,0,0,0,0,0,0,0,0,50,0,0,1,5,0),(920004,2,0,920004,'Hard Work','Complete 3 matches',15,3,95,0,0,0,0,0,0,0,0,0,0,200,0,0,1,20,0),(920005,2,0,920005,'Achieve victory','Win two matched PVP battles',18,2,5,0,0,0,0,0,0,0,0,0,0,200,0,0,1,20,0),(920006,2,0,920006,'First Victory','Win one matched PVP battle',18,1,5,0,0,0,0,0,0,0,0,0,0,145,0,0,1,10,0),(920007,2,0,920007,'Unity','Form a team and complete 3 team battles',15,3,21,2,0,0,0,0,0,0,0,0,0,200,0,0,1,20,0),(920008,2,0,920004,'Daily Duel','Participate in one Deathmatch combat every day',15,1,24,0,0,0,0,0,0,0,0,0,0,130,0,0,1,10,0),(920009,2,0,920009,'Striving Forward','Get 30 kills in a match PVP battle',16,30,93,0,0,0,0,0,0,0,0,0,0,160,0,0,1,5,0),(920010,2,0,920010,'Lottery','Draw lottery 1 time',12,1,0,0,0,0,0,0,0,0,0,0,0,145,0,0,1,10,0),(920011,2,0,920011,'Legion Contribution','Get 300 Legion Contribution',11,300,0,0,0,0,0,0,0,0,0,0,0,145,0,0,1,10,0),(920012,2,0,920012,'Spending Gold','Spend 200 gold',9,200,1,0,0,0,0,0,0,0,0,0,0,145,0,0,1,10,0),(930011,3,0,920009,'Battle Domination 1','Get 5 kills in a single matched PVP battle',16,5,93,1,0,0,0,0,0,0,0,0,35,130,0,0,1,1,1),(930012,3,0,920009,'Battle Domination 2','Get 10 kills in a single matched PVP battle',16,10,93,1,0,0,0,0,0,0,0,0,40,145,0,0,1,2,2),(930013,3,0,920009,'Battle Domination 3','Get 15 kills in a single matched PVP battle',16,15,93,1,0,0,0,0,0,0,0,0,45,160,0,0,1,3,3),(930014,3,0,920009,'Battle Domination 4','Get 20 kills in a single matched PVP battle',16,20,93,1,0,0,0,0,0,0,0,0,50,175,0,0,1,4,4),(930015,3,0,920009,'Battle Domination 5','Get 25 kills in a single matched PVP battle',16,25,93,1,0,0,0,0,0,0,0,0,55,200,0,0,1,5,5),(930021,3,0,920009,'Battle Domination 1','Accumulate 10 kills in matched PVP battles',16,10,93,0,0,0,0,0,0,0,0,0,35,130,0,0,1,1,1),(930022,3,0,920009,'Battle Domination 2','Accumulate 20 kills in matched PVP battles',16,20,93,0,0,0,0,0,0,0,0,0,40,145,0,0,1,2,2),(930023,3,0,920009,'Battle Domination 3','Accumulate 30 kills in matched PVP battles',16,30,93,0,0,0,0,0,0,0,0,0,45,160,0,0,1,3,3),(930024,3,0,920009,'Battle Domination 4','Accumulate 40 kills in matched PVP battles',16,40,93,0,0,0,0,0,0,0,0,0,50,175,0,0,1,4,4),(930025,3,0,920009,'Battle Domination 5','Accumulate 50 kills in matched PVP battles',16,50,93,0,0,0,0,0,0,0,0,0,55,200,0,0,1,5,5),(930031,3,0,930031,'Master of War 1','Kill 2 opponents in a row in a matched PVP battle',17,1,93,2,0,0,0,0,0,0,0,0,45,160,0,0,1,3,3),(930032,3,0,930031,'Master of War 2','Kill 4 opponents in a row in a matched PVP battle',17,1,93,4,0,0,0,0,0,0,0,0,50,175,0,0,1,4,4),(930033,3,0,930031,'Master of War 3','Kill 6 opponents in a row in a matched PVP battle',17,1,93,6,0,0,0,0,0,0,0,0,55,200,0,0,1,5,5),(930041,3,0,930031,'Peak Performance 1','Achieve Double Kill 1 time in matched combats',25,1,93,2,0,0,0,0,0,0,0,0,45,160,0,0,1,3,3),(930042,3,0,930031,'Peak Performance 2','Achieve Triple Kill 1 time in matched combats',25,1,93,3,0,0,0,0,0,0,0,0,50,175,0,0,1,4,4),(930043,3,0,930031,'Peak Performance 3','Achieve Quadra Kill 1 time in matched combats',25,1,93,4,0,0,0,0,0,0,0,0,55,200,0,0,1,5,5),(930051,3,0,930051,'Top of the Charts 1','Reach the top 3 for 1 time',26,1,24,3,0,0,0,0,0,0,0,0,45,160,0,0,1,3,3),(930052,3,0,930051,'Top of the Charts 2','Reach the top 3 for 2 times',26,2,24,3,0,0,0,0,0,0,0,0,50,175,0,0,1,4,4),(930053,3,0,930051,'Top of the Charts 3','Reach the top 3 for 3 times',26,3,24,3,0,0,0,0,0,0,0,0,55,200,0,0,1,5,5),(930057,3,0,930051,'Champion 1','Reach 1st place 1 time',26,1,24,1,0,0,0,0,0,0,0,0,55,200,0,0,1,5,5),(930061,3,0,930061,'Grenade Master 1','Use Heavy Duty Grenades 2 times during matched combats',35,2,125,521000,0,0,0,0,0,0,0,0,35,130,0,0,1,1,1),(930062,3,0,930061,'Grenade Master 2','Use Heavy Duty Grenades 4 times during matched combats',35,4,125,521000,0,0,0,0,0,0,0,0,40,145,0,0,1,2,2),(930063,3,0,930061,'Grenade Master 3','Use Heavy Duty Grenades 6 times during matched combats',35,6,125,521000,0,0,0,0,0,0,0,0,45,160,0,0,1,3,3),(930064,3,0,930061,'Grenade Master 4','Use Heavy Duty Grenades 8 times during matched combats',35,8,125,521000,0,0,0,0,0,0,0,0,50,175,0,0,1,4,4),(930065,3,0,930061,'Grenade Master 5','Use Heavy Duty Grenades 10 times during matched combats',35,10,125,521000,0,0,0,0,0,0,0,0,55,200,0,0,1,5,5),(930071,3,0,930061,'Blinding Light 1','Use Flashbangs 2 times during matched combats',35,2,125,521001,0,0,0,0,0,0,0,0,35,130,0,0,1,1,1),(930072,3,0,930061,'Blinding Light 2','Use Flashbangs 4 times during matched combats',35,4,125,521001,0,0,0,0,0,0,0,0,40,145,0,0,1,2,2),(930073,3,0,930061,'Blinding Light 3','Use Flashbangs 6 times during matched combats',35,6,125,521001,0,0,0,0,0,0,0,0,45,160,0,0,1,3,3),(930074,3,0,930061,'Blinding Light 4','Use Flashbangs 8 times during matched combats',35,8,125,521001,0,0,0,0,0,0,0,0,50,175,0,0,1,4,4),(930075,3,0,930061,'Blinding Light 5','Use Flashbangs 10 times during matched combats',35,10,125,521001,0,0,0,0,0,0,0,0,55,200,0,0,1,5,5),(930081,3,0,930081,'Rapid Upgrade 1','Reach level 3 in a deathmatch combat',34,3,24,0,0,0,0,0,0,0,0,0,35,130,0,0,1,1,1),(930082,3,0,930081,'Rapid Upgrade 2','Reach level 5 in a deathmatch combat',34,5,24,0,0,0,0,0,0,0,0,0,40,145,0,0,1,2,2),(930083,3,0,930081,'Rapid Upgrade 3','Reach level 8 in a deathmatch combat',34,8,24,0,0,0,0,0,0,0,0,0,45,160,0,0,1,3,3),(930084,3,0,930081,'Rapid Upgrade 4','Reach level 12 in a deathmatch combat',34,12,24,0,0,0,0,0,0,0,0,0,50,175,0,0,1,4,4),(930085,3,0,930081,'Rapid Upgrade 5','Reach level 16 in a deathmatch combat',34,16,24,0,0,0,0,0,0,0,0,0,55,200,0,0,1,5,5),(930091,3,0,930091,'Survivor 1','Survive for 30 seconds without being killed in a matched combat',28,30,93,0,0,0,0,0,0,0,0,0,35,130,0,0,1,1,1),(930092,3,0,930091,'Survivor 2','Survive for 45 seconds without being killed in a matched combat',28,45,93,0,0,0,0,0,0,0,0,0,40,145,0,0,1,2,2),(930093,3,0,930091,'Survivor 3','Survive for 60 seconds without being killed in a matched combat',28,60,93,0,0,0,0,0,0,0,0,0,45,160,0,0,1,3,3),(930094,3,0,930091,'Survivor 4','Survive for 75 seconds without being killed in a matched combat',28,75,93,0,0,0,0,0,0,0,0,0,50,175,0,0,1,4,4),(930095,3,0,930091,'Survivor 5','Survive for 90 seconds without being killed in a matched combat',28,90,93,0,0,0,0,0,0,0,0,0,55,200,0,0,1,5,5),(930101,3,0,930031,'Damage Dealer 1','Deal at least 1000 damage in a single matched combat',29,1000,93,1,0,0,0,0,0,0,0,0,35,130,0,0,1,1,1),(930102,3,0,930031,'Damage Dealer 2','Deal at least 2000 damage in a single matched combat',29,2000,93,1,0,0,0,0,0,0,0,0,40,145,0,0,1,2,2),(930103,3,0,930031,'Damage Dealer 3','Deal at least 3000 damage in a single matched combat',29,3000,93,1,0,0,0,0,0,0,0,0,45,160,0,0,1,3,3),(930104,3,0,930031,'Damage Dealer 4','Deal at least 4000 damage in a single matched combat',29,4000,93,1,0,0,0,0,0,0,0,0,50,175,0,0,1,4,4),(930105,3,0,930031,'Damage Dealer 5','Deal at least 6000 damage in a single matched combat',29,6000,93,1,0,0,0,0,0,0,0,0,55,200,0,0,1,5,5),(930111,3,0,930111,'Indestructable 1','Absorb at least 1000 damage in a single matched combat',29,1000,93,2,0,0,0,0,0,0,0,0,35,130,0,0,1,1,1),(930112,3,0,930111,'Indestructable 2','Absorb at least 2000 damage in a single matched combat',29,2000,93,2,0,0,0,0,0,0,0,0,40,145,0,0,1,2,2),(930113,3,0,930111,'Indestructable 3','Absorb at least 3000 damage in a single matched combat',29,3000,93,2,0,0,0,0,0,0,0,0,45,160,0,0,1,3,3),(930114,3,0,930111,'Indestructable 4','Absorb at least 4000 damage in a single matched combat',29,4000,93,2,0,0,0,0,0,0,0,0,50,175,0,0,1,4,4),(930115,3,0,930111,'Indestructable 5','Absorb at least 6000 damage in a single matched combat',29,6000,93,2,0,0,0,0,0,0,0,0,55,200,0,0,1,5,5),(930131,3,0,920009,'Assault Expert 1','Kill 5 enemies by using Gaia (not including entertainment mode)',27,5,1,300000,0,0,0,0,0,0,0,0,35,130,0,0,1,1,1),(930132,3,0,920009,'Assault Expert 2','Kill 10 enemies by using Gaia (not including entertainment mode)',27,10,1,300000,0,0,0,0,0,0,0,0,40,145,0,0,1,2,2),(930133,3,0,920009,'Assault Expert 3','Kill 15 enemies by using Gaia (not including entertainment mode)',27,15,1,300000,0,0,0,0,0,0,0,0,45,160,0,0,1,3,3),(930134,3,0,920009,'Assault Expert 4','Kill 20 enemies by using Gaia (not including entertainment mode)',27,20,1,300000,0,0,0,0,0,0,0,0,50,175,0,0,1,4,4),(930135,3,0,920009,'Assault Expert 5','Kill 25 enemies by using Gaia (not including entertainment mode)',27,25,1,300000,0,0,0,0,0,0,0,0,55,200,0,0,1,5,5),(930141,3,0,920009,'Demolition Girl 1','Kill 5 enemies by using Catherine (not including entertainment mode)',27,5,1,300006,0,0,0,0,0,0,0,0,35,130,0,0,1,1,1),(930142,3,0,920009,'Demolition Girl 2','Kill 10 enemies by using Catherine (not including entertainment mode)',27,10,1,300006,0,0,0,0,0,0,0,0,40,145,0,0,1,2,2),(930143,3,0,920009,'Demolition Girl 3','Kill 15 enemies by using Catherine (not including entertainment mode)',27,15,1,300006,0,0,0,0,0,0,0,0,45,160,0,0,1,3,3),(930144,3,0,920009,'Demolition Girl 4','Kill 20 enemies by using Catherine (not including entertainment mode)',27,20,1,300006,0,0,0,0,0,0,0,0,50,175,0,0,1,4,4),(930145,3,0,920009,'Demolition Girl 5','Kill 25 enemies by using Catherine (not including entertainment mode)',27,25,1,300006,0,0,0,0,0,0,0,0,55,200,0,0,1,5,5),(930151,3,0,920009,'Precision Sniper 1','Kill 5 enemies by using Joan (not including entertainment mode)',27,5,1,300003,0,0,0,0,0,0,0,0,35,130,0,0,1,1,1),(930152,3,0,920009,'Precision Sniper 2','Kill 10 enemies by using Joan (not including entertainment mode)',27,10,1,300003,0,0,0,0,0,0,0,0,40,145,0,0,1,2,2),(930153,3,0,920009,'Precision Sniper 3','Kill 15 enemies by using Joan (not including entertainment mode)',27,15,1,300003,0,0,0,0,0,0,0,0,45,160,0,0,1,3,3),(930154,3,0,920009,'Precision Sniper 4','Kill 20 enemies by using Joan (not including entertainment mode)',27,20,1,300003,0,0,0,0,0,0,0,0,50,175,0,0,1,4,4),(930155,3,0,920009,'Precision Sniper 5','Kill 25 enemies by using Joan (not including entertainment mode)',27,25,1,300003,0,0,0,0,0,0,0,0,55,200,0,0,1,5,5),(930161,3,0,920009,'DPS Master 1','Kill 5 enemies by using Saisi (not including entertainment mode)',27,5,1,300002,0,0,0,0,0,0,0,0,35,130,0,0,1,1,1),(930162,3,0,920009,'DPS Master 2','Kill 10 enemies by using Saisi (not including entertainment mode)',27,10,1,300002,0,0,0,0,0,0,0,0,40,145,0,0,1,2,2),(930163,3,0,920009,'DPS Master 3','Kill 15 enemies by using Saisi (not including entertainment mode)',27,15,1,300002,0,0,0,0,0,0,0,0,45,160,0,0,1,3,3),(930164,3,0,920009,'DPS Master 4','Kill 20 enemies by using Saisi (not including entertainment mode)',27,20,1,300002,0,0,0,0,0,0,0,0,50,175,0,0,1,4,4),(930165,3,0,920009,'DPS Master 5','Kill 25 enemies by using Saisi (not including entertainment mode)',27,25,1,300002,0,0,0,0,0,0,0,0,55,200,0,0,1,5,5),(930171,3,0,920009,'Machine Gunner 1','Kill 5 enemies by using Theodor (not including entertainment mode)',27,5,1,300001,0,0,0,0,0,0,0,0,35,130,0,0,1,1,1),(930172,3,0,920009,'Machine Gunner 2','Kill 10 enemies by using Theodor (not including entertainment mode)',27,10,1,300001,0,0,0,0,0,0,0,0,40,145,0,0,1,2,2),(930173,3,0,920009,'Machine Gunner 3','Kill 15 enemies by using Theodor (not including entertainment mode)',27,15,1,300001,0,0,0,0,0,0,0,0,45,160,0,0,1,3,3),(930174,3,0,920009,'Machine Gunner 4','Kill 20 enemies by using Theodor (not including entertainment mode)',27,20,1,300001,0,0,0,0,0,0,0,0,50,175,0,0,1,4,4),(930175,3,0,920009,'Machine Gunner 5','Kill 25 enemies by using Theodor (not including entertainment mode)',27,25,1,300001,0,0,0,0,0,0,0,0,55,200,0,0,1,5,5),(930181,3,0,920009,'Adept Healer 1','Kill 5 enemies by using Fox (not including entertainment mode)',27,5,1,300004,0,0,0,0,0,0,0,0,35,130,0,0,1,1,1),(930182,3,0,920009,'Adept Healer 2','Kill 10 enemies by using Fox (not including entertainment mode)',27,10,1,300004,0,0,0,0,0,0,0,0,40,145,0,0,1,2,2),(930183,3,0,920009,'Adept Healer 3','Kill 15 enemies by using Fox (not including entertainment mode)',27,15,1,300004,0,0,0,0,0,0,0,0,45,160,0,0,1,3,3),(930184,3,0,920009,'Adept Healer 4','Kill 20 enemies by using Fox (not including entertainment mode)',27,20,1,300004,0,0,0,0,0,0,0,0,50,175,0,0,1,4,4),(930185,3,0,920009,'Adept Healer 5','Kill 25 enemies by using Fox (not including entertainment mode)',27,25,1,300004,0,0,0,0,0,0,0,0,55,200,0,0,1,5,5),(930191,3,0,920009,'Blade Master 1','Kill 5 enemies by using Li Long (not including entertainment mode)',27,5,1,300005,0,0,0,0,0,0,0,0,35,130,0,0,1,1,1),(930192,3,0,920009,'Blade Master 2','Kill 10 enemies by using Li Long (not including entertainment mode)',27,10,1,300005,0,0,0,0,0,0,0,0,40,145,0,0,1,2,2),(930193,3,0,920009,'Blade Master 3','Kill 15 enemies by using Li Long (not including entertainment mode)',27,15,1,300005,0,0,0,0,0,0,0,0,45,160,0,0,1,3,3),(930194,3,0,920009,'Blade Master 4','Kill 20 enemies by using Li Long (not including entertainment mode)',27,20,1,300005,0,0,0,0,0,0,0,0,50,175,0,0,1,4,4),(930195,3,0,920009,'Blade Master 5','Kill 25 enemies by using Li Long (not including entertainment mode)',27,25,1,300005,0,0,0,0,0,0,0,0,55,200,0,0,1,5,5),(930201,3,0,920009,'Killing Machine 1','Kill 5 enemies by using Logan (not including entertainment mode)',27,5,1,300007,0,0,0,0,0,0,0,0,35,130,0,0,1,1,1),(930202,3,0,920009,'Killing Machine 2','Kill 10 enemies by using Logan (not including entertainment mode)',27,10,1,300007,0,0,0,0,0,0,0,0,40,145,0,0,1,2,2),(930203,3,0,920009,'Killing Machine 3','Kill 15 enemies by using Logan (not including entertainment mode)',27,15,1,300007,0,0,0,0,0,0,0,0,45,160,0,0,1,3,3),(930204,3,0,920009,'Killing Machine 4','Kill 20 enemies by using Logan (not including entertainment mode)',27,20,1,300007,0,0,0,0,0,0,0,0,50,175,0,0,1,4,4),(930205,3,0,920009,'Killing Machine 5','Kill 25 enemies by using Logan (not including entertainment mode)',27,25,1,300007,0,0,0,0,0,0,0,0,55,200,0,0,1,5,5),(930211,3,0,920009,'Control Master 1','Kill 5 enemies by using Amir (not including entertainment mode)',27,5,1,300008,0,0,0,0,0,0,0,0,35,130,0,0,1,1,1),(930212,3,0,920009,'Control Master 2','Kill 10 enemies by using Amir (not including entertainment mode)',27,10,1,300008,0,0,0,0,0,0,0,0,40,145,0,0,1,2,2),(930213,3,0,920009,'Control Master 3','Kill 15 enemies by using Amir (not including entertainment mode)',27,15,1,300008,0,0,0,0,0,0,0,0,45,160,0,0,1,3,3),(930214,3,0,920009,'Control Master 4','Kill 20 enemies by using Amir (not including entertainment mode)',27,20,1,300008,0,0,0,0,0,0,0,0,50,175,0,0,1,4,4),(930215,3,0,920009,'Control Master 5','Kill 25 enemies by using Amir (not including entertainment mode)',27,25,1,300008,0,0,0,0,0,0,0,0,55,200,0,0,1,5,5),(930221,3,0,920004,'Taste of Combat','Complete 3 combats (not including boss mode)',15,3,95,0,0,0,0,0,0,0,0,0,35,130,0,0,1,1,1),(930231,3,0,920005,'First Victory','Win 1 matched combat',18,1,69,0,0,0,0,0,0,0,0,0,35,130,0,0,1,1,1),(930232,3,0,920005,'Back to Back','Win 2 matched combats',18,2,69,0,0,0,0,0,0,0,0,0,40,145,0,0,1,2,2),(930241,3,0,920004,'Brothers-in-arms 1','Form a team with friends and carry out 1 matched combat',15,1,87,2,0,0,0,0,0,0,0,0,40,145,0,0,1,1,1),(930242,3,0,920004,'Brothers-in-arms 2','Form a team with friends and carry out 3 matched combats',15,3,87,2,0,0,0,0,0,0,0,0,45,160,0,0,1,3,3),(930251,3,0,930061,'Fire Burning 1','Use Burning Bombs 2 times during matched combats',35,2,125,521002,0,0,0,0,0,0,0,0,35,130,0,0,1,1,1),(930252,3,0,930061,'Fire Burning 2','Use Burning Bombs 4 times during matched combats',35,4,125,521002,0,0,0,0,0,0,0,0,40,145,0,0,1,2,2),(930253,3,0,930061,'Fire Burning 3','Use Burning Bombs 6 times during matched combats',35,6,125,521002,0,0,0,0,0,0,0,0,45,160,0,0,1,3,3),(930254,3,0,930061,'Fire Burning 4','Use Burning Bombs 8 times during matched combats',35,8,125,521002,0,0,0,0,0,0,0,0,50,175,0,0,1,4,4),(930255,3,0,930061,'Fire Burning 5','Use Burning Bombs 10 times during matched combats',35,10,125,521002,0,0,0,0,0,0,0,0,55,200,0,0,1,5,5),(930261,3,0,920009,'Harvest Expert 1','Kill 5 enemies by using Goro (not including entertainment mode)',27,5,1,300009,0,0,0,0,0,0,0,0,35,130,0,0,1,1,1),(930262,3,0,920009,'Harvest Expert 2','Kill 10 enemies by using Goro (not including entertainment mode)',27,10,1,300009,0,0,0,0,0,0,0,0,40,145,0,0,1,2,2),(930263,3,0,920009,'Harvest Expert 3','Kill 15 enemies by using Goro (not including entertainment mode)',27,15,1,300009,0,0,0,0,0,0,0,0,45,160,0,0,1,3,3),(930264,3,0,920009,'Harvest Expert 4','Kill 20 enemies by using Goro (not including entertainment mode)',27,20,1,300009,0,0,0,0,0,0,0,0,50,175,0,0,1,4,4),(930265,3,0,920009,'Harvest Expert 5','Kill 25 enemies by using Goro (not including entertainment mode)',27,25,1,300009,0,0,0,0,0,0,0,0,55,200,0,0,1,5,5),(930271,3,0,920004,'Winning Streak','Win 3 times in a row! Custom mode and Entertainment mode will not be counted.',19,3,5,0,0,0,0,0,0,0,0,0,55,200,0,0,1,5,5),(930281,3,0,930281,'I\'m MVP','Earn a MVP! Custom mode and Entertainment mode will not be counted.',20,1,5,1,0,0,0,0,0,0,0,0,55,200,0,0,1,5,5),(930291,3,0,920009,'Fire Controller 1','Kill 5 enemies by using FireKing (not including entertainment mode)',27,5,1,300010,0,0,0,0,0,0,0,0,35,130,0,0,1,1,1),(930292,3,0,920009,'Fire Controller 2','Kill 10 enemies by using FireKing (not including entertainment mode)',27,10,1,300010,0,0,0,0,0,0,0,0,40,145,0,0,1,2,2),(930293,3,0,920009,'Fire Controller 3','Kill 15 enemies by using FireKing (not including entertainment mode)',27,15,1,300010,0,0,0,0,0,0,0,0,45,160,0,0,1,3,3),(930294,3,0,920009,'Fire Controller 4','Kill 20 enemies by using FireKing (not including entertainment mode)',27,20,1,300010,0,0,0,0,0,0,0,0,50,175,0,0,1,4,4),(930295,3,0,920009,'Fire Controller 5','Kill 25 enemies by using FireKing (not including entertainment mode)',27,25,1,300010,0,0,0,0,0,0,0,0,55,200,0,0,1,5,5),(930301,3,0,920009,'Talented Hunter 1','Kill 5 enemies by using Nasha (not including entertainment mode)',27,5,1,300011,0,0,0,0,0,0,0,0,35,130,0,0,1,1,1),(930302,3,0,920009,'Talented Hunter 2','Kill 10 enemies by using Nasha (not including entertainment mode)',27,10,1,300011,0,0,0,0,0,0,0,0,40,145,0,0,1,2,2),(930303,3,0,920009,'Talented Hunter 3','Kill 15 enemies by using Nasha (not including entertainment mode)',27,15,1,300011,0,0,0,0,0,0,0,0,45,160,0,0,1,3,3),(930304,3,0,920009,'Talented Hunter 4','Kill 20 enemies by using Nasha (not including entertainment mode)',27,20,1,300011,0,0,0,0,0,0,0,0,50,175,0,0,1,4,4),(930305,3,0,920009,'Talented Hunter 5','Kill 25 enemies by using Nasha (not including entertainment mode)',27,25,1,300011,0,0,0,0,0,0,0,0,55,200,0,0,1,5,5);
/*!40000 ALTER TABLE `task` ENABLE KEYS */;
UNLOCK TABLES;

--
-- Table structure for table `team_mix_mode_reward`
--

DROP TABLE IF EXISTS `team_mix_mode_reward`;
/*!40101 SET @saved_cs_client     = @@character_set_client */;
/*!40101 SET character_set_client = utf8 */;
CREATE TABLE `team_mix_mode_reward` (
  `rank` int(10) NOT NULL COMMENT '名次',
  `exp` int(10) DEFAULT NULL COMMENT '该名次所奖励的经验',
  `coin` int(10) DEFAULT '0' COMMENT '该名次所奖励的金币',
  `box_id` int(11) DEFAULT '0' COMMENT '宝箱ID',
  `box_amount` int(11) DEFAULT '0' COMMENT '宝箱数量',
  PRIMARY KEY (`rank`)
) ENGINE=InnoDB DEFAULT CHARSET=utf8;
/*!40101 SET character_set_client = @saved_cs_client */;

--
-- Dumping data for table `team_mix_mode_reward`
--

LOCK TABLES `team_mix_mode_reward` WRITE;
/*!40000 ALTER TABLE `team_mix_mode_reward` DISABLE KEYS */;
INSERT INTO `team_mix_mode_reward` VALUES (1,537,54,0,1),(2,360,36,0,1),(3,262,26,0,1),(4,189,19,0,1);
/*!40000 ALTER TABLE `team_mix_mode_reward` ENABLE KEYS */;
UNLOCK TABLES;

--
-- Table structure for table `triggers`
--

DROP TABLE IF EXISTS `triggers`;
/*!40101 SET @saved_cs_client     = @@character_set_client */;
/*!40101 SET character_set_client = utf8 */;
CREATE TABLE `triggers` (
  `trigger_id` int(11) NOT NULL DEFAULT '0' COMMENT '触发器ID',
  `name` char(50) NOT NULL DEFAULT '0' COMMENT '[Language]触发器名称',
  `rotating_y` float NOT NULL DEFAULT '0' COMMENT '方向信息，旋转Y值',
  `collision_length` float NOT NULL DEFAULT '0' COMMENT '碰撞长度',
  `collision_width` float NOT NULL DEFAULT '0' COMMENT '碰撞宽度',
  `trigger_radius` char(50) NOT NULL DEFAULT '0' COMMENT '触发范围（填1个为半径，填两个值，第一个值为X值，第二个值为Z值。触发器方向为Z轴。）',
  `anchor_x` float NOT NULL DEFAULT '0.5' COMMENT '触发器的坐标点在触发范围里的X轴比例值',
  `anchor_z` float NOT NULL DEFAULT '0.5' COMMENT '触发器的坐标点在触发范围里的Z轴比例值',
  `cd_time` varchar(100) NOT NULL DEFAULT '0' COMMENT '冷却时间：单个值则表示直接取该值；如果是t1,t2表示从这个区间中随机取一个值。',
  `trigger_delay` int(50) NOT NULL DEFAULT '0' COMMENT '触发延迟',
  `trigger_times` int(11) NOT NULL DEFAULT '0' COMMENT '触发次数',
  `trigger_destroyed` int(10) NOT NULL DEFAULT '1' COMMENT '表示这个触发器，在触发次数达到上限时，是否立即销毁。填1立即销毁，填0不立即销毁。填0的时候需要等destroy_time达到时才销毁',
  `contact_type` int(11) NOT NULL DEFAULT '0' COMMENT '激活判定（填1表示人触发，填2表示子弹触发，填4伤害触发，填8客户端人触发，填32时间触发，）',
  `collision_type` int(11) NOT NULL DEFAULT '0' COMMENT '是否阻挡(填1人阻挡，填2子弹阻挡，3=1+2，填4表示手雷阻挡。填0不阻挡)',
  `trigger_type` int(50) NOT NULL DEFAULT '0' COMMENT '触发器类型（1表示skill，2表示触发器,3=表示爆炸区（无），4=表示C4区（无），5=炸药区域，6=表示临时资源点，7=固定资源点,8=远离持续触发器,9=草丛,10=载具11=远离即取消触发器',
  `para_id` int(50) NOT NULL DEFAULT '0' COMMENT '相关ID',
  `skill_lv` int(50) NOT NULL DEFAULT '0' COMMENT '技能等级',
  `is_destroyed` int(50) NOT NULL DEFAULT '0' COMMENT '是否销毁',
  `destroy_time` int(11) NOT NULL DEFAULT '0' COMMENT '自销毁时间。0表示无限时',
  `destroy_skill` int(11) NOT NULL DEFAULT '0' COMMENT '销毁触发技能',
  `destroy_skill_lv` int(11) NOT NULL DEFAULT '0' COMMENT '销毁触发技能等级',
  `trigger_multiple` int(50) NOT NULL DEFAULT '1' COMMENT '同时生成触发器个数.不限个数为-1',
  `refresh_time` varchar(50) NOT NULL DEFAULT '0' COMMENT '随机刷新时间区间单位MS。10,20表示时间为10MS到20MS。',
  `model_next_hp` int(10) NOT NULL DEFAULT '0' COMMENT '下一阶模型生命值',
  `hp` int(10) NOT NULL DEFAULT '0' COMMENT '生命值',
  `pass_param` int(10) NOT NULL DEFAULT '0' COMMENT '穿透率，数值1表示1%。该值可为负数',
  `follow_dead` int(10) NOT NULL DEFAULT '0' COMMENT '是否跟随死亡。1表示是，0表示否',
  `limit_num` int(10) NOT NULL DEFAULT '0' COMMENT '限定个数。超过最大上限，则最先放下的NPC会被销毁',
  `animator` int(10) NOT NULL DEFAULT '0' COMMENT '是否需要动画状态机:0不需要, 1需要',
  `exist_num` int(10) NOT NULL DEFAULT '0' COMMENT '触发器同时存在的最大数量',
  `brushwood_visible` int(11) NOT NULL DEFAULT '0' COMMENT '表示草丛可见。0为不可见。1为可见',
  `brush_time` int(10) NOT NULL DEFAULT '0' COMMENT '刷出时间，在刷出时间内触发器不会进行触发。\r',
  `warning_delay` int(10) NOT NULL DEFAULT '0' COMMENT '刷出前进行警示的时间。0表示不需要警示',
  PRIMARY KEY (`trigger_id`)
) ENGINE=InnoDB DEFAULT CHARSET=utf8 COMMENT='[logic server no use]';
/*!40101 SET character_set_client = @saved_cs_client */;

--
-- Dumping data for table `triggers`
--

LOCK TABLES `triggers` WRITE;
/*!40000 ALTER TABLE `triggers` DISABLE KEYS */;
INSERT INTO `triggers` VALUES (850000,'Oil Drum',0,0.9,0.9,'0.45',0.5,0.5,'0',0,1,1,6,3,1,520001,1,1,0,0,0,1,'60000,100000',0,0,-100,0,0,0,0,0,0,0),(850001,'Deathmatch - Box',0,1.6,1,'1.6,1',0.5,0.5,'0',0,1,1,6,3,1,523003,1,1,0,0,0,1,'100000,200000',0,0,-100,0,0,0,0,0,0,0),(850002,'Neutral Mine',0,0.5,0.5,'0.25',0.5,0.5,'0',1000,1,1,1,0,1,520006,1,1,0,0,0,1,'60000,100000',0,0,0,0,0,0,0,0,0,0),(850003,'Flamethrower',0,0.23,1.27,'1,5',0.5,0,'5000',1000,999,1,1,0,1,520002,1,0,0,0,0,1,'0',0,0,0,0,0,0,0,0,0,0),(850004,'Deathmatch Generator',0,1.2,1.2,'1',0.5,0.5,'20000',0,999,1,32,0,1,523001,1,0,0,0,0,1,'0',0,0,0,0,0,0,0,0,0,0),(850006,'Flashbomb - Small',0,0.4,0.4,'0.2',0.5,0.5,'0',0,1,1,1,0,1,522005,1,1,10000,0,0,1,'0',0,0,0,0,0,0,0,0,0,0),(850007,'Medkit - Small',0,0.4,0.4,'0.2',0.5,0.5,'0',0,1,1,1,0,1,522007,1,1,10000,0,0,1,'0',0,0,0,0,0,0,0,0,0,0),(850008,'Grenade Resupply Crate - Small',0,0.4,0.4,'0.2',0.5,0.5,'0',0,1,1,1,0,1,522004,1,1,10000,0,0,1,'0',0,0,0,0,0,0,0,0,0,0),(850009,'Burning Bomb - Small',0,0.4,0.4,'0.2',0.5,0.5,'0',0,1,1,1,0,1,522006,1,1,10000,0,0,1,'0',0,0,0,0,0,0,0,0,0,0),(850010,'Medkit - Large',0,0.8,1.4,'0.8,1.4',0.5,0.5,'0',0,1,1,1,0,1,522008,1,1,0,0,0,1,'0',0,0,0,0,0,0,0,0,0,0),(850012,'Cactus',0,1,0.6,'1',0.5,0.5,'0',0,1,1,6,3,1,0,0,1,0,0,0,1,'0',0,0,0,0,0,0,0,0,0,0),(850013,'Nutritious Canned Food',0,1,1,'1',0.5,0.5,'0',0,1,1,6,3,1,0,0,1,0,0,0,1,'0',0,0,0,0,0,0,0,0,0,0),(850014,'Garbage Can',0,2.2,1,'2',0.5,0.5,'0',0,1,1,6,3,1,0,0,1,0,0,0,1,'0',0,0,0,0,0,0,0,0,0,0),(850015,'Loading Truck',0,2.5,5.5,'5',0.5,0.5,'0',0,1,1,6,3,1,0,0,1,0,0,0,1,'0',0,100,50,0,0,0,0,0,0,0),(850016,'Freeze Effect',0,0.5,0.4,'3',0.5,0.5,'5000',200,999,1,1,3,1,520004,1,0,0,0,0,1,'0',0,0,0,0,0,0,0,0,0,0),(850017,'Poison Gas Trap',0,0.23,1.27,'1,5',0.5,0.5,'5000',1000,999,1,1,0,1,520003,1,0,0,0,0,1,'0',0,0,0,0,0,0,0,0,0,0),(850018,'Suction Cup',0,0,0,'5',0.5,0.5,'5000',1000,999,1,1,0,1,520005,1,0,0,0,0,1,'0',0,0,0,0,0,0,0,0,0,0),(850020,'C4 Explosive',0,1,1,'1',0.5,0.5,'0',0,1,1,1,0,5,0,0,1,0,0,0,1,'0',0,0,0,0,0,0,0,0,0,0),(850021,'Shield Buff Box',0,1,1,'0.5',0.5,0.5,'0',0,1,1,1,0,1,522009,1,1,0,0,0,1,'0',0,0,0,0,0,0,0,0,0,0),(850022,'Acceleration Buff Box',0,1,1,'0.5',0.5,0.5,'0',0,1,1,1,0,1,522010,1,1,0,0,0,1,'0',0,0,0,0,0,0,0,0,0,0),(850024,'Small EXP',0,0.5,0.5,'0.25',0.5,0.5,'0',0,1,1,1,0,1,522001,1,1,0,0,0,1,'0',0,0,0,0,0,0,0,0,0,0),(850025,'Medium EXP',0,0.5,0.5,'0.25',0.5,0.5,'0',0,1,1,1,0,1,522002,1,1,0,0,0,1,'0',0,0,0,0,0,0,0,0,0,0),(850026,'Large EXP',0,0.5,0.5,'0.25',0.5,0.5,'0',0,1,1,1,0,1,522003,1,1,0,0,0,1,'0',0,0,0,0,0,0,0,0,0,0),(850027,'Destructible Mine Box',0,1.6,1,'1.6,1',0.5,0.5,'0',0,1,1,6,3,1,523004,1,1,0,0,0,1,'100000,200000',0,0,-100,0,0,0,0,0,0,0),(850028,'Destructible Medkit',0,1.6,1,'1.6,1',0.5,0.5,'0',0,1,1,6,3,1,523005,1,1,0,0,0,1,'100000,200000',0,0,-100,0,0,0,0,0,0,0),(850029,'Non-Deathmatch - Box',0,1.6,1,'1.6,1',0.5,0.5,'0',0,1,1,6,3,1,523006,1,1,0,0,0,1,'100000,200000',0,0,-100,0,0,0,0,0,0,0),(850030,'Non-Deathmatch Generator',0,1.2,1.2,'1',0.5,0.5,'20000',0,999,1,32,0,1,523002,1,0,0,0,0,1,'0',0,0,0,0,0,0,0,0,0,0),(850031,'Tiny EXP',0,0.5,0.5,'0.25',0.5,0.5,'0',0,1,1,1,0,1,522000,1,1,0,0,0,1,'0',0,0,0,0,0,0,0,0,0,0),(850032,'Team Battle Destructible Medkit',0,1.6,1,'1.6,1',0.5,0.5,'0',0,1,1,6,3,1,523009,1,1,0,0,0,1,'100000,200000',0,0,-100,0,0,0,0,0,0,0),(850033,'医疗箱中',0,0.4,0.4,'0.2',0.5,0.5,'0',0,1,1,1,0,1,522011,1,1,10000,0,0,1,'0',0,0,0,0,0,0,0,0,0,0),(850034,'混战随机可破坏医疗箱子',0,1.6,1,'1.6,1',0.5,0.5,'0',0,1,1,6,3,1,523009,1,1,0,0,0,1,'120000,300000',0,0,-100,0,0,0,0,0,0,0),(851001,'Bunker Test',0,0.79,4.22,'2',0.5,0.5,'0',0,0,1,6,3,1,523006,1,1,0,0,0,1,'1000,2000',100,5000,50,0,0,0,0,0,0,0),(852001,'场景陷阱_雪球',0,0,0,'1,4',0.5,0,'0',1050,1,1,1,0,1,520007,1,1,0,0,0,1,'20000,50000',0,0,0,0,0,1,0,0,2000,0),(852002,'场景陷阱_闪电',0,0,0,'1',0.5,0.5,'30000,70000',1100,999,0,32,0,1,520008,1,1,9000000,0,0,1,'0',0,0,0,0,0,0,0,0,0,0),(852003,'场景陷阱_沼泽',0,0,0,'4',0.5,0.5,'0',0,1,0,1,0,11,520009,1,1,12000,0,0,1,'15000,30000',0,0,0,0,0,0,0,0,0,0),(852004,'场景陷阱_油潭',0,0,0,'4',0.5,0.5,'0',0,1,0,1,0,11,520010,1,1,12000,0,0,1,'20000,50000',0,0,0,0,0,0,0,0,0,0),(852005,'场景陷阱_流沙陷阱',0,0,0,'4',0.5,0.5,'0',0,1,0,1,0,11,520011,1,1,12000,0,0,1,'20000,50000',0,0,0,0,0,0,0,0,0,0),(852006,'场景陷阱_地刺',0,0,0,'1.5,1.5',0.5,0.5,'1500,10000',1050,999,1,32,0,1,520012,1,1,9000000,0,0,1,'0',0,0,0,0,0,0,0,0,0,0),(860001,'Mine Trap',0,0.5,0.5,'0.25',0.5,0.5,'0',300,1,1,1,0,1,500605,1,1,0,0,0,1,'0',0,0,0,0,5,0,0,0,0,0),(860002,'Mine Trap',0,0.5,0.5,'0.25',0.5,0.5,'0',300,1,1,1,0,1,500605,1,1,0,0,0,1,'0',0,0,0,0,5,0,0,0,0,0),(860003,'Mine Trap',0,0.5,0.5,'0.25',0.5,0.5,'0',300,1,1,1,0,1,500605,2,1,0,0,0,1,'0',0,0,0,0,5,0,0,0,0,0),(860004,'Mine Trap',0,0.5,0.5,'0.25',0.5,0.5,'0',300,1,1,1,0,1,500605,3,1,0,0,0,1,'0',0,0,0,0,5,0,0,0,0,0),(860101,'Gaia Shield Generator',0,1.2,1.2,'4',0.5,0.5,'3000',200,3,0,32,0,1,500005,1,1,9000,0,0,1,'0',0,0,0,0,0,1,0,0,2000,0),(860102,'Gaia Shield Generator',0,1.2,1.2,'4',0.5,0.5,'3000',200,3,0,32,0,1,500005,2,1,9000,0,0,1,'0',0,0,0,0,0,1,0,0,2000,0),(860103,'Gaia Shield Generator',0,1.2,1.2,'4',0.5,0.5,'3000',200,3,0,32,0,1,500005,3,1,9000,0,0,1,'0',0,0,0,0,0,1,0,0,2000,0),(860104,'Gaia Shield Generator',0,1.2,1.2,'4',0.5,0.5,'3000',200,3,0,32,0,1,500005,4,1,9000,0,0,1,'0',0,0,0,0,0,1,0,0,2000,0),(860201,'Theodor Defense Bunker',0,2.91,0.7,'2',0.5,0.5,'0',0,1,1,6,3,1,0,1,1,5000,0,0,1,'0',0,2000,-100,0,0,1,0,1,0,0),(860202,'Theodor Defense Bunker',0,2.91,0.7,'2',0.5,0.5,'0',0,1,1,6,3,1,0,2,1,5000,0,0,1,'0',0,2000,-100,0,0,1,0,1,0,0),(860203,'Theodor Defense Bunker',0,2.91,0.7,'2',0.5,0.5,'0',0,1,1,6,3,1,0,3,1,5000,0,0,1,'0',0,2000,-100,0,0,1,0,1,0,0),(860204,'Theodor Defense Bunker',0,2.91,0.7,'2',0.5,0.5,'0',0,1,1,6,3,1,0,4,1,5000,0,0,1,'0',0,2000,-100,0,0,1,0,1,0,0),(860301,'Charge Accelerator',0,1.2,1.6,'4',0.5,0.5,'0',0,1,1,1,0,11,500806,1,1,8000,0,0,1,'0',0,0,0,0,0,1,0,0,0,0),(860302,'Charge Accelerator',0,1.2,1.6,'4',0.5,0.5,'0',0,1,1,1,0,11,500806,2,1,8000,0,0,1,'0',0,0,0,0,0,1,0,0,0,0),(860303,'Charge Accelerator',0,1.2,1.6,'4',0.5,0.5,'0',0,1,1,1,0,11,500806,3,1,8000,0,0,1,'0',0,0,0,0,0,1,0,0,0,0),(860304,'Charge Accelerator',0,1.2,1.6,'4',0.5,0.5,'0',0,1,1,1,0,11,500806,4,1,8000,0,0,1,'0',0,0,0,0,0,1,0,0,0,0),(860401,'Firewall',0,1.2,1.6,'4',0.5,0.5,'0',0,1,0,32,0,1,501006,1,1,9000,0,0,1,'0',0,0,0,0,0,0,0,1,0,0),(860402,'Firewall',0,1.2,1.6,'4',0.5,0.5,'0',0,1,0,32,0,1,501006,2,1,9000,0,0,1,'0',0,0,0,0,0,0,0,1,0,0),(860403,'Firewall',0,1.2,1.6,'4',0.5,0.5,'0',0,1,0,32,0,1,501006,3,1,9000,0,0,1,'0',0,0,0,0,0,0,0,1,0,0),(860404,'Firewall',0,1.2,1.6,'4',0.5,0.5,'0',0,1,0,32,0,1,501006,4,1,9000,0,0,1,'0',0,0,0,0,0,0,0,1,0,0),(860501,'Group Shield',0,1.2,1.6,'4',0.5,0.5,'0',0,1,1,1,0,11,501005,1,1,8000,0,0,1,'0',0,0,0,0,0,0,0,1,0,0),(860502,'Group Shield',0,1.2,1.6,'4',0.5,0.5,'0',0,1,1,1,0,11,501005,2,1,8000,0,0,1,'0',0,0,0,0,0,0,0,1,0,0),(860503,'Group Shield',0,1.2,1.6,'4',0.5,0.5,'0',0,1,1,1,0,11,501005,3,1,8000,0,0,1,'0',0,0,0,0,0,0,0,1,0,0),(860504,'Group Shield',0,1.2,1.6,'4',0.5,0.5,'0',0,1,1,1,0,11,501005,4,1,8000,0,0,1,'0',0,0,0,0,0,0,0,1,0,0),(860601,'Freeze Trap',0,1.2,1.6,'0.5',0.5,0.5,'0',0,1,1,1,0,1,501105,1,1,0,0,0,1,'0',0,0,0,0,10,0,0,0,0,0),(860602,'Freeze Trap',0,1.2,1.6,'0.5',0.5,0.5,'0',0,1,1,1,0,1,501105,2,1,0,0,0,1,'0',0,0,0,0,10,0,0,0,0,0),(860603,'Freeze Trap',0,1.2,1.6,'0.5',0.5,0.5,'0',0,1,1,1,0,1,501105,3,1,0,0,0,1,'0',0,0,0,0,10,0,0,0,0,0),(860604,'Freeze Trap',0,1.2,1.6,'0.5',0.5,0.5,'0',0,1,1,1,0,1,501105,4,1,0,0,0,1,'0',0,0,0,0,10,0,0,0,0,0),(861101,'Quicksand Trap',0,1.2,1.6,'4',0.5,0.5,'0',0,1,1,1,0,11,500805,1,1,5000,0,0,1,'0',0,0,0,0,0,0,0,1,0,0),(861102,'Quicksand Trap',0,1.2,1.6,'4',0.5,0.5,'0',0,1,1,1,0,11,500805,2,1,5000,0,0,1,'0',0,0,0,0,0,0,0,1,0,0),(861103,'Quicksand Trap',0,1.2,1.6,'4',0.5,0.5,'0',0,1,1,1,0,11,500805,3,1,5000,0,0,1,'0',0,0,0,0,0,0,0,1,0,0),(861104,'Quicksand Trap',0,1.2,1.6,'4',0.5,0.5,'0',0,1,1,1,0,11,500805,4,1,5000,0,0,1,'0',0,0,0,0,0,0,0,1,0,0),(880000,'Mine Field',0,2,2,'5',0.5,0.5,'0',0,0,1,1,0,3,0,0,0,0,0,0,1,'0',0,0,0,0,0,0,0,0,0,0),(880001,'Bomb Area',0,0,0,'1',0.5,0.5,'0',0,0,1,1,0,4,0,0,0,0,0,0,1,'0',0,0,0,0,0,0,0,0,0,0),(880002,'Resources',0,2,2,'6.5',0.5,0.5,'0',0,0,1,0,3,6,0,0,1,0,0,0,1,'0',0,0,0,0,0,1,0,0,0,0),(880003,'Fixed Resource Area',0,2,2,'6.5',0.5,0.5,'0',0,0,1,0,3,7,0,0,0,0,0,0,1,'0',0,0,0,0,0,0,0,0,0,0),(880004,'Slowdown Area',0,2,2,'6.5',0.5,0.5,'0',0,0,1,0,3,11,523008,1,0,0,0,0,1,'0',0,0,0,0,0,0,0,0,0,0),(880005,'Fixed Resource Area - Aircraft Carrier',0,2,2,'10',0.5,0.5,'0',0,0,1,0,3,7,0,0,0,0,0,0,1,'0',0,0,0,0,0,0,0,0,0,0),(880010,'Tent - Green',0,2.2,2.2,'2.2,2.2',0.5,0.5,'0',0,0,1,1,0,9,523007,1,1,0,0,0,1,'0',0,0,0,0,0,0,0,0,0,0),(880011,'Tent - White',0,2.2,2.2,'2.2,2.2',0.5,0.5,'0',0,0,1,1,0,9,523007,1,1,0,0,0,1,'0',0,0,0,0,0,0,0,0,0,0),(880012,'Tent - Yellow',0,2.2,2.2,'2.2,2.2',0.5,0.5,'0',0,0,1,1,0,9,523007,1,1,0,0,0,1,'0',0,0,0,0,0,0,0,0,0,0),(880013,'Underbrush - Green',0,2.2,2.2,'2.2,2.2',0.5,0.5,'0',0,0,1,1,0,9,523007,1,1,0,0,0,1,'0',0,0,0,0,0,0,0,0,0,0),(881001,'Desert Bunker - Large',0,4,1,'4,1',0.5,0.5,'0',0,0,1,6,3,1,0,0,1,0,0,0,0,'90000,150000',1000,4000,50,0,0,0,0,0,0,0),(881002,'Desert Bunker - Small',0,2,1,'2,1',0.5,0.5,'0',0,0,1,6,3,1,0,0,1,0,0,0,0,'90000,150000',1000,4000,50,0,0,0,0,0,0,0),(881011,'Base Bunker - Large',0,4,1,'4,1',0.5,0.5,'0',0,0,1,6,3,1,0,0,1,0,0,0,0,'90000,150000',1000,4000,50,0,0,0,0,0,0,0),(881012,'Base Bunker - Small',0,2,1,'2,1',0.5,0.5,'0',0,0,1,6,3,1,0,0,1,0,0,0,0,'90000,150000',1000,4000,50,0,0,0,0,0,0,0),(881021,'Aircraft Carrier Bunker - Large',0,4,1,'4,1',0.5,0.5,'0',0,0,1,6,3,1,0,0,1,0,0,0,0,'90000,150000',1000,4000,50,0,0,0,0,0,0,0),(881022,'Aircraft Carrier Bunker - Small',0,2,1,'2,1',0.5,0.5,'0',0,0,1,6,3,1,0,0,1,0,0,0,0,'90000,150000',1000,4000,50,0,0,0,0,0,0,0),(881031,'Snowland Bunker - Large',0,4,1,'4,1',0.5,0.5,'0',0,0,1,6,3,1,0,0,1,0,0,0,0,'90000,150000',1000,4000,50,0,0,0,0,0,0,0),(881032,'Snowland Bunker - Small',0,2,1,'2,1',0.5,0.5,'0',0,0,1,6,3,1,0,0,1,0,0,0,0,'90000,150000',1000,4000,50,0,0,0,0,0,0,0),(881041,'Ruins Bunker - Large',0,4,1,'4,1',0.5,0.5,'0',0,0,1,6,3,1,0,0,1,0,0,0,0,'90000,150000',1000,4000,50,0,0,0,0,0,0,0),(881042,'Ruins Bunker - Small',0,2,1,'2,1',0.5,0.5,'0',0,0,1,6,3,1,0,0,1,0,0,0,0,'90000,150000',1000,4000,50,0,0,0,0,0,0,0),(890001,'Trigger Area',0,20,1,'1',0.5,0.5,'0',0,1,1,0,0,1,0,0,1,0,0,0,0,'0',0,0,0,0,0,0,0,0,0,0),(890002,'Fixed Training Target',0,1,1,'1',0.5,0.5,'0',0,1,1,2,3,1,0,0,1,0,0,0,0,'0',0,0,-100,0,0,0,0,0,0,0),(890003,'Moving Training Target 1',0,1,1,'1',0.5,0.5,'0',0,1,1,2,3,1,0,0,1,0,0,1,1,'0',0,0,-100,0,0,0,0,0,0,0),(890004,'Light Curtain',0,1,5,'1',0.5,0.5,'0',0,1,1,0,3,1,0,0,1,0,0,0,0,'0',0,0,0,0,0,0,0,0,0,0),(890005,'Signpost',0,1,1,'1',0.5,0.5,'0',0,1,1,0,0,1,0,0,1,0,0,0,0,'0',0,0,0,0,0,0,0,0,0,0),(890006,'Range Indicator',0,1,1,'1',0.5,0.5,'0',0,1,1,0,0,1,0,0,1,0,0,0,0,'0',0,0,0,0,0,0,0,0,0,0),(890007,'Grenade Range Indicator',0,1,1,'1',0.5,0.5,'0',0,1,1,0,0,1,0,0,1,0,0,0,0,'0',0,0,0,0,0,0,0,0,0,0),(890008,'Moving Training Target 2',0,1,1,'1',0.5,0.5,'0',0,1,1,2,3,1,0,0,1,0,0,0,0,'0',0,0,-100,0,0,0,0,0,0,0),(890009,'Damage Range',0,5,3,'5,3',0.5,0.5,'0',0,1,1,1,0,1,0,0,1,0,0,0,0,'0',0,0,0,0,0,0,0,0,0,0),(890010,'Spawn Point',0,1,1,'0',0.5,0.5,'0',0,0,1,0,0,1,0,0,0,0,0,0,1,'0',0,0,0,0,0,0,0,0,0,0),(890011,'Gathering Point',0,1,1,'2',0.5,0.5,'0',0,1,1,0,0,1,0,0,1,0,0,0,0,'0',0,0,0,0,0,0,0,0,0,0),(890012,'Vehicle - Mech 01',0,2.61,2.13,'2.61,2.13',0.5,0.5,'0',0,1,1,0,0,10,500101,0,1,0,0,0,0,'300000',0,0,0,0,0,0,1,0,0,10000),(890101,'Boss Normal Attack 1 Range',0,3,15,'3,15',0.5,0.5,'0',0,1,0,1,0,1,0,0,1,0,0,0,0,'0',0,0,0,0,0,0,0,0,0,0),(890102,'Boss Normal Attack 2 Range',0,3,15,'3,15',0.5,0.5,'0',0,1,0,1,0,1,0,0,1,0,0,0,0,'0',0,0,0,0,0,0,0,0,0,0),(890103,'Boss Skill Attack 1 Range',0,1,1,'10',0.5,0.5,'0',0,1,0,1,0,1,0,0,1,0,0,0,0,'0',0,0,0,0,0,0,0,0,0,0);
/*!40000 ALTER TABLE `triggers` ENABLE KEYS */;
UNLOCK TABLES;

--
-- Table structure for table `triggers_skin`
--

DROP TABLE IF EXISTS `triggers_skin`;
/*!40101 SET @saved_cs_client     = @@character_set_client */;
/*!40101 SET character_set_client = utf8 */;
CREATE TABLE `triggers_skin` (
  `id` int(10) NOT NULL DEFAULT '0' COMMENT '唯一ID',
  `triggers_id` int(10) NOT NULL DEFAULT '0' COMMENT '对应到triggers表的trigger_id字段',
  `skin_id` int(10) NOT NULL DEFAULT '0' COMMENT '对应skin表的主ID。',
  `name` varchar(128) DEFAULT '' COMMENT '名字',
  `model_id` int(10) NOT NULL DEFAULT '0' COMMENT '外观ID（索引到prefab_shape表(外观表)的ID',
  `model_id_2` int(10) NOT NULL DEFAULT '0' COMMENT '敌方外观ID，有填表示需要区分敌我阵营区分',
  `spawn_performance` int(10) NOT NULL DEFAULT '0' COMMENT '刷出表现',
  `contact_performance` int(10) NOT NULL DEFAULT '0' COMMENT '触发表现',
  `effect_id` int(10) NOT NULL DEFAULT '0' COMMENT '持续表现I',
  `destroy_performance` int(10) NOT NULL DEFAULT '0' COMMENT '销毁表现',
  `model_next` int(10) NOT NULL DEFAULT '0' COMMENT '下一阶模型外观',
  `next_performance` int(10) NOT NULL DEFAULT '0' COMMENT '切换到下一阶段模型时播放的特效表现。',
  PRIMARY KEY (`id`)
) ENGINE=InnoDB DEFAULT CHARSET=utf8 COMMENT='[logic server no use]';
/*!40101 SET character_set_client = @saved_cs_client */;

--
-- Dumping data for table `triggers_skin`
--

LOCK TABLES `triggers_skin` WRITE;
/*!40000 ALTER TABLE `triggers_skin` DISABLE KEYS */;
INSERT INTO `triggers_skin` VALUES (1,850000,0,'油桶',52001,0,0,0,52000,0,0,0),(2,850001,0,'混战模式-箱子',52002,0,0,0,52000,0,0,0),(3,850002,0,'中立地雷',53001,0,0,53003,0,0,0,0),(4,850003,0,'喷火器',53011,0,0,53010,0,0,0,0),(5,850004,0,'混战生成器',0,0,0,0,0,0,0,0),(6,850006,0,'闪光弹小',0,0,0,0,54001,0,0,0),(7,850007,0,'医疗箱小',0,0,0,0,54003,0,0,0),(8,850008,0,'手雷补给箱小',0,0,0,0,54002,0,0,0),(9,850009,0,'燃烧弹小',0,0,0,0,54007,0,0,0),(10,850010,0,'医疗箱大',61031,0,0,0,54031,0,0,0),(11,850012,0,'仙人掌',61061,0,0,0,52000,0,0,0),(12,850013,0,'营养罐',61071,0,0,0,52000,0,0,0),(13,850014,0,'垃圾桶',61081,0,0,0,52000,0,0,0),(14,850015,0,'装卸车',61091,0,0,0,52000,52051,0,0),(15,850016,0,'冰冻特效',61101,0,0,0,0,0,0,0),(16,850017,0,'毒气陷阱',61201,0,0,53070,0,0,0,0),(17,850018,0,'吸重盘',61301,0,0,0,0,0,0,0),(18,850020,0,'C4炸药',25007,0,0,54084,54083,54086,0,0),(19,850021,0,'护盾buff箱',0,0,0,0,54151,0,0,0),(20,850022,0,'加速buff箱',0,0,0,0,54141,0,0,0),(21,850024,0,'小型经验',0,0,0,0,55201,0,0,0),(22,850025,0,'中型经验',0,0,0,0,55202,0,0,0),(23,850026,0,'大型经验',0,0,0,0,55203,0,0,0),(24,850027,0,'可破坏手雷箱子',52003,0,0,0,52000,0,0,0),(25,850028,0,'可破坏医疗箱子',52004,0,0,0,52000,0,0,0),(26,850029,0,'非混战模式-箱子',52002,0,0,0,52000,0,0,0),(27,850030,0,'非混战生成器',0,0,0,0,0,0,0,0),(28,850031,0,'微型经验',61401,0,0,0,0,0,0,0),(29,850032,0,'团战可破坏医疗箱子',52004,0,0,0,52000,0,0,0),(30,850033,0,'医疗箱中',0,0,0,0,54009,0,0,0),(31,850034,0,'混战随机可破坏医疗箱子',52004,0,0,0,52000,52012,0,0),(32,851001,0,'掩体测试',63001,0,0,0,0,0,61081,0),(33,852001,0,'场景陷阱_雪球',61501,0,0,53091,0,0,0,0),(34,852002,0,'场景陷阱_闪电',0,0,0,53101,0,0,0,0),(35,852003,0,'场景陷阱_沼泽',0,0,0,0,53111,0,0,0),(36,852004,0,'场景陷阱_油潭',0,0,0,0,53121,0,0,0),(37,852005,0,'场景陷阱_流沙陷阱',0,0,0,0,53131,0,0,0),(38,852006,0,'场景陷阱_地刺',61601,0,0,53141,0,0,0,0),(39,860001,0,'萝莉地雷',53003,53002,0,53004,0,0,0,0),(40,860002,0,'萝莉地雷',53003,53002,0,53004,0,0,0,0),(41,860003,0,'萝莉地雷',53003,53002,0,53004,0,0,0,0),(42,860004,0,'萝莉地雷',53003,53002,0,53004,0,0,0,0),(43,860001,310602,'维修专家地雷',53003,53002,0,53004,0,0,0,0),(44,860002,310602,'维修专家地雷',53003,53002,0,53004,0,0,0,0),(45,860003,310602,'维修专家地雷',53003,53002,0,53004,0,0,0,0),(46,860004,310602,'维修专家地雷',53003,53002,0,53004,0,0,0,0),(47,860101,0,'盖亚护盾生成器',70131,0,101060,101070,0,101080,0,0),(48,860102,0,'盖亚护盾生成器',70131,0,101060,101070,0,101080,0,0),(49,860103,0,'盖亚护盾生成器',70131,0,101060,101070,0,101080,0,0),(50,860104,0,'盖亚护盾生成器',70131,0,101060,101070,0,101080,0,0),(51,860101,310002,'星际骑兵护盾装置',70131,0,101061,101071,0,101081,0,0),(52,860102,310002,'星际骑兵护盾装置',70131,0,101061,101071,0,101081,0,0),(53,860103,310002,'星际骑兵护盾装置',70131,0,101061,101071,0,101081,0,0),(54,860104,310002,'星际骑兵护盾装置',70131,0,101061,101071,0,101081,0,0),(55,860201,0,'西奥多防护掩体',70121,0,102060,0,0,102070,0,0),(56,860202,0,'西奥多防护掩体',70121,0,102060,0,0,102070,0,0),(57,860203,0,'西奥多防护掩体',70121,0,102060,0,0,102070,0,0),(58,860204,0,'西奥多防护掩体',70121,0,102060,0,0,102070,0,0),(59,860201,310102,'杀戮堡垒阵壁',70121,0,102061,0,0,102071,0,0),(60,860202,310102,'杀戮堡垒阵壁',70121,0,102061,0,0,102071,0,0),(61,860203,310102,'杀戮堡垒阵壁',70121,0,102061,0,0,102071,0,0),(62,860204,310102,'杀戮堡垒阵壁',70121,0,102061,0,0,102071,0,0),(63,860301,0,'引力弹',0,0,0,0,109060,0,0,0),(64,860302,0,'引力弹',0,0,0,0,109060,0,0,0),(65,860303,0,'引力弹',0,0,0,0,109060,0,0,0),(66,860304,0,'引力弹',0,0,0,0,109060,0,0,0),(67,860301,310102,'死神引力弹',0,0,0,0,109061,0,0,0),(68,860302,310102,'死神引力弹',0,0,0,0,109061,0,0,0),(69,860303,310102,'死神引力弹',0,0,0,0,109061,0,0,0),(70,860304,310102,'死神引力弹',0,0,0,0,109061,0,0,0),(71,860401,0,'火墙',0,0,0,0,111020,0,0,0),(72,860402,0,'火墙',0,0,0,0,111020,0,0,0),(73,860403,0,'火墙',0,0,0,0,111020,0,0,0),(74,860404,0,'火墙',0,0,0,0,111020,0,0,0),(75,860401,311002,'火王皮肤1火墙',0,0,0,0,111021,0,0,0),(76,860402,311002,'火王皮肤1火墙',0,0,0,0,111021,0,0,0),(77,860403,311002,'火王皮肤1火墙',0,0,0,0,111021,0,0,0),(78,860404,311002,'火王皮肤1火墙',0,0,0,0,111021,0,0,0),(79,860401,311003,'火王皮肤2火墙',0,0,0,0,111022,0,0,0),(80,860402,311003,'火王皮肤2火墙',0,0,0,0,111022,0,0,0),(81,860403,311003,'火王皮肤2火墙',0,0,0,0,111022,0,0,0),(82,860404,311003,'火王皮肤2火墙',0,0,0,0,111022,0,0,0),(83,860501,0,'群体盾罩',0,0,0,0,111090,0,0,0),(84,860502,0,'群体盾罩',0,0,0,0,111090,0,0,0),(85,860503,0,'群体盾罩',0,0,0,0,111090,0,0,0),(86,860504,0,'群体盾罩',0,0,0,0,111090,0,0,0),(87,860501,311003,'群体盾罩',0,0,0,0,111092,0,0,0),(88,860502,311003,'群体盾罩',0,0,0,0,111092,0,0,0),(89,860503,311003,'群体盾罩',0,0,0,0,111092,0,0,0),(90,860504,311003,'群体盾罩',0,0,0,0,111092,0,0,0),(91,860601,0,'定身陷阱',70151,70152,112020,0,0,112030,0,0),(92,860602,0,'定身陷阱',70151,70152,112020,0,0,112030,0,0),(93,860603,0,'定身陷阱',70151,70152,112020,0,0,112030,0,0),(94,860604,0,'定身陷阱',70151,70152,112020,0,0,112030,0,0),(95,860601,311102,'女弩皮肤定身',70151,70152,112021,0,0,112031,0,0),(96,860602,311102,'女弩皮肤定身',70151,70152,112021,0,0,112031,0,0),(97,860603,311102,'女弩皮肤定身',70151,70152,112021,0,0,112031,0,0),(98,860604,311102,'女弩皮肤定身',70151,70152,112021,0,0,112031,0,0),(99,861101,0,'阿拉伯流沙陷阱',0,0,0,0,109020,0,0,0),(100,861102,0,'阿拉伯流沙陷阱',0,0,0,0,109020,0,0,0),(101,861103,0,'阿拉伯流沙陷阱',0,0,0,0,109020,0,0,0),(102,861104,0,'阿拉伯流沙陷阱',0,0,0,0,109020,0,0,0),(103,861101,310802,'死神流沙',0,0,0,0,109021,0,0,0),(104,861102,310802,'死神流沙',0,0,0,0,109021,0,0,0),(105,861103,310802,'死神流沙',0,0,0,0,109021,0,0,0),(106,861104,310802,'死神流沙',0,0,0,0,109021,0,0,0),(107,880000,0,'埋弹区',0,0,0,0,0,0,0,0),(108,880001,0,'炸弹区',25007,0,0,0,54081,0,0,0),(109,880002,0,'资源物资',62101,0,0,54300,54301,0,0,0),(110,880003,0,'固定资源区域',62102,0,0,0,54311,0,0,0),(111,880004,0,'减速区域',62102,0,0,0,54311,0,0,0),(112,880005,0,'固定资源区域-航母',62102,0,0,0,54321,0,0,0),(113,880010,0,'帐篷-绿',64001,0,0,0,0,0,0,0),(114,880011,0,'帐篷-白',64002,0,0,0,0,0,0,0),(115,880012,0,'帐篷-黄',64003,0,0,0,0,0,0,0),(116,880013,0,'草丛-绿',64004,0,0,0,0,0,0,0),(117,881001,0,'沙漠掩体大',72001,0,54450,0,54405,54402,72002,54401),(118,881002,0,'沙漠掩体小',72003,0,54451,0,54406,54404,72004,54403),(119,881011,0,'基地掩体大',72011,0,54450,0,54415,54412,72012,54411),(120,881012,0,'基地掩体小',72013,0,54451,0,54416,54414,72014,54413),(121,881021,0,'航母掩体大',72021,0,54450,0,54425,54422,72022,54421),(122,881022,0,'航母掩体小',72023,0,54451,0,54426,54424,72024,54423),(123,881031,0,'雪地掩体大',72031,0,54450,0,54435,54432,72032,54431),(124,881032,0,'雪地掩体小',72033,0,54451,0,54436,54434,72034,54433),(125,881041,0,'遗迹掩体大',72041,0,54450,0,54445,54442,72042,54441),(126,881042,0,'遗迹掩体小',72043,0,54451,0,54446,54444,72044,54443),(127,890001,0,'触发范围',0,0,0,0,0,0,0,0),(128,890002,0,'固定训练靶',62001,0,54207,0,54206,54205,0,0),(129,890003,0,'移动训练靶1',62002,0,0,0,0,54205,0,0),(130,890004,0,'光幕',0,0,0,0,54201,0,0,0),(131,890005,0,'路标',0,0,0,0,54202,0,0,0),(132,890006,0,'范围指示器',0,0,0,0,54203,0,0,0),(133,890007,0,'手雷范围指示器',0,0,0,0,54204,0,0,0),(134,890008,0,'移动训练靶2',62004,0,0,0,0,54205,0,0),(135,890009,0,'伤害范围',62003,0,0,0,0,0,0,0),(136,890010,0,'出生点',0,0,0,0,0,0,0,0),(137,890011,0,'集合点',0,0,0,0,0,0,0,0),(138,890012,0,'载具-机甲01',71001,0,0,0,40121,0,0,0),(139,890101,0,'BOSS普通攻击1范围',62003,0,0,0,0,0,0,0),(140,890102,0,'BOSS普通攻击2范围',62003,0,0,0,0,0,0,0),(141,890103,0,'BOSS技能攻击1范围',62003,0,0,0,0,0,0,0),(142,850033,0,'医疗箱中',0,0,0,0,54009,0,0,0);
/*!40000 ALTER TABLE `triggers_skin` ENABLE KEYS */;
UNLOCK TABLES;

--
-- Table structure for table `ui_model_effect`
--

DROP TABLE IF EXISTS `ui_model_effect`;
/*!40101 SET @saved_cs_client     = @@character_set_client */;
/*!40101 SET character_set_client = utf8 */;
CREATE TABLE `ui_model_effect` (
  `id` int(11) NOT NULL AUTO_INCREMENT COMMENT '编号',
  `type` int(3) NOT NULL DEFAULT '0' COMMENT '1UI角色待机表现、2UI角色展示表现、3UI界面特效。',
  `hero_id` int(10) NOT NULL DEFAULT '0' COMMENT '英雄ID，类型为3时不起作用',
  `skin_id` int(10) NOT NULL DEFAULT '0' COMMENT '对应角色皮肤Id',
  `performance_id` int(10) NOT NULL COMMENT '特效ID',
  `name` varchar(128) DEFAULT NULL COMMENT '特效作用名称',
  `parent_point` int(10) NOT NULL COMMENT '父节点',
  `effect_type` int(10) NOT NULL DEFAULT '0' COMMENT '1 待机特效 2 动作特效',
  `is_gun` int(10) NOT NULL DEFAULT '0' COMMENT '是否枪械挂点,0不是 1 是',
  PRIMARY KEY (`id`)
) ENGINE=InnoDB AUTO_INCREMENT=5025 DEFAULT CHARSET=utf8 COMMENT='[logic server no use]';
/*!40101 SET character_set_client = @saved_cs_client */;

--
-- Dumping data for table `ui_model_effect`
--

LOCK TABLES `ui_model_effect` WRITE;
/*!40000 ALTER TABLE `ui_model_effect` DISABLE KEYS */;
INSERT INTO `ui_model_effect` VALUES (10,1,300000,0,200100,'盖亚待机表现',0,1,0),(11,2,300000,0,200101,'盖亚展示表现',0,1,0),(12,2,300000,310002,200111,'盖亚皮肤1的展示表现',0,1,0),(20,1,300001,0,200200,'壮汉待机表现',0,1,0),(21,2,300001,0,200201,'壮汉展示表现',0,1,0),(22,2,300001,310102,200211,'壮汉皮肤1的展示表现',0,1,0),(30,1,300002,0,200300,'逗比待机表现',0,1,0),(31,2,300002,0,200301,'逗比展示表现1',0,1,0),(32,2,300002,0,200302,'逗比展示表现2',0,1,0),(33,2,300002,310202,200311,'逗比皮肤1的展示表现1',0,1,0),(34,2,300002,310202,200312,'逗比皮肤1的展示表现2',0,1,0),(40,1,300003,0,200400,'女主待机表现',0,1,0),(41,2,300003,0,200401,'女主展示表现',0,1,0),(42,2,300003,310302,200411,'女主皮肤1的展示表现',0,1,0),(50,1,300004,0,200500,'护士待机表现',0,1,0),(51,2,300004,0,200501,'护士展示表现',0,1,0),(52,2,300004,310402,200511,'护士皮肤1的展示表现',0,1,0),(60,1,300005,0,200600,'李龙待机表现',0,1,0),(61,2,300005,0,200601,'李龙展示表现',0,1,0),(62,2,300005,310502,200611,'李龙皮肤1的展示表现',0,1,0),(70,1,300006,0,200700,'凯瑟琳待机表现',0,1,0),(71,2,300006,0,200701,'凯瑟琳的展示表现',0,1,0),(72,2,300006,310602,200711,'凯瑟琳皮肤1的展示表现',0,1,0),(73,2,300006,310602,200712,'凯瑟琳皮肤1的展示表现',0,1,0),(80,1,300007,0,200800,'比尔待机表现',0,1,0),(81,2,300007,0,200801,'比尔展示表现1',0,1,0),(82,2,300007,0,200802,'比尔展示表现2',0,1,0),(83,2,300007,310702,200811,'比尔皮肤1的展示表现1',0,1,0),(84,2,300007,310702,200812,'比尔皮肤1的展示表现2',0,1,0),(90,1,300008,0,200900,'埃米尔待机表现',0,1,0),(91,2,300008,0,200901,'埃米尔的展示表现',0,1,0),(92,2,300008,0,200902,'埃米尔的展示表现',0,1,0),(93,2,300008,310802,200911,'埃米尔皮肤1的展示表现',0,1,0),(94,2,300008,310802,200912,'埃米尔皮肤1的展示表现',0,1,0),(100,1,300009,0,201000,'迪亚比待机表现',0,1,0),(101,2,300009,0,201001,'迪亚比的展示表现1',0,1,0),(102,2,300009,0,201002,'迪亚比的展示表现2',0,1,0),(103,2,300009,0,201003,'迪亚比的展示表现3',0,1,0),(104,2,300009,310902,201011,'迪亚比皮肤1的展示表现1',0,1,0),(105,2,300009,310902,201012,'迪亚比皮肤1的展示表现2',0,1,0),(106,2,300009,310902,201013,'迪亚比皮肤1的展示表现3',0,1,0),(110,1,300010,0,201100,'火王待机表现',0,1,0),(111,2,300010,0,201101,'火王展示表现',0,1,0),(112,2,300010,311002,201111,'火王皮肤1的展示表现',0,1,0),(113,2,300010,311003,201121,'火王皮肤1的展示表现',0,1,0),(120,1,300011,0,201200,'娜莎待机表现',0,1,0),(121,1,300011,311102,201200,'娜莎待机表现',0,1,0),(122,2,300011,0,201201,'娜莎展示表现1',0,1,0),(123,2,300011,311102,201211,'娜莎皮肤1的展示表现1',0,1,0),(124,2,300011,311102,201212,'娜莎皮肤1的展示表现2',0,1,0),(130,1,300012,0,201300,'卡彭待机表现',0,1,0),(131,2,300012,0,201301,'卡彭展示表现',0,1,0),(140,1,300013,0,201400,'帕蒂待机表现',0,1,0),(141,2,300013,0,201401,'帕蒂展示表现',0,1,0),(1001,3,0,0,210101,'主界面特效',0,0,0),(1002,3,0,0,210102,'零件解锁特效',0,0,0),(1003,3,0,0,210103,'零件合成2个',0,1,0),(1004,3,0,0,210104,'零件合成5个',0,1,0),(1005,3,0,0,210105,'合成成功展示',0,0,0),(1006,3,0,0,210106,'角色展示背景特效',0,0,0),(1007,3,0,0,210107,'角色展示圆盘特效',0,0,0),(1008,3,0,0,210108,'通用获取物品弹框动画特效',0,0,0),(1009,3,0,0,210109,'获取特别物品展示白色',0,0,0),(1010,3,0,0,210110,'获取特别物品展示蓝色',0,0,0),(1011,3,0,0,210111,'获取特别物品展示绿色',0,0,0),(1012,3,0,0,210112,'获取特别物品展示紫色',0,0,0),(1013,3,0,0,210113,'战斗引导箭头特效',0,0,0),(1014,3,0,0,210114,'战斗引导红屏特效',0,0,0),(1015,3,0,0,210115,'夺宝稀有特效',0,0,0),(1016,3,0,0,210116,'夺宝选中特效',0,0,0),(1017,3,0,0,210117,'主界面——游戏小助手',0,0,0),(1018,3,0,0,210118,'主界面——国籍图标',0,0,0),(1019,3,0,0,210119,'游戏进度条',0,0,0),(1020,3,0,0,210120,'闪光特效',0,0,0),(1021,3,0,0,210121,'零件镶嵌特效',0,0,0),(1022,3,0,0,210122,'零件研发——免费按钮',0,0,0),(1023,3,0,0,210123,'极品夺宝箱子',0,0,0),(1024,3,0,0,210124,'英雄选择界面——倒计时',0,0,0),(2001,3,0,0,210201,'累计签到3天宝箱',0,0,0),(2002,3,0,0,210202,'累计签到5天宝箱',0,0,0),(2003,3,0,0,210203,'累计签到8天宝箱',0,0,0),(2004,3,0,0,210204,'累计签到13天宝箱',0,0,0),(2005,3,0,0,210205,'累计签到21天宝箱',0,0,0),(3001,3,0,0,210301,'任务日活跃度宝箱',0,0,0),(3002,3,0,0,210302,'任务周活跃度宝箱',0,0,0),(4001,3,0,0,210401,'升级特效',0,0,0),(5001,3,0,0,210501,'获得MVP界面特效',0,0,0),(5002,3,0,0,210502,'获得五杀界面特效',0,0,0),(5003,3,0,0,210503,'获得超神界面特效',0,0,0),(5004,3,0,0,210504,'获得连胜界面特效',0,0,0),(5005,3,0,0,210505,'获得冠军界面特效',0,0,0),(5006,3,0,0,210506,'教学手册——流光特效',0,0,0),(5007,3,0,0,210507,'排行榜界面——图标特效NO.1',0,0,0),(5008,3,0,0,210508,'排行榜界面——图标特效NO.2',0,0,0),(5009,3,0,0,210509,'排行榜界面——图标特效NO.3',0,0,0),(5010,3,0,0,210510,'预备战斗界面——倒计时',0,0,0),(5011,3,0,0,210511,'预备战斗界面——光球特效',0,0,0),(5012,3,0,0,210512,'排位赛赛季继承-特效',0,0,0),(5013,3,0,0,210513,'段位徽章特效1',0,0,0),(5014,3,0,0,210514,'段位徽章特效2',0,0,0),(5015,3,0,0,210515,'段位徽章特效3',0,0,0),(5016,3,0,0,210516,'段位徽章特效4',0,0,0),(5017,3,0,0,210517,'段位徽章特效5',0,0,0),(5018,3,0,0,210518,'段位徽章特效6',0,0,0),(5019,3,0,0,210519,'段位徽章特效7',0,0,0),(5020,3,0,0,210520,'段位徽章特效8',0,0,0),(5021,3,0,0,210521,'零件抽奖动画和特效',0,0,0),(5022,3,0,0,210522,'段位升星-星星特效',0,0,0),(5023,3,0,0,210523,'首充按钮特效',0,0,0);
/*!40000 ALTER TABLE `ui_model_effect` ENABLE KEYS */;
UNLOCK TABLES;

--
-- Table structure for table `version`
--

DROP TABLE IF EXISTS `version`;
/*!40101 SET @saved_cs_client     = @@character_set_client */;
/*!40101 SET character_set_client = utf8 */;
CREATE TABLE `version` (
  `id` int(11) NOT NULL,
  `bundle_id` varchar(50) NOT NULL DEFAULT '' COMMENT '包名',
  `version` varchar(50) NOT NULL DEFAULT '' COMMENT '应用版本号',
  `build` int(11) NOT NULL COMMENT '应用构建号',
  `patch_version` varchar(50) NOT NULL DEFAULT '' COMMENT '补丁号',
  `patch_info` varchar(500) NOT NULL DEFAULT '{}' COMMENT '补丁信息',
  `platform` int(11) NOT NULL DEFAULT '0' COMMENT '平台（2 windows 11 android 8ios 7 WindowsEditor）',
  `url` varchar(200) NOT NULL COMMENT '应用更新地址',
  `channel` int(11) NOT NULL DEFAULT '0' COMMENT '渠道号',
  `hotfix_cdn_url` varchar(45) NOT NULL COMMENT '热更新CDN地址',
  `force_cdn_url` varchar(45) NOT NULL COMMENT '强更新CDN地址',
  PRIMARY KEY (`id`)
) ENGINE=InnoDB DEFAULT CHARSET=utf8 COMMENT='[local no use]';
/*!40101 SET character_set_client = @saved_cs_client */;

--
-- Dumping data for table `version`
--

LOCK TABLES `version` WRITE;
/*!40000 ALTER TABLE `version` DISABLE KEYS */;
INSERT INTO `version` VALUES (1,'com.youzhu.cs.gp.oss','0.2.0.65',67,'0','{\"packageUrl\":\"http://cdn.fjfb.changit.cn/\",\"assets\":{\"0\":{\"zipFileList\":[\"main65.zip\"],\"zipSize\":339365147,\"downloadURL\":\"http://cdn.fjfb.changit.cn/\"}},\"version\":0}',11,'https://play.google.com/store',101,'http://cdn.fjfb.changit.cn/',''),(2,'unity.DefaultCompany','0.0.1',67,'100','{\"initVersion\":\"100\",\"version\":\"102\",\"assets\":{\"100\":{\"lowerVersion\":100,\"zipFileList\":[\"cn.changit.contra.hotfix.100-102.zip\"],\"zipSize\":2678528,\"md5\":\"060279dff2c7414a66b217fdc222972c\"}}}',7,'www.baidu.com',100,'http://cdn.fjfb.changit.cn/','');
/*!40000 ALTER TABLE `version` ENABLE KEYS */;
UNLOCK TABLES;

--
-- Table structure for table `vip_level`
--

DROP TABLE IF EXISTS `vip_level`;
/*!40101 SET @saved_cs_client     = @@character_set_client */;
/*!40101 SET character_set_client = utf8 */;
CREATE TABLE `vip_level` (
  `vip_lv` int(11) NOT NULL DEFAULT '0',
  `upg_vip_exp` int(11) NOT NULL DEFAULT '0',
  PRIMARY KEY (`vip_lv`)
) ENGINE=InnoDB DEFAULT CHARSET=utf8 COMMENT='vip升级';
/*!40101 SET character_set_client = @saved_cs_client */;

--
-- Dumping data for table `vip_level`
--

LOCK TABLES `vip_level` WRITE;
/*!40000 ALTER TABLE `vip_level` DISABLE KEYS */;
INSERT INTO `vip_level` VALUES (0,10),(1,40),(2,50),(3,100),(4,150),(5,200),(6,250),(7,300),(8,350),(9,500),(10,800),(11,1200),(12,1500),(13,2000),(14,2500),(15,99999999);
/*!40000 ALTER TABLE `vip_level` ENABLE KEYS */;
UNLOCK TABLES;
/*!40103 SET TIME_ZONE=@OLD_TIME_ZONE */;

/*!40101 SET SQL_MODE=@OLD_SQL_MODE */;
/*!40014 SET FOREIGN_KEY_CHECKS=@OLD_FOREIGN_KEY_CHECKS */;
/*!40014 SET UNIQUE_CHECKS=@OLD_UNIQUE_CHECKS */;
/*!40101 SET CHARACTER_SET_CLIENT=@OLD_CHARACTER_SET_CLIENT */;
/*!40101 SET CHARACTER_SET_RESULTS=@OLD_CHARACTER_SET_RESULTS */;
/*!40101 SET COLLATION_CONNECTION=@OLD_COLLATION_CONNECTION */;
/*!40111 SET SQL_NOTES=@OLD_SQL_NOTES */;

-- Dump completed on 2018-01-09  9:34:55
